grid_name,weekly_capacity,alpha,policy,upc,product_name,value,promotion_count,total_depth,schedule_supported
supported,1,1.2,dynamic,1600066610,1600066610,319.8865966796869,0,0.0,True
supported,1,1.2,dynamic,1600066590,1600066590,270.52459716796875,0,0.0,True
supported,1,1.2,dynamic,3800000120,3800000120,168.6797027587895,0,0.0,True
supported,1,1.2,dynamic,3800001520,3800001520,221.67314147949202,0,0.0,True
supported,1,1.2,dynamic,3800000127,3800000127,162.18809509277338,0,0.0,True
supported,1,1.2,dynamic,1600066510,1600066510,269.8931274414066,0,0.0,True
supported,1,1.2,dynamic,3800001611,3800001611,224.91093444824176,0,0.0,True
supported,1,1.2,dynamic,3800000110,3800000110,109.29181671142571,0,0.0,True
supported,1,1.2,myopic,1600066610,1600066610,319.8865966796869,0,0.0,True
supported,1,1.2,myopic,1600066590,1600066590,270.52459716796875,0,0.0,True
supported,1,1.2,myopic,3800000120,3800000120,168.6797027587895,0,0.0,True
supported,1,1.2,myopic,3800001520,3800001520,221.67314147949202,0,0.0,True
supported,1,1.2,myopic,3800000127,3800000127,162.18809509277338,0,0.0,True
supported,1,1.2,myopic,1600066510,1600066510,269.8931274414066,0,0.0,True
supported,1,1.2,myopic,3800001611,3800001611,224.91093444824176,0,0.0,True
supported,1,1.2,myopic,3800000110,3800000110,109.29181671142571,0,0.0,True
supported,1,1.25,dynamic,1600066610,1600066610,319.8865966796869,0,0.0,True
supported,1,1.25,dynamic,1600066590,1600066590,270.52459716796875,0,0.0,True
supported,1,1.25,dynamic,3800000120,3800000120,168.6797027587895,0,0.0,True
supported,1,1.25,dynamic,3800001520,3800001520,221.67314147949202,0,0.0,True
supported,1,1.25,dynamic,3800000127,3800000127,162.18809509277338,0,0.0,True
supported,1,1.25,dynamic,1600066510,1600066510,269.8931274414066,0,0.0,True
supported,1,1.25,dynamic,3800001611,3800001611,224.91093444824176,0,0.0,True
supported,1,1.25,dynamic,3800000110,3800000110,109.29181671142571,0,0.0,True
supported,1,1.25,myopic,1600066610,1600066610,319.8865966796869,0,0.0,True
supported,1,1.25,myopic,1600066590,1600066590,270.52459716796875,0,0.0,True
supported,1,1.25,myopic,3800000120,3800000120,168.6797027587895,0,0.0,True
supported,1,1.25,myopic,3800001520,3800001520,221.67314147949202,0,0.0,True
supported,1,1.25,myopic,3800000127,3800000127,162.18809509277338,0,0.0,True
supported,1,1.25,myopic,1600066510,1600066510,269.8931274414066,0,0.0,True
supported,1,1.25,myopic,3800001611,3800001611,224.91093444824176,0,0.0,True
supported,1,1.25,myopic,3800000110,3800000110,109.29181671142571,0,0.0,True
supported,1,1.3,dynamic,1600066610,1600066610,319.8865966796869,0,0.0,True
supported,1,1.3,dynamic,1600066590,1600066590,270.52459716796875,0,0.0,True
supported,1,1.3,dynamic,3800000120,3800000120,168.6797027587895,0,0.0,True
supported,1,1.3,dynamic,3800001520,3800001520,221.67314147949202,0,0.0,True
supported,1,1.3,dynamic,3800000127,3800000127,162.18809509277338,0,0.0,True
supported,1,1.3,dynamic,1600066510,1600066510,269.8931274414066,0,0.0,True
supported,1,1.3,dynamic,3800001611,3800001611,224.91093444824176,0,0.0,True
supported,1,1.3,dynamic,3800000110,3800000110,109.29181671142571,0,0.0,True
supported,1,1.3,myopic,1600066610,1600066610,319.8865966796869,0,0.0,True
supported,1,1.3,myopic,1600066590,1600066590,270.52459716796875,0,0.0,True
supported,1,1.3,myopic,3800000120,3800000120,168.6797027587895,0,0.0,True
supported,1,1.3,myopic,3800001520,3800001520,221.67314147949202,0,0.0,True
supported,1,1.3,myopic,3800000127,3800000127,162.18809509277338,0,0.0,True
supported,1,1.3,myopic,1600066510,1600066510,269.8931274414066,0,0.0,True
supported,1,1.3,myopic,3800001611,3800001611,224.91093444824176,0,0.0,True
supported,1,1.3,myopic,3800000110,3800000110,109.29181671142571,0,0.0,True
supported,1,1.35,dynamic,1600066610,1600066610,319.8865966796869,0,0.0,True
supported,1,1.35,dynamic,1600066590,1600066590,270.52459716796875,0,0.0,True
supported,1,1.35,dynamic,3800000120,3800000120,168.6797027587895,0,0.0,True
supported,1,1.35,dynamic,3800001520,3800001520,221.67314147949202,0,0.0,True
supported,1,1.35,dynamic,3800000127,3800000127,162.18809509277338,0,0.0,True
supported,1,1.35,dynamic,1600066510,1600066510,269.8931274414066,0,0.0,True
supported,1,1.35,dynamic,3800001611,3800001611,224.91093444824176,0,0.0,True
supported,1,1.35,dynamic,3800000110,3800000110,109.29181671142571,0,0.0,True
supported,1,1.35,myopic,1600066610,1600066610,319.8865966796869,0,0.0,True
supported,1,1.35,myopic,1600066590,1600066590,270.52459716796875,0,0.0,True
supported,1,1.35,myopic,3800000120,3800000120,168.6797027587895,0,0.0,True
supported,1,1.35,myopic,3800001520,3800001520,221.67314147949202,0,0.0,True
supported,1,1.35,myopic,3800000127,3800000127,162.18809509277338,0,0.0,True
supported,1,1.35,myopic,1600066510,1600066510,269.8931274414066,0,0.0,True
supported,1,1.35,myopic,3800001611,3800001611,224.91093444824176,0,0.0,True
supported,1,1.35,myopic,3800000110,3800000110,109.29181671142571,0,0.0,True
supported,1,1.4,dynamic,1600066610,1600066610,319.8865966796869,0,0.0,True
supported,1,1.4,dynamic,1600066590,1600066590,270.52459716796875,0,0.0,True
supported,1,1.4,dynamic,3800000120,3800000120,168.6797027587895,0,0.0,True
supported,1,1.4,dynamic,3800001520,3800001520,221.67314147949202,0,0.0,True
supported,1,1.4,dynamic,3800000127,3800000127,162.18809509277338,0,0.0,True
supported,1,1.4,dynamic,1600066510,1600066510,269.8931274414066,0,0.0,True
supported,1,1.4,dynamic,3800001611,3800001611,224.91093444824176,0,0.0,True
supported,1,1.4,dynamic,3800000110,3800000110,109.33533321189881,1,0.09,True
supported,1,1.4,myopic,1600066610,1600066610,319.8865966796869,0,0.0,True
supported,1,1.4,myopic,1600066590,1600066590,270.52459716796875,0,0.0,True
supported,1,1.4,myopic,3800000120,3800000120,168.6797027587895,0,0.0,True
supported,1,1.4,myopic,3800001520,3800001520,221.67314147949202,0,0.0,True
supported,1,1.4,myopic,3800000127,3800000127,162.18809509277338,0,0.0,True
supported,1,1.4,myopic,1600066510,1600066510,269.8931274414066,0,0.0,True
supported,1,1.4,myopic,3800001611,3800001611,224.91093444824176,0,0.0,True
supported,1,1.4,myopic,3800000110,3800000110,106.535130270799,4,0.36,True
supported,1,1.45,dynamic,1600066610,1600066610,319.8865966796869,0,0.0,True
supported,1,1.45,dynamic,1600066590,1600066590,270.52459716796875,0,0.0,True
supported,1,1.45,dynamic,3800000120,3800000120,168.6797027587895,0,0.0,True
supported,1,1.45,dynamic,3800001520,3800001520,221.67314147949202,0,0.0,True
supported,1,1.45,dynamic,3800000127,3800000127,162.18809509277338,0,0.0,True
supported,1,1.45,dynamic,1600066510,1600066510,269.8931274414066,0,0.0,True
supported,1,1.45,dynamic,3800001611,3800001611,224.91093444824176,0,0.0,True
supported,1,1.45,dynamic,3800000110,3800000110,109.58536947870255,1,0.09,True
supported,1,1.45,myopic,1600066610,1600066610,319.8865966796869,0,0.0,True
supported,1,1.45,myopic,1600066590,1600066590,270.52459716796875,0,0.0,True
supported,1,1.45,myopic,3800000120,3800000120,168.6797027587895,0,0.0,True
supported,1,1.45,myopic,3800001520,3800001520,221.67314147949202,0,0.0,True
supported,1,1.45,myopic,3800000127,3800000127,162.18809509277338,0,0.0,True
supported,1,1.45,myopic,1600066510,1600066510,269.8931274414066,0,0.0,True
supported,1,1.45,myopic,3800001611,3800001611,224.91093444824176,0,0.0,True
supported,1,1.45,myopic,3800000110,3800000110,107.55785144531727,4,0.36,True
supported,1,1.5,dynamic,1600066610,1600066610,319.8865966796869,0,0.0,True
supported,1,1.5,dynamic,1600066590,1600066590,270.52459716796875,0,0.0,True
supported,1,1.5,dynamic,3800000120,3800000120,168.6797027587895,0,0.0,True
supported,1,1.5,dynamic,3800001520,3800001520,221.67314147949202,0,0.0,True
supported,1,1.5,dynamic,3800000127,3800000127,162.18809509277338,0,0.0,True
supported,1,1.5,dynamic,1600066510,1600066510,269.8931274414066,0,0.0,True
supported,1,1.5,dynamic,3800001611,3800001611,224.91093444824176,0,0.0,True
supported,1,1.5,dynamic,3800000110,3800000110,109.83540574550629,1,0.09,True
supported,1,1.5,myopic,1600066610,1600066610,319.8865966796869,0,0.0,True
supported,1,1.5,myopic,1600066590,1600066590,270.52459716796875,0,0.0,True
supported,1,1.5,myopic,3800000120,3800000120,168.6797027587895,0,0.0,True
supported,1,1.5,myopic,3800001520,3800001520,221.67314147949202,0,0.0,True
supported,1,1.5,myopic,3800000127,3800000127,162.18809509277338,0,0.0,True
supported,1,1.5,myopic,1600066510,1600066510,269.8931274414066,0,0.0,True
supported,1,1.5,myopic,3800001611,3800001611,224.91093444824176,0,0.0,True
supported,1,1.5,myopic,3800000110,3800000110,108.58057261983555,4,0.36,True
supported,1,1.55,dynamic,1600066610,1600066610,319.8865966796869,0,0.0,True
supported,1,1.55,dynamic,1600066590,1600066590,270.52459716796875,0,0.0,True
supported,1,1.55,dynamic,3800000120,3800000120,168.6797027587895,0,0.0,True
supported,1,1.55,dynamic,3800001520,3800001520,221.67314147949202,0,0.0,True
supported,1,1.55,dynamic,3800000127,3800000127,162.18809509277338,0,0.0,True
supported,1,1.55,dynamic,1600066510,1600066510,269.8931274414066,0,0.0,True
supported,1,1.55,dynamic,3800001611,3800001611,224.91093444824176,0,0.0,True
supported,1,1.55,dynamic,3800000110,3800000110,110.33347885948419,3,0.27,True
supported,1,1.55,myopic,1600066610,1600066610,319.8865966796869,0,0.0,True
supported,1,1.55,myopic,1600066590,1600066590,270.52459716796875,0,0.0,True
supported,1,1.55,myopic,3800000120,3800000120,168.6797027587895,0,0.0,True
supported,1,1.55,myopic,3800001520,3800001520,221.67314147949202,0,0.0,True
supported,1,1.55,myopic,3800000127,3800000127,162.18809509277338,0,0.0,True
supported,1,1.55,myopic,1600066510,1600066510,269.8931274414066,0,0.0,True
supported,1,1.55,myopic,3800001611,3800001611,224.91093444824176,0,0.0,True
supported,1,1.55,myopic,3800000110,3800000110,109.60329379435382,4,0.36,True
supported,1,1.6,dynamic,1600066610,1600066610,319.8865966796869,0,0.0,True
supported,1,1.6,dynamic,1600066590,1600066590,270.52459716796875,0,0.0,True
supported,1,1.6,dynamic,3800000120,3800000120,168.6797027587895,0,0.0,True
supported,1,1.6,dynamic,3800001520,3800001520,221.67314147949202,0,0.0,True
supported,1,1.6,dynamic,3800000127,3800000127,162.18809509277338,0,0.0,True
supported,1,1.6,dynamic,1600066510,1600066510,269.8931274414066,0,0.0,True
supported,1,1.6,dynamic,3800001611,3800001611,224.91093444824176,0,0.0,True
supported,1,1.6,dynamic,3800000110,3800000110,111.31593402926126,4,0.36,True
supported,1,1.6,myopic,1600066610,1600066610,319.8865966796869,0,0.0,True
supported,1,1.6,myopic,1600066590,1600066590,270.52459716796875,0,0.0,True
supported,1,1.6,myopic,3800000120,3800000120,168.6797027587895,0,0.0,True
supported,1,1.6,myopic,3800001520,3800001520,221.67314147949202,0,0.0,True
supported,1,1.6,myopic,3800000127,3800000127,162.18809509277338,0,0.0,True
supported,1,1.6,myopic,1600066510,1600066510,269.8931274414066,0,0.0,True
supported,1,1.6,myopic,3800001611,3800001611,224.91093444824176,0,0.0,True
supported,1,1.6,myopic,3800000110,3800000110,110.62601496887208,4,0.36,True
supported,1,1.65,dynamic,1600066610,1600066610,319.8865966796869,0,0.0,True
supported,1,1.65,dynamic,1600066590,1600066590,270.52459716796875,0,0.0,True
supported,1,1.65,dynamic,3800000120,3800000120,169.79875046284988,4,1.45,True
supported,1,1.65,dynamic,3800001520,3800001520,221.67314147949202,0,0.0,True
supported,1,1.65,dynamic,3800000127,3800000127,162.18809509277338,0,0.0,True
supported,1,1.65,dynamic,1600066510,1600066510,269.8931274414066,0,0.0,True
supported,1,1.65,dynamic,3800001611,3800001611,224.91093444824176,0,0.0,True
supported,1,1.65,dynamic,3800000110,3800000110,111.88129100620748,4,0.36,True
supported,1,1.65,myopic,1600066610,1600066610,319.8865966796869,0,0.0,True
supported,1,1.65,myopic,1600066590,1600066590,270.52459716796875,0,0.0,True
supported,1,1.65,myopic,3800000120,3800000120,169.2817587102254,4,1.2,True
supported,1,1.65,myopic,3800001520,3800001520,221.67314147949202,0,0.0,True
supported,1,1.65,myopic,3800000127,3800000127,162.18809509277338,0,0.0,True
supported,1,1.65,myopic,1600066510,1600066510,269.8931274414066,0,0.0,True
supported,1,1.65,myopic,3800001611,3800001611,224.91093444824176,0,0.0,True
supported,1,1.65,myopic,3800000110,3800000110,111.64873614339035,4,0.36,True
supported,1,1.7,dynamic,1600066610,1600066610,319.8865966796869,0,0.0,True
supported,1,1.7,dynamic,1600066590,1600066590,270.52459716796875,0,0.0,True
supported,1,1.7,dynamic,3800000120,3800000120,183.0852953008016,4,2.2,True
supported,1,1.7,dynamic,3800001520,3800001520,221.67314147949202,0,0.0,True
supported,1,1.7,dynamic,3800000127,3800000127,162.18809509277338,0,0.0,True
supported,1,1.7,dynamic,1600066510,1600066510,269.8931274414066,0,0.0,True
supported,1,1.7,dynamic,3800001611,3800001611,224.91093444824176,0,0.0,True
supported,1,1.7,dynamic,3800000110,3800000110,112.89889856934548,4,0.36,True
supported,1,1.7,myopic,1600066610,1600066610,319.8865966796869,0,0.0,True
supported,1,1.7,myopic,1600066590,1600066590,270.52459716796875,0,0.0,True
supported,1,1.7,myopic,3800000120,3800000120,182.06708457819622,4,2.2,True
supported,1,1.7,myopic,3800001520,3800001520,221.67314147949202,0,0.0,True
supported,1,1.7,myopic,3800000127,3800000127,162.18809509277338,0,0.0,True
supported,1,1.7,myopic,1600066510,1600066510,269.8931274414066,0,0.0,True
supported,1,1.7,myopic,3800001611,3800001611,224.91093444824176,0,0.0,True
supported,1,1.7,myopic,3800000110,3800000110,112.89889856934548,4,0.36,True
supported,1,1.75,dynamic,1600066610,1600066610,319.8865966796869,0,0.0,True
supported,1,1.75,dynamic,1600066590,1600066590,270.52459716796875,0,0.0,True
supported,1,1.75,dynamic,3800000120,3800000120,197.82533966859165,4,2.2,True
supported,1,1.75,dynamic,3800001520,3800001520,221.67314147949202,0,0.0,True
supported,1,1.75,dynamic,3800000127,3800000127,162.18809509277338,0,0.0,True
supported,1,1.75,dynamic,1600066510,1600066510,269.8931274414066,0,0.0,True
supported,1,1.75,dynamic,3800001611,3800001611,224.91093444824176,0,0.0,True
supported,1,1.75,dynamic,3800000110,3800000110,113.91650613248348,4,0.36,True
supported,1,1.75,myopic,1600066610,1600066610,319.8865966796869,0,0.0,True
supported,1,1.75,myopic,1600066590,1600066590,270.52459716796875,0,0.0,True
supported,1,1.75,myopic,3800000120,3800000120,196.8629982535045,4,2.2,True
supported,1,1.75,myopic,3800001520,3800001520,221.67314147949202,0,0.0,True
supported,1,1.75,myopic,3800000127,3800000127,162.18809509277338,0,0.0,True
supported,1,1.75,myopic,1600066510,1600066510,269.8931274414066,0,0.0,True
supported,1,1.75,myopic,3800001611,3800001611,224.91093444824176,0,0.0,True
supported,1,1.75,myopic,3800000110,3800000110,113.91650613248348,4,0.36,True
supported,1,1.8,dynamic,1600066610,1600066610,319.8865966796869,0,0.0,True
supported,1,1.8,dynamic,1600066590,1600066590,270.52459716796875,0,0.0,True
supported,1,1.8,dynamic,3800000120,3800000120,212.58012723668406,4,2.2,True
supported,1,1.8,dynamic,3800001520,3800001520,221.67314147949202,0,0.0,True
supported,1,1.8,dynamic,3800000127,3800000127,162.18809509277338,0,0.0,True
supported,1,1.8,dynamic,1600066510,1600066510,269.8931274414066,0,0.0,True
supported,1,1.8,dynamic,3800001611,3800001611,224.91093444824176,0,0.0,True
supported,1,1.8,dynamic,3800000110,3800000110,114.9341136956215,4,0.36,True
supported,1,1.8,myopic,1600066610,1600066610,319.8865966796869,0,0.0,True
supported,1,1.8,myopic,1600066590,1600066590,270.52459716796875,0,0.0,True
supported,1,1.8,myopic,3800000120,3800000120,211.65891192881276,4,2.2,True
supported,1,1.8,myopic,3800001520,3800001520,221.67314147949202,0,0.0,True
supported,1,1.8,myopic,3800000127,3800000127,162.18809509277338,0,0.0,True
supported,1,1.8,myopic,1600066510,1600066510,269.8931274414066,0,0.0,True
supported,1,1.8,myopic,3800001611,3800001611,224.91093444824176,0,0.0,True
supported,1,1.8,myopic,3800000110,3800000110,114.9341136956215,4,0.36,True
supported,1,1.85,dynamic,1600066610,1600066610,319.8865966796869,0,0.0,True
supported,1,1.85,dynamic,1600066590,1600066590,270.52459716796875,0,0.0,True
supported,1,1.85,dynamic,3800000120,3800000120,227.33491480477636,4,2.2,True
supported,1,1.85,dynamic,3800001520,3800001520,221.67314147949202,0,0.0,True
supported,1,1.85,dynamic,3800000127,3800000127,162.18809509277338,0,0.0,True
supported,1,1.85,dynamic,1600066510,1600066510,269.8931274414066,0,0.0,True
supported,1,1.85,dynamic,3800001611,3800001611,224.91093444824176,0,0.0,True
supported,1,1.85,dynamic,3800000110,3800000110,115.9517212587595,4,0.36,True
supported,1,1.85,myopic,1600066610,1600066610,319.8865966796869,0,0.0,True
supported,1,1.85,myopic,1600066590,1600066590,270.52459716796875,0,0.0,True
supported,1,1.85,myopic,3800000120,3800000120,226.4548256041209,4,2.2,True
supported,1,1.85,myopic,3800001520,3800001520,221.67314147949202,0,0.0,True
supported,1,1.85,myopic,3800000127,3800000127,162.18809509277338,0,0.0,True
supported,1,1.85,myopic,1600066510,1600066510,265.58684230470664,4,1.0,False
supported,1,1.85,myopic,3800001611,3800001611,224.91093444824176,0,0.0,True
supported,1,1.85,myopic,3800000110,3800000110,115.9517212587595,4,0.36,True
supported,1,1.9,dynamic,1600066610,1600066610,319.8865966796869,0,0.0,True
supported,1,1.9,dynamic,1600066590,1600066590,270.52459716796875,0,0.0,True
supported,1,1.9,dynamic,3800000120,3800000120,241.25073927942918,4,2.2,True
supported,1,1.9,dynamic,3800001520,3800001520,221.67314147949202,0,0.0,True
supported,1,1.9,dynamic,3800000127,3800000127,162.18809509277338,0,0.0,True
supported,1,1.9,dynamic,1600066510,1600066510,274.4628589280446,3,1.5,True
supported,1,1.9,dynamic,3800001611,3800001611,224.91093444824176,0,0.0,True
supported,1,1.9,dynamic,3800000110,3800000110,116.9693288218975,4,0.36,True
supported,1,1.9,myopic,1600066610,1600066610,319.8865966796869,0,0.0,True
supported,1,1.9,myopic,1600066590,1600066590,270.52459716796875,0,0.0,True
supported,1,1.9,myopic,3800000120,3800000120,241.25073927942918,4,2.2,True
supported,1,1.9,myopic,3800001520,3800001520,221.67314147949202,0,0.0,True
supported,1,1.9,myopic,3800000127,3800000127,162.18809509277338,0,0.0,True
supported,1,1.9,myopic,1600066510,1600066510,271.99297554588304,4,2.0,True
supported,1,1.9,myopic,3800001611,3800001611,224.91093444824176,0,0.0,True
supported,1,1.9,myopic,3800000110,3800000110,117.39105121390023,4,0.36,True
supported,1,1.95,dynamic,1600066610,1600066610,319.8865966796869,0,0.0,True
supported,1,1.95,dynamic,1600066590,1600066590,270.52459716796875,0,0.0,True
supported,1,1.95,dynamic,3800000120,3800000120,256.04665295473734,4,2.2,True
supported,1,1.95,dynamic,3800001520,3800001520,221.67314147949202,0,0.0,True
supported,1,1.95,dynamic,3800000127,3800000127,162.18809509277338,0,0.0,True
supported,1,1.95,dynamic,1600066510,1600066510,288.3613966112136,4,2.0,True
supported,1,1.95,dynamic,3800001611,3800001611,224.91093444824176,0,0.0,True
supported,1,1.95,dynamic,3800000110,3800000110,117.98693638503552,4,0.36,True
supported,1,1.95,myopic,1600066610,1600066610,319.8865966796869,0,0.0,True
supported,1,1.95,myopic,1600066590,1600066590,270.52459716796875,0,0.0,True
supported,1,1.95,myopic,3800000120,3800000120,256.04665295473734,4,2.2,True
supported,1,1.95,myopic,3800001520,3800001520,221.67314147949202,0,0.0,True
supported,1,1.95,myopic,3800000127,3800000127,162.18809509277338,0,0.0,True
supported,1,1.95,myopic,1600066510,1600066510,286.1257716588973,4,2.0,True
supported,1,1.95,myopic,3800001611,3800001611,224.91093444824176,0,0.0,True
supported,1,1.95,myopic,3800000110,3800000110,118.4035707446734,4,0.36,True
supported,1,2.0,dynamic,1600066610,1600066610,319.8865966796869,0,0.0,True
supported,1,2.0,dynamic,1600066590,1600066590,270.52459716796875,0,0.0,True
supported,1,2.0,dynamic,3800000120,3800000120,270.8425666300456,4,2.2,True
supported,1,2.0,dynamic,3800001520,3800001520,221.67314147949202,0,0.0,True
supported,1,2.0,dynamic,3800000127,3800000127,162.18809509277338,0,0.0,True
supported,1,2.0,dynamic,1600066510,1600066510,302.4235287221272,4,2.0,True
supported,1,2.0,dynamic,3800001611,3800001611,224.91093444824176,0,0.0,True
supported,1,2.0,dynamic,3800000110,3800000110,119.00454394817353,4,0.36,True
supported,1,2.0,myopic,1600066610,1600066610,319.8865966796869,0,0.0,True
supported,1,2.0,myopic,1600066590,1600066590,270.52459716796875,0,0.0,True
supported,1,2.0,myopic,3800000120,3800000120,270.8425666300456,4,2.2,True
supported,1,2.0,myopic,3800001520,3800001520,221.67314147949202,0,0.0,True
supported,1,2.0,myopic,3800000127,3800000127,162.18809509277338,0,0.0,True
supported,1,2.0,myopic,1600066510,1600066510,300.25856777191154,4,2.0,True
supported,1,2.0,myopic,3800001611,3800001611,224.91093444824176,0,0.0,True
supported,1,2.0,myopic,3800000110,3800000110,119.41609027544655,4,0.36,True
supported,1,2.05,dynamic,1600066610,1600066610,319.8865966796869,0,0.0,True
supported,1,2.05,dynamic,1600066590,1600066590,270.52459716796875,0,0.0,True
supported,1,2.05,dynamic,3800000120,3800000120,285.63848030535377,4,2.2,True
supported,1,2.05,dynamic,3800001520,3800001520,221.67314147949202,0,0.0,True
supported,1,2.05,dynamic,3800000127,3800000127,162.18809509277338,0,0.0,True
supported,1,2.05,dynamic,1600066510,1600066510,316.48566083304075,4,2.0,True
supported,1,2.05,dynamic,3800001611,3800001611,224.91093444824176,0,0.0,True
supported,1,2.05,dynamic,3800000110,3800000110,120.02215151131153,4,0.36,True
supported,1,2.05,myopic,1600066610,1600066610,319.8865966796869,0,0.0,True
supported,1,2.05,myopic,1600066590,1600066590,270.52459716796875,0,0.0,True
supported,1,2.05,myopic,3800000120,3800000120,285.63848030535377,4,2.2,True
supported,1,2.05,myopic,3800001520,3800001520,221.67314147949202,0,0.0,True
supported,1,2.05,myopic,3800000127,3800000127,162.18809509277338,0,0.0,True
supported,1,2.05,myopic,1600066510,1600066510,314.3913638849257,4,2.0,True
supported,1,2.05,myopic,3800001611,3800001611,224.91093444824176,0,0.0,True
supported,1,2.05,myopic,3800000110,3800000110,120.42860980621973,4,0.36,True
supported,1,2.1,dynamic,1600066610,1600066610,319.8865966796869,0,0.0,True
supported,1,2.1,dynamic,1600066590,1600066590,270.52459716796875,0,0.0,True
supported,1,2.1,dynamic,3800000120,3800000120,300.43439398066204,4,2.2,True
supported,1,2.1,dynamic,3800001520,3800001520,221.67314147949202,0,0.0,True
supported,1,2.1,dynamic,3800000127,3800000127,162.18809509277338,0,0.0,True
supported,1,2.1,dynamic,1600066510,1600066510,330.54779294395433,4,2.0,True
supported,1,2.1,dynamic,3800001611,3800001611,224.91093444824176,0,0.0,True
supported,1,2.1,dynamic,3800000110,3800000110,121.03975907444955,4,0.36,True
supported,1,2.1,myopic,1600066610,1600066610,319.8865966796869,0,0.0,True
supported,1,2.1,myopic,1600066590,1600066590,270.52459716796875,0,0.0,True
supported,1,2.1,myopic,3800000120,3800000120,300.43439398066204,4,2.2,True
supported,1,2.1,myopic,3800001520,3800001520,221.67314147949202,0,0.0,True
supported,1,2.1,myopic,3800000127,3800000127,162.18809509277338,0,0.0,True
supported,1,2.1,myopic,1600066510,1600066510,328.52415999794005,4,2.0,True
supported,1,2.1,myopic,3800001611,3800001611,224.91093444824176,0,0.0,True
supported,1,2.1,myopic,3800000110,3800000110,121.44112933699289,4,0.36,True
supported,1,2.15,dynamic,1600066610,1600066610,319.8865966796869,0,0.0,True
supported,1,2.15,dynamic,1600066590,1600066590,270.52459716796875,0,0.0,True
supported,1,2.15,dynamic,3800000120,3800000120,315.2303076559703,4,2.2,True
supported,1,2.15,dynamic,3800001520,3800001520,221.67314147949202,0,0.0,True
supported,1,2.15,dynamic,3800000127,3800000127,162.18809509277338,0,0.0,True
supported,1,2.15,dynamic,1600066510,1600066510,344.6099250548679,4,2.0,True
supported,1,2.15,dynamic,3800001611,3800001611,224.91093444824176,0,0.0,True
supported,1,2.15,dynamic,3800000110,3800000110,122.05736663758755,4,0.36,True
supported,1,2.15,myopic,1600066610,1600066610,319.8865966796869,0,0.0,True
supported,1,2.15,myopic,1600066590,1600066590,270.52459716796875,0,0.0,True
supported,1,2.15,myopic,3800000120,3800000120,315.2303076559703,4,2.2,True
supported,1,2.15,myopic,3800001520,3800001520,221.67314147949202,0,0.0,True
supported,1,2.15,myopic,3800000127,3800000127,162.18809509277338,0,0.0,True
supported,1,2.15,myopic,1600066510,1600066510,342.6569561109542,4,2.0,True
supported,1,2.15,myopic,3800001611,3800001611,224.91093444824176,0,0.0,True
supported,1,2.15,myopic,3800000110,3800000110,122.45364886776605,4,0.36,True
supported,1,2.2,dynamic,1600066610,1600066610,319.8865966796869,0,0.0,True
supported,1,2.2,dynamic,1600066590,1600066590,270.52459716796875,0,0.0,True
supported,1,2.2,dynamic,3800000120,3800000120,330.0262213312786,4,2.2,True
supported,1,2.2,dynamic,3800001520,3800001520,221.67314147949202,0,0.0,True
supported,1,2.2,dynamic,3800000127,3800000127,162.18809509277338,0,0.0,True
supported,1,2.2,dynamic,1600066510,1600066510,358.6720571657816,4,2.0,True
supported,1,2.2,dynamic,3800001611,3800001611,224.91093444824176,0,0.0,True
supported,1,2.2,dynamic,3800000110,3800000110,123.07497420072556,4,0.36,True
supported,1,2.2,myopic,1600066610,1600066610,319.8865966796869,0,0.0,True
supported,1,2.2,myopic,1600066590,1600066590,270.52459716796875,0,0.0,True
supported,1,2.2,myopic,3800000120,3800000120,330.0262213312786,4,2.2,True
supported,1,2.2,myopic,3800001520,3800001520,221.67314147949202,0,0.0,True
supported,1,2.2,myopic,3800000127,3800000127,162.18809509277338,0,0.0,True
supported,1,2.2,myopic,1600066510,1600066510,356.78975222396843,4,2.0,True
supported,1,2.2,myopic,3800001611,3800001611,224.91093444824176,0,0.0,True
supported,1,2.2,myopic,3800000110,3800000110,123.46616839853921,4,0.36,True
supported,1,2.24,dynamic,1600066610,1600066610,319.8865966796869,0,0.0,True
supported,1,2.24,dynamic,1600066590,1600066590,270.52459716796875,0,0.0,True
supported,1,2.24,dynamic,3800000120,3800000120,341.8629522715252,4,2.2,True
supported,1,2.24,dynamic,3800001520,3800001520,221.67314147949202,0,0.0,True
supported,1,2.24,dynamic,3800000127,3800000127,162.18809509277338,0,0.0,True
supported,1,2.24,dynamic,1600066510,1600066510,369.92176285451245,4,2.0,True
supported,1,2.24,dynamic,3800001611,3800001611,224.91093444824176,0,0.0,True
supported,1,2.24,dynamic,3800000110,3800000110,123.88906025123597,4,0.36,True
supported,1,2.24,myopic,1600066610,1600066610,319.8865966796869,0,0.0,True
supported,1,2.24,myopic,1600066590,1600066590,270.52459716796875,0,0.0,True
supported,1,2.24,myopic,3800000120,3800000120,341.8629522715252,4,2.2,True
supported,1,2.24,myopic,3800001520,3800001520,221.67314147949202,0,0.0,True
supported,1,2.24,myopic,3800000127,3800000127,162.18809509277338,0,0.0,True
supported,1,2.24,myopic,1600066510,1600066510,368.0959891143799,4,2.0,True
supported,1,2.24,myopic,3800001611,3800001611,224.91093444824176,0,0.0,True
supported,1,2.24,myopic,3800000110,3800000110,124.27618402315774,4,0.36,True
supported,1,2.25,dynamic,1600066610,1600066610,319.8865966796869,0,0.0,True
supported,1,2.25,dynamic,1600066590,1600066590,270.52459716796875,0,0.0,True
supported,1,2.25,dynamic,3800000120,3800000120,344.82213500658673,4,2.2,True
supported,1,2.25,dynamic,3800001520,3800001520,221.67314147949202,0,0.0,True
supported,1,2.25,dynamic,3800000127,3800000127,162.18809509277338,0,0.0,True
supported,1,2.25,dynamic,1600066510,1600066510,372.7341892766951,4,2.0,True
supported,1,2.25,dynamic,3800001611,3800001611,224.91093444824176,0,0.0,True
supported,1,2.25,dynamic,3800000110,3800000110,124.09258176386356,4,0.36,True
supported,1,2.25,myopic,1600066610,1600066610,319.8865966796869,0,0.0,True
supported,1,2.25,myopic,1600066590,1600066590,270.52459716796875,0,0.0,True
supported,1,2.25,myopic,3800000120,3800000120,344.82213500658673,4,2.2,True
supported,1,2.25,myopic,3800001520,3800001520,221.67314147949202,0,0.0,True
supported,1,2.25,myopic,3800000127,3800000127,173.82489982287086,4,2.0,True
supported,1,2.25,myopic,1600066510,1600066510,370.9225483369827,4,2.0,True
supported,1,2.25,myopic,3800001611,3800001611,224.91093444824176,0,0.0,True
supported,1,2.25,myopic,3800000110,3800000110,109.29181671142571,0,0.0,True
supported,1,2.3,dynamic,1600066610,1600066610,319.8865966796869,0,0.0,True
supported,1,2.3,dynamic,1600066590,1600066590,270.52459716796875,0,0.0,True
supported,1,2.3,dynamic,3800000120,3800000120,359.6180486818949,4,2.2,True
supported,1,2.3,dynamic,3800001520,3800001520,221.67314147949202,0,0.0,True
supported,1,2.3,dynamic,3800000127,3800000127,175.62496006774904,3,1.5,True
supported,1,2.3,dynamic,1600066510,1600066510,387.2421145248413,4,2.0,True
supported,1,2.3,dynamic,3800001611,3800001611,224.91093444824176,0,0.0,True
supported,1,2.3,dynamic,3800000110,3800000110,113.21583060113589,1,0.09,True
supported,1,2.3,myopic,1600066610,1600066610,319.8865966796869,0,0.0,True
supported,1,2.3,myopic,1600066590,1600066590,270.52459716796875,0,0.0,True
supported,1,2.3,myopic,3800000120,3800000120,359.6180486818949,4,2.2,True
supported,1,2.3,myopic,3800001520,3800001520,221.67314147949202,0,0.0,True
supported,1,2.3,myopic,3800000127,3800000127,181.01351538276668,4,2.0,True
supported,1,2.3,myopic,1600066510,1600066510,385.0553444499968,4,2.0,True
supported,1,2.3,myopic,3800001611,3800001611,224.91093444824176,0,0.0,True
supported,1,2.3,myopic,3800000110,3800000110,109.29181671142571,0,0.0,True
supported,1,2.35,dynamic,1600066610,1600066610,319.8865966796869,0,0.0,True
supported,1,2.35,dynamic,1600066590,1600066590,270.52459716796875,0,0.0,True
supported,1,2.35,dynamic,3800000120,3800000120,374.4139623572033,4,2.2,True
supported,1,2.35,dynamic,3800001520,3800001520,221.67314147949202,0,0.0,True
supported,1,2.35,dynamic,3800000127,3800000127,186.81761162233343,4,2.0,True
supported,1,2.35,dynamic,1600066510,1600066510,400.85845349852235,4,2.0,True
supported,1,2.35,dynamic,3800001611,3800001611,224.91093444824176,0,0.0,True
supported,1,2.35,dynamic,3800000110,3800000110,109.29181671142571,0,0.0,True
supported,1,2.35,myopic,1600066610,1600066610,319.8865966796869,0,0.0,True
supported,1,2.35,myopic,1600066590,1600066590,270.52459716796875,0,0.0,True
supported,1,2.35,myopic,3800000120,3800000120,374.4139623572033,4,2.2,True
supported,1,2.35,myopic,3800001520,3800001520,221.67314147949202,0,0.0,True
supported,1,2.35,myopic,3800000127,3800000127,188.2021309426625,4,2.0,True
supported,1,2.35,myopic,1600066510,1600066510,399.1881405630111,4,2.0,True
supported,1,2.35,myopic,3800001611,3800001611,224.91093444824176,0,0.0,True
supported,1,2.35,myopic,3800000110,3800000110,109.29181671142571,0,0.0,True
supported,1,2.4,dynamic,1600066610,1600066610,319.8865966796869,0,0.0,True
supported,1,2.4,dynamic,1600066590,1600066590,270.52459716796875,0,0.0,True
supported,1,2.4,dynamic,3800000120,3800000120,389.20987603251143,4,2.2,True
supported,1,2.4,dynamic,3800001520,3800001520,221.67314147949202,0,0.0,True
supported,1,2.4,dynamic,3800000127,3800000127,194.04235089111316,4,2.0,True
supported,1,2.4,dynamic,1600066510,1600066510,414.92058560943593,4,2.0,True
supported,1,2.4,dynamic,3800001611,3800001611,224.91093444824176,0,0.0,True
supported,1,2.4,dynamic,3800000110,3800000110,109.29181671142571,0,0.0,True
supported,1,2.4,myopic,1600066610,1600066610,319.8865966796869,0,0.0,True
supported,1,2.4,myopic,1600066590,1600066590,270.52459716796875,0,0.0,True
supported,1,2.4,myopic,3800000120,3800000120,389.20987603251143,4,2.2,True
supported,1,2.4,myopic,3800001520,3800001520,221.67314147949202,0,0.0,True
supported,1,2.4,myopic,3800000127,3800000127,195.39074650255833,4,2.0,True
supported,1,2.4,myopic,1600066510,1600066510,413.3209366760253,4,2.0,True
supported,1,2.4,myopic,3800001611,3800001611,224.91093444824176,0,0.0,True
supported,1,2.4,myopic,3800000110,3800000110,109.29181671142571,0,0.0,True
supported,1,2.45,dynamic,1600066610,1600066610,319.8865966796869,0,0.0,True
supported,1,2.45,dynamic,1600066590,1600066590,270.52459716796875,0,0.0,True
supported,1,2.45,dynamic,3800000120,3800000120,404.0057897078197,4,2.2,True
supported,1,2.45,dynamic,3800001520,3800001520,221.67314147949202,0,0.0,True
supported,1,2.45,dynamic,3800000127,3800000127,201.26709015989294,4,2.0,True
supported,1,2.45,dynamic,1600066510,1600066510,428.9827177203495,4,2.0,True
supported,1,2.45,dynamic,3800001611,3800001611,224.91093444824176,0,0.0,True
supported,1,2.45,dynamic,3800000110,3800000110,109.29181671142571,0,0.0,True
supported,1,2.45,myopic,1600066610,1600066610,319.8865966796869,0,0.0,True
supported,1,2.45,myopic,1600066590,1600066590,270.52459716796875,0,0.0,True
supported,1,2.45,myopic,3800000120,3800000120,404.0057897078197,4,2.2,True
supported,1,2.45,myopic,3800001520,3800001520,221.67314147949202,0,0.0,True
supported,1,2.45,myopic,3800000127,3800000127,202.5793620624542,4,2.0,True
supported,1,2.45,myopic,1600066510,1600066510,427.4537327890396,4,2.0,True
supported,1,2.45,myopic,3800001611,3800001611,224.91093444824176,0,0.0,True
supported,1,2.45,myopic,3800000110,3800000110,109.29181671142571,0,0.0,True
supported,1,2.5,dynamic,1600066610,1600066610,319.8865966796869,0,0.0,True
supported,1,2.5,dynamic,1600066590,1600066590,270.52459716796875,0,0.0,True
supported,1,2.5,dynamic,3800000120,3800000120,418.80170338312786,4,2.2,True
supported,1,2.5,dynamic,3800001520,3800001520,221.67314147949202,0,0.0,True
supported,1,2.5,dynamic,3800000127,3800000127,208.49182942867267,4,2.0,True
supported,1,2.5,dynamic,1600066510,1600066510,443.0448498312631,4,2.0,True
supported,1,2.5,dynamic,3800001611,3800001611,224.91093444824176,0,0.0,True
supported,1,2.5,dynamic,3800000110,3800000110,109.29181671142571,0,0.0,True
supported,1,2.5,myopic,1600066610,1600066610,319.8865966796869,0,0.0,True
supported,1,2.5,myopic,1600066590,1600066590,270.52459716796875,0,0.0,True
supported,1,2.5,myopic,3800000120,3800000120,418.80170338312786,4,2.2,True
supported,1,2.5,myopic,3800001520,3800001520,221.67314147949202,0,0.0,True
supported,1,2.5,myopic,3800000127,3800000127,209.76797762235003,4,2.0,True
supported,1,2.5,myopic,1600066510,1600066510,441.5865289020537,4,2.0,True
supported,1,2.5,myopic,3800001611,3800001611,224.91093444824176,0,0.0,True
supported,1,2.5,myopic,3800000110,3800000110,109.29181671142571,0,0.0,True
supported,1,2.55,dynamic,1600066610,1600066610,319.8865966796869,0,0.0,True
supported,1,2.55,dynamic,1600066590,1600066590,270.52459716796875,0,0.0,True
supported,1,2.55,dynamic,3800000120,3800000120,433.597617058436,4,2.2,True
supported,1,2.55,dynamic,3800001520,3800001520,221.67314147949202,0,0.0,True
supported,1,2.55,dynamic,3800000127,3800000127,215.7165686974524,4,2.0,True
supported,1,2.55,dynamic,1600066510,1600066510,457.1069819421767,4,2.0,True
supported,1,2.55,dynamic,3800001611,3800001611,224.91093444824176,0,0.0,True
supported,1,2.55,dynamic,3800000110,3800000110,109.29181671142571,0,0.0,True
supported,1,2.55,myopic,1600066610,1600066610,319.8865966796869,0,0.0,True
supported,1,2.55,myopic,1600066590,1600066590,270.52459716796875,0,0.0,True
supported,1,2.55,myopic,3800000120,3800000120,433.597617058436,4,2.2,True
supported,1,2.55,myopic,3800001520,3800001520,221.67314147949202,0,0.0,True
supported,1,2.55,myopic,3800000127,3800000127,216.9565931822458,4,2.0,True
supported,1,2.55,myopic,1600066510,1600066510,455.71932501506797,4,2.0,True
supported,1,2.55,myopic,3800001611,3800001611,224.91093444824176,0,0.0,True
supported,1,2.55,myopic,3800000110,3800000110,109.29181671142571,0,0.0,True
supported,1,2.6,dynamic,1600066610,1600066610,319.8865966796869,0,0.0,True
supported,1,2.6,dynamic,1600066590,1600066590,270.52459716796875,0,0.0,True
supported,1,2.6,dynamic,3800000120,3800000120,448.3935307337444,4,2.2,True
supported,1,2.6,dynamic,3800001520,3800001520,221.67314147949202,0,0.0,True
supported,1,2.6,dynamic,3800000127,3800000127,222.9413079662322,4,2.0,True
supported,1,2.6,dynamic,1600066510,1600066510,471.16911405309025,4,2.0,True
supported,1,2.6,dynamic,3800001611,3800001611,224.91093444824176,0,0.0,True
supported,1,2.6,dynamic,3800000110,3800000110,109.29181671142571,0,0.0,True
supported,1,2.6,myopic,1600066610,1600066610,319.8865966796869,0,0.0,True
supported,1,2.6,myopic,1600066590,1600066590,270.52459716796875,0,0.0,True
supported,1,2.6,myopic,3800000120,3800000120,448.3935307337444,4,2.2,True
supported,1,2.6,myopic,3800001520,3800001520,221.67314147949202,0,0.0,True
supported,1,2.6,myopic,3800000127,3800000127,224.14520874214168,4,2.0,True
supported,1,2.6,myopic,1600066510,1600066510,469.8521211280822,4,2.0,True
supported,1,2.6,myopic,3800001611,3800001611,224.91093444824176,0,0.0,True
supported,1,2.6,myopic,3800000110,3800000110,109.29181671142571,0,0.0,True
supported,1,2.65,dynamic,1600066610,1600066610,319.8865966796869,0,0.0,True
supported,1,2.65,dynamic,1600066590,1600066590,270.52459716796875,0,0.0,True
supported,1,2.65,dynamic,3800000120,3800000120,463.18944440905256,4,2.2,True
supported,1,2.65,dynamic,3800001520,3800001520,221.67314147949202,0,0.0,True
supported,1,2.65,dynamic,3800000127,3800000127,230.16604723501192,4,2.0,True
supported,1,2.65,dynamic,1600066510,1600066510,485.23124616400384,4,2.0,True
supported,1,2.65,dynamic,3800001611,3800001611,224.91093444824176,0,0.0,True
supported,1,2.65,dynamic,3800000110,3800000110,109.29181671142571,0,0.0,True
supported,1,2.65,myopic,1600066610,1600066610,319.8865966796869,0,0.0,True
supported,1,2.65,myopic,1600066590,1600066590,270.52459716796875,0,0.0,True
supported,1,2.65,myopic,3800000120,3800000120,463.18944440905256,4,2.2,True
supported,1,2.65,myopic,3800001520,3800001520,221.67314147949202,0,0.0,True
supported,1,2.65,myopic,3800000127,3800000127,231.3338243020375,4,2.0,True
supported,1,2.65,myopic,1600066510,1600066510,483.98491724109635,4,2.0,True
supported,1,2.65,myopic,3800001611,3800001611,224.91093444824176,0,0.0,True
supported,1,2.65,myopic,3800000110,3800000110,109.29181671142571,0,0.0,True
supported,1,2.7,dynamic,1600066610,1600066610,319.8865966796869,0,0.0,True
supported,1,2.7,dynamic,1600066590,1600066590,270.52459716796875,0,0.0,True
supported,1,2.7,dynamic,3800000120,3800000120,477.9853580843608,4,2.2,True
supported,1,2.7,dynamic,3800001520,3800001520,221.67314147949202,0,0.0,True
supported,1,2.7,dynamic,3800000127,3800000127,237.3907865037917,4,2.0,True
supported,1,2.7,dynamic,1600066510,1600066510,499.29337827491753,4,2.0,True
supported,1,2.7,dynamic,3800001611,3800001611,224.91093444824176,0,0.0,True
supported,1,2.7,dynamic,3800000110,3800000110,109.29181671142571,0,0.0,True
supported,1,2.7,myopic,1600066610,1600066610,319.8865966796869,0,0.0,True
supported,1,2.7,myopic,1600066590,1600066590,270.52459716796875,0,0.0,True
supported,1,2.7,myopic,3800000120,3800000120,477.9853580843608,4,2.2,True
supported,1,2.7,myopic,3800001520,3800001520,221.67314147949202,0,0.0,True
supported,1,2.7,myopic,3800000127,3800000127,238.52243986193338,4,2.0,True
supported,1,2.7,myopic,1600066510,1600066510,498.1177133541107,4,2.0,True
supported,1,2.7,myopic,3800001611,3800001611,224.91093444824176,0,0.0,True
supported,1,2.7,myopic,3800000110,3800000110,109.29181671142571,0,0.0,True
supported,1,2.75,dynamic,1600066610,1600066610,319.8865966796869,0,0.0,True
supported,1,2.75,dynamic,1600066590,1600066590,270.52459716796875,0,0.0,True
supported,1,2.75,dynamic,3800000120,3800000120,492.781271759669,4,2.2,True
supported,1,2.75,dynamic,3800001520,3800001520,221.67314147949202,0,0.0,True
supported,1,2.75,dynamic,3800000127,3800000127,244.61552577257143,4,2.0,True
supported,1,2.75,dynamic,1600066510,1600066510,513.3555103858312,4,2.0,True
supported,1,2.75,dynamic,3800001611,3800001611,224.91093444824176,0,0.0,True
supported,1,2.75,dynamic,3800000110,3800000110,109.29181671142571,0,0.0,True
supported,1,2.75,myopic,1600066610,1600066610,319.8865966796869,0,0.0,True
supported,1,2.75,myopic,1600066590,1600066590,270.52459716796875,0,0.0,True
supported,1,2.75,myopic,3800000120,3800000120,492.781271759669,4,2.2,True
supported,1,2.75,myopic,3800001520,3800001520,221.67314147949202,0,0.0,True
supported,1,2.75,myopic,3800000127,3800000127,245.7110554218292,4,2.0,True
supported,1,2.75,myopic,1600066510,1600066510,512.2505094671249,4,2.0,True
supported,1,2.75,myopic,3800001611,3800001611,224.91093444824176,0,0.0,True
supported,1,2.75,myopic,3800000110,3800000110,109.29181671142571,0,0.0,True
supported,1,2.8,dynamic,1600066610,1600066610,319.8865966796869,0,0.0,True
supported,1,2.8,dynamic,1600066590,1600066590,270.52459716796875,0,0.0,True
supported,1,2.8,dynamic,3800000120,3800000120,507.57718543497725,4,2.2,True
supported,1,2.8,dynamic,3800001520,3800001520,221.67314147949202,0,0.0,True
supported,1,2.8,dynamic,3800000127,3800000127,252.89967098172497,4,2.0,True
supported,1,2.8,dynamic,1600066510,1600066510,526.383305580139,4,2.0,True
supported,1,2.8,dynamic,3800001611,3800001611,224.91093444824176,0,0.0,True
supported,1,2.8,dynamic,3800000110,3800000110,109.29181671142571,0,0.0,True
supported,1,2.8,myopic,1600066610,1600066610,319.8865966796869,0,0.0,True
supported,1,2.8,myopic,1600066590,1600066590,270.52459716796875,0,0.0,True
supported,1,2.8,myopic,3800000120,3800000120,507.57718543497725,4,2.2,True
supported,1,2.8,myopic,3800001520,3800001520,221.67314147949202,0,0.0,True
supported,1,2.8,myopic,3800000127,3800000127,252.89967098172497,4,2.0,True
supported,1,2.8,myopic,1600066510,1600066510,526.383305580139,4,2.0,True
supported,1,2.8,myopic,3800001611,3800001611,224.91093444824176,0,0.0,True
supported,1,2.8,myopic,3800000110,3800000110,109.29181671142571,0,0.0,True
supported,1,2.85,dynamic,1600066610,1600066610,319.8865966796869,0,0.0,True
supported,1,2.85,dynamic,1600066590,1600066590,270.52459716796875,0,0.0,True
supported,1,2.85,dynamic,3800000120,3800000120,522.3730991102855,4,2.2,True
supported,1,2.85,dynamic,3800001520,3800001520,221.67314147949202,0,0.0,True
supported,1,2.85,dynamic,3800000127,3800000127,260.08828654162085,4,2.0,True
supported,1,2.85,dynamic,1600066510,1600066510,540.5161016931534,4,2.0,True
supported,1,2.85,dynamic,3800001611,3800001611,224.91093444824176,0,0.0,True
supported,1,2.85,dynamic,3800000110,3800000110,109.29181671142571,0,0.0,True
supported,1,2.85,myopic,1600066610,1600066610,319.8865966796869,0,0.0,True
supported,1,2.85,myopic,1600066590,1600066590,270.52459716796875,0,0.0,True
supported,1,2.85,myopic,3800000120,3800000120,522.3730991102855,4,2.2,True
supported,1,2.85,myopic,3800001520,3800001520,221.67314147949202,0,0.0,True
supported,1,2.85,myopic,3800000127,3800000127,260.08828654162085,4,2.0,True
supported,1,2.85,myopic,1600066510,1600066510,540.5161016931534,4,2.0,True
supported,1,2.85,myopic,3800001611,3800001611,224.91093444824176,0,0.0,True
supported,1,2.85,myopic,3800000110,3800000110,109.29181671142571,0,0.0,True
supported,1,2.9,dynamic,1600066610,1600066610,319.8865966796869,0,0.0,True
supported,1,2.9,dynamic,1600066590,1600066590,270.52459716796875,0,0.0,True
supported,1,2.9,dynamic,3800000120,3800000120,537.1690127855936,4,2.2,True
supported,1,2.9,dynamic,3800001520,3800001520,221.67314147949202,0,0.0,True
supported,1,2.9,dynamic,3800000127,3800000127,267.27690210151667,4,2.0,True
supported,1,2.9,dynamic,1600066510,1600066510,554.6488978061675,4,2.0,True
supported,1,2.9,dynamic,3800001611,3800001611,224.91093444824176,0,0.0,True
supported,1,2.9,dynamic,3800000110,3800000110,109.29181671142571,0,0.0,True
supported,1,2.9,myopic,1600066610,1600066610,319.8865966796869,0,0.0,True
supported,1,2.9,myopic,1600066590,1600066590,270.52459716796875,0,0.0,True
supported,1,2.9,myopic,3800000120,3800000120,537.1690127855936,4,2.2,True
supported,1,2.9,myopic,3800001520,3800001520,221.67314147949202,0,0.0,True
supported,1,2.9,myopic,3800000127,3800000127,267.27690210151667,4,2.0,True
supported,1,2.9,myopic,1600066510,1600066510,554.6488978061675,4,2.0,True
supported,1,2.9,myopic,3800001611,3800001611,224.91093444824176,0,0.0,True
supported,1,2.9,myopic,3800000110,3800000110,109.29181671142571,0,0.0,True
supported,1,2.95,dynamic,1600066610,1600066610,319.8865966796869,0,0.0,True
supported,1,2.95,dynamic,1600066590,1600066590,270.52459716796875,0,0.0,True
supported,1,2.95,dynamic,3800000120,3800000120,551.964926460902,4,2.2,True
supported,1,2.95,dynamic,3800001520,3800001520,221.67314147949202,0,0.0,True
supported,1,2.95,dynamic,3800000127,3800000127,274.46551766141255,4,2.0,True
supported,1,2.95,dynamic,1600066510,1600066510,568.7816939191817,4,2.0,True
supported,1,2.95,dynamic,3800001611,3800001611,224.91093444824176,0,0.0,True
supported,1,2.95,dynamic,3800000110,3800000110,109.29181671142571,0,0.0,True
supported,1,2.95,myopic,1600066610,1600066610,319.8865966796869,0,0.0,True
supported,1,2.95,myopic,1600066590,1600066590,270.52459716796875,0,0.0,True
supported,1,2.95,myopic,3800000120,3800000120,551.964926460902,4,2.2,True
supported,1,2.95,myopic,3800001520,3800001520,221.67314147949202,0,0.0,True
supported,1,2.95,myopic,3800000127,3800000127,274.46551766141255,4,2.0,True
supported,1,2.95,myopic,1600066510,1600066510,568.7816939191817,4,2.0,True
supported,1,2.95,myopic,3800001611,3800001611,224.91093444824176,0,0.0,True
supported,1,2.95,myopic,3800000110,3800000110,109.29181671142571,0,0.0,True
supported,1,3.0,dynamic,1600066610,1600066610,319.8865966796869,0,0.0,True
supported,1,3.0,dynamic,1600066590,1600066590,270.52459716796875,0,0.0,True
supported,1,3.0,dynamic,3800000120,3800000120,566.7608401362102,4,2.2,True
supported,1,3.0,dynamic,3800001520,3800001520,221.67314147949202,0,0.0,True
supported,1,3.0,dynamic,3800000127,3800000127,281.6541332213083,4,2.0,True
supported,1,3.0,dynamic,1600066510,1600066510,582.914490032196,4,2.0,True
supported,1,3.0,dynamic,3800001611,3800001611,224.91093444824176,0,0.0,True
supported,1,3.0,dynamic,3800000110,3800000110,109.29181671142571,0,0.0,True
supported,1,3.0,myopic,1600066610,1600066610,319.8865966796869,0,0.0,True
supported,1,3.0,myopic,1600066590,1600066590,270.52459716796875,0,0.0,True
supported,1,3.0,myopic,3800000120,3800000120,566.7608401362102,4,2.2,True
supported,1,3.0,myopic,3800001520,3800001520,221.67314147949202,0,0.0,True
supported,1,3.0,myopic,3800000127,3800000127,281.6541332213083,4,2.0,True
supported,1,3.0,myopic,1600066510,1600066510,582.914490032196,4,2.0,True
supported,1,3.0,myopic,3800001611,3800001611,224.91093444824176,0,0.0,True
supported,1,3.0,myopic,3800000110,3800000110,109.29181671142571,0,0.0,True
supported,1,3.05,dynamic,1600066610,1600066610,319.8865966796869,0,0.0,True
supported,1,3.05,dynamic,1600066590,1600066590,270.52459716796875,0,0.0,True
supported,1,3.05,dynamic,3800000120,3800000120,581.5567538115183,4,2.2,True
supported,1,3.05,dynamic,3800001520,3800001520,221.67314147949202,0,0.0,True
supported,1,3.05,dynamic,3800000127,3800000127,288.84274878120414,4,2.0,True
supported,1,3.05,dynamic,1600066510,1600066510,597.0472861452101,4,2.0,True
supported,1,3.05,dynamic,3800001611,3800001611,224.91093444824176,0,0.0,True
supported,1,3.05,dynamic,3800000110,3800000110,109.29181671142571,0,0.0,True
supported,1,3.05,myopic,1600066610,1600066610,319.8865966796869,0,0.0,True
supported,1,3.05,myopic,1600066590,1600066590,270.52459716796875,0,0.0,True
supported,1,3.05,myopic,3800000120,3800000120,581.5567538115183,4,2.2,True
supported,1,3.05,myopic,3800001520,3800001520,221.67314147949202,0,0.0,True
supported,1,3.05,myopic,3800000127,3800000127,288.84274878120414,4,2.0,True
supported,1,3.05,myopic,1600066510,1600066510,597.0472861452101,4,2.0,True
supported,1,3.05,myopic,3800001611,3800001611,224.91093444824176,0,0.0,True
supported,1,3.05,myopic,3800000110,3800000110,109.29181671142571,0,0.0,True
supported,1,3.1,dynamic,1600066610,1600066610,319.8865966796869,0,0.0,True
supported,1,3.1,dynamic,1600066590,1600066590,270.52459716796875,0,0.0,True
supported,1,3.1,dynamic,3800000120,3800000120,596.3526674868267,4,2.2,True
supported,1,3.1,dynamic,3800001520,3800001520,221.67314147949202,0,0.0,True
supported,1,3.1,dynamic,3800000127,3800000127,296.0313643411,4,2.0,True
supported,1,3.1,dynamic,1600066510,1600066510,611.1800822582244,4,2.0,True
supported,1,3.1,dynamic,3800001611,3800001611,224.91093444824176,0,0.0,True
supported,1,3.1,dynamic,3800000110,3800000110,109.29181671142571,0,0.0,True
supported,1,3.1,myopic,1600066610,1600066610,319.8865966796869,0,0.0,True
supported,1,3.1,myopic,1600066590,1600066590,270.52459716796875,0,0.0,True
supported,1,3.1,myopic,3800000120,3800000120,596.3526674868267,4,2.2,True
supported,1,3.1,myopic,3800001520,3800001520,221.67314147949202,0,0.0,True
supported,1,3.1,myopic,3800000127,3800000127,296.0313643411,4,2.0,True
supported,1,3.1,myopic,1600066510,1600066510,611.1800822582244,4,2.0,True
supported,1,3.1,myopic,3800001611,3800001611,224.91093444824176,0,0.0,True
supported,1,3.1,myopic,3800000110,3800000110,109.29181671142571,0,0.0,True
supported,1,3.15,dynamic,1600066610,1600066610,319.8865966796869,0,0.0,True
supported,1,3.15,dynamic,1600066590,1600066590,270.52459716796875,0,0.0,True
supported,1,3.15,dynamic,3800000120,3800000120,611.1485811621349,4,2.2,True
supported,1,3.15,dynamic,3800001520,3800001520,221.67314147949202,0,0.0,True
supported,1,3.15,dynamic,3800000127,3800000127,303.21997990099584,4,2.0,True
supported,1,3.15,dynamic,1600066510,1600066510,625.3128783712385,4,2.0,True
supported,1,3.15,dynamic,3800001611,3800001611,224.91093444824176,0,0.0,True
supported,1,3.15,dynamic,3800000110,3800000110,109.29181671142571,0,0.0,True
supported,1,3.15,myopic,1600066610,1600066610,319.8865966796869,0,0.0,True
supported,1,3.15,myopic,1600066590,1600066590,270.52459716796875,0,0.0,True
supported,1,3.15,myopic,3800000120,3800000120,611.1485811621349,4,2.2,True
supported,1,3.15,myopic,3800001520,3800001520,221.67314147949202,0,0.0,True
supported,1,3.15,myopic,3800000127,3800000127,303.21997990099584,4,2.0,True
supported,1,3.15,myopic,1600066510,1600066510,625.3128783712385,4,2.0,True
supported,1,3.15,myopic,3800001611,3800001611,224.91093444824176,0,0.0,True
supported,1,3.15,myopic,3800000110,3800000110,109.29181671142571,0,0.0,True
supported,1,3.2,dynamic,1600066610,1600066610,319.8865966796869,0,0.0,True
supported,1,3.2,dynamic,1600066590,1600066590,270.52459716796875,0,0.0,True
supported,1,3.2,dynamic,3800000120,3800000120,625.944494837443,4,2.2,True
supported,1,3.2,dynamic,3800001520,3800001520,221.67314147949202,0,0.0,True
supported,1,3.2,dynamic,3800000127,3800000127,310.4085954608917,4,2.0,True
supported,1,3.2,dynamic,1600066510,1600066510,639.4456744842529,4,2.0,True
supported,1,3.2,dynamic,3800001611,3800001611,224.91093444824176,0,0.0,True
supported,1,3.2,dynamic,3800000110,3800000110,109.29181671142571,0,0.0,True
supported,1,3.2,myopic,1600066610,1600066610,319.8865966796869,0,0.0,True
supported,1,3.2,myopic,1600066590,1600066590,270.52459716796875,0,0.0,True
supported,1,3.2,myopic,3800000120,3800000120,625.944494837443,4,2.2,True
supported,1,3.2,myopic,3800001520,3800001520,221.67314147949202,0,0.0,True
supported,1,3.2,myopic,3800000127,3800000127,310.4085954608917,4,2.0,True
supported,1,3.2,myopic,1600066510,1600066510,639.4456744842529,4,2.0,True
supported,1,3.2,myopic,3800001611,3800001611,224.91093444824176,0,0.0,True
supported,1,3.2,myopic,3800000110,3800000110,109.29181671142571,0,0.0,True
supported,2,1.2,dynamic,1600066610,1600066610,319.8865966796869,0,0.0,True
supported,2,1.2,dynamic,1600066590,1600066590,270.52459716796875,0,0.0,True
supported,2,1.2,dynamic,3800000120,3800000120,168.6797027587895,0,0.0,True
supported,2,1.2,dynamic,3800001520,3800001520,221.67314147949202,0,0.0,True
supported,2,1.2,dynamic,3800000127,3800000127,162.18809509277338,0,0.0,True
supported,2,1.2,dynamic,1600066510,1600066510,269.8931274414066,0,0.0,True
supported,2,1.2,dynamic,3800001611,3800001611,224.91093444824176,0,0.0,True
supported,2,1.2,dynamic,3800000110,3800000110,109.29181671142571,0,0.0,True
supported,2,1.2,myopic,1600066610,1600066610,319.8865966796869,0,0.0,True
supported,2,1.2,myopic,1600066590,1600066590,270.52459716796875,0,0.0,True
supported,2,1.2,myopic,3800000120,3800000120,168.6797027587895,0,0.0,True
supported,2,1.2,myopic,3800001520,3800001520,221.67314147949202,0,0.0,True
supported,2,1.2,myopic,3800000127,3800000127,162.18809509277338,0,0.0,True
supported,2,1.2,myopic,1600066510,1600066510,269.8931274414066,0,0.0,True
supported,2,1.2,myopic,3800001611,3800001611,224.91093444824176,0,0.0,True
supported,2,1.2,myopic,3800000110,3800000110,109.29181671142571,0,0.0,True
supported,2,1.25,dynamic,1600066610,1600066610,319.8865966796869,0,0.0,True
supported,2,1.25,dynamic,1600066590,1600066590,270.52459716796875,0,0.0,True
supported,2,1.25,dynamic,3800000120,3800000120,168.6797027587895,0,0.0,True
supported,2,1.25,dynamic,3800001520,3800001520,221.67314147949202,0,0.0,True
supported,2,1.25,dynamic,3800000127,3800000127,162.18809509277338,0,0.0,True
supported,2,1.25,dynamic,1600066510,1600066510,269.8931274414066,0,0.0,True
supported,2,1.25,dynamic,3800001611,3800001611,224.91093444824176,0,0.0,True
supported,2,1.25,dynamic,3800000110,3800000110,109.29181671142571,0,0.0,True
supported,2,1.25,myopic,1600066610,1600066610,319.8865966796869,0,0.0,True
supported,2,1.25,myopic,1600066590,1600066590,270.52459716796875,0,0.0,True
supported,2,1.25,myopic,3800000120,3800000120,168.6797027587895,0,0.0,True
supported,2,1.25,myopic,3800001520,3800001520,221.67314147949202,0,0.0,True
supported,2,1.25,myopic,3800000127,3800000127,162.18809509277338,0,0.0,True
supported,2,1.25,myopic,1600066510,1600066510,269.8931274414066,0,0.0,True
supported,2,1.25,myopic,3800001611,3800001611,224.91093444824176,0,0.0,True
supported,2,1.25,myopic,3800000110,3800000110,109.29181671142571,0,0.0,True
supported,2,1.3,dynamic,1600066610,1600066610,319.8865966796869,0,0.0,True
supported,2,1.3,dynamic,1600066590,1600066590,270.52459716796875,0,0.0,True
supported,2,1.3,dynamic,3800000120,3800000120,168.6797027587895,0,0.0,True
supported,2,1.3,dynamic,3800001520,3800001520,221.67314147949202,0,0.0,True
supported,2,1.3,dynamic,3800000127,3800000127,162.18809509277338,0,0.0,True
supported,2,1.3,dynamic,1600066510,1600066510,269.8931274414066,0,0.0,True
supported,2,1.3,dynamic,3800001611,3800001611,224.91093444824176,0,0.0,True
supported,2,1.3,dynamic,3800000110,3800000110,109.29181671142571,0,0.0,True
supported,2,1.3,myopic,1600066610,1600066610,319.8865966796869,0,0.0,True
supported,2,1.3,myopic,1600066590,1600066590,270.52459716796875,0,0.0,True
supported,2,1.3,myopic,3800000120,3800000120,168.6797027587895,0,0.0,True
supported,2,1.3,myopic,3800001520,3800001520,221.67314147949202,0,0.0,True
supported,2,1.3,myopic,3800000127,3800000127,162.18809509277338,0,0.0,True
supported,2,1.3,myopic,1600066510,1600066510,269.8931274414066,0,0.0,True
supported,2,1.3,myopic,3800001611,3800001611,224.91093444824176,0,0.0,True
supported,2,1.3,myopic,3800000110,3800000110,109.29181671142571,0,0.0,True
supported,2,1.35,dynamic,1600066610,1600066610,319.8865966796869,0,0.0,True
supported,2,1.35,dynamic,1600066590,1600066590,270.52459716796875,0,0.0,True
supported,2,1.35,dynamic,3800000120,3800000120,168.6797027587895,0,0.0,True
supported,2,1.35,dynamic,3800001520,3800001520,221.67314147949202,0,0.0,True
supported,2,1.35,dynamic,3800000127,3800000127,162.18809509277338,0,0.0,True
supported,2,1.35,dynamic,1600066510,1600066510,269.8931274414066,0,0.0,True
supported,2,1.35,dynamic,3800001611,3800001611,224.91093444824176,0,0.0,True
supported,2,1.35,dynamic,3800000110,3800000110,109.29181671142571,0,0.0,True
supported,2,1.35,myopic,1600066610,1600066610,319.8865966796869,0,0.0,True
supported,2,1.35,myopic,1600066590,1600066590,270.52459716796875,0,0.0,True
supported,2,1.35,myopic,3800000120,3800000120,168.6797027587895,0,0.0,True
supported,2,1.35,myopic,3800001520,3800001520,221.67314147949202,0,0.0,True
supported,2,1.35,myopic,3800000127,3800000127,162.18809509277338,0,0.0,True
supported,2,1.35,myopic,1600066510,1600066510,269.8931274414066,0,0.0,True
supported,2,1.35,myopic,3800001611,3800001611,224.91093444824176,0,0.0,True
supported,2,1.35,myopic,3800000110,3800000110,109.29181671142571,0,0.0,True
supported,2,1.4,dynamic,1600066610,1600066610,319.8865966796869,0,0.0,True
supported,2,1.4,dynamic,1600066590,1600066590,270.52459716796875,0,0.0,True
supported,2,1.4,dynamic,3800000120,3800000120,168.6797027587895,0,0.0,True
supported,2,1.4,dynamic,3800001520,3800001520,221.67314147949202,0,0.0,True
supported,2,1.4,dynamic,3800000127,3800000127,162.18809509277338,0,0.0,True
supported,2,1.4,dynamic,1600066510,1600066510,269.8931274414066,0,0.0,True
supported,2,1.4,dynamic,3800001611,3800001611,224.91093444824176,0,0.0,True
supported,2,1.4,dynamic,3800000110,3800000110,109.33533321189881,1,0.09,True
supported,2,1.4,myopic,1600066610,1600066610,319.8865966796869,0,0.0,True
supported,2,1.4,myopic,1600066590,1600066590,270.52459716796875,0,0.0,True
supported,2,1.4,myopic,3800000120,3800000120,168.6797027587895,0,0.0,True
supported,2,1.4,myopic,3800001520,3800001520,221.67314147949202,0,0.0,True
supported,2,1.4,myopic,3800000127,3800000127,162.18809509277338,0,0.0,True
supported,2,1.4,myopic,1600066510,1600066510,269.8931274414066,0,0.0,True
supported,2,1.4,myopic,3800001611,3800001611,224.91093444824176,0,0.0,True
supported,2,1.4,myopic,3800000110,3800000110,106.535130270799,4,0.36,True
supported,2,1.45,dynamic,1600066610,1600066610,319.8865966796869,0,0.0,True
supported,2,1.45,dynamic,1600066590,1600066590,270.52459716796875,0,0.0,True
supported,2,1.45,dynamic,3800000120,3800000120,168.6797027587895,0,0.0,True
supported,2,1.45,dynamic,3800001520,3800001520,221.67314147949202,0,0.0,True
supported,2,1.45,dynamic,3800000127,3800000127,162.18809509277338,0,0.0,True
supported,2,1.45,dynamic,1600066510,1600066510,269.8931274414066,0,0.0,True
supported,2,1.45,dynamic,3800001611,3800001611,224.91093444824176,0,0.0,True
supported,2,1.45,dynamic,3800000110,3800000110,109.58536947870255,1,0.09,True
supported,2,1.45,myopic,1600066610,1600066610,319.8865966796869,0,0.0,True
supported,2,1.45,myopic,1600066590,1600066590,270.52459716796875,0,0.0,True
supported,2,1.45,myopic,3800000120,3800000120,168.6797027587895,0,0.0,True
supported,2,1.45,myopic,3800001520,3800001520,221.67314147949202,0,0.0,True
supported,2,1.45,myopic,3800000127,3800000127,162.18809509277338,0,0.0,True
supported,2,1.45,myopic,1600066510,1600066510,269.8931274414066,0,0.0,True
supported,2,1.45,myopic,3800001611,3800001611,224.91093444824176,0,0.0,True
supported,2,1.45,myopic,3800000110,3800000110,107.55785144531727,4,0.36,True
supported,2,1.5,dynamic,1600066610,1600066610,319.8865966796869,0,0.0,True
supported,2,1.5,dynamic,1600066590,1600066590,270.52459716796875,0,0.0,True
supported,2,1.5,dynamic,3800000120,3800000120,168.6797027587895,0,0.0,True
supported,2,1.5,dynamic,3800001520,3800001520,221.67314147949202,0,0.0,True
supported,2,1.5,dynamic,3800000127,3800000127,162.18809509277338,0,0.0,True
supported,2,1.5,dynamic,1600066510,1600066510,269.8931274414066,0,0.0,True
supported,2,1.5,dynamic,3800001611,3800001611,224.91093444824176,0,0.0,True
supported,2,1.5,dynamic,3800000110,3800000110,109.83540574550629,1,0.09,True
supported,2,1.5,myopic,1600066610,1600066610,319.8865966796869,0,0.0,True
supported,2,1.5,myopic,1600066590,1600066590,270.52459716796875,0,0.0,True
supported,2,1.5,myopic,3800000120,3800000120,168.6797027587895,0,0.0,True
supported,2,1.5,myopic,3800001520,3800001520,221.67314147949202,0,0.0,True
supported,2,1.5,myopic,3800000127,3800000127,162.18809509277338,0,0.0,True
supported,2,1.5,myopic,1600066510,1600066510,269.8931274414066,0,0.0,True
supported,2,1.5,myopic,3800001611,3800001611,224.91093444824176,0,0.0,True
supported,2,1.5,myopic,3800000110,3800000110,108.58057261983555,4,0.36,True
supported,2,1.55,dynamic,1600066610,1600066610,319.8865966796869,0,0.0,True
supported,2,1.55,dynamic,1600066590,1600066590,270.52459716796875,0,0.0,True
supported,2,1.55,dynamic,3800000120,3800000120,168.6797027587895,0,0.0,True
supported,2,1.55,dynamic,3800001520,3800001520,221.67314147949202,0,0.0,True
supported,2,1.55,dynamic,3800000127,3800000127,162.18809509277338,0,0.0,True
supported,2,1.55,dynamic,1600066510,1600066510,269.8931274414066,0,0.0,True
supported,2,1.55,dynamic,3800001611,3800001611,224.91093444824176,0,0.0,True
supported,2,1.55,dynamic,3800000110,3800000110,110.33347885948419,3,0.27,True
supported,2,1.55,myopic,1600066610,1600066610,319.8865966796869,0,0.0,True
supported,2,1.55,myopic,1600066590,1600066590,270.52459716796875,0,0.0,True
supported,2,1.55,myopic,3800000120,3800000120,168.6797027587895,0,0.0,True
supported,2,1.55,myopic,3800001520,3800001520,221.67314147949202,0,0.0,True
supported,2,1.55,myopic,3800000127,3800000127,162.18809509277338,0,0.0,True
supported,2,1.55,myopic,1600066510,1600066510,269.8931274414066,0,0.0,True
supported,2,1.55,myopic,3800001611,3800001611,224.91093444824176,0,0.0,True
supported,2,1.55,myopic,3800000110,3800000110,109.60329379435382,4,0.36,True
supported,2,1.6,dynamic,1600066610,1600066610,319.8865966796869,0,0.0,True
supported,2,1.6,dynamic,1600066590,1600066590,270.52459716796875,0,0.0,True
supported,2,1.6,dynamic,3800000120,3800000120,168.6797027587895,0,0.0,True
supported,2,1.6,dynamic,3800001520,3800001520,221.67314147949202,0,0.0,True
supported,2,1.6,dynamic,3800000127,3800000127,162.18809509277338,0,0.0,True
supported,2,1.6,dynamic,1600066510,1600066510,269.8931274414066,0,0.0,True
supported,2,1.6,dynamic,3800001611,3800001611,224.91093444824176,0,0.0,True
supported,2,1.6,dynamic,3800000110,3800000110,111.31593402926126,4,0.36,True
supported,2,1.6,myopic,1600066610,1600066610,319.8865966796869,0,0.0,True
supported,2,1.6,myopic,1600066590,1600066590,270.52459716796875,0,0.0,True
supported,2,1.6,myopic,3800000120,3800000120,168.6797027587895,0,0.0,True
supported,2,1.6,myopic,3800001520,3800001520,221.67314147949202,0,0.0,True
supported,2,1.6,myopic,3800000127,3800000127,162.18809509277338,0,0.0,True
supported,2,1.6,myopic,1600066510,1600066510,269.8931274414066,0,0.0,True
supported,2,1.6,myopic,3800001611,3800001611,224.91093444824176,0,0.0,True
supported,2,1.6,myopic,3800000110,3800000110,110.62601496887208,4,0.36,True
supported,2,1.65,dynamic,1600066610,1600066610,319.8865966796869,0,0.0,True
supported,2,1.65,dynamic,1600066590,1600066590,270.52459716796875,0,0.0,True
supported,2,1.65,dynamic,3800000120,3800000120,169.79875046284988,4,1.45,True
supported,2,1.65,dynamic,3800001520,3800001520,221.67314147949202,0,0.0,True
supported,2,1.65,dynamic,3800000127,3800000127,162.18809509277338,0,0.0,True
supported,2,1.65,dynamic,1600066510,1600066510,269.8931274414066,0,0.0,True
supported,2,1.65,dynamic,3800001611,3800001611,224.91093444824176,0,0.0,True
supported,2,1.65,dynamic,3800000110,3800000110,112.32845356003442,4,0.36,True
supported,2,1.65,myopic,1600066610,1600066610,319.8865966796869,0,0.0,True
supported,2,1.65,myopic,1600066590,1600066590,270.52459716796875,0,0.0,True
supported,2,1.65,myopic,3800000120,3800000120,169.08789028326663,4,1.2,True
supported,2,1.65,myopic,3800001520,3800001520,221.67314147949202,0,0.0,True
supported,2,1.65,myopic,3800000127,3800000127,162.18809509277338,0,0.0,True
supported,2,1.65,myopic,1600066510,1600066510,269.8931274414066,0,0.0,True
supported,2,1.65,myopic,3800001611,3800001611,224.91093444824176,0,0.0,True
supported,2,1.65,myopic,3800000110,3800000110,111.64873614339035,4,0.36,True
supported,2,1.7,dynamic,1600066610,1600066610,319.8865966796869,0,0.0,True
supported,2,1.7,dynamic,1600066590,1600066590,270.52459716796875,0,0.0,True
supported,2,1.7,dynamic,3800000120,3800000120,183.0852953008016,4,2.2,True
supported,2,1.7,dynamic,3800001520,3800001520,221.67314147949202,0,0.0,True
supported,2,1.7,dynamic,3800000127,3800000127,162.18809509277338,0,0.0,True
supported,2,1.7,dynamic,1600066510,1600066510,269.8931274414066,0,0.0,True
supported,2,1.7,dynamic,3800001611,3800001611,224.91093444824176,0,0.0,True
supported,2,1.7,dynamic,3800000110,3800000110,113.34097309080758,4,0.36,True
supported,2,1.7,myopic,1600066610,1600066610,319.8865966796869,0,0.0,True
supported,2,1.7,myopic,1600066590,1600066590,270.52459716796875,0,0.0,True
supported,2,1.7,myopic,3800000120,3800000120,182.06708457819622,4,2.2,True
supported,2,1.7,myopic,3800001520,3800001520,221.67314147949202,0,0.0,True
supported,2,1.7,myopic,3800000127,3800000127,162.18809509277338,0,0.0,True
supported,2,1.7,myopic,1600066510,1600066510,269.8931274414066,0,0.0,True
supported,2,1.7,myopic,3800001611,3800001611,224.91093444824176,0,0.0,True
supported,2,1.7,myopic,3800000110,3800000110,112.67145731790862,4,0.36,True
supported,2,1.75,dynamic,1600066610,1600066610,319.8865966796869,0,0.0,True
supported,2,1.75,dynamic,1600066590,1600066590,270.52459716796875,0,0.0,True
supported,2,1.75,dynamic,3800000120,3800000120,197.82533966859165,4,2.2,True
supported,2,1.75,dynamic,3800001520,3800001520,221.67314147949202,0,0.0,True
supported,2,1.75,dynamic,3800000127,3800000127,162.18809509277338,0,0.0,True
supported,2,1.75,dynamic,1600066510,1600066510,269.8931274414066,0,0.0,True
supported,2,1.75,dynamic,3800001611,3800001611,224.91093444824176,0,0.0,True
supported,2,1.75,dynamic,3800000110,3800000110,114.35349262158074,4,0.36,True
supported,2,1.75,myopic,1600066610,1600066610,319.8865966796869,0,0.0,True
supported,2,1.75,myopic,1600066590,1600066590,270.52459716796875,0,0.0,True
supported,2,1.75,myopic,3800000120,3800000120,196.8629982535045,4,2.2,True
supported,2,1.75,myopic,3800001520,3800001520,221.67314147949202,0,0.0,True
supported,2,1.75,myopic,3800000127,3800000127,162.18809509277338,0,0.0,True
supported,2,1.75,myopic,1600066510,1600066510,269.8931274414066,0,0.0,True
supported,2,1.75,myopic,3800001611,3800001611,224.91093444824176,0,0.0,True
supported,2,1.75,myopic,3800000110,3800000110,113.69417849242689,4,0.36,True
supported,2,1.8,dynamic,1600066610,1600066610,319.8865966796869,0,0.0,True
supported,2,1.8,dynamic,1600066590,1600066590,270.52459716796875,0,0.0,True
supported,2,1.8,dynamic,3800000120,3800000120,212.58012723668406,4,2.2,True
supported,2,1.8,dynamic,3800001520,3800001520,221.67314147949202,0,0.0,True
supported,2,1.8,dynamic,3800000127,3800000127,162.18809509277338,0,0.0,True
supported,2,1.8,dynamic,1600066510,1600066510,269.8931274414066,0,0.0,True
supported,2,1.8,dynamic,3800001611,3800001611,224.91093444824176,0,0.0,True
supported,2,1.8,dynamic,3800000110,3800000110,115.3660121523539,4,0.36,True
supported,2,1.8,myopic,1600066610,1600066610,319.8865966796869,0,0.0,True
supported,2,1.8,myopic,1600066590,1600066590,270.52459716796875,0,0.0,True
supported,2,1.8,myopic,3800000120,3800000120,211.65891192881276,4,2.2,True
supported,2,1.8,myopic,3800001520,3800001520,221.67314147949202,0,0.0,True
supported,2,1.8,myopic,3800000127,3800000127,162.18809509277338,0,0.0,True
supported,2,1.8,myopic,1600066510,1600066510,269.8931274414066,0,0.0,True
supported,2,1.8,myopic,3800001611,3800001611,224.91093444824176,0,0.0,True
supported,2,1.8,myopic,3800000110,3800000110,114.71689966694515,4,0.36,True
supported,2,1.85,dynamic,1600066610,1600066610,319.8865966796869,0,0.0,True
supported,2,1.85,dynamic,1600066590,1600066590,270.52459716796875,0,0.0,True
supported,2,1.85,dynamic,3800000120,3800000120,227.35140939585364,4,2.2,True
supported,2,1.85,dynamic,3800001520,3800001520,221.67314147949202,0,0.0,True
supported,2,1.85,dynamic,3800000127,3800000127,162.18809509277338,0,0.0,True
supported,2,1.85,dynamic,1600066510,1600066510,269.8931274414066,0,0.0,True
supported,2,1.85,dynamic,3800001611,3800001611,224.91093444824176,0,0.0,True
supported,2,1.85,dynamic,3800000110,3800000110,116.37853168312708,4,0.36,True
supported,2,1.85,myopic,1600066610,1600066610,319.8865966796869,0,0.0,True
supported,2,1.85,myopic,1600066590,1600066590,270.52459716796875,0,0.0,True
supported,2,1.85,myopic,3800000120,3800000120,226.4548256041209,4,2.2,True
supported,2,1.85,myopic,3800001520,3800001520,221.67314147949202,0,0.0,True
supported,2,1.85,myopic,3800000127,3800000127,162.18809509277338,0,0.0,True
supported,2,1.85,myopic,1600066510,1600066510,264.3469091065724,4,1.0,False
supported,2,1.85,myopic,3800001611,3800001611,224.91093444824176,0,0.0,True
supported,2,1.85,myopic,3800000110,3800000110,115.73962084146342,4,0.36,True
supported,2,1.9,dynamic,1600066610,1600066610,319.8865966796869,0,0.0,True
supported,2,1.9,dynamic,1600066590,1600066590,270.52459716796875,0,0.0,True
supported,2,1.9,dynamic,3800000120,3800000120,242.12983481216423,4,2.2,True
supported,2,1.9,dynamic,3800001520,3800001520,221.67314147949202,0,0.0,True
supported,2,1.9,dynamic,3800000127,3800000127,162.18809509277338,0,0.0,True
supported,2,1.9,dynamic,1600066510,1600066510,274.4628589280446,3,1.5,True
supported,2,1.9,dynamic,3800001611,3800001611,224.91093444824176,0,0.0,True
supported,2,1.9,dynamic,3800000110,3800000110,116.9693288218975,4,0.36,True
supported,2,1.9,myopic,1600066610,1600066610,319.8865966796869,0,0.0,True
supported,2,1.9,myopic,1600066590,1600066590,270.52459716796875,0,0.0,True
supported,2,1.9,myopic,3800000120,3800000120,241.25073927942918,4,2.2,True
supported,2,1.9,myopic,3800001520,3800001520,221.67314147949202,0,0.0,True
supported,2,1.9,myopic,3800000127,3800000127,162.18809509277338,0,0.0,True
supported,2,1.9,myopic,1600066510,1600066510,270.88754687945027,4,2.0,True
supported,2,1.9,myopic,3800001611,3800001611,224.91093444824176,0,0.0,True
supported,2,1.9,myopic,3800000110,3800000110,116.9693288218975,4,0.36,True
supported,2,1.95,dynamic,1600066610,1600066610,319.8865966796869,0,0.0,True
supported,2,1.95,dynamic,1600066590,1600066590,270.52459716796875,0,0.0,True
supported,2,1.95,dynamic,3800000120,3800000120,256.90826022847494,4,2.2,True
supported,2,1.95,dynamic,3800001520,3800001520,221.67314147949202,0,0.0,True
supported,2,1.95,dynamic,3800000127,3800000127,162.18809509277338,0,0.0,True
supported,2,1.95,dynamic,1600066510,1600066510,288.3613966112136,4,2.0,True
supported,2,1.95,dynamic,3800001611,3800001611,224.91093444824176,0,0.0,True
supported,2,1.95,dynamic,3800000110,3800000110,117.98713981151582,4,0.36,True
supported,2,1.95,myopic,1600066610,1600066610,319.8865966796869,0,0.0,True
supported,2,1.95,myopic,1600066590,1600066590,270.52459716796875,0,0.0,True
supported,2,1.95,myopic,3800000120,3800000120,256.04665295473734,4,2.2,True
supported,2,1.95,myopic,3800001520,3800001520,221.67314147949202,0,0.0,True
supported,2,1.95,myopic,3800000127,3800000127,162.18809509277338,0,0.0,True
supported,2,1.95,myopic,1600066510,1600066510,285.091362074216,4,2.0,True
supported,2,1.95,myopic,3800001611,3800001611,224.91093444824176,0,0.0,True
supported,2,1.95,myopic,3800000110,3800000110,117.98693638503552,4,0.36,True
supported,2,2.0,dynamic,1600066610,1600066610,319.8865966796869,0,0.0,True
supported,2,2.0,dynamic,1600066590,1600066590,270.52459716796875,0,0.0,True
supported,2,2.0,dynamic,3800000120,3800000120,271.6935067558288,4,2.2,True
supported,2,2.0,dynamic,3800001520,3800001520,221.67314147949202,0,0.0,True
supported,2,2.0,dynamic,3800000127,3800000127,162.18809509277338,0,0.0,True
supported,2,2.0,dynamic,1600066510,1600066510,302.49577430725094,4,2.0,True
supported,2,2.0,dynamic,3800001611,3800001611,224.91093444824176,0,0.0,True
supported,2,2.0,dynamic,3800000110,3800000110,119.00454394817353,4,0.36,True
supported,2,2.0,myopic,1600066610,1600066610,319.8865966796869,0,0.0,True
supported,2,2.0,myopic,1600066590,1600066590,270.52459716796875,0,0.0,True
supported,2,2.0,myopic,3800000120,3800000120,270.8425666300456,4,2.2,True
supported,2,2.0,myopic,3800001520,3800001520,221.67314147949202,0,0.0,True
supported,2,2.0,myopic,3800000127,3800000127,162.18809509277338,0,0.0,True
supported,2,2.0,myopic,1600066510,1600066510,299.2951772689818,4,2.0,True
supported,2,2.0,myopic,3800001611,3800001611,224.91093444824176,0,0.0,True
supported,2,2.0,myopic,3800000110,3800000110,119.00454394817353,4,0.36,True
supported,2,2.05,dynamic,1600066610,1600066610,319.8865966796869,0,0.0,True
supported,2,2.05,dynamic,1600066590,1600066590,270.52459716796875,0,0.0,True
supported,2,2.05,dynamic,3800000120,3800000120,286.480360238711,4,2.2,True
supported,2,2.05,dynamic,3800001520,3800001520,221.67314147949202,0,0.0,True
supported,2,2.05,dynamic,3800000127,3800000127,162.18809509277338,0,0.0,True
supported,2,2.05,dynamic,1600066510,1600066510,316.6644062388734,4,2.0,True
supported,2,2.05,dynamic,3800001611,3800001611,224.91093444824176,0,0.0,True
supported,2,2.05,dynamic,3800000110,3800000110,120.02215151131153,4,0.36,True
supported,2,2.05,myopic,1600066610,1600066610,319.8865966796869,0,0.0,True
supported,2,2.05,myopic,1600066590,1600066590,270.52459716796875,0,0.0,True
supported,2,2.05,myopic,3800000120,3800000120,285.63848030535377,4,2.2,True
supported,2,2.05,myopic,3800001520,3800001520,221.67314147949202,0,0.0,True
supported,2,2.05,myopic,3800000127,3800000127,162.18809509277338,0,0.0,True
supported,2,2.05,myopic,1600066510,1600066510,313.4989924637474,4,2.0,True
supported,2,2.05,myopic,3800001611,3800001611,224.91093444824176,0,0.0,True
supported,2,2.05,myopic,3800000110,3800000110,120.02215151131153,4,0.36,True
supported,2,2.1,dynamic,1600066610,1600066610,319.8865966796869,0,0.0,True
supported,2,2.1,dynamic,1600066590,1600066590,270.52459716796875,0,0.0,True
supported,2,2.1,dynamic,3800000120,3800000120,301.2672137215932,4,2.2,True
supported,2,2.1,dynamic,3800001520,3800001520,221.67314147949202,0,0.0,True
supported,2,2.1,dynamic,3800000127,3800000127,162.18809509277338,0,0.0,True
supported,2,2.1,dynamic,1600066510,1600066510,330.8517182979581,4,2.0,True
supported,2,2.1,dynamic,3800001611,3800001611,224.91093444824176,0,0.0,True
supported,2,2.1,dynamic,3800000110,3800000110,121.03975907444955,4,0.36,True
supported,2,2.1,myopic,1600066610,1600066610,319.8865966796869,0,0.0,True
supported,2,2.1,myopic,1600066590,1600066590,270.52459716796875,0,0.0,True
supported,2,2.1,myopic,3800000120,3800000120,300.43439398066204,4,2.2,True
supported,2,2.1,myopic,3800001520,3800001520,221.67314147949202,0,0.0,True
supported,2,2.1,myopic,3800000127,3800000127,162.18809509277338,0,0.0,True
supported,2,2.1,myopic,1600066510,1600066510,327.7028076585133,4,2.0,True
supported,2,2.1,myopic,3800001611,3800001611,224.91093444824176,0,0.0,True
supported,2,2.1,myopic,3800000110,3800000110,121.03975907444955,4,0.36,True
supported,2,2.15,dynamic,1600066610,1600066610,319.8865966796869,0,0.0,True
supported,2,2.15,dynamic,1600066590,1600066590,270.52459716796875,0,0.0,True
supported,2,2.15,dynamic,3800000120,3800000120,315.4861318937934,4,2.2,True
supported,2,2.15,dynamic,3800001520,3800001520,221.67314147949202,0,0.0,True
supported,2,2.15,dynamic,3800000127,3800000127,163.27763255643845,1,0.5,True
supported,2,2.15,dynamic,1600066510,1600066510,345.0390303570425,4,2.0,True
supported,2,2.15,dynamic,3800001611,3800001611,224.91093444824176,0,0.0,True
supported,2,2.15,dynamic,3800000110,3800000110,122.05736663758755,4,0.36,True
supported,2,2.15,myopic,1600066610,1600066610,319.8865966796869,0,0.0,True
supported,2,2.15,myopic,1600066590,1600066590,270.52459716796875,0,0.0,True
supported,2,2.15,myopic,3800000120,3800000120,315.2303076559703,4,2.2,True
supported,2,2.15,myopic,3800001520,3800001520,221.67314147949202,0,0.0,True
supported,2,2.15,myopic,3800000127,3800000127,157.9186545472144,4,2.0,True
supported,2,2.15,myopic,1600066510,1600066510,341.9066228532789,4,2.0,True
supported,2,2.15,myopic,3800001611,3800001611,224.91093444824176,0,0.0,True
supported,2,2.15,myopic,3800000110,3800000110,122.05736663758755,4,0.36,True
supported,2,2.2,dynamic,1600066610,1600066610,319.8865966796869,0,0.0,True
supported,2,2.2,dynamic,1600066590,1600066590,270.52459716796875,0,0.0,True
supported,2,2.2,dynamic,3800000120,3800000120,330.28160872141495,4,2.2,True
supported,2,2.2,dynamic,3800001520,3800001520,221.67314147949202,0,0.0,True
supported,2,2.2,dynamic,3800000127,3800000127,166.63628426297504,4,2.0,True
supported,2,2.2,dynamic,1600066510,1600066510,359.2263424161272,4,2.0,True
supported,2,2.2,dynamic,3800001611,3800001611,224.91093444824176,0,0.0,True
supported,2,2.2,dynamic,3800000110,3800000110,123.07497420072556,4,0.36,True
supported,2,2.2,myopic,1600066610,1600066610,319.8865966796869,0,0.0,True
supported,2,2.2,myopic,1600066590,1600066590,270.52459716796875,0,0.0,True
supported,2,2.2,myopic,3800000120,3800000120,330.0262213312786,4,2.2,True
supported,2,2.2,myopic,3800001520,3800001520,221.67314147949202,0,0.0,True
supported,2,2.2,myopic,3800000127,3800000127,165.1433938159942,4,2.0,True
supported,2,2.2,myopic,1600066510,1600066510,356.11043804804467,4,2.0,True
supported,2,2.2,myopic,3800001611,3800001611,224.91093444824176,0,0.0,True
supported,2,2.2,myopic,3800000110,3800000110,123.07497420072556,4,0.36,True
supported,2,2.24,dynamic,1600066610,1600066610,319.8865966796869,0,0.0,True
supported,2,2.24,dynamic,1600066590,1600066590,270.52459716796875,0,0.0,True
supported,2,2.24,dynamic,3800000120,3800000120,342.1179901835121,4,2.2,True
supported,2,2.24,dynamic,3800001520,3800001520,221.67314147949202,0,0.0,True
supported,2,2.24,dynamic,3800000127,3800000127,172.40334238141378,4,2.0,True
supported,2,2.24,dynamic,1600066510,1600066510,370.57619206339484,4,2.0,True
supported,2,2.24,dynamic,3800001611,3800001611,224.91093444824176,0,0.0,True
supported,2,2.24,dynamic,3800000110,3800000110,123.88906025123597,4,0.36,True
supported,2,2.24,myopic,1600066610,1600066610,319.8865966796869,0,0.0,True
supported,2,2.24,myopic,1600066590,1600066590,270.52459716796875,0,0.0,True
supported,2,2.24,myopic,3800000120,3800000120,341.8629522715252,4,2.2,True
supported,2,2.24,myopic,3800001520,3800001520,221.67314147949202,0,0.0,True
supported,2,2.24,myopic,3800000127,3800000127,170.92318523101798,4,2.0,True
supported,2,2.24,myopic,1600066510,1600066510,367.4734902038573,4,2.0,True
supported,2,2.24,myopic,3800001611,3800001611,224.91093444824176,0,0.0,True
supported,2,2.24,myopic,3800000110,3800000110,123.88906025123597,4,0.36,True
supported,2,2.25,dynamic,1600066610,1600066610,319.8865966796869,0,0.0,True
supported,2,2.25,dynamic,1600066590,1600066590,270.52459716796875,0,0.0,True
supported,2,2.25,dynamic,3800000120,3800000120,345.0770855490364,4,2.2,True
supported,2,2.25,dynamic,3800001520,3800001520,221.67314147949202,0,0.0,True
supported,2,2.25,dynamic,3800000127,3800000127,173.84663108428316,4,2.0,True
supported,2,2.25,dynamic,1600066510,1600066510,373.41365447521173,4,2.0,True
supported,2,2.25,dynamic,3800001611,3800001611,224.91093444824176,0,0.0,True
supported,2,2.25,dynamic,3800000110,3800000110,124.09258176386356,4,0.36,True
supported,2,2.25,myopic,1600066610,1600066610,319.8865966796869,0,0.0,True
supported,2,2.25,myopic,1600066590,1600066590,270.52459716796875,0,0.0,True
supported,2,2.25,myopic,3800000120,3800000120,344.82213500658673,4,2.2,True
supported,2,2.25,myopic,3800001520,3800001520,221.67314147949202,0,0.0,True
supported,2,2.25,myopic,3800000127,3800000127,172.36813308477392,4,2.0,True
supported,2,2.25,myopic,1600066510,1600066510,370.3142532428104,4,2.0,True
supported,2,2.25,myopic,3800001611,3800001611,224.91093444824176,0,0.0,True
supported,2,2.25,myopic,3800000110,3800000110,124.09258176386356,4,0.36,True
supported,2,2.3,dynamic,1600066610,1600066610,319.8865966796869,0,0.0,True
supported,2,2.3,dynamic,1600066590,1600066590,270.52459716796875,0,0.0,True
supported,2,2.3,dynamic,3800000120,3800000120,359.8725623766578,4,2.2,True
supported,2,2.3,dynamic,3800001520,3800001520,221.67314147949202,0,0.0,True
supported,2,2.3,dynamic,3800000127,3800000127,181.06307459863024,4,2.0,True
supported,2,2.3,dynamic,1600066510,1600066510,387.6009665342963,4,2.0,True
supported,2,2.3,dynamic,3800001611,3800001611,224.91093444824176,0,0.0,True
supported,2,2.3,dynamic,3800000110,3800000110,125.11018932700156,4,0.36,True
supported,2,2.3,myopic,1600066610,1600066610,319.8865966796869,0,0.0,True
supported,2,2.3,myopic,1600066590,1600066590,270.52459716796875,0,0.0,True
supported,2,2.3,myopic,3800000120,3800000120,359.6180486818949,4,2.2,True
supported,2,2.3,myopic,3800001520,3800001520,221.67314147949202,0,0.0,True
supported,2,2.3,myopic,3800000127,3800000127,179.59287235355364,4,2.0,True
supported,2,2.3,myopic,1600066510,1600066510,384.51806843757606,4,2.0,True
supported,2,2.3,myopic,3800001611,3800001611,224.91093444824176,0,0.0,True
supported,2,2.3,myopic,3800000110,3800000110,125.11018932700156,4,0.36,True
supported,2,2.35,dynamic,1600066610,1600066610,319.8865966796869,0,0.0,True
supported,2,2.35,dynamic,1600066590,1600066590,270.52459716796875,0,0.0,True
supported,2,2.35,dynamic,3800000120,3800000120,374.66803920427935,4,2.2,True
supported,2,2.35,dynamic,3800001520,3800001520,221.67314147949202,0,0.0,True
supported,2,2.35,dynamic,3800000127,3800000127,188.2795181129773,4,2.0,True
supported,2,2.35,dynamic,1600066510,1600066510,401.7882785933808,4,2.0,True
supported,2,2.35,dynamic,3800001611,3800001611,224.91093444824176,0,0.0,True
supported,2,2.35,dynamic,3800000110,3800000110,126.12779689013959,4,0.36,True
supported,2,2.35,myopic,1600066610,1600066610,319.8865966796869,0,0.0,True
supported,2,2.35,myopic,1600066590,1600066590,270.52459716796875,0,0.0,True
supported,2,2.35,myopic,3800000120,3800000120,374.4139623572033,4,2.2,True
supported,2,2.35,myopic,3800001520,3800001520,221.67314147949202,0,0.0,True
supported,2,2.35,myopic,3800000127,3800000127,186.81761162233343,4,2.0,True
supported,2,2.35,myopic,1600066510,1600066510,398.7218836323418,4,2.0,True
supported,2,2.35,myopic,3800001611,3800001611,224.91093444824176,0,0.0,True
supported,2,2.35,myopic,3800000110,3800000110,126.12779689013959,4,0.36,True
supported,2,2.4,dynamic,1600066610,1600066610,319.8865966796869,0,0.0,True
supported,2,2.4,dynamic,1600066590,1600066590,270.52459716796875,0,0.0,True
supported,2,2.4,dynamic,3800000120,3800000120,389.46351603190067,4,2.2,True
supported,2,2.4,dynamic,3800001520,3800001520,221.67314147949202,0,0.0,True
supported,2,2.4,dynamic,3800000127,3800000127,195.50178297487895,4,2.0,True
supported,2,2.4,dynamic,1600066510,1600066510,415.99050583267206,4,2.0,True
supported,2,2.4,dynamic,3800001611,3800001611,224.91093444824176,0,0.0,True
supported,2,2.4,dynamic,3800000110,3800000110,127.14540445327759,4,0.36,True
supported,2,2.4,myopic,1600066610,1600066610,319.8865966796869,0,0.0,True
supported,2,2.4,myopic,1600066590,1600066590,270.52459716796875,0,0.0,True
supported,2,2.4,myopic,3800000120,3800000120,389.20987603251143,4,2.2,True
supported,2,2.4,myopic,3800001520,3800001520,221.67314147949202,0,0.0,True
supported,2,2.4,myopic,3800000127,3800000127,194.04235089111316,4,2.0,True
supported,2,2.4,myopic,1600066510,1600066510,412.92569882710757,4,2.0,True
supported,2,2.4,myopic,3800001611,3800001611,224.91093444824176,0,0.0,True
supported,2,2.4,myopic,3800000110,3800000110,127.14540445327759,4,0.36,True
supported,2,2.45,dynamic,1600066610,1600066610,319.8865966796869,0,0.0,True
supported,2,2.45,dynamic,1600066590,1600066590,270.52459716796875,0,0.0,True
supported,2,2.45,dynamic,3800000120,3800000120,404.2589928595222,4,2.2,True
supported,2,2.45,dynamic,3800001520,3800001520,221.67314147949202,0,0.0,True
supported,2,2.45,dynamic,3800000127,3800000127,202.72926436646782,4,2.0,True
supported,2,2.45,dynamic,1600066510,1600066510,430.21187833182023,4,2.0,True
supported,2,2.45,dynamic,3800001611,3800001611,224.91093444824176,0,0.0,True
supported,2,2.45,dynamic,3800000110,3800000110,128.16301201641562,4,0.36,True
supported,2,2.45,myopic,1600066610,1600066610,319.8865966796869,0,0.0,True
supported,2,2.45,myopic,1600066590,1600066590,270.52459716796875,0,0.0,True
supported,2,2.45,myopic,3800000120,3800000120,404.0057897078197,4,2.2,True
supported,2,2.45,myopic,3800001520,3800001520,221.67314147949202,0,0.0,True
supported,2,2.45,myopic,3800000127,3800000127,201.26709015989294,4,2.0,True
supported,2,2.45,myopic,1600066510,1600066510,427.1295140218733,4,2.0,True
supported,2,2.45,myopic,3800001611,3800001611,208.24034517526627,4,1.6,True
supported,2,2.45,myopic,3800000110,3800000110,128.16301201641562,4,0.36,True
supported,2,2.5,dynamic,1600066610,1600066610,319.8865966796869,0,0.0,True
supported,2,2.5,dynamic,1600066590,1600066590,270.52459716796875,0,0.0,True
supported,2,2.5,dynamic,3800000120,3800000120,418.80170338312786,4,2.2,True
supported,2,2.5,dynamic,3800001520,3800001520,221.67314147949202,0,0.0,True
supported,2,2.5,dynamic,3800000127,3800000127,208.49182942867267,4,2.0,True
supported,2,2.5,dynamic,1600066510,1600066510,444.3501671409607,4,2.0,True
supported,2,2.5,dynamic,3800001611,3800001611,226.8530733394623,1,0.4,True
supported,2,2.5,dynamic,3800000110,3800000110,129.1806195795536,4,0.36,True
supported,2,2.5,myopic,1600066610,1600066610,319.8865966796869,0,0.0,True
supported,2,2.5,myopic,1600066590,1600066590,270.52459716796875,0,0.0,True
supported,2,2.5,myopic,3800000120,3800000120,418.80170338312786,4,2.2,True
supported,2,2.5,myopic,3800001520,3800001520,221.67314147949202,0,0.0,True
supported,2,2.5,myopic,3800000127,3800000127,208.49182942867267,4,2.0,True
supported,2,2.5,myopic,1600066510,1600066510,441.3333292166391,4,2.0,True
supported,2,2.5,myopic,3800001611,3800001611,213.6285456943512,4,1.6,True
supported,2,2.5,myopic,3800000110,3800000110,129.1806195795536,4,0.36,True
supported,2,2.55,dynamic,1600066610,1600066610,319.8865966796869,0,0.0,True
supported,2,2.55,dynamic,1600066590,1600066590,270.52459716796875,0,0.0,True
supported,2,2.55,dynamic,3800000120,3800000120,433.597617058436,4,2.2,True
supported,2,2.55,dynamic,3800001520,3800001520,221.67314147949202,0,0.0,True
supported,2,2.55,dynamic,3800000127,3800000127,215.7165686974524,4,2.0,True
supported,2,2.55,dynamic,1600066510,1600066510,458.5446415793101,4,2.0,True
supported,2,2.55,dynamic,3800001611,3800001611,228.20778947544096,1,0.4,True
supported,2,2.55,dynamic,3800000110,3800000110,130.19822714269162,4,0.36,True
supported,2,2.55,myopic,1600066610,1600066610,319.8865966796869,0,0.0,True
supported,2,2.55,myopic,1600066590,1600066590,266.8732441857655,4,2.0,True
supported,2,2.55,myopic,3800000120,3800000120,433.597617058436,4,2.2,True
supported,2,2.55,myopic,3800001520,3800001520,221.67314147949202,0,0.0,True
supported,2,2.55,myopic,3800000127,3800000127,215.7165686974524,4,2.0,True
supported,2,2.55,myopic,1600066510,1600066510,455.5371444114047,4,2.0,True
supported,2,2.55,myopic,3800001611,3800001611,219.01674621343608,4,1.6,True
supported,2,2.55,myopic,3800000110,3800000110,130.19822714269162,4,0.36,True
supported,2,2.6,dynamic,1600066610,1600066610,319.8865966796869,0,0.0,True
supported,2,2.6,dynamic,1600066590,1600066590,277.30246104303995,4,2.0,True
supported,2,2.6,dynamic,3800000120,3800000120,448.3935307337444,4,2.2,True
supported,2,2.6,dynamic,3800001520,3800001520,221.67314147949202,0,0.0,True
supported,2,2.6,dynamic,3800000127,3800000127,222.9413079662322,4,2.0,True
supported,2,2.6,dynamic,1600066510,1600066510,469.74095960617046,4,2.0,True
supported,2,2.6,dynamic,3800001611,3800001611,229.56250561141968,1,0.4,True
supported,2,2.6,dynamic,3800000110,3800000110,131.21583470582962,4,0.36,True
supported,2,2.6,myopic,1600066610,1600066610,319.8865966796869,0,0.0,True
supported,2,2.6,myopic,1600066590,1600066590,277.30246104303995,4,2.0,True
supported,2,2.6,myopic,3800000120,3800000120,448.3935307337444,4,2.2,True
supported,2,2.6,myopic,3800001520,3800001520,221.67314147949202,0,0.0,True
supported,2,2.6,myopic,3800000127,3800000127,222.9413079662322,4,2.0,True
supported,2,2.6,myopic,1600066510,1600066510,469.74095960617046,4,2.0,True
supported,2,2.6,myopic,3800001611,3800001611,224.40494673252107,4,1.6,True
supported,2,2.6,myopic,3800000110,3800000110,131.21583470582962,4,0.36,True
supported,2,2.65,dynamic,1600066610,1600066610,320.06863305568686,1,0.5,True
supported,2,2.65,dynamic,1600066590,1600066590,287.7316779003142,4,2.0,True
supported,2,2.65,dynamic,3800000120,3800000120,463.18944440905256,4,2.2,True
supported,2,2.65,dynamic,3800001520,3800001520,221.67314147949202,0,0.0,True
supported,2,2.65,dynamic,3800000127,3800000127,230.16604723501192,4,2.0,True
supported,2,2.65,dynamic,1600066510,1600066510,483.9447748009362,4,2.0,True
supported,2,2.65,dynamic,3800001611,3800001611,230.91722174739837,1,0.4,True
supported,2,2.65,dynamic,3800000110,3800000110,132.23344226896762,4,0.36,True
supported,2,2.65,myopic,1600066610,1600066610,319.8865966796869,0,0.0,True
supported,2,2.65,myopic,1600066590,1600066590,285.74445296033224,4,2.0,True
supported,2,2.65,myopic,3800000120,3800000120,463.18944440905256,4,2.2,True
supported,2,2.65,myopic,3800001520,3800001520,221.67314147949202,0,0.0,True
supported,2,2.65,myopic,3800000127,3800000127,230.16604723501192,4,2.0,True
supported,2,2.65,myopic,1600066510,1600066510,483.9447748009362,4,2.0,True
supported,2,2.65,myopic,3800001611,3800001611,229.79314725160594,4,1.6,True
supported,2,2.65,myopic,3800000110,3800000110,132.57884417549766,4,0.36,True
supported,2,2.7,dynamic,1600066610,1600066610,328.03674193064387,3,1.5,True
supported,2,2.7,dynamic,1600066590,1600066590,298.16089475758866,4,2.0,True
supported,2,2.7,dynamic,3800000120,3800000120,477.9853580843608,4,2.2,True
supported,2,2.7,dynamic,3800001520,3800001520,221.67314147949202,0,0.0,True
supported,2,2.7,dynamic,3800000127,3800000127,237.3907865037917,4,2.0,True
supported,2,2.7,dynamic,1600066510,1600066510,498.14858999570197,4,2.0,True
supported,2,2.7,dynamic,3800001611,3800001611,232.27193788337706,1,0.4,True
supported,2,2.7,dynamic,3800000110,3800000110,133.25104983210565,4,0.36,True
supported,2,2.7,myopic,1600066610,1600066610,319.8865966796869,0,0.0,True
supported,2,2.7,myopic,1600066590,1600066590,296.22607792409264,4,2.0,True
supported,2,2.7,myopic,3800000120,3800000120,477.9853580843608,4,2.2,True
supported,2,2.7,myopic,3800001520,3800001520,221.67314147949202,0,0.0,True
supported,2,2.7,myopic,3800000127,3800000127,237.3907865037917,4,2.0,True
supported,2,2.7,myopic,1600066510,1600066510,498.14858999570197,4,2.0,True
supported,2,2.7,myopic,3800001611,3800001611,235.18134777069093,4,1.6,True
supported,2,2.7,myopic,3800000110,3800000110,133.59136370627084,4,0.36,True
supported,2,2.75,dynamic,1600066610,1600066610,336.21319485425965,3,1.5,True
supported,2,2.75,dynamic,1600066590,1600066590,308.590111614863,4,2.0,True
supported,2,2.75,dynamic,3800000120,3800000120,492.781271759669,4,2.2,True
supported,2,2.75,dynamic,3800001520,3800001520,221.67314147949202,0,0.0,True
supported,2,2.75,dynamic,3800000127,3800000127,244.61552577257143,4,2.0,True
supported,2,2.75,dynamic,1600066510,1600066510,512.3524051904676,4,2.0,True
supported,2,2.75,dynamic,3800001611,3800001611,233.62665401935578,1,0.4,True
supported,2,2.75,dynamic,3800000110,3800000110,134.26865739524365,4,0.36,True
supported,2,2.75,myopic,1600066610,1600066610,344.061493139267,4,2.0,True
supported,2,2.75,myopic,1600066590,1600066590,306.7077028878529,4,2.0,True
supported,2,2.75,myopic,3800000120,3800000120,492.781271759669,4,2.2,True
supported,2,2.75,myopic,3800001520,3800001520,221.67314147949202,0,0.0,True
supported,2,2.75,myopic,3800000127,3800000127,244.61552577257143,4,2.0,True
supported,2,2.75,myopic,1600066510,1600066510,512.3524051904676,4,2.0,True
supported,2,2.75,myopic,3800001611,3800001611,240.5695482897758,4,1.6,True
supported,2,2.75,myopic,3800000110,3800000110,109.29181671142571,0,0.0,True
supported,2,2.8,dynamic,1600066610,1600066610,353.26320081075016,4,2.0,True
supported,2,2.8,dynamic,1600066590,1600066590,319.0193284721374,4,2.0,True
supported,2,2.8,dynamic,3800000120,3800000120,507.57718543497725,4,2.2,True
supported,2,2.8,dynamic,3800001520,3800001520,221.67314147949202,0,0.0,True
supported,2,2.8,dynamic,3800000127,3800000127,251.84026504135116,4,2.0,True
supported,2,2.8,dynamic,1600066510,1600066510,526.5562203852334,4,2.0,True
supported,2,2.8,dynamic,3800001611,3800001611,234.98137015533447,1,0.4,True
supported,2,2.8,dynamic,3800000110,3800000110,128.6928167359034,3,0.27,True
supported,2,2.8,myopic,1600066610,1600066610,354.8696123364766,4,2.0,True
supported,2,2.8,myopic,1600066590,1600066590,317.1893278516133,4,2.0,True
supported,2,2.8,myopic,3800000120,3800000120,507.57718543497725,4,2.2,True
supported,2,2.8,myopic,3800001520,3800001520,221.67314147949202,0,0.0,True
supported,2,2.8,myopic,3800000127,3800000127,251.84026504135116,4,2.0,True
supported,2,2.8,myopic,1600066510,1600066510,526.5562203852334,4,2.0,True
supported,2,2.8,myopic,3800001611,3800001611,245.95774880886074,4,1.6,True
supported,2,2.8,myopic,3800000110,3800000110,109.29181671142571,0,0.0,True
supported,2,2.85,dynamic,1600066610,1600066610,364.12563217163074,4,2.0,True
supported,2,2.85,dynamic,1600066590,1600066590,329.44854532941173,4,2.0,True
supported,2,2.85,dynamic,3800000120,3800000120,522.3730991102855,4,2.2,True
supported,2,2.85,dynamic,3800001520,3800001520,221.67314147949202,0,0.0,True
supported,2,2.85,dynamic,3800000127,3800000127,259.0650043101309,4,2.0,True
supported,2,2.85,dynamic,1600066510,1600066510,540.7600355799991,4,2.0,True
supported,2,2.85,dynamic,3800001611,3800001611,236.33608629131317,1,0.4,True
supported,2,2.85,dynamic,3800000110,3800000110,129.45957913378874,3,0.27,True
supported,2,2.85,myopic,1600066610,1600066610,365.67773153368637,4,2.0,True
supported,2,2.85,myopic,1600066590,1600066590,327.6709528153737,4,2.0,True
supported,2,2.85,myopic,3800000120,3800000120,522.3730991102855,4,2.2,True
supported,2,2.85,myopic,3800001520,3800001520,221.67314147949202,0,0.0,True
supported,2,2.85,myopic,3800000127,3800000127,259.0650043101309,4,2.0,True
supported,2,2.85,myopic,1600066510,1600066510,540.7600355799991,4,2.0,True
supported,2,2.85,myopic,3800001611,3800001611,251.34594932794568,4,1.6,True
supported,2,2.85,myopic,3800000110,3800000110,109.29181671142571,0,0.0,True
supported,2,2.9,dynamic,1600066610,1600066610,374.9880635325113,4,2.0,True
supported,2,2.9,dynamic,1600066590,1600066590,339.8777621866861,4,2.0,True
supported,2,2.9,dynamic,3800000120,3800000120,537.1690127855936,4,2.2,True
supported,2,2.9,dynamic,3800001520,3800001520,221.67314147949202,0,0.0,True
supported,2,2.9,dynamic,3800000127,3800000127,266.2897435789107,4,2.0,True
supported,2,2.9,dynamic,1600066510,1600066510,554.9638507747648,4,2.0,True
supported,2,2.9,dynamic,3800001611,3800001611,237.69080242729189,1,0.4,True
supported,2,2.9,dynamic,3800000110,3800000110,130.22634153167405,3,0.27,True
supported,2,2.9,myopic,1600066610,1600066610,376.485850730896,4,2.0,True
supported,2,2.9,myopic,1600066590,1600066590,338.1525777791341,4,2.0,True
supported,2,2.9,myopic,3800000120,3800000120,537.1690127855936,4,2.2,True
supported,2,2.9,myopic,3800001520,3800001520,221.67314147949202,0,0.0,True
supported,2,2.9,myopic,3800000127,3800000127,266.2897435789107,4,2.0,True
supported,2,2.9,myopic,1600066510,1600066510,554.9638507747648,4,2.0,True
supported,2,2.9,myopic,3800001611,3800001611,256.7341498470306,4,1.6,True
supported,2,2.9,myopic,3800000110,3800000110,109.29181671142571,0,0.0,True
supported,2,2.95,dynamic,1600066610,1600066610,385.8504948933919,4,2.0,True
supported,2,2.95,dynamic,1600066590,1600066590,350.30697904396055,4,2.0,True
supported,2,2.95,dynamic,3800000120,3800000120,551.964926460902,4,2.2,True
supported,2,2.95,dynamic,3800001520,3800001520,221.67314147949202,0,0.0,True
supported,2,2.95,dynamic,3800000127,3800000127,273.5144828476905,4,2.0,True
supported,2,2.95,dynamic,1600066510,1600066510,569.1676659695306,4,2.0,True
supported,2,2.95,dynamic,3800001611,3800001611,254.93011539122088,3,1.2000000000000002,True
supported,2,2.95,dynamic,3800000110,3800000110,116.56554572395484,1,0.09,True
supported,2,2.95,myopic,1600066610,1600066610,387.29396992810575,4,2.0,True
supported,2,2.95,myopic,1600066590,1600066590,348.6342027428945,4,2.0,True
supported,2,2.95,myopic,3800000120,3800000120,551.964926460902,4,2.2,True
supported,2,2.95,myopic,3800001520,3800001520,221.67314147949202,0,0.0,True
supported,2,2.95,myopic,3800000127,3800000127,273.5144828476905,4,2.0,True
supported,2,2.95,myopic,1600066510,1600066510,569.1676659695306,4,2.0,True
supported,2,2.95,myopic,3800001611,3800001611,262.12235036611554,4,1.6,True
supported,2,2.95,myopic,3800000110,3800000110,109.29181671142571,0,0.0,True
supported,2,3.0,dynamic,1600066610,1600066610,396.71292625427236,4,2.0,True
supported,2,3.0,dynamic,1600066590,1600066590,360.7361959012349,4,2.0,True
supported,2,3.0,dynamic,3800000120,3800000120,566.7608401362102,4,2.2,True
supported,2,3.0,dynamic,3800001520,3800001520,221.67314147949202,0,0.0,True
supported,2,3.0,dynamic,3800000127,3800000127,280.7392221164703,4,2.0,True
supported,2,3.0,dynamic,1600066510,1600066510,583.3714811642963,4,2.0,True
supported,2,3.0,dynamic,3800001611,3800001611,267.5105508852005,4,1.6,True
supported,2,3.0,dynamic,3800000110,3800000110,109.29181671142571,0,0.0,True
supported,2,3.0,myopic,1600066610,1600066610,398.1020891253154,4,2.0,True
supported,2,3.0,myopic,1600066590,1600066590,359.1158277066549,4,2.0,True
supported,2,3.0,myopic,3800000120,3800000120,566.7608401362102,4,2.2,True
supported,2,3.0,myopic,3800001520,3800001520,221.67314147949202,0,0.0,True
supported,2,3.0,myopic,3800000127,3800000127,280.7392221164703,4,2.0,True
supported,2,3.0,myopic,1600066510,1600066510,583.3714811642963,4,2.0,True
supported,2,3.0,myopic,3800001611,3800001611,267.5105508852005,4,1.6,True
supported,2,3.0,myopic,3800000110,3800000110,109.29181671142571,0,0.0,True
supported,2,3.05,dynamic,1600066610,1600066610,407.5753576151528,4,2.0,True
supported,2,3.05,dynamic,1600066590,1600066590,371.16541275850926,4,2.0,True
supported,2,3.05,dynamic,3800000120,3800000120,581.5567538115183,4,2.2,True
supported,2,3.05,dynamic,3800001520,3800001520,221.67314147949202,0,0.0,True
supported,2,3.05,dynamic,3800000127,3800000127,287.96396138524995,4,2.0,True
supported,2,3.05,dynamic,1600066510,1600066510,597.5752963590619,4,2.0,True
supported,2,3.05,dynamic,3800001611,3800001611,272.8987514042854,4,1.6,True
supported,2,3.05,dynamic,3800000110,3800000110,109.29181671142571,0,0.0,True
supported,2,3.05,myopic,1600066610,1600066610,408.910208322525,4,2.0,True
supported,2,3.05,myopic,1600066590,1600066590,369.5974526704152,4,2.0,True
supported,2,3.05,myopic,3800000120,3800000120,581.5567538115183,4,2.2,True
supported,2,3.05,myopic,3800001520,3800001520,221.67314147949202,0,0.0,True
supported,2,3.05,myopic,3800000127,3800000127,287.96396138524995,4,2.0,True
supported,2,3.05,myopic,1600066510,1600066510,597.5752963590619,4,2.0,True
supported,2,3.05,myopic,3800001611,3800001611,272.8987514042854,4,1.6,True
supported,2,3.05,myopic,3800000110,3800000110,109.29181671142571,0,0.0,True
supported,2,3.1,dynamic,1600066610,1600066610,418.4377889760334,4,2.0,True
supported,2,3.1,dynamic,1600066590,1600066590,381.5946296157836,4,2.0,True
supported,2,3.1,dynamic,3800000120,3800000120,596.3526674868267,4,2.2,True
supported,2,3.1,dynamic,3800001520,3800001520,221.67314147949202,0,0.0,True
supported,2,3.1,dynamic,3800000127,3800000127,295.18870065402973,4,2.0,True
supported,2,3.1,dynamic,1600066510,1600066510,611.7791115538278,4,2.0,True
supported,2,3.1,dynamic,3800001611,3800001611,278.28695192337034,4,1.6,True
supported,2,3.1,dynamic,3800000110,3800000110,109.29181671142571,0,0.0,True
supported,2,3.1,myopic,1600066610,1600066610,419.71832751973477,4,2.0,True
supported,2,3.1,myopic,1600066590,1600066590,380.0790776341756,4,2.0,True
supported,2,3.1,myopic,3800000120,3800000120,596.3526674868267,4,2.2,True
supported,2,3.1,myopic,3800001520,3800001520,221.67314147949202,0,0.0,True
supported,2,3.1,myopic,3800000127,3800000127,295.18870065402973,4,2.0,True
supported,2,3.1,myopic,1600066510,1600066510,611.7791115538278,4,2.0,True
supported,2,3.1,myopic,3800001611,3800001611,278.28695192337034,4,1.6,True
supported,2,3.1,myopic,3800000110,3800000110,109.29181671142571,0,0.0,True
supported,2,3.15,dynamic,1600066610,1600066610,429.300220336914,4,2.0,True
supported,2,3.15,dynamic,1600066590,1600066590,392.023846473058,4,2.0,True
supported,2,3.15,dynamic,3800000120,3800000120,611.1485811621349,4,2.2,True
supported,2,3.15,dynamic,3800001520,3800001520,235.146934378624,1,0.49,True
supported,2,3.15,dynamic,3800000127,3800000127,302.4134399228095,4,2.0,True
supported,2,3.15,dynamic,1600066510,1600066510,625.9829267485934,4,2.0,True
supported,2,3.15,dynamic,3800001611,3800001611,270.97067171820754,3,1.2000000000000002,True
supported,2,3.15,dynamic,3800000110,3800000110,109.29181671142571,0,0.0,True
supported,2,3.15,myopic,1600066610,1600066610,430.5264467169444,4,2.0,True
supported,2,3.15,myopic,1600066590,1600066590,390.560702597936,4,2.0,True
supported,2,3.15,myopic,3800000120,3800000120,611.1485811621349,4,2.2,True
supported,2,3.15,myopic,3800001520,3800001520,221.67314147949202,0,0.0,True
supported,2,3.15,myopic,3800000127,3800000127,302.4134399228095,4,2.0,True
supported,2,3.15,myopic,1600066510,1600066510,625.9829267485934,4,2.0,True
supported,2,3.15,myopic,3800001611,3800001611,283.67515244245527,4,1.6,True
supported,2,3.15,myopic,3800000110,3800000110,109.29181671142571,0,0.0,True
supported,2,3.2,dynamic,1600066610,1600066610,440.16265169779456,4,2.0,True
supported,2,3.2,dynamic,1600066590,1600066590,402.45306333033244,4,2.0,True
supported,2,3.2,dynamic,3800000120,3800000120,625.944494837443,4,2.2,True
supported,2,3.2,dynamic,3800001520,3800001520,252.60147706063594,2,0.98,True
supported,2,3.2,dynamic,3800000127,3800000127,309.6381791915893,4,2.0,True
supported,2,3.2,dynamic,1600066510,1600066510,640.1867419433592,4,2.0,True
supported,2,3.2,dynamic,3800001611,3800001611,260.83623481686914,2,0.8,True
supported,2,3.2,dynamic,3800000110,3800000110,109.29181671142571,0,0.0,True
supported,2,3.2,myopic,1600066610,1600066610,441.33456591415415,4,2.0,True
supported,2,3.2,myopic,1600066590,1600066590,401.04232756169637,4,2.0,True
supported,2,3.2,myopic,3800000120,3800000120,625.944494837443,4,2.2,True
supported,2,3.2,myopic,3800001520,3800001520,221.67314147949202,0,0.0,True
supported,2,3.2,myopic,3800000127,3800000127,309.6381791915893,4,2.0,True
supported,2,3.2,myopic,1600066510,1600066510,640.1867419433592,4,2.0,True
supported,2,3.2,myopic,3800001611,3800001611,289.0633529615402,4,1.6,True
supported,2,3.2,myopic,3800000110,3800000110,109.29181671142571,0,0.0,True
supported,3,1.2,dynamic,1600066610,1600066610,319.8865966796869,0,0.0,True
supported,3,1.2,dynamic,1600066590,1600066590,270.52459716796875,0,0.0,True
supported,3,1.2,dynamic,3800000120,3800000120,168.6797027587895,0,0.0,True
supported,3,1.2,dynamic,3800001520,3800001520,221.67314147949202,0,0.0,True
supported,3,1.2,dynamic,3800000127,3800000127,162.18809509277338,0,0.0,True
supported,3,1.2,dynamic,1600066510,1600066510,269.8931274414066,0,0.0,True
supported,3,1.2,dynamic,3800001611,3800001611,224.91093444824176,0,0.0,True
supported,3,1.2,dynamic,3800000110,3800000110,109.29181671142571,0,0.0,True
supported,3,1.2,myopic,1600066610,1600066610,319.8865966796869,0,0.0,True
supported,3,1.2,myopic,1600066590,1600066590,270.52459716796875,0,0.0,True
supported,3,1.2,myopic,3800000120,3800000120,168.6797027587895,0,0.0,True
supported,3,1.2,myopic,3800001520,3800001520,221.67314147949202,0,0.0,True
supported,3,1.2,myopic,3800000127,3800000127,162.18809509277338,0,0.0,True
supported,3,1.2,myopic,1600066510,1600066510,269.8931274414066,0,0.0,True
supported,3,1.2,myopic,3800001611,3800001611,224.91093444824176,0,0.0,True
supported,3,1.2,myopic,3800000110,3800000110,109.29181671142571,0,0.0,True
supported,3,1.25,dynamic,1600066610,1600066610,319.8865966796869,0,0.0,True
supported,3,1.25,dynamic,1600066590,1600066590,270.52459716796875,0,0.0,True
supported,3,1.25,dynamic,3800000120,3800000120,168.6797027587895,0,0.0,True
supported,3,1.25,dynamic,3800001520,3800001520,221.67314147949202,0,0.0,True
supported,3,1.25,dynamic,3800000127,3800000127,162.18809509277338,0,0.0,True
supported,3,1.25,dynamic,1600066510,1600066510,269.8931274414066,0,0.0,True
supported,3,1.25,dynamic,3800001611,3800001611,224.91093444824176,0,0.0,True
supported,3,1.25,dynamic,3800000110,3800000110,109.29181671142571,0,0.0,True
supported,3,1.25,myopic,1600066610,1600066610,319.8865966796869,0,0.0,True
supported,3,1.25,myopic,1600066590,1600066590,270.52459716796875,0,0.0,True
supported,3,1.25,myopic,3800000120,3800000120,168.6797027587895,0,0.0,True
supported,3,1.25,myopic,3800001520,3800001520,221.67314147949202,0,0.0,True
supported,3,1.25,myopic,3800000127,3800000127,162.18809509277338,0,0.0,True
supported,3,1.25,myopic,1600066510,1600066510,269.8931274414066,0,0.0,True
supported,3,1.25,myopic,3800001611,3800001611,224.91093444824176,0,0.0,True
supported,3,1.25,myopic,3800000110,3800000110,109.29181671142571,0,0.0,True
supported,3,1.3,dynamic,1600066610,1600066610,319.8865966796869,0,0.0,True
supported,3,1.3,dynamic,1600066590,1600066590,270.52459716796875,0,0.0,True
supported,3,1.3,dynamic,3800000120,3800000120,168.6797027587895,0,0.0,True
supported,3,1.3,dynamic,3800001520,3800001520,221.67314147949202,0,0.0,True
supported,3,1.3,dynamic,3800000127,3800000127,162.18809509277338,0,0.0,True
supported,3,1.3,dynamic,1600066510,1600066510,269.8931274414066,0,0.0,True
supported,3,1.3,dynamic,3800001611,3800001611,224.91093444824176,0,0.0,True
supported,3,1.3,dynamic,3800000110,3800000110,109.29181671142571,0,0.0,True
supported,3,1.3,myopic,1600066610,1600066610,319.8865966796869,0,0.0,True
supported,3,1.3,myopic,1600066590,1600066590,270.52459716796875,0,0.0,True
supported,3,1.3,myopic,3800000120,3800000120,168.6797027587895,0,0.0,True
supported,3,1.3,myopic,3800001520,3800001520,221.67314147949202,0,0.0,True
supported,3,1.3,myopic,3800000127,3800000127,162.18809509277338,0,0.0,True
supported,3,1.3,myopic,1600066510,1600066510,269.8931274414066,0,0.0,True
supported,3,1.3,myopic,3800001611,3800001611,224.91093444824176,0,0.0,True
supported,3,1.3,myopic,3800000110,3800000110,109.29181671142571,0,0.0,True
supported,3,1.35,dynamic,1600066610,1600066610,319.8865966796869,0,0.0,True
supported,3,1.35,dynamic,1600066590,1600066590,270.52459716796875,0,0.0,True
supported,3,1.35,dynamic,3800000120,3800000120,168.6797027587895,0,0.0,True
supported,3,1.35,dynamic,3800001520,3800001520,221.67314147949202,0,0.0,True
supported,3,1.35,dynamic,3800000127,3800000127,162.18809509277338,0,0.0,True
supported,3,1.35,dynamic,1600066510,1600066510,269.8931274414066,0,0.0,True
supported,3,1.35,dynamic,3800001611,3800001611,224.91093444824176,0,0.0,True
supported,3,1.35,dynamic,3800000110,3800000110,109.29181671142571,0,0.0,True
supported,3,1.35,myopic,1600066610,1600066610,319.8865966796869,0,0.0,True
supported,3,1.35,myopic,1600066590,1600066590,270.52459716796875,0,0.0,True
supported,3,1.35,myopic,3800000120,3800000120,168.6797027587895,0,0.0,True
supported,3,1.35,myopic,3800001520,3800001520,221.67314147949202,0,0.0,True
supported,3,1.35,myopic,3800000127,3800000127,162.18809509277338,0,0.0,True
supported,3,1.35,myopic,1600066510,1600066510,269.8931274414066,0,0.0,True
supported,3,1.35,myopic,3800001611,3800001611,224.91093444824176,0,0.0,True
supported,3,1.35,myopic,3800000110,3800000110,109.29181671142571,0,0.0,True
supported,3,1.4,dynamic,1600066610,1600066610,319.8865966796869,0,0.0,True
supported,3,1.4,dynamic,1600066590,1600066590,270.52459716796875,0,0.0,True
supported,3,1.4,dynamic,3800000120,3800000120,168.6797027587895,0,0.0,True
supported,3,1.4,dynamic,3800001520,3800001520,221.67314147949202,0,0.0,True
supported,3,1.4,dynamic,3800000127,3800000127,162.18809509277338,0,0.0,True
supported,3,1.4,dynamic,1600066510,1600066510,269.8931274414066,0,0.0,True
supported,3,1.4,dynamic,3800001611,3800001611,224.91093444824176,0,0.0,True
supported,3,1.4,dynamic,3800000110,3800000110,109.33533321189881,1,0.09,True
supported,3,1.4,myopic,1600066610,1600066610,319.8865966796869,0,0.0,True
supported,3,1.4,myopic,1600066590,1600066590,270.52459716796875,0,0.0,True
supported,3,1.4,myopic,3800000120,3800000120,168.6797027587895,0,0.0,True
supported,3,1.4,myopic,3800001520,3800001520,221.67314147949202,0,0.0,True
supported,3,1.4,myopic,3800000127,3800000127,162.18809509277338,0,0.0,True
supported,3,1.4,myopic,1600066510,1600066510,269.8931274414066,0,0.0,True
supported,3,1.4,myopic,3800001611,3800001611,224.91093444824176,0,0.0,True
supported,3,1.4,myopic,3800000110,3800000110,106.535130270799,4,0.36,True
supported,3,1.45,dynamic,1600066610,1600066610,319.8865966796869,0,0.0,True
supported,3,1.45,dynamic,1600066590,1600066590,270.52459716796875,0,0.0,True
supported,3,1.45,dynamic,3800000120,3800000120,168.6797027587895,0,0.0,True
supported,3,1.45,dynamic,3800001520,3800001520,221.67314147949202,0,0.0,True
supported,3,1.45,dynamic,3800000127,3800000127,162.18809509277338,0,0.0,True
supported,3,1.45,dynamic,1600066510,1600066510,269.8931274414066,0,0.0,True
supported,3,1.45,dynamic,3800001611,3800001611,224.91093444824176,0,0.0,True
supported,3,1.45,dynamic,3800000110,3800000110,109.58536947870255,1,0.09,True
supported,3,1.45,myopic,1600066610,1600066610,319.8865966796869,0,0.0,True
supported,3,1.45,myopic,1600066590,1600066590,270.52459716796875,0,0.0,True
supported,3,1.45,myopic,3800000120,3800000120,168.6797027587895,0,0.0,True
supported,3,1.45,myopic,3800001520,3800001520,221.67314147949202,0,0.0,True
supported,3,1.45,myopic,3800000127,3800000127,162.18809509277338,0,0.0,True
supported,3,1.45,myopic,1600066510,1600066510,269.8931274414066,0,0.0,True
supported,3,1.45,myopic,3800001611,3800001611,224.91093444824176,0,0.0,True
supported,3,1.45,myopic,3800000110,3800000110,107.55785144531727,4,0.36,True
supported,3,1.5,dynamic,1600066610,1600066610,319.8865966796869,0,0.0,True
supported,3,1.5,dynamic,1600066590,1600066590,270.52459716796875,0,0.0,True
supported,3,1.5,dynamic,3800000120,3800000120,168.6797027587895,0,0.0,True
supported,3,1.5,dynamic,3800001520,3800001520,221.67314147949202,0,0.0,True
supported,3,1.5,dynamic,3800000127,3800000127,162.18809509277338,0,0.0,True
supported,3,1.5,dynamic,1600066510,1600066510,269.8931274414066,0,0.0,True
supported,3,1.5,dynamic,3800001611,3800001611,224.91093444824176,0,0.0,True
supported,3,1.5,dynamic,3800000110,3800000110,109.83540574550629,1,0.09,True
supported,3,1.5,myopic,1600066610,1600066610,319.8865966796869,0,0.0,True
supported,3,1.5,myopic,1600066590,1600066590,270.52459716796875,0,0.0,True
supported,3,1.5,myopic,3800000120,3800000120,168.6797027587895,0,0.0,True
supported,3,1.5,myopic,3800001520,3800001520,221.67314147949202,0,0.0,True
supported,3,1.5,myopic,3800000127,3800000127,162.18809509277338,0,0.0,True
supported,3,1.5,myopic,1600066510,1600066510,269.8931274414066,0,0.0,True
supported,3,1.5,myopic,3800001611,3800001611,224.91093444824176,0,0.0,True
supported,3,1.5,myopic,3800000110,3800000110,108.58057261983555,4,0.36,True
supported,3,1.55,dynamic,1600066610,1600066610,319.8865966796869,0,0.0,True
supported,3,1.55,dynamic,1600066590,1600066590,270.52459716796875,0,0.0,True
supported,3,1.55,dynamic,3800000120,3800000120,168.6797027587895,0,0.0,True
supported,3,1.55,dynamic,3800001520,3800001520,221.67314147949202,0,0.0,True
supported,3,1.55,dynamic,3800000127,3800000127,162.18809509277338,0,0.0,True
supported,3,1.55,dynamic,1600066510,1600066510,269.8931274414066,0,0.0,True
supported,3,1.55,dynamic,3800001611,3800001611,224.91093444824176,0,0.0,True
supported,3,1.55,dynamic,3800000110,3800000110,110.33347885948419,3,0.27,True
supported,3,1.55,myopic,1600066610,1600066610,319.8865966796869,0,0.0,True
supported,3,1.55,myopic,1600066590,1600066590,270.52459716796875,0,0.0,True
supported,3,1.55,myopic,3800000120,3800000120,168.6797027587895,0,0.0,True
supported,3,1.55,myopic,3800001520,3800001520,221.67314147949202,0,0.0,True
supported,3,1.55,myopic,3800000127,3800000127,162.18809509277338,0,0.0,True
supported,3,1.55,myopic,1600066510,1600066510,269.8931274414066,0,0.0,True
supported,3,1.55,myopic,3800001611,3800001611,224.91093444824176,0,0.0,True
supported,3,1.55,myopic,3800000110,3800000110,109.60329379435382,4,0.36,True
supported,3,1.6,dynamic,1600066610,1600066610,319.8865966796869,0,0.0,True
supported,3,1.6,dynamic,1600066590,1600066590,270.52459716796875,0,0.0,True
supported,3,1.6,dynamic,3800000120,3800000120,168.6797027587895,0,0.0,True
supported,3,1.6,dynamic,3800001520,3800001520,221.67314147949202,0,0.0,True
supported,3,1.6,dynamic,3800000127,3800000127,162.18809509277338,0,0.0,True
supported,3,1.6,dynamic,1600066510,1600066510,269.8931274414066,0,0.0,True
supported,3,1.6,dynamic,3800001611,3800001611,224.91093444824176,0,0.0,True
supported,3,1.6,dynamic,3800000110,3800000110,111.31593402926126,4,0.36,True
supported,3,1.6,myopic,1600066610,1600066610,319.8865966796869,0,0.0,True
supported,3,1.6,myopic,1600066590,1600066590,270.52459716796875,0,0.0,True
supported,3,1.6,myopic,3800000120,3800000120,168.6797027587895,0,0.0,True
supported,3,1.6,myopic,3800001520,3800001520,221.67314147949202,0,0.0,True
supported,3,1.6,myopic,3800000127,3800000127,162.18809509277338,0,0.0,True
supported,3,1.6,myopic,1600066510,1600066510,269.8931274414066,0,0.0,True
supported,3,1.6,myopic,3800001611,3800001611,224.91093444824176,0,0.0,True
supported,3,1.6,myopic,3800000110,3800000110,110.62601496887208,4,0.36,True
supported,3,1.65,dynamic,1600066610,1600066610,319.8865966796869,0,0.0,True
supported,3,1.65,dynamic,1600066590,1600066590,270.52459716796875,0,0.0,True
supported,3,1.65,dynamic,3800000120,3800000120,169.79875046284988,4,1.45,True
supported,3,1.65,dynamic,3800001520,3800001520,221.67314147949202,0,0.0,True
supported,3,1.65,dynamic,3800000127,3800000127,162.18809509277338,0,0.0,True
supported,3,1.65,dynamic,1600066510,1600066510,269.8931274414066,0,0.0,True
supported,3,1.65,dynamic,3800001611,3800001611,224.91093444824176,0,0.0,True
supported,3,1.65,dynamic,3800000110,3800000110,112.32845356003442,4,0.36,True
supported,3,1.65,myopic,1600066610,1600066610,319.8865966796869,0,0.0,True
supported,3,1.65,myopic,1600066590,1600066590,270.52459716796875,0,0.0,True
supported,3,1.65,myopic,3800000120,3800000120,169.08789028326663,4,1.2,True
supported,3,1.65,myopic,3800001520,3800001520,221.67314147949202,0,0.0,True
supported,3,1.65,myopic,3800000127,3800000127,162.18809509277338,0,0.0,True
supported,3,1.65,myopic,1600066510,1600066510,269.8931274414066,0,0.0,True
supported,3,1.65,myopic,3800001611,3800001611,224.91093444824176,0,0.0,True
supported,3,1.65,myopic,3800000110,3800000110,111.64873614339035,4,0.36,True
supported,3,1.7,dynamic,1600066610,1600066610,319.8865966796869,0,0.0,True
supported,3,1.7,dynamic,1600066590,1600066590,270.52459716796875,0,0.0,True
supported,3,1.7,dynamic,3800000120,3800000120,183.0852953008016,4,2.2,True
supported,3,1.7,dynamic,3800001520,3800001520,221.67314147949202,0,0.0,True
supported,3,1.7,dynamic,3800000127,3800000127,162.18809509277338,0,0.0,True
supported,3,1.7,dynamic,1600066510,1600066510,269.8931274414066,0,0.0,True
supported,3,1.7,dynamic,3800001611,3800001611,224.91093444824176,0,0.0,True
supported,3,1.7,dynamic,3800000110,3800000110,113.34097309080758,4,0.36,True
supported,3,1.7,myopic,1600066610,1600066610,319.8865966796869,0,0.0,True
supported,3,1.7,myopic,1600066590,1600066590,270.52459716796875,0,0.0,True
supported,3,1.7,myopic,3800000120,3800000120,182.06708457819622,4,2.2,True
supported,3,1.7,myopic,3800001520,3800001520,221.67314147949202,0,0.0,True
supported,3,1.7,myopic,3800000127,3800000127,162.18809509277338,0,0.0,True
supported,3,1.7,myopic,1600066510,1600066510,269.8931274414066,0,0.0,True
supported,3,1.7,myopic,3800001611,3800001611,224.91093444824176,0,0.0,True
supported,3,1.7,myopic,3800000110,3800000110,112.67145731790862,4,0.36,True
supported,3,1.75,dynamic,1600066610,1600066610,319.8865966796869,0,0.0,True
supported,3,1.75,dynamic,1600066590,1600066590,270.52459716796875,0,0.0,True
supported,3,1.75,dynamic,3800000120,3800000120,197.82533966859165,4,2.2,True
supported,3,1.75,dynamic,3800001520,3800001520,221.67314147949202,0,0.0,True
supported,3,1.75,dynamic,3800000127,3800000127,162.18809509277338,0,0.0,True
supported,3,1.75,dynamic,1600066510,1600066510,269.8931274414066,0,0.0,True
supported,3,1.75,dynamic,3800001611,3800001611,224.91093444824176,0,0.0,True
supported,3,1.75,dynamic,3800000110,3800000110,114.35349262158074,4,0.36,True
supported,3,1.75,myopic,1600066610,1600066610,319.8865966796869,0,0.0,True
supported,3,1.75,myopic,1600066590,1600066590,270.52459716796875,0,0.0,True
supported,3,1.75,myopic,3800000120,3800000120,196.8629982535045,4,2.2,True
supported,3,1.75,myopic,3800001520,3800001520,221.67314147949202,0,0.0,True
supported,3,1.75,myopic,3800000127,3800000127,162.18809509277338,0,0.0,True
supported,3,1.75,myopic,1600066510,1600066510,269.8931274414066,0,0.0,True
supported,3,1.75,myopic,3800001611,3800001611,224.91093444824176,0,0.0,True
supported,3,1.75,myopic,3800000110,3800000110,113.69417849242689,4,0.36,True
supported,3,1.8,dynamic,1600066610,1600066610,319.8865966796869,0,0.0,True
supported,3,1.8,dynamic,1600066590,1600066590,270.52459716796875,0,0.0,True
supported,3,1.8,dynamic,3800000120,3800000120,212.58012723668406,4,2.2,True
supported,3,1.8,dynamic,3800001520,3800001520,221.67314147949202,0,0.0,True
supported,3,1.8,dynamic,3800000127,3800000127,162.18809509277338,0,0.0,True
supported,3,1.8,dynamic,1600066510,1600066510,269.8931274414066,0,0.0,True
supported,3,1.8,dynamic,3800001611,3800001611,224.91093444824176,0,0.0,True
supported,3,1.8,dynamic,3800000110,3800000110,115.3660121523539,4,0.36,True
supported,3,1.8,myopic,1600066610,1600066610,319.8865966796869,0,0.0,True
supported,3,1.8,myopic,1600066590,1600066590,270.52459716796875,0,0.0,True
supported,3,1.8,myopic,3800000120,3800000120,211.65891192881276,4,2.2,True
supported,3,1.8,myopic,3800001520,3800001520,221.67314147949202,0,0.0,True
supported,3,1.8,myopic,3800000127,3800000127,162.18809509277338,0,0.0,True
supported,3,1.8,myopic,1600066510,1600066510,269.8931274414066,0,0.0,True
supported,3,1.8,myopic,3800001611,3800001611,224.91093444824176,0,0.0,True
supported,3,1.8,myopic,3800000110,3800000110,114.71689966694515,4,0.36,True
supported,3,1.85,dynamic,1600066610,1600066610,319.8865966796869,0,0.0,True
supported,3,1.85,dynamic,1600066590,1600066590,270.52459716796875,0,0.0,True
supported,3,1.85,dynamic,3800000120,3800000120,227.35140939585364,4,2.2,True
supported,3,1.85,dynamic,3800001520,3800001520,221.67314147949202,0,0.0,True
supported,3,1.85,dynamic,3800000127,3800000127,162.18809509277338,0,0.0,True
supported,3,1.85,dynamic,1600066510,1600066510,270.28139605426793,1,0.5,True
supported,3,1.85,dynamic,3800001611,3800001611,224.91093444824176,0,0.0,True
supported,3,1.85,dynamic,3800000110,3800000110,116.37853168312708,4,0.36,True
supported,3,1.85,myopic,1600066610,1600066610,319.8865966796869,0,0.0,True
supported,3,1.85,myopic,1600066590,1600066590,270.52459716796875,0,0.0,True
supported,3,1.85,myopic,3800000120,3800000120,226.4548256041209,4,2.2,True
supported,3,1.85,myopic,3800001520,3800001520,221.67314147949202,0,0.0,True
supported,3,1.85,myopic,3800000127,3800000127,162.18809509277338,0,0.0,True
supported,3,1.85,myopic,1600066510,1600066510,263.7385925650597,4,1.0,False
supported,3,1.85,myopic,3800001611,3800001611,224.91093444824176,0,0.0,True
supported,3,1.85,myopic,3800000110,3800000110,115.73962084146342,4,0.36,True
supported,3,1.9,dynamic,1600066610,1600066610,319.8865966796869,0,0.0,True
supported,3,1.9,dynamic,1600066590,1600066590,270.52459716796875,0,0.0,True
supported,3,1.9,dynamic,3800000120,3800000120,242.12983481216423,4,2.2,True
supported,3,1.9,dynamic,3800001520,3800001520,221.67314147949202,0,0.0,True
supported,3,1.9,dynamic,3800000127,3800000127,162.18809509277338,0,0.0,True
supported,3,1.9,dynamic,1600066510,1600066510,274.4628589280446,3,1.5,True
supported,3,1.9,dynamic,3800001611,3800001611,224.91093444824176,0,0.0,True
supported,3,1.9,dynamic,3800000110,3800000110,117.39105121390023,4,0.36,True
supported,3,1.9,myopic,1600066610,1600066610,319.8865966796869,0,0.0,True
supported,3,1.9,myopic,1600066590,1600066590,270.52459716796875,0,0.0,True
supported,3,1.9,myopic,3800000120,3800000120,241.25073927942918,4,2.2,True
supported,3,1.9,myopic,3800001520,3800001520,221.67314147949202,0,0.0,True
supported,3,1.9,myopic,3800000127,3800000127,162.18809509277338,0,0.0,True
supported,3,1.9,myopic,1600066510,1600066510,270.88754687945027,4,2.0,True
supported,3,1.9,myopic,3800001611,3800001611,224.91093444824176,0,0.0,True
supported,3,1.9,myopic,3800000110,3800000110,116.76234201598169,4,0.36,True
supported,3,1.95,dynamic,1600066610,1600066610,319.8865966796869,0,0.0,True
supported,3,1.95,dynamic,1600066590,1600066590,270.52459716796875,0,0.0,True
supported,3,1.95,dynamic,3800000120,3800000120,256.90826022847494,4,2.2,True
supported,3,1.95,dynamic,3800001520,3800001520,221.67314147949202,0,0.0,True
supported,3,1.95,dynamic,3800000127,3800000127,162.18809509277338,0,0.0,True
supported,3,1.95,dynamic,1600066510,1600066510,288.3613966112136,4,2.0,True
supported,3,1.95,dynamic,3800001611,3800001611,224.91093444824176,0,0.0,True
supported,3,1.95,dynamic,3800000110,3800000110,118.4035707446734,4,0.36,True
supported,3,1.95,myopic,1600066610,1600066610,319.8865966796869,0,0.0,True
supported,3,1.95,myopic,1600066590,1600066590,270.52459716796875,0,0.0,True
supported,3,1.95,myopic,3800000120,3800000120,256.04665295473734,4,2.2,True
supported,3,1.95,myopic,3800001520,3800001520,221.67314147949202,0,0.0,True
supported,3,1.95,myopic,3800000127,3800000127,162.18809509277338,0,0.0,True
supported,3,1.95,myopic,1600066510,1600066510,285.091362074216,4,2.0,True
supported,3,1.95,myopic,3800001611,3800001611,224.91093444824176,0,0.0,True
supported,3,1.95,myopic,3800000110,3800000110,117.78506319049995,4,0.36,True
supported,3,2.0,dynamic,1600066610,1600066610,319.8865966796869,0,0.0,True
supported,3,2.0,dynamic,1600066590,1600066590,270.52459716796875,0,0.0,True
supported,3,2.0,dynamic,3800000120,3800000120,271.6935067558288,4,2.2,True
supported,3,2.0,dynamic,3800001520,3800001520,221.67314147949202,0,0.0,True
supported,3,2.0,dynamic,3800000127,3800000127,162.18809509277338,0,0.0,True
supported,3,2.0,dynamic,1600066510,1600066510,302.49577430725094,4,2.0,True
supported,3,2.0,dynamic,3800001611,3800001611,224.91093444824176,0,0.0,True
supported,3,2.0,dynamic,3800000110,3800000110,119.41682198683421,4,0.36,True
supported,3,2.0,myopic,1600066610,1600066610,319.8865966796869,0,0.0,True
supported,3,2.0,myopic,1600066590,1600066590,270.52459716796875,0,0.0,True
supported,3,2.0,myopic,3800000120,3800000120,270.8425666300456,4,2.2,True
supported,3,2.0,myopic,3800001520,3800001520,221.67314147949202,0,0.0,True
supported,3,2.0,myopic,3800000127,3800000127,162.18809509277338,0,0.0,True
supported,3,2.0,myopic,1600066510,1600066510,299.2951772689818,4,2.0,True
supported,3,2.0,myopic,3800001611,3800001611,224.91093444824176,0,0.0,True
supported,3,2.0,myopic,3800000110,3800000110,118.80778436501822,4,0.36,True
supported,3,2.05,dynamic,1600066610,1600066610,319.8865966796869,0,0.0,True
supported,3,2.05,dynamic,1600066590,1600066590,270.52459716796875,0,0.0,True
supported,3,2.05,dynamic,3800000120,3800000120,286.480360238711,4,2.2,True
supported,3,2.05,dynamic,3800001520,3800001520,221.67314147949202,0,0.0,True
supported,3,2.05,dynamic,3800000127,3800000127,162.18809509277338,0,0.0,True
supported,3,2.05,dynamic,1600066510,1600066510,316.6644062388734,4,2.0,True
supported,3,2.05,dynamic,3800001611,3800001611,224.91093444824176,0,0.0,True
supported,3,2.05,dynamic,3800000110,3800000110,120.4317142459949,4,0.36,True
supported,3,2.05,myopic,1600066610,1600066610,319.8865966796869,0,0.0,True
supported,3,2.05,myopic,1600066590,1600066590,270.52459716796875,0,0.0,True
supported,3,2.05,myopic,3800000120,3800000120,285.63848030535377,4,2.2,True
supported,3,2.05,myopic,3800001520,3800001520,221.67314147949202,0,0.0,True
supported,3,2.05,myopic,3800000127,3800000127,162.18809509277338,0,0.0,True
supported,3,2.05,myopic,1600066510,1600066510,313.4989924637474,4,2.0,True
supported,3,2.05,myopic,3800001611,3800001611,224.91093444824176,0,0.0,True
supported,3,2.05,myopic,3800000110,3800000110,119.83050553953649,4,0.36,True
supported,3,2.1,dynamic,1600066610,1600066610,319.8865966796869,0,0.0,True
supported,3,2.1,dynamic,1600066590,1600066590,270.52459716796875,0,0.0,True
supported,3,2.1,dynamic,3800000120,3800000120,301.2672137215932,4,2.2,True
supported,3,2.1,dynamic,3800001520,3800001520,221.67314147949202,0,0.0,True
supported,3,2.1,dynamic,3800000127,3800000127,162.18809509277338,0,0.0,True
supported,3,2.1,dynamic,1600066510,1600066510,330.8517182979581,4,2.0,True
supported,3,2.1,dynamic,3800001611,3800001611,224.91093444824176,0,0.0,True
supported,3,2.1,dynamic,3800000110,3800000110,121.448133754015,4,0.36,True
supported,3,2.1,myopic,1600066610,1600066610,319.8865966796869,0,0.0,True
supported,3,2.1,myopic,1600066590,1600066590,270.52459716796875,0,0.0,True
supported,3,2.1,myopic,3800000120,3800000120,300.43439398066204,4,2.2,True
supported,3,2.1,myopic,3800001520,3800001520,221.67314147949202,0,0.0,True
supported,3,2.1,myopic,3800000127,3800000127,162.18809509277338,0,0.0,True
supported,3,2.1,myopic,1600066510,1600066510,327.7028076585133,4,2.0,True
supported,3,2.1,myopic,3800001611,3800001611,224.91093444824176,0,0.0,True
supported,3,2.1,myopic,3800000110,3800000110,120.85322671405476,4,0.36,True
supported,3,2.15,dynamic,1600066610,1600066610,319.8865966796869,0,0.0,True
supported,3,2.15,dynamic,1600066590,1600066590,270.52459716796875,0,0.0,True
supported,3,2.15,dynamic,3800000120,3800000120,316.05406720447536,4,2.2,True
supported,3,2.15,dynamic,3800001520,3800001520,221.67314147949202,0,0.0,True
supported,3,2.15,dynamic,3800000127,3800000127,163.27763255643845,1,0.5,True
supported,3,2.15,dynamic,1600066510,1600066510,345.0390303570425,4,2.0,True
supported,3,2.15,dynamic,3800001611,3800001611,224.91093444824176,0,0.0,True
supported,3,2.15,dynamic,3800000110,3800000110,122.06710868994395,4,0.36,True
supported,3,2.15,myopic,1600066610,1600066610,319.8865966796869,0,0.0,True
supported,3,2.15,myopic,1600066590,1600066590,270.52459716796875,0,0.0,True
supported,3,2.15,myopic,3800000120,3800000120,315.2303076559703,4,2.2,True
supported,3,2.15,myopic,3800001520,3800001520,221.67314147949202,0,0.0,True
supported,3,2.15,myopic,3800000127,3800000127,157.9186545472144,4,2.0,True
supported,3,2.15,myopic,1600066510,1600066510,341.9066228532789,4,2.0,True
supported,3,2.15,myopic,3800001611,3800001611,224.91093444824176,0,0.0,True
supported,3,2.15,myopic,3800000110,3800000110,121.87594788857302,4,0.36,True
supported,3,2.2,dynamic,1600066610,1600066610,319.8865966796869,0,0.0,True
supported,3,2.2,dynamic,1600066590,1600066590,270.52459716796875,0,0.0,True
supported,3,2.2,dynamic,3800000120,3800000120,330.84092068735754,4,2.2,True
supported,3,2.2,dynamic,3800001520,3800001520,221.67314147949202,0,0.0,True
supported,3,2.2,dynamic,3800000127,3800000127,166.63628426297504,4,2.0,True
supported,3,2.2,dynamic,1600066510,1600066510,359.2263424161272,4,2.0,True
supported,3,2.2,dynamic,3800001611,3800001611,224.91093444824176,0,0.0,True
supported,3,2.2,dynamic,3800000110,3800000110,123.087100909551,4,0.36,True
supported,3,2.2,myopic,1600066610,1600066610,319.8865966796869,0,0.0,True
supported,3,2.2,myopic,1600066590,1600066590,270.52459716796875,0,0.0,True
supported,3,2.2,myopic,3800000120,3800000120,330.0262213312786,4,2.2,True
supported,3,2.2,myopic,3800001520,3800001520,221.67314147949202,0,0.0,True
supported,3,2.2,myopic,3800000127,3800000127,165.1433938159942,4,2.0,True
supported,3,2.2,myopic,1600066510,1600066510,356.11043804804467,4,2.0,True
supported,3,2.2,myopic,3800001611,3800001611,224.91093444824176,0,0.0,True
supported,3,2.2,myopic,3800000110,3800000110,122.89866906309129,4,0.36,True
supported,3,2.24,dynamic,1600066610,1600066610,319.8865966796869,0,0.0,True
supported,3,2.24,dynamic,1600066590,1600066590,270.52459716796875,0,0.0,True
supported,3,2.24,dynamic,3800000120,3800000120,342.6704034736633,4,2.2,True
supported,3,2.24,dynamic,3800001520,3800001520,221.67314147949202,0,0.0,True
supported,3,2.24,dynamic,3800000127,3800000127,172.40334238141378,4,2.0,True
supported,3,2.24,dynamic,1600066510,1600066510,370.57619206339484,4,2.0,True
supported,3,2.24,dynamic,3800001611,3800001611,224.91093444824176,0,0.0,True
supported,3,2.24,dynamic,3800000110,3800000110,123.90309468523662,4,0.36,True
supported,3,2.24,myopic,1600066610,1600066610,319.8865966796869,0,0.0,True
supported,3,2.24,myopic,1600066590,1600066590,270.52459716796875,0,0.0,True
supported,3,2.24,myopic,3800000120,3800000120,341.8629522715252,4,2.2,True
supported,3,2.24,myopic,3800001520,3800001520,221.67314147949202,0,0.0,True
supported,3,2.24,myopic,3800000127,3800000127,170.92318523101798,4,2.0,True
supported,3,2.24,myopic,1600066510,1600066510,367.4734902038573,4,2.0,True
supported,3,2.24,myopic,3800001611,3800001611,224.91093444824176,0,0.0,True
supported,3,2.24,myopic,3800000110,3800000110,123.71684600270589,4,0.36,True
supported,3,2.25,dynamic,1600066610,1600066610,319.8865966796869,0,0.0,True
supported,3,2.25,dynamic,1600066590,1600066590,270.52459716796875,0,0.0,True
supported,3,2.25,dynamic,3800000120,3800000120,345.6277741702397,4,2.2,True
supported,3,2.25,dynamic,3800001520,3800001520,221.67314147949202,0,0.0,True
supported,3,2.25,dynamic,3800000127,3800000127,173.84663108428316,4,2.0,True
supported,3,2.25,dynamic,1600066510,1600066510,373.41365447521173,4,2.0,True
supported,3,2.25,dynamic,3800001611,3800001611,224.91093444824176,0,0.0,True
supported,3,2.25,dynamic,3800000110,3800000110,124.10709312915802,4,0.36,True
supported,3,2.25,myopic,1600066610,1600066610,319.8865966796869,0,0.0,True
supported,3,2.25,myopic,1600066590,1600066590,270.52459716796875,0,0.0,True
supported,3,2.25,myopic,3800000120,3800000120,344.82213500658673,4,2.2,True
supported,3,2.25,myopic,3800001520,3800001520,221.67314147949202,0,0.0,True
supported,3,2.25,myopic,3800000127,3800000127,171.76626113732655,4,2.0,True
supported,3,2.25,myopic,1600066510,1600066510,370.3142532428104,4,2.0,True
supported,3,2.25,myopic,3800001611,3800001611,224.91093444824176,0,0.0,True
supported,3,2.25,myopic,3800000110,3800000110,124.09258176386356,4,0.36,True
supported,3,2.3,dynamic,1600066610,1600066610,319.8865966796869,0,0.0,True
supported,3,2.3,dynamic,1600066590,1600066590,270.52459716796875,0,0.0,True
supported,3,2.3,dynamic,3800000120,3800000120,360.4146276531219,4,2.2,True
supported,3,2.3,dynamic,3800001520,3800001520,221.67314147949202,0,0.0,True
supported,3,2.3,dynamic,3800000127,3800000127,181.0973323917389,4,2.0,True
supported,3,2.3,dynamic,1600066510,1600066510,387.6009665342963,4,2.0,True
supported,3,2.3,dynamic,3800001611,3800001611,224.91093444824176,0,0.0,True
supported,3,2.3,dynamic,3800000110,3800000110,125.11018932700156,4,0.36,True
supported,3,2.3,myopic,1600066610,1600066610,319.8865966796869,0,0.0,True
supported,3,2.3,myopic,1600066590,1600066590,270.52459716796875,0,0.0,True
supported,3,2.3,myopic,3800000120,3800000120,359.6180486818949,4,2.2,True
supported,3,2.3,myopic,3800001520,3800001520,221.67314147949202,0,0.0,True
supported,3,2.3,myopic,3800000127,3800000127,179.02730565516154,4,2.0,True
supported,3,2.3,myopic,1600066510,1600066510,384.51806843757606,4,2.0,True
supported,3,2.3,myopic,3800001611,3800001611,224.91093444824176,0,0.0,True
supported,3,2.3,myopic,3800000110,3800000110,125.11018932700156,4,0.36,True
supported,3,2.35,dynamic,1600066610,1600066610,319.8865966796869,0,0.0,True
supported,3,2.35,dynamic,1600066590,1600066590,270.52459716796875,0,0.0,True
supported,3,2.35,dynamic,3800000120,3800000120,375.2014811360041,4,2.2,True
supported,3,2.35,dynamic,3800001520,3800001520,221.67314147949202,0,0.0,True
supported,3,2.35,dynamic,3800000127,3800000127,188.35173390070602,4,2.0,True
supported,3,2.35,dynamic,1600066510,1600066510,401.7882785933808,4,2.0,True
supported,3,2.35,dynamic,3800001611,3800001611,224.91093444824176,0,0.0,True
supported,3,2.35,dynamic,3800000110,3800000110,126.12779689013959,4,0.36,True
supported,3,2.35,myopic,1600066610,1600066610,319.8865966796869,0,0.0,True
supported,3,2.35,myopic,1600066590,1600066590,270.52459716796875,0,0.0,True
supported,3,2.35,myopic,3800000120,3800000120,374.4139623572033,4,2.2,True
supported,3,2.35,myopic,3800001520,3800001520,221.67314147949202,0,0.0,True
supported,3,2.35,myopic,3800000127,3800000127,186.28835017299653,4,2.0,True
supported,3,2.35,myopic,1600066510,1600066510,398.7218836323418,4,2.0,True
supported,3,2.35,myopic,3800001611,3800001611,224.91093444824176,0,0.0,True
supported,3,2.35,myopic,3800000110,3800000110,126.12779689013959,4,0.36,True
supported,3,2.4,dynamic,1600066610,1600066610,319.8865966796869,0,0.0,True
supported,3,2.4,dynamic,1600066590,1600066590,270.52459716796875,0,0.0,True
supported,3,2.4,dynamic,3800000120,3800000120,389.98833461888626,4,2.2,True
supported,3,2.4,dynamic,3800001520,3800001520,221.67314147949202,0,0.0,True
supported,3,2.4,dynamic,3800000127,3800000127,195.60613540967304,4,2.0,True
supported,3,2.4,dynamic,1600066510,1600066510,415.99050583267206,4,2.0,True
supported,3,2.4,dynamic,3800001611,3800001611,224.91093444824176,0,0.0,True
supported,3,2.4,dynamic,3800000110,3800000110,127.14540445327759,4,0.36,True
supported,3,2.4,myopic,1600066610,1600066610,319.8865966796869,0,0.0,True
supported,3,2.4,myopic,1600066590,1600066590,270.52459716796875,0,0.0,True
supported,3,2.4,myopic,3800000120,3800000120,389.20987603251143,4,2.2,True
supported,3,2.4,myopic,3800001520,3800001520,221.67314147949202,0,0.0,True
supported,3,2.4,myopic,3800000127,3800000127,193.54939469083152,4,2.0,True
supported,3,2.4,myopic,1600066510,1600066510,412.92569882710757,4,2.0,True
supported,3,2.4,myopic,3800001611,3800001611,224.91093444824176,0,0.0,True
supported,3,2.4,myopic,3800000110,3800000110,127.14540445327759,4,0.36,True
supported,3,2.45,dynamic,1600066610,1600066610,319.8865966796869,0,0.0,True
supported,3,2.45,dynamic,1600066590,1600066590,270.52459716796875,0,0.0,True
supported,3,2.45,dynamic,3800000120,3800000120,404.2589928595222,4,2.2,True
supported,3,2.45,dynamic,3800001520,3800001520,221.67314147949202,0,0.0,True
supported,3,2.45,dynamic,3800000127,3800000127,202.86053691864018,4,2.0,True
supported,3,2.45,dynamic,1600066510,1600066510,430.21187833182023,4,2.0,True
supported,3,2.45,dynamic,3800001611,3800001611,225.49835720348358,1,0.4,True
supported,3,2.45,dynamic,3800000110,3800000110,128.16301201641562,4,0.36,True
supported,3,2.45,myopic,1600066610,1600066610,319.8865966796869,0,0.0,True
supported,3,2.45,myopic,1600066590,1600066590,270.52459716796875,0,0.0,True
supported,3,2.45,myopic,3800000120,3800000120,404.0057897078197,4,2.2,True
supported,3,2.45,myopic,3800001520,3800001520,221.67314147949202,0,0.0,True
supported,3,2.45,myopic,3800000127,3800000127,200.8104392086665,4,2.0,True
supported,3,2.45,myopic,1600066510,1600066510,427.1295140218733,4,2.0,True
supported,3,2.45,myopic,3800001611,3800001611,203.99213441483184,4,1.6,True
supported,3,2.45,myopic,3800000110,3800000110,128.16301201641562,4,0.36,True
supported,3,2.5,dynamic,1600066610,1600066610,319.8865966796869,0,0.0,True
supported,3,2.5,dynamic,1600066590,1600066590,270.52459716796875,0,0.0,True
supported,3,2.5,dynamic,3800000120,3800000120,419.05446968714364,4,2.2,True
supported,3,2.5,dynamic,3800001520,3800001520,221.67314147949202,0,0.0,True
supported,3,2.5,dynamic,3800000127,3800000127,210.11493842760726,4,2.0,True
supported,3,2.5,dynamic,1600066510,1600066510,444.4332508309682,4,2.0,True
supported,3,2.5,dynamic,3800001611,3800001611,226.8530733394623,1,0.4,True
supported,3,2.5,dynamic,3800000110,3800000110,129.1806195795536,4,0.36,True
supported,3,2.5,myopic,1600066610,1600066610,319.8865966796869,0,0.0,True
supported,3,2.5,myopic,1600066590,1600066590,270.52459716796875,0,0.0,True
supported,3,2.5,myopic,3800000120,3800000120,418.80170338312786,4,2.2,True
supported,3,2.5,myopic,3800001520,3800001520,221.67314147949202,0,0.0,True
supported,3,2.5,myopic,3800000127,3800000127,208.0714837265015,4,2.0,True
supported,3,2.5,myopic,1600066510,1600066510,441.3333292166391,4,2.0,True
supported,3,2.5,myopic,3800001611,3800001611,209.40741131941476,4,1.6,True
supported,3,2.5,myopic,3800000110,3800000110,129.1806195795536,4,0.36,True
supported,3,2.55,dynamic,1600066610,1600066610,319.8865966796869,0,0.0,True
supported,3,2.55,dynamic,1600066590,1600066590,272.11467340564735,1,0.5,True
supported,3,2.55,dynamic,3800000120,3800000120,433.84994651476507,4,2.2,True
supported,3,2.55,dynamic,3800001520,3800001520,221.67314147949202,0,0.0,True
supported,3,2.55,dynamic,3800000127,3800000127,215.95779098240533,4,2.0,True
supported,3,2.55,dynamic,1600066510,1600066510,458.6546233301161,4,2.0,True
supported,3,2.55,dynamic,3800001611,3800001611,228.20778947544096,1,0.4,True
supported,3,2.55,dynamic,3800000110,3800000110,130.19822714269162,4,0.36,True
supported,3,2.55,myopic,1600066610,1600066610,319.8865966796869,0,0.0,True
supported,3,2.55,myopic,1600066590,1600066590,264.78120303281145,4,2.0,True
supported,3,2.55,myopic,3800000120,3800000120,433.597617058436,4,2.2,True
supported,3,2.55,myopic,3800001520,3800001520,220.48569430474436,4,0.16,True
supported,3,2.55,myopic,3800000127,3800000127,215.33252824433643,4,2.0,True
supported,3,2.55,myopic,1600066510,1600066510,455.5371444114047,4,2.0,True
supported,3,2.55,myopic,3800001611,3800001611,214.82268822399774,4,1.6,True
supported,3,2.55,myopic,3800000110,3800000110,130.19822714269162,4,0.36,True
supported,3,2.6,dynamic,1600066610,1600066610,319.8865966796869,0,0.0,True
supported,3,2.6,dynamic,1600066590,1600066590,277.30246104303995,4,2.0,True
supported,3,2.6,dynamic,3800000120,3800000120,448.6454233423866,4,2.2,True
supported,3,2.6,dynamic,3800001520,3800001520,221.67314147949202,0,0.0,True
supported,3,2.6,dynamic,3800000127,3800000127,223.22159136390687,4,2.0,True
supported,3,2.6,dynamic,1600066510,1600066510,472.8759958292643,4,2.0,True
supported,3,2.6,dynamic,3800001611,3800001611,229.56250561141968,1,0.4,True
supported,3,2.6,dynamic,3800000110,3800000110,131.21583470582962,4,0.36,True
supported,3,2.6,myopic,1600066610,1600066610,319.8865966796869,0,0.0,True
supported,3,2.6,myopic,1600066590,1600066590,275.26282799657184,4,2.0,True
supported,3,2.6,myopic,3800000120,3800000120,448.3935307337444,4,2.2,True
supported,3,2.6,myopic,3800001520,3800001520,220.82850550858174,4,0.16,True
supported,3,2.6,myopic,3800000127,3800000127,222.59357276217148,4,2.0,True
supported,3,2.6,myopic,1600066510,1600066510,469.74095960617046,4,2.0,True
supported,3,2.6,myopic,3800001611,3800001611,220.23796512858073,4,1.6,True
supported,3,2.6,myopic,3800000110,3800000110,131.21583470582962,4,0.36,True
supported,3,2.65,dynamic,1600066610,1600066610,320.9202120666504,2,1.0,True
supported,3,2.65,dynamic,1600066590,1600066590,287.7316779003142,4,2.0,True
supported,3,2.65,dynamic,3800000120,3800000120,463.18944440905256,4,2.2,True
supported,3,2.65,dynamic,3800001520,3800001520,221.67314147949202,0,0.0,True
supported,3,2.65,dynamic,3800000127,3800000127,230.4567326752345,4,2.0,True
supported,3,2.65,dynamic,1600066510,1600066510,487.09736832841224,4,2.0,True
supported,3,2.65,dynamic,3800001611,3800001611,230.93948616464934,2,0.8,True
supported,3,2.65,dynamic,3800000110,3800000110,132.23344226896762,4,0.36,True
supported,3,2.65,myopic,1600066610,1600066610,322.4452547448476,4,2.0,True
supported,3,2.65,myopic,1600066590,1600066590,285.74445296033224,4,2.0,True
supported,3,2.65,myopic,3800000120,3800000120,463.18944440905256,4,2.2,True
supported,3,2.65,myopic,3800001520,3800001520,221.17131671241913,4,0.16,True
supported,3,2.65,myopic,3800000127,3800000127,229.8546172800064,4,2.0,True
supported,3,2.65,myopic,1600066510,1600066510,483.9447748009362,4,2.0,True
supported,3,2.65,myopic,3800001611,3800001611,225.6532420331637,4,1.6,True
supported,3,2.65,myopic,3800000110,3800000110,132.23344226896762,4,0.36,True
supported,3,2.7,dynamic,1600066610,1600066610,331.53833808898924,4,2.0,True
supported,3,2.7,dynamic,1600066590,1600066590,298.16089475758866,4,2.0,True
supported,3,2.7,dynamic,3800000120,3800000120,477.9853580843608,4,2.2,True
supported,3,2.7,dynamic,3800001520,3800001520,221.67314147949202,0,0.0,True
supported,3,2.7,dynamic,3800000127,3800000127,237.72687138239547,4,2.0,True
supported,3,2.7,dynamic,1600066510,1600066510,501.3187408275604,4,2.0,True
supported,3,2.7,dynamic,3800001611,3800001611,235.24273295815783,4,1.6,True
supported,3,2.7,dynamic,3800000110,3800000110,133.25104983210565,4,0.36,True
supported,3,2.7,myopic,1600066610,1600066610,333.25337394205735,4,2.0,True
supported,3,2.7,myopic,1600066590,1600066590,296.22607792409264,4,2.0,True
supported,3,2.7,myopic,3800000120,3800000120,477.9853580843608,4,2.2,True
supported,3,2.7,myopic,3800001520,3800001520,221.51412791625654,4,0.16,True
supported,3,2.7,myopic,3800000127,3800000127,237.11566179784145,4,2.0,True
supported,3,2.7,myopic,1600066510,1600066510,498.14858999570197,4,2.0,True
supported,3,2.7,myopic,3800001611,3800001611,231.0685189377467,4,1.6,True
supported,3,2.7,myopic,3800000110,3800000110,133.25104983210565,4,0.36,True
supported,3,2.75,dynamic,1600066610,1600066610,342.4007694498697,4,2.0,True
supported,3,2.75,dynamic,1600066590,1600066590,308.590111614863,4,2.0,True
supported,3,2.75,dynamic,3800000120,3800000120,492.781271759669,4,2.2,True
supported,3,2.75,dynamic,3800001520,3800001520,221.74152696718772,1,0.04,True
supported,3,2.75,dynamic,3800000127,3800000127,244.9970100895564,4,2.0,True
supported,3,2.75,dynamic,1600066510,1600066510,515.5401133267085,4,2.0,True
supported,3,2.75,dynamic,3800001611,3800001611,240.66373236974079,4,1.6,True
supported,3,2.75,dynamic,3800000110,3800000110,134.26865739524365,4,0.36,True
supported,3,2.75,myopic,1600066610,1600066610,342.4007694498697,4,2.0,True
supported,3,2.75,myopic,1600066590,1600066590,306.7077028878529,4,2.0,True
supported,3,2.75,myopic,3800000120,3800000120,492.781271759669,4,2.2,True
supported,3,2.75,myopic,3800001520,3800001520,221.85693912009393,4,0.16,True
supported,3,2.75,myopic,3800000127,3800000127,244.3767063156764,4,2.0,True
supported,3,2.75,myopic,1600066510,1600066510,512.3524051904676,4,2.0,True
supported,3,2.75,myopic,3800001611,3800001611,236.48379584232967,4,1.6,True
supported,3,2.75,myopic,3800000110,3800000110,134.603883237044,4,0.36,True
supported,3,2.8,dynamic,1600066610,1600066610,353.26320081075016,4,2.0,True
supported,3,2.8,dynamic,1600066590,1600066590,319.0193284721374,4,2.0,True
supported,3,2.8,dynamic,3800000120,3800000120,507.57718543497725,4,2.2,True
supported,3,2.8,dynamic,3800001520,3800001520,221.86032995665073,2,0.08,True
supported,3,2.8,dynamic,3800000127,3800000127,252.26714879671732,4,2.0,True
supported,3,2.8,dynamic,1600066510,1600066510,529.7614858258564,4,2.0,True
supported,3,2.8,dynamic,3800001611,3800001611,246.08473178132368,4,1.6,True
supported,3,2.8,dynamic,3800000110,3800000110,135.28626495838165,4,0.36,True
supported,3,2.8,myopic,1600066610,1600066610,353.26320081075016,4,2.0,True
supported,3,2.8,myopic,1600066590,1600066590,317.1893278516133,4,2.0,True
supported,3,2.8,myopic,3800000120,3800000120,507.57718543497725,4,2.2,True
supported,3,2.8,myopic,3800001520,3800001520,218.29701568984987,4,0.76,False
supported,3,2.8,myopic,3800000127,3800000127,251.63775083351138,4,2.0,True
supported,3,2.8,myopic,1600066510,1600066510,526.5562203852334,4,2.0,True
supported,3,2.8,myopic,3800001611,3800001611,241.8990727469126,4,1.6,True
supported,3,2.8,myopic,3800000110,3800000110,135.61640276781716,4,0.36,True
supported,3,2.85,dynamic,1600066610,1600066610,364.12563217163074,4,2.0,True
supported,3,2.85,dynamic,1600066590,1600066590,329.44854532941173,4,2.0,True
supported,3,2.85,dynamic,3800000120,3800000120,522.3730991102855,4,2.2,True
supported,3,2.85,dynamic,3800001520,3800001520,222.088421815753,3,0.12,True
supported,3,2.85,dynamic,3800000127,3800000127,259.5372875038783,4,2.0,True
supported,3,2.85,dynamic,1600066510,1600066510,543.9828583250046,4,2.0,True
supported,3,2.85,dynamic,3800001611,3800001611,251.5057311929067,4,1.6,True
supported,3,2.85,dynamic,3800000110,3800000110,136.30387252151968,4,0.36,True
supported,3,2.85,myopic,1600066610,1600066610,364.12563217163074,4,2.0,True
supported,3,2.85,myopic,1600066590,1600066590,327.6709528153737,4,2.0,True
supported,3,2.85,myopic,3800000120,3800000120,522.3730991102855,4,2.2,True
supported,3,2.85,myopic,3800001520,3800001520,213.58978420797985,4,1.96,True
supported,3,2.85,myopic,3800000127,3800000127,258.8987953513464,4,2.0,True
supported,3,2.85,myopic,1600066510,1600066510,540.7600355799991,4,2.0,True
supported,3,2.85,myopic,3800001611,3800001611,247.31434965149563,4,1.6,True
supported,3,2.85,myopic,3800000110,3800000110,136.62892229859034,4,0.36,True
supported,3,2.9,dynamic,1600066610,1600066610,374.9880635325113,4,2.0,True
supported,3,2.9,dynamic,1600066590,1600066590,338.1525777791341,4,2.0,True
supported,3,2.9,dynamic,3800000120,3800000120,537.1690127855936,4,2.2,True
supported,3,2.9,dynamic,3800001520,3800001520,226.4846425183614,4,0.61,True
supported,3,2.9,dynamic,3800000127,3800000127,266.2897435789107,4,2.0,True
supported,3,2.9,dynamic,1600066510,1600066510,558.0157471160887,4,2.0,True
supported,3,2.9,dynamic,3800001611,3800001611,256.7341498470306,4,1.6,True
supported,3,2.9,dynamic,3800000110,3800000110,137.21676550634703,4,0.36,True
supported,3,2.9,myopic,1600066610,1600066610,374.9880635325113,4,2.0,True
supported,3,2.9,myopic,1600066590,1600066590,338.1525777791341,4,2.0,True
supported,3,2.9,myopic,3800000120,3800000120,537.1690127855936,4,2.2,True
supported,3,2.9,myopic,3800001520,3800001520,223.9136079972585,4,1.96,True
supported,3,2.9,myopic,3800000127,3800000127,266.1598398691814,4,2.0,True
supported,3,2.9,myopic,1600066510,1600066510,554.9638507747648,4,2.0,True
supported,3,2.9,myopic,3800001611,3800001611,252.72962655607856,4,1.6,True
supported,3,2.9,myopic,3800000110,3800000110,137.6414418293635,4,0.36,True
supported,3,2.95,dynamic,1600066610,1600066610,385.8504948933919,4,2.0,True
supported,3,2.95,dynamic,1600066590,1600066590,348.6342027428945,4,2.0,True
supported,3,2.95,dynamic,3800000120,3800000120,551.964926460902,4,2.2,True
supported,3,2.95,dynamic,3800001520,3800001520,234.2374317865373,4,1.96,True
supported,3,2.95,dynamic,3800000127,3800000127,273.4208843870164,4,2.0,True
supported,3,2.95,dynamic,1600066510,1600066510,572.2363995304107,4,2.0,True
supported,3,2.95,dynamic,3800001611,3800001611,262.12235036611554,4,1.6,True
supported,3,2.95,dynamic,3800000110,3800000110,138.33908764779568,4,0.36,True
supported,3,2.95,myopic,1600066610,1600066610,385.8504948933919,4,2.0,True
supported,3,2.95,myopic,1600066590,1600066590,348.6342027428945,4,2.0,True
supported,3,2.95,myopic,3800000120,3800000120,551.964926460902,4,2.2,True
supported,3,2.95,myopic,3800001520,3800001520,234.2374317865373,4,1.96,True
supported,3,2.95,myopic,3800000127,3800000127,273.4208843870164,4,2.0,True
supported,3,2.95,myopic,1600066510,1600066510,569.1676659695306,4,2.0,True
supported,3,2.95,myopic,3800001611,3800001611,258.14490346066157,4,1.6,True
supported,3,2.95,myopic,3800000110,3800000110,138.65396136013666,4,0.36,True
supported,3,3.0,dynamic,1600066610,1600066610,396.71292625427236,4,2.0,True
supported,3,3.0,dynamic,1600066590,1600066590,359.1158277066549,4,2.0,True
supported,3,3.0,dynamic,3800000120,3800000120,566.7608401362102,4,2.2,True
supported,3,3.0,dynamic,3800001520,3800001520,244.56125557581584,4,1.96,True
supported,3,3.0,dynamic,3800000127,3800000127,280.68192890485125,4,2.0,True
supported,3,3.0,dynamic,1600066510,1600066510,586.4570519447326,4,2.0,True
supported,3,3.0,dynamic,3800001611,3800001611,267.5105508852005,4,1.6,True
supported,3,3.0,dynamic,3800000110,3800000110,139.3566952109337,4,0.36,True
supported,3,3.0,myopic,1600066610,1600066610,396.71292625427236,4,2.0,True
supported,3,3.0,myopic,1600066590,1600066590,359.1158277066549,4,2.0,True
supported,3,3.0,myopic,3800000120,3800000120,566.7608401362102,4,2.2,True
supported,3,3.0,myopic,3800001520,3800001520,244.56125557581584,4,1.96,True
supported,3,3.0,myopic,3800000127,3800000127,280.68192890485125,4,2.0,True
supported,3,3.0,myopic,1600066510,1600066510,583.3714811642963,4,2.0,True
supported,3,3.0,myopic,3800001611,3800001611,263.56018036524455,4,1.6,True
supported,3,3.0,myopic,3800000110,3800000110,139.6664808909098,4,0.36,True
supported,3,3.05,dynamic,1600066610,1600066610,407.5753576151528,4,2.0,True
supported,3,3.05,dynamic,1600066590,1600066590,369.5974526704152,4,2.0,True
supported,3,3.05,dynamic,3800000120,3800000120,581.5567538115183,4,2.2,True
supported,3,3.05,dynamic,3800001520,3800001520,254.8850793650945,4,1.96,True
supported,3,3.05,dynamic,3800000127,3800000127,287.94297342268624,4,2.0,True
supported,3,3.05,dynamic,1600066510,1600066510,600.6777043590545,4,2.0,True
supported,3,3.05,dynamic,3800001611,3800001611,272.8987514042854,4,1.6,True
supported,3,3.05,dynamic,3800000110,3800000110,140.37430277407168,4,0.36,True
supported,3,3.05,myopic,1600066610,1600066610,407.5753576151528,4,2.0,True
supported,3,3.05,myopic,1600066590,1600066590,369.5974526704152,4,2.0,True
supported,3,3.05,myopic,3800000120,3800000120,581.5567538115183,4,2.2,True
supported,3,3.05,myopic,3800001520,3800001520,254.8850793650945,4,1.96,True
supported,3,3.05,myopic,3800000127,3800000127,287.94297342268624,4,2.0,True
supported,3,3.05,myopic,1600066510,1600066510,597.5752963590619,4,2.0,True
supported,3,3.05,myopic,3800001611,3800001611,268.9754572698275,4,1.6,True
supported,3,3.05,myopic,3800000110,3800000110,140.67900042168299,4,0.36,True
supported,3,3.1,dynamic,1600066610,1600066610,418.4377889760334,4,2.0,True
supported,3,3.1,dynamic,1600066590,1600066590,380.0790776341756,4,2.0,True
supported,3,3.1,dynamic,3800000120,3800000120,596.3526674868267,4,2.2,True
supported,3,3.1,dynamic,3800001520,3800001520,265.20890315437316,4,1.96,True
supported,3,3.1,dynamic,3800000127,3800000127,295.2040179405212,4,2.0,True
supported,3,3.1,dynamic,1600066510,1600066510,614.8983567733765,4,2.0,True
supported,3,3.1,dynamic,3800001611,3800001611,278.28695192337034,4,1.6,True
supported,3,3.1,dynamic,3800000110,3800000110,141.3919103372097,4,0.36,True
supported,3,3.1,myopic,1600066610,1600066610,418.4377889760334,4,2.0,True
supported,3,3.1,myopic,1600066590,1600066590,380.0790776341756,4,2.0,True
supported,3,3.1,myopic,3800000120,3800000120,596.3526674868267,4,2.2,True
supported,3,3.1,myopic,3800001520,3800001520,265.20890315437316,4,1.96,True
supported,3,3.1,myopic,3800000127,3800000127,295.2040179405212,4,2.0,True
supported,3,3.1,myopic,1600066510,1600066510,611.7791115538278,4,2.0,True
supported,3,3.1,myopic,3800001611,3800001611,274.3907341744105,4,1.6,True
supported,3,3.1,myopic,3800000110,3800000110,141.69151995245613,4,0.36,True
supported,3,3.15,dynamic,1600066610,1600066610,429.300220336914,4,2.0,True
supported,3,3.15,dynamic,1600066590,1600066590,390.560702597936,4,2.0,True
supported,3,3.15,dynamic,3800000120,3800000120,611.1485811621349,4,2.2,True
supported,3,3.15,dynamic,3800001520,3800001520,275.5327269436518,4,1.96,True
supported,3,3.15,dynamic,3800000127,3800000127,302.4650624583562,4,2.0,True
supported,3,3.15,dynamic,1600066510,1600066510,629.1190091876982,4,2.0,True
supported,3,3.15,dynamic,3800001611,3800001611,283.67515244245527,4,1.6,True
supported,3,3.15,dynamic,3800000110,3800000110,142.4095179003477,4,0.36,True
supported,3,3.15,myopic,1600066610,1600066610,429.300220336914,4,2.0,True
supported,3,3.15,myopic,1600066590,1600066590,390.560702597936,4,2.0,True
supported,3,3.15,myopic,3800000120,3800000120,611.1485811621349,4,2.2,True
supported,3,3.15,myopic,3800001520,3800001520,275.5327269436518,4,1.96,True
supported,3,3.15,myopic,3800000127,3800000127,302.4650624583562,4,2.0,True
supported,3,3.15,myopic,1600066510,1600066510,625.9829267485934,4,2.0,True
supported,3,3.15,myopic,3800001611,3800001611,279.80601107899344,4,1.6,True
supported,3,3.15,myopic,3800000110,3800000110,142.7040394832293,4,0.36,True
supported,3,3.2,dynamic,1600066610,1600066610,440.16265169779456,4,2.0,True
supported,3,3.2,dynamic,1600066590,1600066590,401.04232756169637,4,2.0,True
supported,3,3.2,dynamic,3800000120,3800000120,625.944494837443,4,2.2,True
supported,3,3.2,dynamic,3800001520,3800001520,285.8565507329306,4,1.96,True
supported,3,3.2,dynamic,3800000127,3800000127,309.7261069761912,4,2.0,True
supported,3,3.2,dynamic,1600066510,1600066510,643.3396616020202,4,2.0,True
supported,3,3.2,dynamic,3800001611,3800001611,289.0633529615402,4,1.6,True
supported,3,3.2,dynamic,3800000110,3800000110,143.4271254634857,4,0.36,True
supported,3,3.2,myopic,1600066610,1600066610,440.16265169779456,4,2.0,True
supported,3,3.2,myopic,1600066590,1600066590,401.04232756169637,4,2.0,True
supported,3,3.2,myopic,3800000120,3800000120,625.944494837443,4,2.2,True
supported,3,3.2,myopic,3800001520,3800001520,285.8565507329306,4,1.96,True
supported,3,3.2,myopic,3800000127,3800000127,309.7261069761912,4,2.0,True
supported,3,3.2,myopic,1600066510,1600066510,640.1867419433592,4,2.0,True
supported,3,3.2,myopic,3800001611,3800001611,285.2212879835765,4,1.6,True
supported,3,3.2,myopic,3800000110,3800000110,143.71655901400248,4,0.36,True
supported,8,1.2,dynamic,1600066610,1600066610,319.8865966796869,0,0.0,True
supported,8,1.2,dynamic,1600066590,1600066590,270.52459716796875,0,0.0,True
supported,8,1.2,dynamic,3800000120,3800000120,168.6797027587895,0,0.0,True
supported,8,1.2,dynamic,3800001520,3800001520,221.67314147949202,0,0.0,True
supported,8,1.2,dynamic,3800000127,3800000127,162.18809509277338,0,0.0,True
supported,8,1.2,dynamic,1600066510,1600066510,269.8931274414066,0,0.0,True
supported,8,1.2,dynamic,3800001611,3800001611,224.91093444824176,0,0.0,True
supported,8,1.2,dynamic,3800000110,3800000110,109.29181671142571,0,0.0,True
supported,8,1.2,myopic,1600066610,1600066610,319.8865966796869,0,0.0,True
supported,8,1.2,myopic,1600066590,1600066590,270.52459716796875,0,0.0,True
supported,8,1.2,myopic,3800000120,3800000120,168.6797027587895,0,0.0,True
supported,8,1.2,myopic,3800001520,3800001520,221.67314147949202,0,0.0,True
supported,8,1.2,myopic,3800000127,3800000127,162.18809509277338,0,0.0,True
supported,8,1.2,myopic,1600066510,1600066510,269.8931274414066,0,0.0,True
supported,8,1.2,myopic,3800001611,3800001611,224.91093444824176,0,0.0,True
supported,8,1.2,myopic,3800000110,3800000110,109.29181671142571,0,0.0,True
supported,8,1.25,dynamic,1600066610,1600066610,319.8865966796869,0,0.0,True
supported,8,1.25,dynamic,1600066590,1600066590,270.52459716796875,0,0.0,True
supported,8,1.25,dynamic,3800000120,3800000120,168.6797027587895,0,0.0,True
supported,8,1.25,dynamic,3800001520,3800001520,221.67314147949202,0,0.0,True
supported,8,1.25,dynamic,3800000127,3800000127,162.18809509277338,0,0.0,True
supported,8,1.25,dynamic,1600066510,1600066510,269.8931274414066,0,0.0,True
supported,8,1.25,dynamic,3800001611,3800001611,224.91093444824176,0,0.0,True
supported,8,1.25,dynamic,3800000110,3800000110,109.29181671142571,0,0.0,True
supported,8,1.25,myopic,1600066610,1600066610,319.8865966796869,0,0.0,True
supported,8,1.25,myopic,1600066590,1600066590,270.52459716796875,0,0.0,True
supported,8,1.25,myopic,3800000120,3800000120,168.6797027587895,0,0.0,True
supported,8,1.25,myopic,3800001520,3800001520,221.67314147949202,0,0.0,True
supported,8,1.25,myopic,3800000127,3800000127,162.18809509277338,0,0.0,True
supported,8,1.25,myopic,1600066510,1600066510,269.8931274414066,0,0.0,True
supported,8,1.25,myopic,3800001611,3800001611,224.91093444824176,0,0.0,True
supported,8,1.25,myopic,3800000110,3800000110,109.29181671142571,0,0.0,True
supported,8,1.3,dynamic,1600066610,1600066610,319.8865966796869,0,0.0,True
supported,8,1.3,dynamic,1600066590,1600066590,270.52459716796875,0,0.0,True
supported,8,1.3,dynamic,3800000120,3800000120,168.6797027587895,0,0.0,True
supported,8,1.3,dynamic,3800001520,3800001520,221.67314147949202,0,0.0,True
supported,8,1.3,dynamic,3800000127,3800000127,162.18809509277338,0,0.0,True
supported,8,1.3,dynamic,1600066510,1600066510,269.8931274414066,0,0.0,True
supported,8,1.3,dynamic,3800001611,3800001611,224.91093444824176,0,0.0,True
supported,8,1.3,dynamic,3800000110,3800000110,109.29181671142571,0,0.0,True
supported,8,1.3,myopic,1600066610,1600066610,319.8865966796869,0,0.0,True
supported,8,1.3,myopic,1600066590,1600066590,270.52459716796875,0,0.0,True
supported,8,1.3,myopic,3800000120,3800000120,168.6797027587895,0,0.0,True
supported,8,1.3,myopic,3800001520,3800001520,221.67314147949202,0,0.0,True
supported,8,1.3,myopic,3800000127,3800000127,162.18809509277338,0,0.0,True
supported,8,1.3,myopic,1600066510,1600066510,269.8931274414066,0,0.0,True
supported,8,1.3,myopic,3800001611,3800001611,224.91093444824176,0,0.0,True
supported,8,1.3,myopic,3800000110,3800000110,109.29181671142571,0,0.0,True
supported,8,1.35,dynamic,1600066610,1600066610,319.8865966796869,0,0.0,True
supported,8,1.35,dynamic,1600066590,1600066590,270.52459716796875,0,0.0,True
supported,8,1.35,dynamic,3800000120,3800000120,168.6797027587895,0,0.0,True
supported,8,1.35,dynamic,3800001520,3800001520,221.67314147949202,0,0.0,True
supported,8,1.35,dynamic,3800000127,3800000127,162.18809509277338,0,0.0,True
supported,8,1.35,dynamic,1600066510,1600066510,269.8931274414066,0,0.0,True
supported,8,1.35,dynamic,3800001611,3800001611,224.91093444824176,0,0.0,True
supported,8,1.35,dynamic,3800000110,3800000110,109.29181671142571,0,0.0,True
supported,8,1.35,myopic,1600066610,1600066610,319.8865966796869,0,0.0,True
supported,8,1.35,myopic,1600066590,1600066590,270.52459716796875,0,0.0,True
supported,8,1.35,myopic,3800000120,3800000120,168.6797027587895,0,0.0,True
supported,8,1.35,myopic,3800001520,3800001520,221.67314147949202,0,0.0,True
supported,8,1.35,myopic,3800000127,3800000127,162.18809509277338,0,0.0,True
supported,8,1.35,myopic,1600066510,1600066510,269.8931274414066,0,0.0,True
supported,8,1.35,myopic,3800001611,3800001611,224.91093444824176,0,0.0,True
supported,8,1.35,myopic,3800000110,3800000110,109.29181671142571,0,0.0,True
supported,8,1.4,dynamic,1600066610,1600066610,319.8865966796869,0,0.0,True
supported,8,1.4,dynamic,1600066590,1600066590,270.52459716796875,0,0.0,True
supported,8,1.4,dynamic,3800000120,3800000120,168.6797027587895,0,0.0,True
supported,8,1.4,dynamic,3800001520,3800001520,221.67314147949202,0,0.0,True
supported,8,1.4,dynamic,3800000127,3800000127,162.18809509277338,0,0.0,True
supported,8,1.4,dynamic,1600066510,1600066510,269.8931274414066,0,0.0,True
supported,8,1.4,dynamic,3800001611,3800001611,224.91093444824176,0,0.0,True
supported,8,1.4,dynamic,3800000110,3800000110,109.33533321189881,1,0.09,True
supported,8,1.4,myopic,1600066610,1600066610,319.8865966796869,0,0.0,True
supported,8,1.4,myopic,1600066590,1600066590,270.52459716796875,0,0.0,True
supported,8,1.4,myopic,3800000120,3800000120,168.6797027587895,0,0.0,True
supported,8,1.4,myopic,3800001520,3800001520,221.67314147949202,0,0.0,True
supported,8,1.4,myopic,3800000127,3800000127,162.18809509277338,0,0.0,True
supported,8,1.4,myopic,1600066510,1600066510,269.8931274414066,0,0.0,True
supported,8,1.4,myopic,3800001611,3800001611,224.91093444824176,0,0.0,True
supported,8,1.4,myopic,3800000110,3800000110,106.535130270799,4,0.36,True
supported,8,1.45,dynamic,1600066610,1600066610,319.8865966796869,0,0.0,True
supported,8,1.45,dynamic,1600066590,1600066590,270.52459716796875,0,0.0,True
supported,8,1.45,dynamic,3800000120,3800000120,168.6797027587895,0,0.0,True
supported,8,1.45,dynamic,3800001520,3800001520,221.67314147949202,0,0.0,True
supported,8,1.45,dynamic,3800000127,3800000127,162.18809509277338,0,0.0,True
supported,8,1.45,dynamic,1600066510,1600066510,269.8931274414066,0,0.0,True
supported,8,1.45,dynamic,3800001611,3800001611,224.91093444824176,0,0.0,True
supported,8,1.45,dynamic,3800000110,3800000110,109.58536947870255,1,0.09,True
supported,8,1.45,myopic,1600066610,1600066610,319.8865966796869,0,0.0,True
supported,8,1.45,myopic,1600066590,1600066590,270.52459716796875,0,0.0,True
supported,8,1.45,myopic,3800000120,3800000120,168.6797027587895,0,0.0,True
supported,8,1.45,myopic,3800001520,3800001520,221.67314147949202,0,0.0,True
supported,8,1.45,myopic,3800000127,3800000127,162.18809509277338,0,0.0,True
supported,8,1.45,myopic,1600066510,1600066510,269.8931274414066,0,0.0,True
supported,8,1.45,myopic,3800001611,3800001611,224.91093444824176,0,0.0,True
supported,8,1.45,myopic,3800000110,3800000110,107.55785144531727,4,0.36,True
supported,8,1.5,dynamic,1600066610,1600066610,319.8865966796869,0,0.0,True
supported,8,1.5,dynamic,1600066590,1600066590,270.52459716796875,0,0.0,True
supported,8,1.5,dynamic,3800000120,3800000120,168.6797027587895,0,0.0,True
supported,8,1.5,dynamic,3800001520,3800001520,221.67314147949202,0,0.0,True
supported,8,1.5,dynamic,3800000127,3800000127,162.18809509277338,0,0.0,True
supported,8,1.5,dynamic,1600066510,1600066510,269.8931274414066,0,0.0,True
supported,8,1.5,dynamic,3800001611,3800001611,224.91093444824176,0,0.0,True
supported,8,1.5,dynamic,3800000110,3800000110,109.83540574550629,1,0.09,True
supported,8,1.5,myopic,1600066610,1600066610,319.8865966796869,0,0.0,True
supported,8,1.5,myopic,1600066590,1600066590,270.52459716796875,0,0.0,True
supported,8,1.5,myopic,3800000120,3800000120,168.6797027587895,0,0.0,True
supported,8,1.5,myopic,3800001520,3800001520,221.67314147949202,0,0.0,True
supported,8,1.5,myopic,3800000127,3800000127,162.18809509277338,0,0.0,True
supported,8,1.5,myopic,1600066510,1600066510,269.8931274414066,0,0.0,True
supported,8,1.5,myopic,3800001611,3800001611,224.91093444824176,0,0.0,True
supported,8,1.5,myopic,3800000110,3800000110,108.58057261983555,4,0.36,True
supported,8,1.55,dynamic,1600066610,1600066610,319.8865966796869,0,0.0,True
supported,8,1.55,dynamic,1600066590,1600066590,270.52459716796875,0,0.0,True
supported,8,1.55,dynamic,3800000120,3800000120,168.6797027587895,0,0.0,True
supported,8,1.55,dynamic,3800001520,3800001520,221.67314147949202,0,0.0,True
supported,8,1.55,dynamic,3800000127,3800000127,162.18809509277338,0,0.0,True
supported,8,1.55,dynamic,1600066510,1600066510,269.8931274414066,0,0.0,True
supported,8,1.55,dynamic,3800001611,3800001611,224.91093444824176,0,0.0,True
supported,8,1.55,dynamic,3800000110,3800000110,110.33347885948419,3,0.27,True
supported,8,1.55,myopic,1600066610,1600066610,319.8865966796869,0,0.0,True
supported,8,1.55,myopic,1600066590,1600066590,270.52459716796875,0,0.0,True
supported,8,1.55,myopic,3800000120,3800000120,168.6797027587895,0,0.0,True
supported,8,1.55,myopic,3800001520,3800001520,221.67314147949202,0,0.0,True
supported,8,1.55,myopic,3800000127,3800000127,162.18809509277338,0,0.0,True
supported,8,1.55,myopic,1600066510,1600066510,269.8931274414066,0,0.0,True
supported,8,1.55,myopic,3800001611,3800001611,224.91093444824176,0,0.0,True
supported,8,1.55,myopic,3800000110,3800000110,109.60329379435382,4,0.36,True
supported,8,1.6,dynamic,1600066610,1600066610,319.8865966796869,0,0.0,True
supported,8,1.6,dynamic,1600066590,1600066590,270.52459716796875,0,0.0,True
supported,8,1.6,dynamic,3800000120,3800000120,168.6797027587895,0,0.0,True
supported,8,1.6,dynamic,3800001520,3800001520,221.67314147949202,0,0.0,True
supported,8,1.6,dynamic,3800000127,3800000127,162.18809509277338,0,0.0,True
supported,8,1.6,dynamic,1600066510,1600066510,269.8931274414066,0,0.0,True
supported,8,1.6,dynamic,3800001611,3800001611,224.91093444824176,0,0.0,True
supported,8,1.6,dynamic,3800000110,3800000110,111.31593402926126,4,0.36,True
supported,8,1.6,myopic,1600066610,1600066610,319.8865966796869,0,0.0,True
supported,8,1.6,myopic,1600066590,1600066590,270.52459716796875,0,0.0,True
supported,8,1.6,myopic,3800000120,3800000120,168.6797027587895,0,0.0,True
supported,8,1.6,myopic,3800001520,3800001520,221.67314147949202,0,0.0,True
supported,8,1.6,myopic,3800000127,3800000127,162.18809509277338,0,0.0,True
supported,8,1.6,myopic,1600066510,1600066510,269.8931274414066,0,0.0,True
supported,8,1.6,myopic,3800001611,3800001611,224.91093444824176,0,0.0,True
supported,8,1.6,myopic,3800000110,3800000110,110.62601496887208,4,0.36,True
supported,8,1.65,dynamic,1600066610,1600066610,319.8865966796869,0,0.0,True
supported,8,1.65,dynamic,1600066590,1600066590,270.52459716796875,0,0.0,True
supported,8,1.65,dynamic,3800000120,3800000120,169.79875046284988,4,1.45,True
supported,8,1.65,dynamic,3800001520,3800001520,221.67314147949202,0,0.0,True
supported,8,1.65,dynamic,3800000127,3800000127,162.18809509277338,0,0.0,True
supported,8,1.65,dynamic,1600066510,1600066510,269.8931274414066,0,0.0,True
supported,8,1.65,dynamic,3800001611,3800001611,224.91093444824176,0,0.0,True
supported,8,1.65,dynamic,3800000110,3800000110,112.32845356003442,4,0.36,True
supported,8,1.65,myopic,1600066610,1600066610,319.8865966796869,0,0.0,True
supported,8,1.65,myopic,1600066590,1600066590,270.52459716796875,0,0.0,True
supported,8,1.65,myopic,3800000120,3800000120,169.08789028326663,4,1.2,True
supported,8,1.65,myopic,3800001520,3800001520,221.67314147949202,0,0.0,True
supported,8,1.65,myopic,3800000127,3800000127,162.18809509277338,0,0.0,True
supported,8,1.65,myopic,1600066510,1600066510,269.8931274414066,0,0.0,True
supported,8,1.65,myopic,3800001611,3800001611,224.91093444824176,0,0.0,True
supported,8,1.65,myopic,3800000110,3800000110,111.64873614339035,4,0.36,True
supported,8,1.7,dynamic,1600066610,1600066610,319.8865966796869,0,0.0,True
supported,8,1.7,dynamic,1600066590,1600066590,270.52459716796875,0,0.0,True
supported,8,1.7,dynamic,3800000120,3800000120,183.0852953008016,4,2.2,True
supported,8,1.7,dynamic,3800001520,3800001520,221.67314147949202,0,0.0,True
supported,8,1.7,dynamic,3800000127,3800000127,162.18809509277338,0,0.0,True
supported,8,1.7,dynamic,1600066510,1600066510,269.8931274414066,0,0.0,True
supported,8,1.7,dynamic,3800001611,3800001611,224.91093444824176,0,0.0,True
supported,8,1.7,dynamic,3800000110,3800000110,113.34097309080758,4,0.36,True
supported,8,1.7,myopic,1600066610,1600066610,319.8865966796869,0,0.0,True
supported,8,1.7,myopic,1600066590,1600066590,270.52459716796875,0,0.0,True
supported,8,1.7,myopic,3800000120,3800000120,182.06708457819622,4,2.2,True
supported,8,1.7,myopic,3800001520,3800001520,221.67314147949202,0,0.0,True
supported,8,1.7,myopic,3800000127,3800000127,162.18809509277338,0,0.0,True
supported,8,1.7,myopic,1600066510,1600066510,269.8931274414066,0,0.0,True
supported,8,1.7,myopic,3800001611,3800001611,224.91093444824176,0,0.0,True
supported,8,1.7,myopic,3800000110,3800000110,112.67145731790862,4,0.36,True
supported,8,1.75,dynamic,1600066610,1600066610,319.8865966796869,0,0.0,True
supported,8,1.75,dynamic,1600066590,1600066590,270.52459716796875,0,0.0,True
supported,8,1.75,dynamic,3800000120,3800000120,197.82533966859165,4,2.2,True
supported,8,1.75,dynamic,3800001520,3800001520,221.67314147949202,0,0.0,True
supported,8,1.75,dynamic,3800000127,3800000127,162.18809509277338,0,0.0,True
supported,8,1.75,dynamic,1600066510,1600066510,269.8931274414066,0,0.0,True
supported,8,1.75,dynamic,3800001611,3800001611,224.91093444824176,0,0.0,True
supported,8,1.75,dynamic,3800000110,3800000110,114.35349262158074,4,0.36,True
supported,8,1.75,myopic,1600066610,1600066610,319.8865966796869,0,0.0,True
supported,8,1.75,myopic,1600066590,1600066590,270.52459716796875,0,0.0,True
supported,8,1.75,myopic,3800000120,3800000120,196.8629982535045,4,2.2,True
supported,8,1.75,myopic,3800001520,3800001520,221.67314147949202,0,0.0,True
supported,8,1.75,myopic,3800000127,3800000127,162.18809509277338,0,0.0,True
supported,8,1.75,myopic,1600066510,1600066510,269.8931274414066,0,0.0,True
supported,8,1.75,myopic,3800001611,3800001611,224.91093444824176,0,0.0,True
supported,8,1.75,myopic,3800000110,3800000110,113.69417849242689,4,0.36,True
supported,8,1.8,dynamic,1600066610,1600066610,319.8865966796869,0,0.0,True
supported,8,1.8,dynamic,1600066590,1600066590,270.52459716796875,0,0.0,True
supported,8,1.8,dynamic,3800000120,3800000120,212.58012723668406,4,2.2,True
supported,8,1.8,dynamic,3800001520,3800001520,221.67314147949202,0,0.0,True
supported,8,1.8,dynamic,3800000127,3800000127,162.18809509277338,0,0.0,True
supported,8,1.8,dynamic,1600066510,1600066510,269.8931274414066,0,0.0,True
supported,8,1.8,dynamic,3800001611,3800001611,224.91093444824176,0,0.0,True
supported,8,1.8,dynamic,3800000110,3800000110,115.3660121523539,4,0.36,True
supported,8,1.8,myopic,1600066610,1600066610,319.8865966796869,0,0.0,True
supported,8,1.8,myopic,1600066590,1600066590,270.52459716796875,0,0.0,True
supported,8,1.8,myopic,3800000120,3800000120,211.65891192881276,4,2.2,True
supported,8,1.8,myopic,3800001520,3800001520,221.67314147949202,0,0.0,True
supported,8,1.8,myopic,3800000127,3800000127,162.18809509277338,0,0.0,True
supported,8,1.8,myopic,1600066510,1600066510,269.8931274414066,0,0.0,True
supported,8,1.8,myopic,3800001611,3800001611,224.91093444824176,0,0.0,True
supported,8,1.8,myopic,3800000110,3800000110,114.71689966694515,4,0.36,True
supported,8,1.85,dynamic,1600066610,1600066610,319.8865966796869,0,0.0,True
supported,8,1.85,dynamic,1600066590,1600066590,270.52459716796875,0,0.0,True
supported,8,1.85,dynamic,3800000120,3800000120,227.35140939585364,4,2.2,True
supported,8,1.85,dynamic,3800001520,3800001520,221.67314147949202,0,0.0,True
supported,8,1.85,dynamic,3800000127,3800000127,162.18809509277338,0,0.0,True
supported,8,1.85,dynamic,1600066510,1600066510,270.28139605426793,1,0.5,True
supported,8,1.85,dynamic,3800001611,3800001611,224.91093444824176,0,0.0,True
supported,8,1.85,dynamic,3800000110,3800000110,116.37853168312708,4,0.36,True
supported,8,1.85,myopic,1600066610,1600066610,319.8865966796869,0,0.0,True
supported,8,1.85,myopic,1600066590,1600066590,270.52459716796875,0,0.0,True
supported,8,1.85,myopic,3800000120,3800000120,226.4548256041209,4,2.2,True
supported,8,1.85,myopic,3800001520,3800001520,221.67314147949202,0,0.0,True
supported,8,1.85,myopic,3800000127,3800000127,162.18809509277338,0,0.0,True
supported,8,1.85,myopic,1600066510,1600066510,263.7385925650597,4,1.0,False
supported,8,1.85,myopic,3800001611,3800001611,224.91093444824176,0,0.0,True
supported,8,1.85,myopic,3800000110,3800000110,115.73962084146342,4,0.36,True
supported,8,1.9,dynamic,1600066610,1600066610,319.8865966796869,0,0.0,True
supported,8,1.9,dynamic,1600066590,1600066590,270.52459716796875,0,0.0,True
supported,8,1.9,dynamic,3800000120,3800000120,242.12983481216423,4,2.2,True
supported,8,1.9,dynamic,3800001520,3800001520,221.67314147949202,0,0.0,True
supported,8,1.9,dynamic,3800000127,3800000127,162.18809509277338,0,0.0,True
supported,8,1.9,dynamic,1600066510,1600066510,274.4628589280446,3,1.5,True
supported,8,1.9,dynamic,3800001611,3800001611,224.91093444824176,0,0.0,True
supported,8,1.9,dynamic,3800000110,3800000110,117.39105121390023,4,0.36,True
supported,8,1.9,myopic,1600066610,1600066610,319.8865966796869,0,0.0,True
supported,8,1.9,myopic,1600066590,1600066590,270.52459716796875,0,0.0,True
supported,8,1.9,myopic,3800000120,3800000120,241.25073927942918,4,2.2,True
supported,8,1.9,myopic,3800001520,3800001520,221.67314147949202,0,0.0,True
supported,8,1.9,myopic,3800000127,3800000127,162.18809509277338,0,0.0,True
supported,8,1.9,myopic,1600066510,1600066510,270.88754687945027,4,2.0,True
supported,8,1.9,myopic,3800001611,3800001611,224.91093444824176,0,0.0,True
supported,8,1.9,myopic,3800000110,3800000110,116.76234201598169,4,0.36,True
supported,8,1.95,dynamic,1600066610,1600066610,319.8865966796869,0,0.0,True
supported,8,1.95,dynamic,1600066590,1600066590,270.52459716796875,0,0.0,True
supported,8,1.95,dynamic,3800000120,3800000120,256.90826022847494,4,2.2,True
supported,8,1.95,dynamic,3800001520,3800001520,221.67314147949202,0,0.0,True
supported,8,1.95,dynamic,3800000127,3800000127,162.18809509277338,0,0.0,True
supported,8,1.95,dynamic,1600066510,1600066510,288.3613966112136,4,2.0,True
supported,8,1.95,dynamic,3800001611,3800001611,224.91093444824176,0,0.0,True
supported,8,1.95,dynamic,3800000110,3800000110,118.4035707446734,4,0.36,True
supported,8,1.95,myopic,1600066610,1600066610,319.8865966796869,0,0.0,True
supported,8,1.95,myopic,1600066590,1600066590,270.52459716796875,0,0.0,True
supported,8,1.95,myopic,3800000120,3800000120,256.04665295473734,4,2.2,True
supported,8,1.95,myopic,3800001520,3800001520,221.67314147949202,0,0.0,True
supported,8,1.95,myopic,3800000127,3800000127,162.18809509277338,0,0.0,True
supported,8,1.95,myopic,1600066510,1600066510,285.091362074216,4,2.0,True
supported,8,1.95,myopic,3800001611,3800001611,224.91093444824176,0,0.0,True
supported,8,1.95,myopic,3800000110,3800000110,117.78506319049995,4,0.36,True
supported,8,2.0,dynamic,1600066610,1600066610,319.8865966796869,0,0.0,True
supported,8,2.0,dynamic,1600066590,1600066590,270.52459716796875,0,0.0,True
supported,8,2.0,dynamic,3800000120,3800000120,271.6935067558288,4,2.2,True
supported,8,2.0,dynamic,3800001520,3800001520,221.67314147949202,0,0.0,True
supported,8,2.0,dynamic,3800000127,3800000127,162.18809509277338,0,0.0,True
supported,8,2.0,dynamic,1600066510,1600066510,302.49577430725094,4,2.0,True
supported,8,2.0,dynamic,3800001611,3800001611,224.91093444824176,0,0.0,True
supported,8,2.0,dynamic,3800000110,3800000110,119.41682198683421,4,0.36,True
supported,8,2.0,myopic,1600066610,1600066610,319.8865966796869,0,0.0,True
supported,8,2.0,myopic,1600066590,1600066590,270.52459716796875,0,0.0,True
supported,8,2.0,myopic,3800000120,3800000120,270.8425666300456,4,2.2,True
supported,8,2.0,myopic,3800001520,3800001520,221.67314147949202,0,0.0,True
supported,8,2.0,myopic,3800000127,3800000127,162.18809509277338,0,0.0,True
supported,8,2.0,myopic,1600066510,1600066510,299.2951772689818,4,2.0,True
supported,8,2.0,myopic,3800001611,3800001611,224.91093444824176,0,0.0,True
supported,8,2.0,myopic,3800000110,3800000110,118.80778436501822,4,0.36,True
supported,8,2.05,dynamic,1600066610,1600066610,319.8865966796869,0,0.0,True
supported,8,2.05,dynamic,1600066590,1600066590,270.52459716796875,0,0.0,True
supported,8,2.05,dynamic,3800000120,3800000120,286.480360238711,4,2.2,True
supported,8,2.05,dynamic,3800001520,3800001520,221.67314147949202,0,0.0,True
supported,8,2.05,dynamic,3800000127,3800000127,162.18809509277338,0,0.0,True
supported,8,2.05,dynamic,1600066510,1600066510,316.6644062388734,4,2.0,True
supported,8,2.05,dynamic,3800001611,3800001611,224.91093444824176,0,0.0,True
supported,8,2.05,dynamic,3800000110,3800000110,120.4317142459949,4,0.36,True
supported,8,2.05,myopic,1600066610,1600066610,319.8865966796869,0,0.0,True
supported,8,2.05,myopic,1600066590,1600066590,270.52459716796875,0,0.0,True
supported,8,2.05,myopic,3800000120,3800000120,285.63848030535377,4,2.2,True
supported,8,2.05,myopic,3800001520,3800001520,221.67314147949202,0,0.0,True
supported,8,2.05,myopic,3800000127,3800000127,162.18809509277338,0,0.0,True
supported,8,2.05,myopic,1600066510,1600066510,313.4989924637474,4,2.0,True
supported,8,2.05,myopic,3800001611,3800001611,224.91093444824176,0,0.0,True
supported,8,2.05,myopic,3800000110,3800000110,119.83050553953649,4,0.36,True
supported,8,2.1,dynamic,1600066610,1600066610,319.8865966796869,0,0.0,True
supported,8,2.1,dynamic,1600066590,1600066590,270.52459716796875,0,0.0,True
supported,8,2.1,dynamic,3800000120,3800000120,301.2672137215932,4,2.2,True
supported,8,2.1,dynamic,3800001520,3800001520,221.67314147949202,0,0.0,True
supported,8,2.1,dynamic,3800000127,3800000127,162.18809509277338,0,0.0,True
supported,8,2.1,dynamic,1600066510,1600066510,330.8517182979581,4,2.0,True
supported,8,2.1,dynamic,3800001611,3800001611,224.91093444824176,0,0.0,True
supported,8,2.1,dynamic,3800000110,3800000110,121.448133754015,4,0.36,True
supported,8,2.1,myopic,1600066610,1600066610,319.8865966796869,0,0.0,True
supported,8,2.1,myopic,1600066590,1600066590,270.52459716796875,0,0.0,True
supported,8,2.1,myopic,3800000120,3800000120,300.43439398066204,4,2.2,True
supported,8,2.1,myopic,3800001520,3800001520,221.67314147949202,0,0.0,True
supported,8,2.1,myopic,3800000127,3800000127,162.18809509277338,0,0.0,True
supported,8,2.1,myopic,1600066510,1600066510,327.7028076585133,4,2.0,True
supported,8,2.1,myopic,3800001611,3800001611,224.91093444824176,0,0.0,True
supported,8,2.1,myopic,3800000110,3800000110,120.85322671405476,4,0.36,True
supported,8,2.15,dynamic,1600066610,1600066610,319.8865966796869,0,0.0,True
supported,8,2.15,dynamic,1600066590,1600066590,270.52459716796875,0,0.0,True
supported,8,2.15,dynamic,3800000120,3800000120,316.05406720447536,4,2.2,True
supported,8,2.15,dynamic,3800001520,3800001520,221.67314147949202,0,0.0,True
supported,8,2.15,dynamic,3800000127,3800000127,163.27763255643845,1,0.5,True
supported,8,2.15,dynamic,1600066510,1600066510,345.0390303570425,4,2.0,True
supported,8,2.15,dynamic,3800001611,3800001611,224.91093444824176,0,0.0,True
supported,8,2.15,dynamic,3800000110,3800000110,122.46495757393045,4,0.36,True
supported,8,2.15,myopic,1600066610,1600066610,319.8865966796869,0,0.0,True
supported,8,2.15,myopic,1600066590,1600066590,270.52459716796875,0,0.0,True
supported,8,2.15,myopic,3800000120,3800000120,315.2303076559703,4,2.2,True
supported,8,2.15,myopic,3800001520,3800001520,221.67314147949202,0,0.0,True
supported,8,2.15,myopic,3800000127,3800000127,157.24417210165657,4,2.0,True
supported,8,2.15,myopic,1600066510,1600066510,341.9066228532789,4,2.0,True
supported,8,2.15,myopic,3800001611,3800001611,224.91093444824176,0,0.0,True
supported,8,2.15,myopic,3800000110,3800000110,121.87594788857302,4,0.36,True
supported,8,2.2,dynamic,1600066610,1600066610,319.8865966796869,0,0.0,True
supported,8,2.2,dynamic,1600066590,1600066590,270.52459716796875,0,0.0,True
supported,8,2.2,dynamic,3800000120,3800000120,330.84092068735754,4,2.2,True
supported,8,2.2,dynamic,3800001520,3800001520,221.67314147949202,0,0.0,True
supported,8,2.2,dynamic,3800000127,3800000127,166.63628426297504,4,2.0,True
supported,8,2.2,dynamic,1600066510,1600066510,359.2263424161272,4,2.0,True
supported,8,2.2,dynamic,3800001611,3800001611,224.91093444824176,0,0.0,True
supported,8,2.2,dynamic,3800000110,3800000110,123.4817813938459,4,0.36,True
supported,8,2.2,myopic,1600066610,1600066610,319.8865966796869,0,0.0,True
supported,8,2.2,myopic,1600066590,1600066590,270.52459716796875,0,0.0,True
supported,8,2.2,myopic,3800000120,3800000120,330.0262213312786,4,2.2,True
supported,8,2.2,myopic,3800001520,3800001520,221.67314147949202,0,0.0,True
supported,8,2.2,myopic,3800000127,3800000127,164.50521661949162,4,2.0,True
supported,8,2.2,myopic,1600066510,1600066510,356.11043804804467,4,2.0,True
supported,8,2.2,myopic,3800001611,3800001611,224.91093444824176,0,0.0,True
supported,8,2.2,myopic,3800000110,3800000110,122.89866906309129,4,0.36,True
supported,8,2.24,dynamic,1600066610,1600066610,319.8865966796869,0,0.0,True
supported,8,2.24,dynamic,1600066590,1600066590,270.52459716796875,0,0.0,True
supported,8,2.24,dynamic,3800000120,3800000120,342.6704034736633,4,2.2,True
supported,8,2.24,dynamic,3800001520,3800001520,221.67314147949202,0,0.0,True
supported,8,2.24,dynamic,3800000127,3800000127,172.4082674142201,4,2.0,True
supported,8,2.24,dynamic,1600066510,1600066510,370.57619206339484,4,2.0,True
supported,8,2.24,dynamic,3800001611,3800001611,224.91093444824176,0,0.0,True
supported,8,2.24,dynamic,3800000110,3800000110,124.29524044977828,4,0.36,True
supported,8,2.24,myopic,1600066610,1600066610,319.8865966796869,0,0.0,True
supported,8,2.24,myopic,1600066590,1600066590,270.52459716796875,0,0.0,True
supported,8,2.24,myopic,3800000120,3800000120,341.8629522715252,4,2.2,True
supported,8,2.24,myopic,3800001520,3800001520,221.67314147949202,0,0.0,True
supported,8,2.24,myopic,3800000127,3800000127,170.3140522337596,4,2.0,True
supported,8,2.24,myopic,1600066510,1600066510,367.4734902038573,4,2.0,True
supported,8,2.24,myopic,3800001611,3800001611,224.91093444824176,0,0.0,True
supported,8,2.24,myopic,3800000110,3800000110,123.71684600270589,4,0.36,True
supported,8,2.25,dynamic,1600066610,1600066610,319.8865966796869,0,0.0,True
supported,8,2.25,dynamic,1600066590,1600066590,270.52459716796875,0,0.0,True
supported,8,2.25,dynamic,3800000120,3800000120,345.6277741702397,4,2.2,True
supported,8,2.25,dynamic,3800001520,3800001520,221.67314147949202,0,0.0,True
supported,8,2.25,dynamic,3800000127,3800000127,173.85536311467476,4,2.0,True
supported,8,2.25,dynamic,1600066510,1600066510,373.41365447521173,4,2.0,True
supported,8,2.25,dynamic,3800001611,3800001611,224.91093444824176,0,0.0,True
supported,8,2.25,dynamic,3800000110,3800000110,124.49860521376135,4,0.36,True
supported,8,2.25,myopic,1600066610,1600066610,319.8865966796869,0,0.0,True
supported,8,2.25,myopic,1600066590,1600066590,270.52459716796875,0,0.0,True
supported,8,2.25,myopic,3800000120,3800000120,344.82213500658673,4,2.2,True
supported,8,2.25,myopic,3800001520,3800001520,221.67314147949202,0,0.0,True
supported,8,2.25,myopic,3800000127,3800000127,171.76626113732655,4,2.0,True
supported,8,2.25,myopic,1600066510,1600066510,370.3142532428104,4,2.0,True
supported,8,2.25,myopic,3800001611,3800001611,224.91093444824176,0,0.0,True
supported,8,2.25,myopic,3800000110,3800000110,123.92139023760956,4,0.36,True
supported,8,2.3,dynamic,1600066610,1600066610,319.8865966796869,0,0.0,True
supported,8,2.3,dynamic,1600066590,1600066590,270.52459716796875,0,0.0,True
supported,8,2.3,dynamic,3800000120,3800000120,360.4146276531219,4,2.2,True
supported,8,2.3,dynamic,3800001520,3800001520,221.67314147949202,0,0.0,True
supported,8,2.3,dynamic,3800000127,3800000127,181.0973323917389,4,2.0,True
supported,8,2.3,dynamic,1600066510,1600066510,387.6009665342963,4,2.0,True
supported,8,2.3,dynamic,3800001611,3800001611,224.91093444824176,0,0.0,True
supported,8,2.3,dynamic,3800000110,3800000110,125.51542903367681,4,0.36,True
supported,8,2.3,myopic,1600066610,1600066610,319.8865966796869,0,0.0,True
supported,8,2.3,myopic,1600066590,1600066590,270.52459716796875,0,0.0,True
supported,8,2.3,myopic,3800000120,3800000120,359.6180486818949,4,2.2,True
supported,8,2.3,myopic,3800001520,3800001520,221.67314147949202,0,0.0,True
supported,8,2.3,myopic,3800000127,3800000127,179.02730565516154,4,2.0,True
supported,8,2.3,myopic,1600066510,1600066510,384.51806843757606,4,2.0,True
supported,8,2.3,myopic,3800001611,3800001611,224.91093444824176,0,0.0,True
supported,8,2.3,myopic,3800000110,3800000110,124.94411141212782,4,0.36,True
supported,8,2.35,dynamic,1600066610,1600066610,319.8865966796869,0,0.0,True
supported,8,2.35,dynamic,1600066590,1600066590,270.52459716796875,0,0.0,True
supported,8,2.35,dynamic,3800000120,3800000120,375.2014811360041,4,2.2,True
supported,8,2.35,dynamic,3800001520,3800001520,221.67314147949202,0,0.0,True
supported,8,2.35,dynamic,3800000127,3800000127,188.35173390070602,4,2.0,True
supported,8,2.35,dynamic,1600066510,1600066510,401.7882785933808,4,2.0,True
supported,8,2.35,dynamic,3800001611,3800001611,224.91093444824176,0,0.0,True
supported,8,2.35,dynamic,3800000110,3800000110,126.53225285359227,4,0.36,True
supported,8,2.35,myopic,1600066610,1600066610,319.8865966796869,0,0.0,True
supported,8,2.35,myopic,1600066590,1600066590,270.52459716796875,0,0.0,True
supported,8,2.35,myopic,3800000120,3800000120,374.4139623572033,4,2.2,True
supported,8,2.35,myopic,3800001520,3800001520,221.67314147949202,0,0.0,True
supported,8,2.35,myopic,3800000127,3800000127,186.28835017299653,4,2.0,True
supported,8,2.35,myopic,1600066510,1600066510,398.7218836323418,4,2.0,True
supported,8,2.35,myopic,3800001611,3800001611,224.91093444824176,0,0.0,True
supported,8,2.35,myopic,3800000110,3800000110,125.96683258664609,4,0.36,True
supported,8,2.4,dynamic,1600066610,1600066610,319.8865966796869,0,0.0,True
supported,8,2.4,dynamic,1600066590,1600066590,270.52459716796875,0,0.0,True
supported,8,2.4,dynamic,3800000120,3800000120,389.98833461888626,4,2.2,True
supported,8,2.4,dynamic,3800001520,3800001520,221.67314147949202,0,0.0,True
supported,8,2.4,dynamic,3800000127,3800000127,195.60613540967304,4,2.0,True
supported,8,2.4,dynamic,1600066510,1600066510,415.99050583267206,4,2.0,True
supported,8,2.4,dynamic,3800001611,3800001611,224.91093444824176,0,0.0,True
supported,8,2.4,dynamic,3800000110,3800000110,127.55009199269612,4,0.36,True
supported,8,2.4,myopic,1600066610,1600066610,319.8865966796869,0,0.0,True
supported,8,2.4,myopic,1600066590,1600066590,270.52459716796875,0,0.0,True
supported,8,2.4,myopic,3800000120,3800000120,389.20987603251143,4,2.2,True
supported,8,2.4,myopic,3800001520,3800001520,221.67314147949202,0,0.0,True
supported,8,2.4,myopic,3800000127,3800000127,193.54939469083152,4,2.0,True
supported,8,2.4,myopic,1600066510,1600066510,412.92569882710757,4,2.0,True
supported,8,2.4,myopic,3800001611,3800001611,224.91093444824176,0,0.0,True
supported,8,2.4,myopic,3800000110,3800000110,126.98955376116436,4,0.36,True
supported,8,2.45,dynamic,1600066610,1600066610,319.8865966796869,0,0.0,True
supported,8,2.45,dynamic,1600066590,1600066590,270.52459716796875,0,0.0,True
supported,8,2.45,dynamic,3800000120,3800000120,404.77518810176844,4,2.2,True
supported,8,2.45,dynamic,3800001520,3800001520,221.67314147949202,0,0.0,True
supported,8,2.45,dynamic,3800000127,3800000127,202.86053691864018,4,2.0,True
supported,8,2.45,dynamic,1600066510,1600066510,430.21187833182023,4,2.0,True
supported,8,2.45,dynamic,3800001611,3800001611,225.49835720348358,1,0.4,True
supported,8,2.45,dynamic,3800000110,3800000110,128.5687369478146,4,0.36,True
supported,8,2.45,myopic,1600066610,1600066610,319.8865966796869,0,0.0,True
supported,8,2.45,myopic,1600066590,1600066590,270.52459716796875,0,0.0,True
supported,8,2.45,myopic,3800000120,3800000120,404.0057897078197,4,2.2,True
supported,8,2.45,myopic,3800001520,3800001520,221.67314147949202,0,0.0,True
supported,8,2.45,myopic,3800000127,3800000127,200.8104392086665,4,2.0,True
supported,8,2.45,myopic,1600066510,1600066510,427.1295140218733,4,2.0,True
supported,8,2.45,myopic,3800001611,3800001611,202.32823676999408,4,1.6,True
supported,8,2.45,myopic,3800000110,3800000110,128.01227493568263,4,0.36,True
supported,8,2.5,dynamic,1600066610,1600066610,319.8865966796869,0,0.0,True
supported,8,2.5,dynamic,1600066590,1600066590,270.52459716796875,0,0.0,True
supported,8,2.5,dynamic,3800000120,3800000120,419.5620415846506,4,2.2,True
supported,8,2.5,dynamic,3800001520,3800001520,221.67314147949202,0,0.0,True
supported,8,2.5,dynamic,3800000127,3800000127,210.11493842760726,4,2.0,True
supported,8,2.5,dynamic,1600066510,1600066510,444.4332508309682,4,2.0,True
supported,8,2.5,dynamic,3800001611,3800001611,226.8530733394623,1,0.4,True
supported,8,2.5,dynamic,3800000110,3800000110,129.58738190293312,4,0.36,True
supported,8,2.5,myopic,1600066610,1600066610,319.8865966796869,0,0.0,True
supported,8,2.5,myopic,1600066590,1600066590,270.52459716796875,0,0.0,True
supported,8,2.5,myopic,3800000120,3800000120,418.80170338312786,4,2.2,True
supported,8,2.5,myopic,3800001520,3800001520,221.67314147949202,0,0.0,True
supported,8,2.5,myopic,3800000127,3800000127,208.0714837265015,4,2.0,True
supported,8,2.5,myopic,1600066510,1600066510,441.3333292166391,4,2.0,True
supported,8,2.5,myopic,3800001611,3800001611,207.77072612126665,4,1.6,True
supported,8,2.5,myopic,3800000110,3800000110,129.0349961102009,4,0.36,True
supported,8,2.55,dynamic,1600066610,1600066610,319.8865966796869,0,0.0,True
supported,8,2.55,dynamic,1600066590,1600066590,272.11467340564735,1,0.5,True
supported,8,2.55,dynamic,3800000120,3800000120,434.3488950675328,4,2.2,True
supported,8,2.55,dynamic,3800001520,3800001520,221.70079285287852,1,0.04,True
supported,8,2.55,dynamic,3800000127,3800000127,217.36933993657428,4,2.0,True
supported,8,2.55,dynamic,1600066510,1600066510,458.6546233301161,4,2.0,True
supported,8,2.55,dynamic,3800001611,3800001611,228.20778947544096,1,0.4,True
supported,8,2.55,dynamic,3800000110,3800000110,130.60602685805162,4,0.36,True
supported,8,2.55,myopic,1600066610,1600066610,319.8865966796869,0,0.0,True
supported,8,2.55,myopic,1600066590,1600066590,263.7263978500365,4,2.0,True
supported,8,2.55,myopic,3800000120,3800000120,433.597617058436,4,2.2,True
supported,8,2.55,myopic,3800001520,3800001520,220.05990056562422,4,0.16,True
supported,8,2.55,myopic,3800000127,3800000127,215.33252824433643,4,2.0,True
supported,8,2.55,myopic,1600066510,1600066510,455.5371444114047,4,2.0,True
supported,8,2.55,myopic,3800001611,3800001611,213.21321547253922,4,1.6,True
supported,8,2.55,myopic,3800000110,3800000110,130.05771728471916,4,0.36,True
supported,8,2.6,dynamic,1600066610,1600066610,319.8865966796869,0,0.0,True
supported,8,2.6,dynamic,1600066590,1600066590,277.30246104303995,4,2.0,True
supported,8,2.6,dynamic,3800000120,3800000120,449.135748550415,4,2.2,True
supported,8,2.6,dynamic,3800001520,3800001520,221.78482852745051,1,0.04,True
supported,8,2.6,dynamic,3800000127,3800000127,224.6237414455414,4,2.0,True
supported,8,2.6,dynamic,1600066510,1600066510,472.8759958292643,4,2.0,True
supported,8,2.6,dynamic,3800001611,3800001611,229.56250561141968,1,0.4,True
supported,8,2.6,dynamic,3800000110,3800000110,131.62467181317012,4,0.36,True
supported,8,2.6,myopic,1600066610,1600066610,319.8865966796869,0,0.0,True
supported,8,2.6,myopic,1600066590,1600066590,274.2606943168639,4,2.0,True
supported,8,2.6,myopic,3800000120,3800000120,448.3935307337444,4,2.2,True
supported,8,2.6,myopic,3800001520,3800001520,220.40616576449074,4,0.16,True
supported,8,2.6,myopic,3800000127,3800000127,222.59357276217148,4,2.0,True
supported,8,2.6,myopic,1600066510,1600066510,469.74095960617046,4,2.0,True
supported,8,2.6,myopic,3800001611,3800001611,218.65570482381185,4,1.6,True
supported,8,2.6,myopic,3800000110,3800000110,131.08043845923743,4,0.36,True
supported,8,2.65,dynamic,1600066610,1600066610,322.65957547054194,2,1.0,True
supported,8,2.65,dynamic,1600066590,1600066590,287.7316779003142,4,2.0,True
supported,8,2.65,dynamic,3800000120,3800000120,463.92260203329715,4,2.2,True
supported,8,2.65,dynamic,3800001520,3800001520,221.8688642020225,1,0.04,True
supported,8,2.65,dynamic,3800000127,3800000127,231.8781429545085,4,2.0,True
supported,8,2.65,dynamic,1600066510,1600066510,487.09736832841224,4,2.0,True
supported,8,2.65,dynamic,3800001611,3800001611,230.93948616464934,2,0.8,True
supported,8,2.65,dynamic,3800000110,3800000110,132.6433167682886,4,0.36,True
supported,8,2.65,myopic,1600066610,1600066610,320.0207936833701,4,2.0,True
supported,8,2.65,myopic,1600066590,1600066590,284.79499078369133,4,2.0,True
supported,8,2.65,myopic,3800000120,3800000120,463.18944440905256,4,2.2,True
supported,8,2.65,myopic,3800001520,3800001520,220.75243096335726,4,0.16,True
supported,8,2.65,myopic,3800000127,3800000127,229.8546172800064,4,2.0,True
supported,8,2.65,myopic,1600066510,1600066510,483.9447748009362,4,2.0,True
supported,8,2.65,myopic,3800001611,3800001611,224.09819417508442,4,1.6,True
supported,8,2.65,myopic,3800000110,3800000110,132.1031596337557,4,0.36,True
supported,8,2.7,dynamic,1600066610,1600066610,333.3066313203175,4,2.0,True
supported,8,2.7,dynamic,1600066590,1600066590,298.1808561140695,4,2.0,True
supported,8,2.7,dynamic,3800000120,3800000120,478.70945551617933,4,2.2,True
supported,8,2.7,dynamic,3800001520,3800001520,221.9528998765945,1,0.04,True
supported,8,2.7,dynamic,3800000127,3800000127,239.14641973495492,4,2.0,True
supported,8,2.7,dynamic,1600066510,1600066510,501.3187408275604,4,2.0,True
supported,8,2.7,dynamic,3800001611,3800001611,235.26670232105255,4,1.6,True
supported,8,2.7,dynamic,3800000110,3800000110,133.6619617234071,4,0.36,True
supported,8,2.7,myopic,1600066610,1600066610,330.9378101209007,4,2.0,True
supported,8,2.7,myopic,1600066590,1600066590,295.32928725051875,4,2.0,True
supported,8,2.7,myopic,3800000120,3800000120,477.9853580843608,4,2.2,True
supported,8,2.7,myopic,3800001520,3800001520,221.0986961622238,4,0.16,True
supported,8,2.7,myopic,3800000127,3800000127,237.11566179784145,4,2.0,True
supported,8,2.7,myopic,1600066510,1600066510,498.14858999570197,4,2.0,True
supported,8,2.7,myopic,3800001611,3800001611,229.540683526357,4,1.6,True
supported,8,2.7,myopic,3800000110,3800000110,133.12588080827396,4,0.36,True
supported,8,2.75,dynamic,1600066610,1600066610,344.18786586602516,4,2.0,True
supported,8,2.75,dynamic,1600066590,1600066590,308.6707430585225,4,2.0,True
supported,8,2.75,dynamic,3800000120,3800000120,493.4963089990615,4,2.2,True
supported,8,2.75,dynamic,3800001520,3800001520,222.04875213156146,2,0.08,True
supported,8,2.75,dynamic,3800000127,3800000127,246.41824658234918,4,2.0,True
supported,8,2.75,dynamic,1600066510,1600066510,515.5401133267085,4,2.0,True
supported,8,2.75,dynamic,3800001611,3800001611,240.72125520626702,4,1.6,True
supported,8,2.75,dynamic,3800000110,3800000110,134.6806066785256,4,0.36,True
supported,8,2.75,myopic,1600066610,1600066610,341.85482655843117,4,2.0,True
supported,8,2.75,myopic,1600066590,1600066590,305.86358371734616,4,2.0,True
supported,8,2.75,myopic,3800000120,3800000120,492.781271759669,4,2.2,True
supported,8,2.75,myopic,3800001520,3800001520,221.44496136109032,4,0.16,True
supported,8,2.75,myopic,3800000127,3800000127,244.3767063156764,4,2.0,True
supported,8,2.75,myopic,1600066510,1600066510,512.3524051904676,4,2.0,True
supported,8,2.75,myopic,3800001611,3800001611,234.98317287762956,4,1.6,True
supported,8,2.75,myopic,3800000110,3800000110,134.14860198279223,4,0.36,True
supported,8,2.8,dynamic,1600066610,1600066610,355.07254010899874,4,2.0,True
supported,8,2.8,dynamic,1600066590,1600066590,319.1704923464457,4,2.0,True
supported,8,2.8,dynamic,3800000120,3800000120,508.2831624819437,4,2.2,True
supported,8,2.8,dynamic,3800001520,3800001520,222.4279048353831,3,0.27,True
supported,8,2.8,dynamic,3800000127,3800000127,253.6900734297435,4,2.0,True
supported,8,2.8,dynamic,1600066510,1600066510,529.7614858258564,4,2.0,True
supported,8,2.8,dynamic,3800001611,3800001611,246.1829300783475,4,1.6,True
supported,8,2.8,dynamic,3800000110,3800000110,135.6992516336441,4,0.36,True
supported,8,2.8,myopic,1600066610,1600066610,352.77184299596166,4,2.0,True
supported,8,2.8,myopic,1600066590,1600066590,316.39788018417346,4,2.0,True
supported,8,2.8,myopic,3800000120,3800000120,507.57718543497725,4,2.2,True
supported,8,2.8,myopic,3800001520,3800001520,216.3788195114136,4,0.76,False
supported,8,2.8,myopic,3800000127,3800000127,251.63775083351138,4,2.0,True
supported,8,2.8,myopic,1600066510,1600066510,526.5562203852334,4,2.0,True
supported,8,2.8,myopic,3800001611,3800001611,240.42566222890213,4,1.6,True
supported,8,2.8,myopic,3800000110,3800000110,135.1713231573105,4,0.36,True
supported,8,2.85,dynamic,1600066610,1600066610,365.9613133014045,4,2.0,True
supported,8,2.85,dynamic,1600066590,1600066590,329.6857733999889,4,2.0,True
supported,8,2.85,dynamic,3800000120,3800000120,523.0700159648259,4,2.2,True
supported,8,2.85,dynamic,3800001520,3800001520,223.62687620043755,4,0.61,True
supported,8,2.85,dynamic,3800000127,3800000127,260.96190027713783,4,2.0,True
supported,8,2.85,dynamic,1600066510,1600066510,543.9828583250046,4,2.0,True
supported,8,2.85,dynamic,3800001611,3800001611,251.644604950428,4,1.6,True
supported,8,2.85,dynamic,3800000110,3800000110,136.71789658876258,4,0.36,True
supported,8,2.85,myopic,1600066610,1600066610,363.68885943349215,4,2.0,True
supported,8,2.85,myopic,1600066590,1600066590,326.9321766510009,4,2.0,True
supported,8,2.85,myopic,3800000120,3800000120,522.3730991102855,4,2.2,True
supported,8,2.85,myopic,3800001520,3800001520,209.02121331119525,4,1.96,True
supported,8,2.85,myopic,3800000127,3800000127,258.8987953513464,4,2.0,True
supported,8,2.85,myopic,1600066510,1600066510,540.7600355799991,4,2.0,True
supported,8,2.85,myopic,3800001611,3800001611,245.86815158017475,4,1.6,True
supported,8,2.85,myopic,3800000110,3800000110,136.19404433182876,4,0.36,True
supported,8,2.9,dynamic,1600066610,1600066610,376.8500864938102,4,2.0,True
supported,8,2.9,dynamic,1600066590,1600066590,340.2010544535319,4,2.0,True
supported,8,2.9,dynamic,3800000120,3800000120,537.856869447708,4,2.2,True
supported,8,2.9,dynamic,3800001520,3800001520,226.4846425183614,4,0.61,True
supported,8,2.9,dynamic,3800000127,3800000127,268.2337271245321,4,2.0,True
supported,8,2.9,dynamic,1600066510,1600066510,558.2042308241525,4,2.0,True
supported,8,2.9,dynamic,3800001611,3800001611,257.10627982250844,4,1.6,True
supported,8,2.9,dynamic,3800000110,3800000110,137.7365415438811,4,0.36,True
supported,8,2.9,myopic,1600066610,1600066610,374.60587587102265,4,2.0,True
supported,8,2.9,myopic,1600066590,1600066590,337.4664731178283,4,2.0,True
supported,8,2.9,myopic,3800000120,3800000120,537.1690127855936,4,2.2,True
supported,8,2.9,myopic,3800001520,3800001520,219.44905484453824,4,1.96,True
supported,8,2.9,myopic,3800000127,3800000127,266.1598398691814,4,2.0,True
supported,8,2.9,myopic,1600066510,1600066510,554.9638507747648,4,2.0,True
supported,8,2.9,myopic,3800001611,3800001611,251.31064093144732,4,1.6,True
supported,8,2.9,myopic,3800000110,3800000110,137.21676550634703,4,0.36,True
supported,8,2.95,dynamic,1600066610,1600066610,387.73885968621596,4,2.0,True
supported,8,2.95,dynamic,1600066590,1600066590,350.716335507075,4,2.0,True
supported,8,2.95,dynamic,3800000120,3800000120,552.6437229305902,4,2.2,True
supported,8,2.95,dynamic,3800001520,3800001520,234.2374317865373,4,1.96,True
supported,8,2.95,dynamic,3800000127,3800000127,275.5055539719265,4,2.0,True
supported,8,2.95,dynamic,1600066510,1600066510,572.4256033233007,4,2.0,True
supported,8,2.95,dynamic,3800001611,3800001611,262.567954694589,4,1.6,True
supported,8,2.95,dynamic,3800000110,3800000110,138.7555422503551,4,0.36,True
supported,8,2.95,myopic,1600066610,1600066610,385.52289230855325,4,2.0,True
supported,8,2.95,myopic,1600066590,1600066590,348.0007695846557,4,2.0,True
supported,8,2.95,myopic,3800000120,3800000120,551.964926460902,4,2.2,True
supported,8,2.95,myopic,3800001520,3800001520,229.87689637788122,4,1.96,True
supported,8,2.95,myopic,3800000127,3800000127,273.4208843870164,4,2.0,True
supported,8,2.95,myopic,1600066510,1600066510,569.1676659695306,4,2.0,True
supported,8,2.95,myopic,3800001611,3800001611,256.75313028271995,4,1.6,True
supported,8,2.95,myopic,3800000110,3800000110,138.2394866808653,4,0.36,True
supported,8,3.0,dynamic,1600066610,1600066610,398.6426571782431,4,2.0,True
supported,8,3.0,dynamic,1600066590,1600066590,361.231616560618,4,2.0,True
supported,8,3.0,dynamic,3800000120,3800000120,567.4305764134724,4,2.2,True
supported,8,3.0,dynamic,3800001520,3800001520,244.56125557581584,4,1.96,True
supported,8,3.0,dynamic,3800000127,3800000127,282.77738081932074,4,2.0,True
supported,8,3.0,dynamic,1600066510,1600066510,586.6469758224487,4,2.0,True
supported,8,3.0,dynamic,3800001611,3800001611,268.0296295666694,4,1.6,True
supported,8,3.0,dynamic,3800000110,3800000110,139.77519246816635,4,0.36,True
supported,8,3.0,myopic,1600066610,1600066610,396.43990874608374,4,2.0,True
supported,8,3.0,myopic,1600066590,1600066590,358.5350660514831,4,2.0,True
supported,8,3.0,myopic,3800000120,3800000120,566.7608401362102,4,2.2,True
supported,8,3.0,myopic,3800001520,3800001520,240.3047379112242,4,1.96,True
supported,8,3.0,myopic,3800000127,3800000127,280.68192890485125,4,2.0,True
supported,8,3.0,myopic,1600066510,1600066510,583.3714811642963,4,2.0,True
supported,8,3.0,myopic,3800001611,3800001611,262.1956196339925,4,1.6,True
supported,8,3.0,myopic,3800000110,3800000110,139.26220785538356,4,0.36,True
supported,8,3.05,dynamic,1600066610,1600066610,409.55060953776047,4,2.0,True
supported,8,3.05,dynamic,1600066590,1600066590,371.7468976141612,4,2.0,True
supported,8,3.05,dynamic,3800000120,3800000120,582.2174298963546,4,2.2,True
supported,8,3.05,dynamic,3800001520,3800001520,254.91823377895344,4,1.96,True
supported,8,3.05,dynamic,3800000127,3800000127,290.049207666715,4,2.0,True
supported,8,3.05,dynamic,1600066510,1600066510,600.8683483215966,4,2.0,True
supported,8,3.05,dynamic,3800001611,3800001611,273.4913044387499,4,1.6,True
supported,8,3.05,dynamic,3800000110,3800000110,140.7948426859776,4,0.36,True
supported,8,3.05,myopic,1600066610,1600066610,407.35692518361424,4,2.0,True
supported,8,3.05,myopic,1600066590,1600066590,369.0693625183104,4,2.0,True
supported,8,3.05,myopic,3800000120,3800000120,581.5567538115183,4,2.2,True
supported,8,3.05,myopic,3800001520,3800001520,250.7325794445672,4,1.96,True
supported,8,3.05,myopic,3800000127,3800000127,287.94297342268624,4,2.0,True
supported,8,3.05,myopic,1600066510,1600066510,597.5752963590619,4,2.0,True
supported,8,3.05,myopic,3800001611,3800001611,267.63810898526503,4,1.6,True
supported,8,3.05,myopic,3800000110,3800000110,140.28492902990183,4,0.36,True
supported,8,3.1,dynamic,1600066610,1600066610,420.45856189727795,4,2.0,True
supported,8,3.1,dynamic,1600066590,1600066590,382.26217866770423,4,2.0,True
supported,8,3.1,dynamic,3800000120,3800000120,597.0042833792368,4,2.2,True
supported,8,3.1,dynamic,3800001520,3800001520,265.31951260439564,4,1.96,True
supported,8,3.1,dynamic,3800000127,3800000127,297.3210345141094,4,2.0,True
supported,8,3.1,dynamic,1600066510,1600066510,615.0897208207448,4,2.0,True
supported,8,3.1,dynamic,3800001611,3800001611,278.9529793108304,4,1.6,True
supported,8,3.1,dynamic,3800000110,3800000110,141.8144929037889,4,0.36,True
supported,8,3.1,myopic,1600066610,1600066610,418.27394162114484,4,2.0,True
supported,8,3.1,myopic,1600066590,1600066590,379.60365898513794,4,2.0,True
supported,8,3.1,myopic,3800000120,3800000120,596.3526674868267,4,2.2,True
supported,8,3.1,myopic,3800001520,3800001520,261.1604209779102,4,1.96,True
supported,8,3.1,myopic,3800000127,3800000127,295.2040179405212,4,2.0,True
supported,8,3.1,myopic,1600066510,1600066510,611.7791115538278,4,2.0,True
supported,8,3.1,myopic,3800001611,3800001611,273.08059833653766,4,1.6,True
supported,8,3.1,myopic,3800000110,3800000110,141.3076502044201,4,0.36,True
supported,8,3.15,dynamic,1600066610,1600066610,431.3665142567953,4,2.0,True
supported,8,3.15,dynamic,1600066590,1600066590,392.7774597212473,4,2.0,True
supported,8,3.15,dynamic,3800000120,3800000120,611.791136862119,4,2.2,True
supported,8,3.15,dynamic,3800001520,3800001520,275.73333435980476,4,1.96,True
supported,8,3.15,dynamic,3800000127,3800000127,304.59286136150365,4,2.0,True
supported,8,3.15,dynamic,1600066510,1600066510,629.3110933198927,4,2.0,True
supported,8,3.15,dynamic,3800001611,3800001611,284.4146541829109,4,1.6,True
supported,8,3.15,dynamic,3800000110,3800000110,142.83414312160016,4,0.36,True
supported,8,3.15,myopic,1600066610,1600066610,429.19095805867533,4,2.0,True
supported,8,3.15,myopic,1600066590,1600066590,390.13795545196524,4,2.0,True
supported,8,3.15,myopic,3800000120,3800000120,611.1485811621349,4,2.2,True
supported,8,3.15,myopic,3800001520,3800001520,271.58826251125316,4,1.96,True
supported,8,3.15,myopic,3800000127,3800000127,302.4650624583562,4,2.0,True
supported,8,3.15,myopic,1600066510,1600066510,625.9829267485934,4,2.0,True
supported,8,3.15,myopic,3800001611,3800001611,278.52308768781023,4,1.6,True
supported,8,3.15,myopic,3800000110,3800000110,142.33037137893837,4,0.36,True
supported,8,3.2,dynamic,1600066610,1600066610,442.2744666163128,4,2.0,True
supported,8,3.2,dynamic,1600066590,1600066590,403.29274077479045,4,2.0,True
supported,8,3.2,dynamic,3800000120,3800000120,626.5779903450011,4,2.2,True
supported,8,3.2,dynamic,3800001520,3800001520,286.16966937001547,4,1.96,True
supported,8,3.2,dynamic,3800000127,3800000127,311.864688208898,4,2.0,True
supported,8,3.2,dynamic,1600066510,1600066510,643.5324658190409,4,2.0,True
supported,8,3.2,dynamic,3800001611,3800001611,289.8763290549914,4,1.6,True
supported,8,3.2,dynamic,3800000110,3800000110,143.85379333941142,4,0.36,True
supported,8,3.2,myopic,1600066610,1600066610,440.1079744962058,4,2.0,True
supported,8,3.2,myopic,1600066590,1600066590,400.67225191879265,4,2.0,True
supported,8,3.2,myopic,3800000120,3800000120,625.944494837443,4,2.2,True
supported,8,3.2,myopic,3800001520,3800001520,282.01610404459626,4,1.96,True
supported,8,3.2,myopic,3800000127,3800000127,309.7261069761912,4,2.0,True
supported,8,3.2,myopic,1600066510,1600066510,640.1867419433592,4,2.0,True
supported,8,3.2,myopic,3800001611,3800001611,283.96557703908286,4,1.6,True
supported,8,3.2,myopic,3800000110,3800000110,143.35309255345663,4,0.36,True
unrestricted,1,1.2,dynamic,1600066610,1600066610,319.8865966796869,0,0.0,True
unrestricted,1,1.2,dynamic,1600066590,1600066590,270.52459716796875,0,0.0,True
unrestricted,1,1.2,dynamic,3800000120,3800000120,168.6797027587895,0,0.0,True
unrestricted,1,1.2,dynamic,3800001520,3800001520,221.67314147949202,0,0.0,True
unrestricted,1,1.2,dynamic,3800000127,3800000127,162.18809509277338,0,0.0,True
unrestricted,1,1.2,dynamic,1600066510,1600066510,269.8931274414066,0,0.0,True
unrestricted,1,1.2,dynamic,3800001611,3800001611,224.91093444824176,0,0.0,True
unrestricted,1,1.2,dynamic,3800000110,3800000110,109.29181671142571,0,0.0,True
unrestricted,1,1.2,myopic,1600066610,1600066610,319.8865966796869,0,0.0,True
unrestricted,1,1.2,myopic,1600066590,1600066590,270.52459716796875,0,0.0,True
unrestricted,1,1.2,myopic,3800000120,3800000120,168.6797027587895,0,0.0,True
unrestricted,1,1.2,myopic,3800001520,3800001520,221.67314147949202,0,0.0,True
unrestricted,1,1.2,myopic,3800000127,3800000127,162.18809509277338,0,0.0,True
unrestricted,1,1.2,myopic,1600066510,1600066510,269.8931274414066,0,0.0,True
unrestricted,1,1.2,myopic,3800001611,3800001611,224.91093444824176,0,0.0,True
unrestricted,1,1.2,myopic,3800000110,3800000110,109.29181671142571,0,0.0,True
unrestricted,1,1.25,dynamic,1600066610,1600066610,319.8865966796869,0,0.0,True
unrestricted,1,1.25,dynamic,1600066590,1600066590,270.52459716796875,0,0.0,True
unrestricted,1,1.25,dynamic,3800000120,3800000120,168.6797027587895,0,0.0,True
unrestricted,1,1.25,dynamic,3800001520,3800001520,221.67314147949202,0,0.0,True
unrestricted,1,1.25,dynamic,3800000127,3800000127,162.18809509277338,0,0.0,True
unrestricted,1,1.25,dynamic,1600066510,1600066510,269.8931274414066,0,0.0,True
unrestricted,1,1.25,dynamic,3800001611,3800001611,224.91093444824176,0,0.0,True
unrestricted,1,1.25,dynamic,3800000110,3800000110,109.29181671142571,0,0.0,True
unrestricted,1,1.25,myopic,1600066610,1600066610,319.8865966796869,0,0.0,True
unrestricted,1,1.25,myopic,1600066590,1600066590,270.52459716796875,0,0.0,True
unrestricted,1,1.25,myopic,3800000120,3800000120,168.6797027587895,0,0.0,True
unrestricted,1,1.25,myopic,3800001520,3800001520,221.67314147949202,0,0.0,True
unrestricted,1,1.25,myopic,3800000127,3800000127,162.18809509277338,0,0.0,True
unrestricted,1,1.25,myopic,1600066510,1600066510,269.8931274414066,0,0.0,True
unrestricted,1,1.25,myopic,3800001611,3800001611,224.91093444824176,0,0.0,True
unrestricted,1,1.25,myopic,3800000110,3800000110,109.29181671142571,0,0.0,True
unrestricted,1,1.3,dynamic,1600066610,1600066610,319.8865966796869,0,0.0,True
unrestricted,1,1.3,dynamic,1600066590,1600066590,270.52459716796875,0,0.0,True
unrestricted,1,1.3,dynamic,3800000120,3800000120,168.6797027587895,0,0.0,True
unrestricted,1,1.3,dynamic,3800001520,3800001520,221.67314147949202,0,0.0,True
unrestricted,1,1.3,dynamic,3800000127,3800000127,162.18809509277338,0,0.0,True
unrestricted,1,1.3,dynamic,1600066510,1600066510,269.8931274414066,0,0.0,True
unrestricted,1,1.3,dynamic,3800001611,3800001611,224.91093444824176,0,0.0,True
unrestricted,1,1.3,dynamic,3800000110,3800000110,109.29181671142571,0,0.0,True
unrestricted,1,1.3,myopic,1600066610,1600066610,319.8865966796869,0,0.0,True
unrestricted,1,1.3,myopic,1600066590,1600066590,270.52459716796875,0,0.0,True
unrestricted,1,1.3,myopic,3800000120,3800000120,168.6797027587895,0,0.0,True
unrestricted,1,1.3,myopic,3800001520,3800001520,221.67314147949202,0,0.0,True
unrestricted,1,1.3,myopic,3800000127,3800000127,162.18809509277338,0,0.0,True
unrestricted,1,1.3,myopic,1600066510,1600066510,269.8931274414066,0,0.0,True
unrestricted,1,1.3,myopic,3800001611,3800001611,224.91093444824176,0,0.0,True
unrestricted,1,1.3,myopic,3800000110,3800000110,109.29181671142571,0,0.0,True
unrestricted,1,1.35,dynamic,1600066610,1600066610,319.8865966796869,0,0.0,True
unrestricted,1,1.35,dynamic,1600066590,1600066590,270.52459716796875,0,0.0,True
unrestricted,1,1.35,dynamic,3800000120,3800000120,168.6797027587895,0,0.0,True
unrestricted,1,1.35,dynamic,3800001520,3800001520,221.67314147949202,0,0.0,True
unrestricted,1,1.35,dynamic,3800000127,3800000127,162.18809509277338,0,0.0,True
unrestricted,1,1.35,dynamic,1600066510,1600066510,269.8931274414066,0,0.0,True
unrestricted,1,1.35,dynamic,3800001611,3800001611,224.91093444824176,0,0.0,True
unrestricted,1,1.35,dynamic,3800000110,3800000110,109.29181671142571,0,0.0,True
unrestricted,1,1.35,myopic,1600066610,1600066610,319.8865966796869,0,0.0,True
unrestricted,1,1.35,myopic,1600066590,1600066590,270.52459716796875,0,0.0,True
unrestricted,1,1.35,myopic,3800000120,3800000120,168.6797027587895,0,0.0,True
unrestricted,1,1.35,myopic,3800001520,3800001520,221.67314147949202,0,0.0,True
unrestricted,1,1.35,myopic,3800000127,3800000127,162.18809509277338,0,0.0,True
unrestricted,1,1.35,myopic,1600066510,1600066510,269.8931274414066,0,0.0,True
unrestricted,1,1.35,myopic,3800001611,3800001611,224.91093444824176,0,0.0,True
unrestricted,1,1.35,myopic,3800000110,3800000110,109.29181671142571,0,0.0,True
unrestricted,1,1.4,dynamic,1600066610,1600066610,319.8865966796869,0,0.0,True
unrestricted,1,1.4,dynamic,1600066590,1600066590,270.52459716796875,0,0.0,True
unrestricted,1,1.4,dynamic,3800000120,3800000120,168.6797027587895,0,0.0,True
unrestricted,1,1.4,dynamic,3800001520,3800001520,221.67314147949202,0,0.0,True
unrestricted,1,1.4,dynamic,3800000127,3800000127,162.18809509277338,0,0.0,True
unrestricted,1,1.4,dynamic,1600066510,1600066510,269.8931274414066,0,0.0,True
unrestricted,1,1.4,dynamic,3800001611,3800001611,224.91093444824176,0,0.0,True
unrestricted,1,1.4,dynamic,3800000110,3800000110,109.59064659309385,1,0.3,False
unrestricted,1,1.4,myopic,1600066610,1600066610,319.8865966796869,0,0.0,True
unrestricted,1,1.4,myopic,1600066590,1600066590,270.52459716796875,0,0.0,True
unrestricted,1,1.4,myopic,3800000120,3800000120,168.6797027587895,0,0.0,True
unrestricted,1,1.4,myopic,3800001520,3800001520,221.67314147949202,0,0.0,True
unrestricted,1,1.4,myopic,3800000127,3800000127,162.18809509277338,0,0.0,True
unrestricted,1,1.4,myopic,1600066510,1600066510,269.8931274414066,0,0.0,True
unrestricted,1,1.4,myopic,3800001611,3800001611,224.91093444824176,0,0.0,True
unrestricted,1,1.4,myopic,3800000110,3800000110,101.24974987475075,4,1.2,False
unrestricted,1,1.45,dynamic,1600066610,1600066610,319.8865966796869,0,0.0,True
unrestricted,1,1.45,dynamic,1600066590,1600066590,270.52459716796875,0,0.0,True
unrestricted,1,1.45,dynamic,3800000120,3800000120,168.6797027587895,0,0.0,True
unrestricted,1,1.45,dynamic,3800001520,3800001520,221.67314147949202,0,0.0,True
unrestricted,1,1.45,dynamic,3800000127,3800000127,162.18809509277338,0,0.0,True
unrestricted,1,1.45,dynamic,1600066510,1600066510,269.8931274414066,0,0.0,True
unrestricted,1,1.45,dynamic,3800001611,3800001611,224.91093444824176,0,0.0,True
unrestricted,1,1.45,dynamic,3800000110,3800000110,110.79541084623335,1,0.3,False
unrestricted,1,1.45,myopic,1600066610,1600066610,319.8865966796869,0,0.0,True
unrestricted,1,1.45,myopic,1600066590,1600066590,270.52459716796875,0,0.0,True
unrestricted,1,1.45,myopic,3800000120,3800000120,168.6797027587895,0,0.0,True
unrestricted,1,1.45,myopic,3800001520,3800001520,221.67314147949202,0,0.0,True
unrestricted,1,1.45,myopic,3800000127,3800000127,162.18809509277338,0,0.0,True
unrestricted,1,1.45,myopic,1600066510,1600066510,269.8931274414066,0,0.0,True
unrestricted,1,1.45,myopic,3800001611,3800001611,224.91093444824176,0,0.0,True
unrestricted,1,1.45,myopic,3800000110,3800000110,106.06463555876412,4,1.2,False
unrestricted,1,1.5,dynamic,1600066610,1600066610,319.8865966796869,0,0.0,True
unrestricted,1,1.5,dynamic,1600066590,1600066590,270.52459716796875,0,0.0,True
unrestricted,1,1.5,dynamic,3800000120,3800000120,168.6797027587895,0,0.0,True
unrestricted,1,1.5,dynamic,3800001520,3800001520,221.67314147949202,0,0.0,True
unrestricted,1,1.5,dynamic,3800000127,3800000127,162.18809509277338,0,0.0,True
unrestricted,1,1.5,dynamic,1600066510,1600066510,269.8931274414066,0,0.0,True
unrestricted,1,1.5,dynamic,3800001611,3800001611,224.91093444824176,0,0.0,True
unrestricted,1,1.5,dynamic,3800000110,3800000110,113.04517410914103,4,1.2,False
unrestricted,1,1.5,myopic,1600066610,1600066610,319.8865966796869,0,0.0,True
unrestricted,1,1.5,myopic,1600066590,1600066590,270.52459716796875,0,0.0,True
unrestricted,1,1.5,myopic,3800000120,3800000120,168.6797027587895,0,0.0,True
unrestricted,1,1.5,myopic,3800001520,3800001520,221.67314147949202,0,0.0,True
unrestricted,1,1.5,myopic,3800000127,3800000127,162.18809509277338,0,0.0,True
unrestricted,1,1.5,myopic,1600066510,1600066510,269.8931274414066,0,0.0,True
unrestricted,1,1.5,myopic,3800001611,3800001611,224.91093444824176,0,0.0,True
unrestricted,1,1.5,myopic,3800000110,3800000110,110.8795212427775,4,1.2,False
unrestricted,1,1.55,dynamic,1600066610,1600066610,319.8865966796869,0,0.0,True
unrestricted,1,1.55,dynamic,1600066590,1600066590,270.52459716796875,0,0.0,True
unrestricted,1,1.55,dynamic,3800000120,3800000120,168.6797027587895,0,0.0,True
unrestricted,1,1.55,dynamic,3800001520,3800001520,221.67314147949202,0,0.0,True
unrestricted,1,1.55,dynamic,3800000127,3800000127,162.18809509277338,0,0.0,True
unrestricted,1,1.55,dynamic,1600066510,1600066510,269.8931274414066,0,0.0,True
unrestricted,1,1.55,dynamic,3800001611,3800001611,224.91093444824176,0,0.0,True
unrestricted,1,1.55,dynamic,3800000110,3800000110,117.81203131405512,4,1.2,False
unrestricted,1,1.55,myopic,1600066610,1600066610,319.8865966796869,0,0.0,True
unrestricted,1,1.55,myopic,1600066590,1600066590,270.52459716796875,0,0.0,True
unrestricted,1,1.55,myopic,3800000120,3800000120,168.6797027587895,0,0.0,True
unrestricted,1,1.55,myopic,3800001520,3800001520,221.67314147949202,0,0.0,True
unrestricted,1,1.55,myopic,3800000127,3800000127,162.18809509277338,0,0.0,True
unrestricted,1,1.55,myopic,1600066510,1600066510,269.8931274414066,0,0.0,True
unrestricted,1,1.55,myopic,3800001611,3800001611,224.91093444824176,0,0.0,True
unrestricted,1,1.55,myopic,3800000110,3800000110,115.69440692679085,4,1.2,False
unrestricted,1,1.6,dynamic,1600066610,1600066610,319.8865966796869,0,0.0,True
unrestricted,1,1.6,dynamic,1600066590,1600066590,270.52459716796875,0,0.0,True
unrestricted,1,1.6,dynamic,3800000120,3800000120,168.6797027587895,0,0.0,True
unrestricted,1,1.6,dynamic,3800001520,3800001520,221.67314147949202,0,0.0,True
unrestricted,1,1.6,dynamic,3800000127,3800000127,162.18809509277338,0,0.0,True
unrestricted,1,1.6,dynamic,1600066510,1600066510,269.8931274414066,0,0.0,True
unrestricted,1,1.6,dynamic,3800001611,3800001611,224.91093444824176,0,0.0,True
unrestricted,1,1.6,dynamic,3800000110,3800000110,122.57888851896921,4,1.2,False
unrestricted,1,1.6,myopic,1600066610,1600066610,319.8865966796869,0,0.0,True
unrestricted,1,1.6,myopic,1600066590,1600066590,270.52459716796875,0,0.0,True
unrestricted,1,1.6,myopic,3800000120,3800000120,168.6797027587895,0,0.0,True
unrestricted,1,1.6,myopic,3800001520,3800001520,221.67314147949202,0,0.0,True
unrestricted,1,1.6,myopic,3800000127,3800000127,162.18809509277338,0,0.0,True
unrestricted,1,1.6,myopic,1600066510,1600066510,269.8931274414066,0,0.0,True
unrestricted,1,1.6,myopic,3800001611,3800001611,224.91093444824176,0,0.0,True
unrestricted,1,1.6,myopic,3800000110,3800000110,120.50929261080422,4,1.2,False
unrestricted,1,1.65,dynamic,1600066610,1600066610,319.8865966796869,0,0.0,True
unrestricted,1,1.65,dynamic,1600066590,1600066590,270.52459716796875,0,0.0,True
unrestricted,1,1.65,dynamic,3800000120,3800000120,169.27387339321774,4,1.2,True
unrestricted,1,1.65,dynamic,3800001520,3800001520,221.67314147949202,0,0.0,True
unrestricted,1,1.65,dynamic,3800000127,3800000127,162.18809509277338,0,0.0,True
unrestricted,1,1.65,dynamic,1600066510,1600066510,269.8931274414066,0,0.0,True
unrestricted,1,1.65,dynamic,3800001611,3800001611,224.91093444824176,0,0.0,True
unrestricted,1,1.65,dynamic,3800000110,3800000110,127.36337557156881,4,1.2,False
unrestricted,1,1.65,myopic,1600066610,1600066610,319.8865966796869,0,0.0,True
unrestricted,1,1.65,myopic,1600066590,1600066590,270.52459716796875,0,0.0,True
unrestricted,1,1.65,myopic,3800000120,3800000120,169.2817587102254,4,1.2,True
unrestricted,1,1.65,myopic,3800001520,3800001520,221.67314147949202,0,0.0,True
unrestricted,1,1.65,myopic,3800000127,3800000127,162.18809509277338,0,0.0,True
unrestricted,1,1.65,myopic,1600066510,1600066510,269.8931274414066,0,0.0,True
unrestricted,1,1.65,myopic,3800001611,3800001611,224.91093444824176,0,0.0,True
unrestricted,1,1.65,myopic,3800000110,3800000110,125.32417829481757,4,1.2,False
unrestricted,1,1.7,dynamic,1600066610,1600066610,319.8865966796869,0,0.0,True
unrestricted,1,1.7,dynamic,1600066590,1600066590,270.52459716796875,0,0.0,True
unrestricted,1,1.7,dynamic,3800000120,3800000120,173.4400173845291,4,1.2,True
unrestricted,1,1.7,dynamic,3800001520,3800001520,221.67314147949202,0,0.0,True
unrestricted,1,1.7,dynamic,3800000127,3800000127,162.18809509277338,0,0.0,True
unrestricted,1,1.7,dynamic,1600066510,1600066510,269.8931274414066,0,0.0,True
unrestricted,1,1.7,dynamic,3800001611,3800001611,224.91093444824176,0,0.0,True
unrestricted,1,1.7,dynamic,3800000110,3800000110,132.1605505752563,4,1.2,False
unrestricted,1,1.7,myopic,1600066610,1600066610,319.8865966796869,0,0.0,True
unrestricted,1,1.7,myopic,1600066590,1600066590,270.52459716796875,0,0.0,True
unrestricted,1,1.7,myopic,3800000120,3800000120,173.4400173845291,4,1.2,True
unrestricted,1,1.7,myopic,3800001520,3800001520,221.67314147949202,0,0.0,True
unrestricted,1,1.7,myopic,3800000127,3800000127,162.18809509277338,0,0.0,True
unrestricted,1,1.7,myopic,1600066510,1600066510,269.8931274414066,0,0.0,True
unrestricted,1,1.7,myopic,3800001611,3800001611,224.91093444824176,0,0.0,True
unrestricted,1,1.7,myopic,3800000110,3800000110,130.13906397883096,4,1.2,False
unrestricted,1,1.75,dynamic,1600066610,1600066610,319.8865966796869,0,0.0,True
unrestricted,1,1.75,dynamic,1600066590,1600066590,270.52459716796875,0,0.0,True
unrestricted,1,1.75,dynamic,3800000120,3800000120,177.5982760588328,4,1.2,True
unrestricted,1,1.75,dynamic,3800001520,3800001520,221.67314147949202,0,0.0,True
unrestricted,1,1.75,dynamic,3800000127,3800000127,162.18809509277338,0,0.0,True
unrestricted,1,1.75,dynamic,1600066510,1600066510,269.8931274414066,0,0.0,True
unrestricted,1,1.75,dynamic,3800001611,3800001611,224.91093444824176,0,0.0,True
unrestricted,1,1.75,dynamic,3800000110,3800000110,136.9659426387151,4,1.2,False
unrestricted,1,1.75,myopic,1600066610,1600066610,319.8865966796869,0,0.0,True
unrestricted,1,1.75,myopic,1600066590,1600066590,270.52459716796875,0,0.0,True
unrestricted,1,1.75,myopic,3800000120,3800000120,177.5982760588328,4,1.2,True
unrestricted,1,1.75,myopic,3800001520,3800001520,221.67314147949202,0,0.0,True
unrestricted,1,1.75,myopic,3800000127,3800000127,162.18809509277338,0,0.0,True
unrestricted,1,1.75,myopic,1600066510,1600066510,269.8931274414066,0,0.0,True
unrestricted,1,1.75,myopic,3800001611,3800001611,224.91093444824176,0,0.0,True
unrestricted,1,1.75,myopic,3800000110,3800000110,134.9539496628443,4,1.2,False
unrestricted,1,1.8,dynamic,1600066610,1600066610,319.8865966796869,0,0.0,True
unrestricted,1,1.8,dynamic,1600066590,1600066590,270.52459716796875,0,0.0,True
unrestricted,1,1.8,dynamic,3800000120,3800000120,181.7565347331365,4,1.2,True
unrestricted,1,1.8,dynamic,3800001520,3800001520,221.67314147949202,0,0.0,True
unrestricted,1,1.8,dynamic,3800000127,3800000127,162.18809509277338,0,0.0,True
unrestricted,1,1.8,dynamic,1600066510,1600066510,269.8931274414066,0,0.0,True
unrestricted,1,1.8,dynamic,3800001611,3800001611,224.91093444824176,0,0.0,True
unrestricted,1,1.8,dynamic,3800000110,3800000110,141.77133470217387,4,1.2,False
unrestricted,1,1.8,myopic,1600066610,1600066610,319.8865966796869,0,0.0,True
unrestricted,1,1.8,myopic,1600066590,1600066590,270.52459716796875,0,0.0,True
unrestricted,1,1.8,myopic,3800000120,3800000120,181.7565347331365,4,1.2,True
unrestricted,1,1.8,myopic,3800001520,3800001520,221.67314147949202,0,0.0,True
unrestricted,1,1.8,myopic,3800000127,3800000127,162.18809509277338,0,0.0,True
unrestricted,1,1.8,myopic,1600066510,1600066510,269.8931274414066,0,0.0,True
unrestricted,1,1.8,myopic,3800001611,3800001611,224.91093444824176,0,0.0,True
unrestricted,1,1.8,myopic,3800000110,3800000110,139.7688353468577,4,1.2,False
unrestricted,1,1.85,dynamic,1600066610,1600066610,319.8865966796869,0,0.0,True
unrestricted,1,1.85,dynamic,1600066590,1600066590,270.52459716796875,0,0.0,True
unrestricted,1,1.85,dynamic,3800000120,3800000120,185.9147934074402,4,1.2,True
unrestricted,1,1.85,dynamic,3800001520,3800001520,221.67314147949202,0,0.0,True
unrestricted,1,1.85,dynamic,3800000127,3800000127,162.18809509277338,0,0.0,True
unrestricted,1,1.85,dynamic,1600066510,1600066510,269.8931274414066,0,0.0,True
unrestricted,1,1.85,dynamic,3800001611,3800001611,224.91093444824176,0,0.0,True
unrestricted,1,1.85,dynamic,3800000110,3800000110,146.57672676563266,4,1.2,False
unrestricted,1,1.85,myopic,1600066610,1600066610,319.8865966796869,0,0.0,True
unrestricted,1,1.85,myopic,1600066590,1600066590,270.52459716796875,0,0.0,True
unrestricted,1,1.85,myopic,3800000120,3800000120,185.9147934074402,4,1.2,True
unrestricted,1,1.85,myopic,3800001520,3800001520,221.67314147949202,0,0.0,True
unrestricted,1,1.85,myopic,3800000127,3800000127,162.18809509277338,0,0.0,True
unrestricted,1,1.85,myopic,1600066510,1600066510,264.8300019205411,4,1.2,False
unrestricted,1,1.85,myopic,3800001611,3800001611,224.91093444824176,0,0.0,True
unrestricted,1,1.85,myopic,3800000110,3800000110,144.58372103087106,4,1.2,False
unrestricted,1,1.9,dynamic,1600066610,1600066610,319.8865966796869,0,0.0,True
unrestricted,1,1.9,dynamic,1600066590,1600066590,270.52459716796875,0,0.0,True
unrestricted,1,1.9,dynamic,3800000120,3800000120,189.98366248210263,4,1.2,True
unrestricted,1,1.9,dynamic,3800001520,3800001520,221.67314147949202,0,0.0,True
unrestricted,1,1.9,dynamic,3800000127,3800000127,162.18809509277338,0,0.0,True
unrestricted,1,1.9,dynamic,1600066510,1600066510,270.51601216030116,1,0.3,False
unrestricted,1,1.9,dynamic,3800001611,3800001611,224.91093444824176,0,0.0,True
unrestricted,1,1.9,dynamic,3800000110,3800000110,151.3113574298223,4,1.2,False
unrestricted,1,1.9,myopic,1600066610,1600066610,319.8865966796869,0,0.0,True
unrestricted,1,1.9,myopic,1600066590,1600066590,270.52459716796875,0,0.0,True
unrestricted,1,1.9,myopic,3800000120,3800000120,190.07305208174387,4,1.2,True
unrestricted,1,1.9,myopic,3800001520,3800001520,221.67314147949202,0,0.0,True
unrestricted,1,1.9,myopic,3800000127,3800000127,162.18809509277338,0,0.0,True
unrestricted,1,1.9,myopic,1600066510,1600066510,270.3174693841934,4,1.2,False
unrestricted,1,1.9,myopic,3800001611,3800001611,224.91093444824176,0,0.0,True
unrestricted,1,1.9,myopic,3800000110,3800000110,149.3986067148844,4,1.2,False
unrestricted,1,1.95,dynamic,1600066610,1600066610,319.8865966796869,0,0.0,True
unrestricted,1,1.95,dynamic,1600066590,1600066590,270.52459716796875,0,0.0,True
unrestricted,1,1.95,dynamic,3800000120,3800000120,194.16281692186982,4,1.2,True
unrestricted,1,1.95,dynamic,3800001520,3800001520,221.67314147949202,0,0.0,True
unrestricted,1,1.95,dynamic,3800000127,3800000127,162.18809509277338,0,0.0,True
unrestricted,1,1.95,dynamic,1600066510,1600066510,275.8049368478457,4,1.2,False
unrestricted,1,1.95,dynamic,3800001611,3800001611,224.91093444824176,0,0.0,True
unrestricted,1,1.95,dynamic,3800000110,3800000110,154.7503634314537,4,1.2,False
unrestricted,1,1.95,myopic,1600066610,1600066610,319.8865966796869,0,0.0,True
unrestricted,1,1.95,myopic,1600066590,1600066590,270.52459716796875,0,0.0,True
unrestricted,1,1.95,myopic,3800000120,3800000120,194.23131075604758,4,1.2,True
unrestricted,1,1.95,myopic,3800001520,3800001520,221.67314147949202,0,0.0,True
unrestricted,1,1.95,myopic,3800000127,3800000127,162.18809509277338,0,0.0,True
unrestricted,1,1.95,myopic,1600066510,1600066510,275.8049368478457,4,1.2,False
unrestricted,1,1.95,myopic,3800001611,3800001611,224.91093444824176,0,0.0,True
unrestricted,1,1.95,myopic,3800000110,3800000110,154.21349239889776,4,1.2,False
unrestricted,1,2.0,dynamic,1600066610,1600066610,319.8865966796869,0,0.0,True
unrestricted,1,2.0,dynamic,1600066590,1600066590,270.52459716796875,0,0.0,True
unrestricted,1,2.0,dynamic,3800000120,3800000120,198.34197136163704,4,1.2,True
unrestricted,1,2.0,dynamic,3800001520,3800001520,221.67314147949202,0,0.0,True
unrestricted,1,2.0,dynamic,3800000127,3800000127,162.18809509277338,0,0.0,True
unrestricted,1,2.0,dynamic,1600066510,1600066510,281.292404311498,4,1.2,False
unrestricted,1,2.0,dynamic,3800001611,3800001611,224.91093444824176,0,0.0,True
unrestricted,1,2.0,dynamic,3800000110,3800000110,159.54117468039195,4,1.2,False
unrestricted,1,2.0,myopic,1600066610,1600066610,319.8865966796869,0,0.0,True
unrestricted,1,2.0,myopic,1600066590,1600066590,270.52459716796875,0,0.0,True
unrestricted,1,2.0,myopic,3800000120,3800000120,198.38956943035126,4,1.2,True
unrestricted,1,2.0,myopic,3800001520,3800001520,221.67314147949202,0,0.0,True
unrestricted,1,2.0,myopic,3800000127,3800000127,162.18809509277338,0,0.0,True
unrestricted,1,2.0,myopic,1600066510,1600066510,281.292404311498,4,1.2,False
unrestricted,1,2.0,myopic,3800001611,3800001611,224.91093444824176,0,0.0,True
unrestricted,1,2.0,myopic,3800000110,3800000110,159.02837808291116,4,1.2,False
unrestricted,1,2.05,dynamic,1600066610,1600066610,319.8865966796869,0,0.0,True
unrestricted,1,2.05,dynamic,1600066590,1600066590,270.52459716796875,0,0.0,True
unrestricted,1,2.05,dynamic,3800000120,3800000120,202.52112580140422,4,1.2,True
unrestricted,1,2.05,dynamic,3800001520,3800001520,221.67314147949202,0,0.0,True
unrestricted,1,2.05,dynamic,3800000127,3800000127,162.18809509277338,0,0.0,True
unrestricted,1,2.05,dynamic,1600066510,1600066510,286.77987177515024,4,1.2,False
unrestricted,1,2.05,dynamic,3800001611,3800001611,224.91093444824176,0,0.0,True
unrestricted,1,2.05,dynamic,3800000110,3800000110,164.33198592933016,4,1.2,False
unrestricted,1,2.05,myopic,1600066610,1600066610,319.8865966796869,0,0.0,True
unrestricted,1,2.05,myopic,1600066590,1600066590,270.52459716796875,0,0.0,True
unrestricted,1,2.05,myopic,3800000120,3800000120,202.54782810465494,4,1.2,True
unrestricted,1,2.05,myopic,3800001520,3800001520,221.67314147949202,0,0.0,True
unrestricted,1,2.05,myopic,3800000127,3800000127,162.18809509277338,0,0.0,True
unrestricted,1,2.05,myopic,1600066510,1600066510,286.77987177515024,4,1.2,False
unrestricted,1,2.05,myopic,3800001611,3800001611,224.91093444824176,0,0.0,True
unrestricted,1,2.05,myopic,3800000110,3800000110,163.8432637669245,4,1.2,False
unrestricted,1,2.1,dynamic,1600066610,1600066610,319.8865966796869,0,0.0,True
unrestricted,1,2.1,dynamic,1600066590,1600066590,270.52459716796875,0,0.0,True
unrestricted,1,2.1,dynamic,3800000120,3800000120,206.70028024117144,4,1.2,True
unrestricted,1,2.1,dynamic,3800001520,3800001520,221.67314147949202,0,0.0,True
unrestricted,1,2.1,dynamic,3800000127,3800000127,162.18809509277338,0,0.0,True
unrestricted,1,2.1,dynamic,1600066510,1600066510,292.2673392388026,4,1.2,False
unrestricted,1,2.1,dynamic,3800001611,3800001611,224.91093444824176,0,0.0,True
unrestricted,1,2.1,dynamic,3800000110,3800000110,169.12279717826843,4,1.2,False
unrestricted,1,2.1,myopic,1600066610,1600066610,319.8865966796869,0,0.0,True
unrestricted,1,2.1,myopic,1600066590,1600066590,270.52459716796875,0,0.0,True
unrestricted,1,2.1,myopic,3800000120,3800000120,206.70608677895865,4,1.2,True
unrestricted,1,2.1,myopic,3800001520,3800001520,221.67314147949202,0,0.0,True
unrestricted,1,2.1,myopic,3800000127,3800000127,162.18809509277338,0,0.0,True
unrestricted,1,2.1,myopic,1600066510,1600066510,292.2673392388026,4,1.2,False
unrestricted,1,2.1,myopic,3800001611,3800001611,224.91093444824176,0,0.0,True
unrestricted,1,2.1,myopic,3800000110,3800000110,168.6581494509379,4,1.2,False
unrestricted,1,2.15,dynamic,1600066610,1600066610,319.8865966796869,0,0.0,True
unrestricted,1,2.15,dynamic,1600066590,1600066590,270.52459716796875,0,0.0,True
unrestricted,1,2.15,dynamic,3800000120,3800000120,210.87943468093863,4,1.2,True
unrestricted,1,2.15,dynamic,3800001520,3800001520,221.67314147949202,0,0.0,True
unrestricted,1,2.15,dynamic,3800000127,3800000127,162.18809509277338,0,0.0,True
unrestricted,1,2.15,dynamic,1600066510,1600066510,297.75480670245486,4,1.2,False
unrestricted,1,2.15,dynamic,3800001611,3800001611,224.91093444824176,0,0.0,True
unrestricted,1,2.15,dynamic,3800000110,3800000110,173.91360842720667,4,1.2,False
unrestricted,1,2.15,myopic,1600066610,1600066610,319.8865966796869,0,0.0,True
unrestricted,1,2.15,myopic,1600066590,1600066590,270.52459716796875,0,0.0,True
unrestricted,1,2.15,myopic,3800000120,3800000120,210.86434545326233,4,1.2,True
unrestricted,1,2.15,myopic,3800001520,3800001520,221.67314147949202,0,0.0,True
unrestricted,1,2.15,myopic,3800000127,3800000127,162.18809509277338,0,0.0,True
unrestricted,1,2.15,myopic,1600066510,1600066510,297.75480670245486,4,1.2,False
unrestricted,1,2.15,myopic,3800001611,3800001611,224.91093444824176,0,0.0,True
unrestricted,1,2.15,myopic,3800000110,3800000110,173.47303513495126,4,1.2,False
unrestricted,1,2.2,dynamic,1600066610,1600066610,319.8865966796869,0,0.0,True
unrestricted,1,2.2,dynamic,1600066590,1600066590,270.52459716796875,0,0.0,True
unrestricted,1,2.2,dynamic,3800000120,3800000120,215.05858912070585,4,1.2,True
unrestricted,1,2.2,dynamic,3800001520,3800001520,221.67314147949202,0,0.0,True
unrestricted,1,2.2,dynamic,3800000127,3800000127,162.18809509277338,0,0.0,True
unrestricted,1,2.2,dynamic,1600066510,1600066510,303.24227416610717,4,1.2,False
unrestricted,1,2.2,dynamic,3800001611,3800001611,224.91093444824176,0,0.0,True
unrestricted,1,2.2,dynamic,3800000110,3800000110,178.70441967614494,4,1.2,False
unrestricted,1,2.2,myopic,1600066610,1600066610,319.8865966796869,0,0.0,True
unrestricted,1,2.2,myopic,1600066590,1600066590,270.52459716796875,0,0.0,True
unrestricted,1,2.2,myopic,3800000120,3800000120,215.02260412756604,4,1.2,True
unrestricted,1,2.2,myopic,3800001520,3800001520,221.67314147949202,0,0.0,True
unrestricted,1,2.2,myopic,3800000127,3800000127,162.18809509277338,0,0.0,True
unrestricted,1,2.2,myopic,1600066510,1600066510,303.24227416610717,4,1.2,False
unrestricted,1,2.2,myopic,3800001611,3800001611,224.91093444824176,0,0.0,True
unrestricted,1,2.2,myopic,3800000110,3800000110,178.2879208189646,4,1.2,False
unrestricted,1,2.24,dynamic,1600066610,1600066610,319.8865966796869,0,0.0,True
unrestricted,1,2.24,dynamic,1600066590,1600066590,270.52459716796875,0,0.0,True
unrestricted,1,2.24,dynamic,3800000120,3800000120,218.40191267251961,4,1.2,True
unrestricted,1,2.24,dynamic,3800001520,3800001520,221.67314147949202,0,0.0,True
unrestricted,1,2.24,dynamic,3800000127,3800000127,162.18809509277338,0,0.0,True
unrestricted,1,2.24,dynamic,1600066510,1600066510,307.632248137029,4,1.2,False
unrestricted,1,2.24,dynamic,3800001611,3800001611,224.91093444824176,0,0.0,True
unrestricted,1,2.24,dynamic,3800000110,3800000110,182.53706867529553,4,1.2,False
unrestricted,1,2.24,myopic,1600066610,1600066610,319.8865966796869,0,0.0,True
unrestricted,1,2.24,myopic,1600066590,1600066590,270.52459716796875,0,0.0,True
unrestricted,1,2.24,myopic,3800000120,3800000120,218.34921106700898,4,1.2,True
unrestricted,1,2.24,myopic,3800001520,3800001520,221.67314147949202,0,0.0,True
unrestricted,1,2.24,myopic,3800000127,3800000127,162.18809509277338,0,0.0,True
unrestricted,1,2.24,myopic,1600066510,1600066510,307.632248137029,4,1.2,False
unrestricted,1,2.24,myopic,3800001611,3800001611,224.91093444824176,0,0.0,True
unrestricted,1,2.24,myopic,3800000110,3800000110,182.13982936617532,4,1.2,False
unrestricted,1,2.25,dynamic,1600066610,1600066610,319.8865966796869,0,0.0,True
unrestricted,1,2.25,dynamic,1600066590,1600066590,270.52459716796875,0,0.0,True
unrestricted,1,2.25,dynamic,3800000120,3800000120,219.23774356047304,4,1.2,True
unrestricted,1,2.25,dynamic,3800001520,3800001520,221.67314147949202,0,0.0,True
unrestricted,1,2.25,dynamic,3800000127,3800000127,162.18809509277338,0,0.0,True
unrestricted,1,2.25,dynamic,1600066510,1600066510,308.7297416297595,4,1.2,False
unrestricted,1,2.25,dynamic,3800001611,3800001611,224.91093444824176,0,0.0,True
unrestricted,1,2.25,dynamic,3800000110,3800000110,183.49523092508315,4,1.2,False
unrestricted,1,2.25,myopic,1600066610,1600066610,319.8865966796869,0,0.0,True
unrestricted,1,2.25,myopic,1600066590,1600066590,270.52459716796875,0,0.0,True
unrestricted,1,2.25,myopic,3800000120,3800000120,219.18086280186972,4,1.2,True
unrestricted,1,2.25,myopic,3800001520,3800001520,221.67314147949202,0,0.0,True
unrestricted,1,2.25,myopic,3800000127,3800000127,162.18809509277338,0,0.0,True
unrestricted,1,2.25,myopic,1600066510,1600066510,308.7297416297595,4,1.2,False
unrestricted,1,2.25,myopic,3800001611,3800001611,224.91093444824176,0,0.0,True
unrestricted,1,2.25,myopic,3800000110,3800000110,183.10280650297796,4,1.2,False
unrestricted,1,2.3,dynamic,1600066610,1600066610,319.8865966796869,0,0.0,True
unrestricted,1,2.3,dynamic,1600066590,1600066590,270.52459716796875,0,0.0,True
unrestricted,1,2.3,dynamic,3800000120,3800000120,223.41689800024022,4,1.2,True
unrestricted,1,2.3,dynamic,3800001520,3800001520,221.67314147949202,0,0.0,True
unrestricted,1,2.3,dynamic,3800000127,3800000127,162.18809509277338,0,0.0,True
unrestricted,1,2.3,dynamic,1600066510,1600066510,314.2172090934117,4,1.2,False
unrestricted,1,2.3,dynamic,3800001611,3800001611,224.91093444824176,0,0.0,True
unrestricted,1,2.3,dynamic,3800000110,3800000110,188.2860421740214,4,1.2,False
unrestricted,1,2.3,myopic,1600066610,1600066610,319.8865966796869,0,0.0,True
unrestricted,1,2.3,myopic,1600066590,1600066590,270.52459716796875,0,0.0,True
unrestricted,1,2.3,myopic,3800000120,3800000120,223.33912147617337,4,1.2,True
unrestricted,1,2.3,myopic,3800001520,3800001520,221.67314147949202,0,0.0,True
unrestricted,1,2.3,myopic,3800000127,3800000127,162.18809509277338,0,0.0,True
unrestricted,1,2.3,myopic,1600066510,1600066510,314.2172090934117,4,1.2,False
unrestricted,1,2.3,myopic,3800001611,3800001611,224.91093444824176,0,0.0,True
unrestricted,1,2.3,myopic,3800000110,3800000110,187.9176921869913,4,1.2,False
unrestricted,1,2.35,dynamic,1600066610,1600066610,319.8865966796869,0,0.0,True
unrestricted,1,2.35,dynamic,1600066590,1600066590,270.52459716796875,0,0.0,True
unrestricted,1,2.35,dynamic,3800000120,3800000120,227.59605244000744,4,1.2,True
unrestricted,1,2.35,dynamic,3800001520,3800001520,221.67314147949202,0,0.0,True
unrestricted,1,2.35,dynamic,3800000127,3800000127,162.18809509277338,0,0.0,True
unrestricted,1,2.35,dynamic,1600066510,1600066510,319.70467655706403,4,1.2,False
unrestricted,1,2.35,dynamic,3800001611,3800001611,224.91093444824176,0,0.0,True
unrestricted,1,2.35,dynamic,3800000110,3800000110,193.07685342295966,4,1.2,False
unrestricted,1,2.35,myopic,1600066610,1600066610,319.8865966796869,0,0.0,True
unrestricted,1,2.35,myopic,1600066590,1600066590,270.52459716796875,0,0.0,True
unrestricted,1,2.35,myopic,3800000120,3800000120,227.4973801504771,4,1.2,True
unrestricted,1,2.35,myopic,3800001520,3800001520,221.67314147949202,0,0.0,True
unrestricted,1,2.35,myopic,3800000127,3800000127,162.18809509277338,0,0.0,True
unrestricted,1,2.35,myopic,1600066510,1600066510,319.70467655706403,4,1.2,False
unrestricted,1,2.35,myopic,3800001611,3800001611,224.91093444824176,0,0.0,True
unrestricted,1,2.35,myopic,3800000110,3800000110,192.7325778710047,4,1.2,False
unrestricted,1,2.4,dynamic,1600066610,1600066610,319.8865966796869,0,0.0,True
unrestricted,1,2.4,dynamic,1600066590,1600066590,270.52459716796875,0,0.0,True
unrestricted,1,2.4,dynamic,3800000120,3800000120,231.77520687977463,4,1.2,True
unrestricted,1,2.4,dynamic,3800001520,3800001520,221.67314147949202,0,0.0,True
unrestricted,1,2.4,dynamic,3800000127,3800000127,162.18809509277338,0,0.0,True
unrestricted,1,2.4,dynamic,1600066510,1600066510,325.19214402071634,4,1.2,False
unrestricted,1,2.4,dynamic,3800001611,3800001611,224.91093444824176,0,0.0,True
unrestricted,1,2.4,dynamic,3800000110,3800000110,197.86766467189787,4,1.2,False
unrestricted,1,2.4,myopic,1600066610,1600066610,319.8865966796869,0,0.0,True
unrestricted,1,2.4,myopic,1600066590,1600066590,270.52459716796875,0,0.0,True
unrestricted,1,2.4,myopic,3800000120,3800000120,231.65563882478077,4,1.2,True
unrestricted,1,2.4,myopic,3800001520,3800001520,221.67314147949202,0,0.0,True
unrestricted,1,2.4,myopic,3800000127,3800000127,162.18809509277338,0,0.0,True
unrestricted,1,2.4,myopic,1600066510,1600066510,325.19214402071634,4,1.2,False
unrestricted,1,2.4,myopic,3800001611,3800001611,224.91093444824176,0,0.0,True
unrestricted,1,2.4,myopic,3800000110,3800000110,197.54746355501806,4,1.2,False
unrestricted,1,2.45,dynamic,1600066610,1600066610,319.8865966796869,0,0.0,True
unrestricted,1,2.45,dynamic,1600066590,1600066590,270.52459716796875,0,0.0,True
unrestricted,1,2.45,dynamic,3800000120,3800000120,235.95436131954185,4,1.2,True
unrestricted,1,2.45,dynamic,3800001520,3800001520,221.67314147949202,0,0.0,True
unrestricted,1,2.45,dynamic,3800000127,3800000127,162.18809509277338,0,0.0,True
unrestricted,1,2.45,dynamic,1600066510,1600066510,330.67961148436865,4,1.2,False
unrestricted,1,2.45,dynamic,3800001611,3800001611,224.91093444824176,0,0.0,True
unrestricted,1,2.45,dynamic,3800000110,3800000110,202.65847592083614,4,1.2,False
unrestricted,1,2.45,myopic,1600066610,1600066610,319.8865966796869,0,0.0,True
unrestricted,1,2.45,myopic,1600066590,1600066590,270.52459716796875,0,0.0,True
unrestricted,1,2.45,myopic,3800000120,3800000120,235.81389749908448,4,1.2,True
unrestricted,1,2.45,myopic,3800001520,3800001520,221.67314147949202,0,0.0,True
unrestricted,1,2.45,myopic,3800000127,3800000127,162.18809509277338,0,0.0,True
unrestricted,1,2.45,myopic,1600066510,1600066510,330.67961148436865,4,1.2,False
unrestricted,1,2.45,myopic,3800001611,3800001611,224.91093444824176,0,0.0,True
unrestricted,1,2.45,myopic,3800000110,3800000110,202.36234923903146,4,1.2,False
unrestricted,1,2.5,dynamic,1600066610,1600066610,319.8865966796869,0,0.0,True
unrestricted,1,2.5,dynamic,1600066590,1600066590,270.52459716796875,0,0.0,True
unrestricted,1,2.5,dynamic,3800000120,3800000120,240.13351575930903,4,1.2,True
unrestricted,1,2.5,dynamic,3800001520,3800001520,221.67314147949202,0,0.0,True
unrestricted,1,2.5,dynamic,3800000127,3800000127,162.18809509277338,0,0.0,True
unrestricted,1,2.5,dynamic,1600066510,1600066510,336.1670789480209,4,1.2,False
unrestricted,1,2.5,dynamic,3800001611,3800001611,224.91093444824176,0,0.0,True
unrestricted,1,2.5,dynamic,3800000110,3800000110,207.44928716977438,4,1.2,False
unrestricted,1,2.5,myopic,1600066610,1600066610,319.8865966796869,0,0.0,True
unrestricted,1,2.5,myopic,1600066590,1600066590,270.52459716796875,0,0.0,True
unrestricted,1,2.5,myopic,3800000120,3800000120,240.05123563051228,4,1.2,True
unrestricted,1,2.5,myopic,3800001520,3800001520,221.67314147949202,0,0.0,True
unrestricted,1,2.5,myopic,3800000127,3800000127,162.18809509277338,0,0.0,True
unrestricted,1,2.5,myopic,1600066510,1600066510,335.0516104189555,4,1.2,False
unrestricted,1,2.5,myopic,3800001611,3800001611,224.91093444824176,0,0.0,True
unrestricted,1,2.5,myopic,3800000110,3800000110,207.1772349230448,4,1.2,False
unrestricted,1,2.55,dynamic,1600066610,1600066610,319.8865966796869,0,0.0,True
unrestricted,1,2.55,dynamic,1600066590,1600066590,270.52459716796875,0,0.0,True
unrestricted,1,2.55,dynamic,3800000120,3800000120,244.31267019907622,4,1.2,True
unrestricted,1,2.55,dynamic,3800001520,3800001520,221.67314147949202,0,0.0,True
unrestricted,1,2.55,dynamic,3800000127,3800000127,162.18809509277338,0,0.0,True
unrestricted,1,2.55,dynamic,1600066510,1600066510,341.6545464116732,4,1.2,False
unrestricted,1,2.55,dynamic,3800001611,3800001611,224.91093444824176,0,0.0,True
unrestricted,1,2.55,dynamic,3800000110,3800000110,212.2400984187126,4,1.2,False
unrestricted,1,2.55,myopic,1600066610,1600066610,319.8865966796869,0,0.0,True
unrestricted,1,2.55,myopic,1600066590,1600066590,270.52459716796875,0,0.0,True
unrestricted,1,2.55,myopic,3800000120,3800000120,244.18870301294328,4,1.2,True
unrestricted,1,2.55,myopic,3800001520,3800001520,221.67314147949202,0,0.0,True
unrestricted,1,2.55,myopic,3800000127,3800000127,162.18809509277338,0,0.0,True
unrestricted,1,2.55,myopic,1600066510,1600066510,340.56665307410555,4,1.2,False
unrestricted,1,2.55,myopic,3800001611,3800001611,224.91093444824176,0,0.0,True
unrestricted,1,2.55,myopic,3800000110,3800000110,211.99212060705815,4,1.2,False
unrestricted,1,2.6,dynamic,1600066610,1600066610,319.8865966796869,0,0.0,True
unrestricted,1,2.6,dynamic,1600066590,1600066590,270.52459716796875,0,0.0,True
unrestricted,1,2.6,dynamic,3800000120,3800000120,248.49182463884344,4,1.2,True
unrestricted,1,2.6,dynamic,3800001520,3800001520,221.67314147949202,0,0.0,True
unrestricted,1,2.6,dynamic,3800000127,3800000127,162.18809509277338,0,0.0,True
unrestricted,1,2.6,dynamic,1600066510,1600066510,347.1420138753255,4,1.2,False
unrestricted,1,2.6,dynamic,3800001611,3800001611,224.91093444824176,0,0.0,True
unrestricted,1,2.6,dynamic,3800000110,3800000110,217.03090966765086,4,1.2,False
unrestricted,1,2.6,myopic,1600066610,1600066610,319.8865966796869,0,0.0,True
unrestricted,1,2.6,myopic,1600066590,1600066590,270.52459716796875,0,0.0,True
unrestricted,1,2.6,myopic,3800000120,3800000120,248.32617039537433,4,1.2,True
unrestricted,1,2.6,myopic,3800001520,3800001520,221.67314147949202,0,0.0,True
unrestricted,1,2.6,myopic,3800000127,3800000127,162.18809509277338,0,0.0,True
unrestricted,1,2.6,myopic,1600066510,1600066510,346.08169572925567,4,1.2,False
unrestricted,1,2.6,myopic,3800001611,3800001611,224.91093444824176,0,0.0,True
unrestricted,1,2.6,myopic,3800000110,3800000110,216.80700629107156,4,1.2,False
unrestricted,1,2.65,dynamic,1600066610,1600066610,319.8865966796869,0,0.0,True
unrestricted,1,2.65,dynamic,1600066590,1600066590,270.52459716796875,0,0.0,True
unrestricted,1,2.65,dynamic,3800000120,3800000120,252.67097907861063,4,1.2,True
unrestricted,1,2.65,dynamic,3800001520,3800001520,221.67314147949202,0,0.0,True
unrestricted,1,2.65,dynamic,3800000127,3800000127,162.18809509277338,0,0.0,True
unrestricted,1,2.65,dynamic,1600066510,1600066510,352.62948133897777,4,1.2,False
unrestricted,1,2.65,dynamic,3800001611,3800001611,224.91093444824176,0,0.0,True
unrestricted,1,2.65,dynamic,3800000110,3800000110,221.8217209165891,4,1.2,False
unrestricted,1,2.65,myopic,1600066610,1600066610,319.8865966796869,0,0.0,True
unrestricted,1,2.65,myopic,1600066590,1600066590,270.52459716796875,0,0.0,True
unrestricted,1,2.65,myopic,3800000120,3800000120,252.4636377778054,4,1.2,True
unrestricted,1,2.65,myopic,3800001520,3800001520,221.67314147949202,0,0.0,True
unrestricted,1,2.65,myopic,3800000127,3800000127,162.18809509277338,0,0.0,True
unrestricted,1,2.65,myopic,1600066510,1600066510,351.59673838440574,4,1.2,False
unrestricted,1,2.65,myopic,3800001611,3800001611,224.91093444824176,0,0.0,True
unrestricted,1,2.65,myopic,3800000110,3800000110,221.6218919750849,4,1.2,False
unrestricted,1,2.7,dynamic,1600066610,1600066610,319.8865966796869,0,0.0,True
unrestricted,1,2.7,dynamic,1600066590,1600066590,270.52459716796875,0,0.0,True
unrestricted,1,2.7,dynamic,3800000120,3800000120,256.85013351837785,4,1.2,True
unrestricted,1,2.7,dynamic,3800001520,3800001520,221.67314147949202,0,0.0,True
unrestricted,1,2.7,dynamic,3800000127,3800000127,162.18809509277338,0,0.0,True
unrestricted,1,2.7,dynamic,1600066510,1600066510,358.1169488026301,4,1.2,False
unrestricted,1,2.7,dynamic,3800001611,3800001611,224.91093444824176,0,0.0,True
unrestricted,1,2.7,dynamic,3800000110,3800000110,226.61253216552734,4,1.2,False
unrestricted,1,2.7,myopic,1600066610,1600066610,319.8865966796869,0,0.0,True
unrestricted,1,2.7,myopic,1600066590,1600066590,270.52459716796875,0,0.0,True
unrestricted,1,2.7,myopic,3800000120,3800000120,256.60110516023644,4,1.2,True
unrestricted,1,2.7,myopic,3800001520,3800001520,221.67314147949202,0,0.0,True
unrestricted,1,2.7,myopic,3800000127,3800000127,162.18809509277338,0,0.0,True
unrestricted,1,2.7,myopic,1600066510,1600066510,357.11178103955586,4,1.2,False
unrestricted,1,2.7,myopic,3800001611,3800001611,224.91093444824176,0,0.0,True
unrestricted,1,2.7,myopic,3800000110,3800000110,226.4367776590983,4,1.2,False
unrestricted,1,2.75,dynamic,1600066610,1600066610,319.8865966796869,0,0.0,True
unrestricted,1,2.75,dynamic,1600066590,1600066590,270.52459716796875,0,0.0,True
unrestricted,1,2.75,dynamic,3800000120,3800000120,261.029287958145,4,1.2,True
unrestricted,1,2.75,dynamic,3800001520,3800001520,221.67314147949202,0,0.0,True
unrestricted,1,2.75,dynamic,3800000127,3800000127,162.18809509277338,0,0.0,True
unrestricted,1,2.75,dynamic,1600066510,1600066510,363.6044162662824,4,1.2,False
unrestricted,1,2.75,dynamic,3800001611,3800001611,224.91093444824176,0,0.0,True
unrestricted,1,2.75,dynamic,3800000110,3800000110,231.4033434144656,4,1.2,False
unrestricted,1,2.75,myopic,1600066610,1600066610,319.8865966796869,0,0.0,True
unrestricted,1,2.75,myopic,1600066590,1600066590,270.52459716796875,0,0.0,True
unrestricted,1,2.75,myopic,3800000120,3800000120,260.73857254266744,4,1.2,True
unrestricted,1,2.75,myopic,3800001520,3800001520,221.67314147949202,0,0.0,True
unrestricted,1,2.75,myopic,3800000127,3800000127,162.18809509277338,0,0.0,True
unrestricted,1,2.75,myopic,1600066510,1600066510,362.62682369470593,4,1.2,False
unrestricted,1,2.75,myopic,3800001611,3800001611,224.91093444824176,0,0.0,True
unrestricted,1,2.75,myopic,3800000110,3800000110,231.25166334311166,4,1.2,False
unrestricted,1,2.8,dynamic,1600066610,1600066610,319.8865966796869,0,0.0,True
unrestricted,1,2.8,dynamic,1600066590,1600066590,270.52459716796875,0,0.0,True
unrestricted,1,2.8,dynamic,3800000120,3800000120,265.2084423979122,4,1.2,True
unrestricted,1,2.8,dynamic,3800001520,3800001520,221.67314147949202,0,0.0,True
unrestricted,1,2.8,dynamic,3800000127,3800000127,162.18809509277338,0,0.0,True
unrestricted,1,2.8,dynamic,1600066510,1600066510,369.09188372993464,4,1.2,False
unrestricted,1,2.8,dynamic,3800001611,3800001611,224.91093444824176,0,0.0,True
unrestricted,1,2.8,dynamic,3800000110,3800000110,236.19415466340382,4,1.2,False
unrestricted,1,2.8,myopic,1600066610,1600066610,319.8865966796869,0,0.0,True
unrestricted,1,2.8,myopic,1600066590,1600066590,270.52459716796875,0,0.0,True
unrestricted,1,2.8,myopic,3800000120,3800000120,264.87603992509844,4,1.2,True
unrestricted,1,2.8,myopic,3800001520,3800001520,221.67314147949202,0,0.0,True
unrestricted,1,2.8,myopic,3800000127,3800000127,162.18809509277338,0,0.0,True
unrestricted,1,2.8,myopic,1600066510,1600066510,368.141866349856,4,1.2,False
unrestricted,1,2.8,myopic,3800001611,3800001611,224.91093444824176,0,0.0,True
unrestricted,1,2.8,myopic,3800000110,3800000110,236.066549027125,4,1.2,False
unrestricted,1,2.85,dynamic,1600066610,1600066610,319.8865966796869,0,0.0,True
unrestricted,1,2.85,dynamic,1600066590,1600066590,270.52459716796875,0,0.0,True
unrestricted,1,2.85,dynamic,3800000120,3800000120,269.38759683767944,4,1.2,True
unrestricted,1,2.85,dynamic,3800001520,3800001520,221.67314147949202,0,0.0,True
unrestricted,1,2.85,dynamic,3800000127,3800000127,162.18809509277338,0,0.0,True
unrestricted,1,2.85,dynamic,1600066510,1600066510,374.57935119358694,4,1.2,False
unrestricted,1,2.85,dynamic,3800001611,3800001611,224.91093444824176,0,0.0,True
unrestricted,1,2.85,dynamic,3800000110,3800000110,240.9849659123421,4,1.2,False
unrestricted,1,2.85,myopic,1600066610,1600066610,319.8865966796869,0,0.0,True
unrestricted,1,2.85,myopic,1600066590,1600066590,270.52459716796875,0,0.0,True
unrestricted,1,2.85,myopic,3800000120,3800000120,269.0135073075295,4,1.2,True
unrestricted,1,2.85,myopic,3800001520,3800001520,221.67314147949202,0,0.0,True
unrestricted,1,2.85,myopic,3800000127,3800000127,162.18809509277338,0,0.0,True
unrestricted,1,2.85,myopic,1600066510,1600066510,373.6569090050061,4,1.2,False
unrestricted,1,2.85,myopic,3800001611,3800001611,224.91093444824176,0,0.0,True
unrestricted,1,2.85,myopic,3800000110,3800000110,240.8814347111384,4,1.2,False
unrestricted,1,2.9,dynamic,1600066610,1600066610,319.8865966796869,0,0.0,True
unrestricted,1,2.9,dynamic,1600066590,1600066590,270.52459716796875,0,0.0,True
unrestricted,1,2.9,dynamic,3800000120,3800000120,273.5667512774466,4,1.2,True
unrestricted,1,2.9,dynamic,3800001520,3800001520,221.67314147949202,0,0.0,True
unrestricted,1,2.9,dynamic,3800000127,3800000127,162.18809509277338,0,0.0,True
unrestricted,1,2.9,dynamic,1600066510,1600066510,380.06681865723925,4,1.2,False
unrestricted,1,2.9,dynamic,3800001611,3800001611,224.91093444824176,0,0.0,True
unrestricted,1,2.9,dynamic,3800000110,3800000110,245.7757771612803,4,1.2,False
unrestricted,1,2.9,myopic,1600066610,1600066610,319.8865966796869,0,0.0,True
unrestricted,1,2.9,myopic,1600066590,1600066590,270.52459716796875,0,0.0,True
unrestricted,1,2.9,myopic,3800000120,3800000120,273.15097468996055,4,1.2,True
unrestricted,1,2.9,myopic,3800001520,3800001520,221.67314147949202,0,0.0,True
unrestricted,1,2.9,myopic,3800000127,3800000127,162.18809509277338,0,0.0,True
unrestricted,1,2.9,myopic,1600066510,1600066510,379.1719516601562,4,1.2,False
unrestricted,1,2.9,myopic,3800001611,3800001611,224.91093444824176,0,0.0,True
unrestricted,1,2.9,myopic,3800000110,3800000110,245.69632039515176,4,1.2,False
unrestricted,1,2.95,dynamic,1600066610,1600066610,319.8865966796869,0,0.0,True
unrestricted,1,2.95,dynamic,1600066590,1600066590,270.52459716796875,0,0.0,True
unrestricted,1,2.95,dynamic,3800000120,3800000120,277.7459057172138,4,1.2,True
unrestricted,1,2.95,dynamic,3800001520,3800001520,221.67314147949202,0,0.0,True
unrestricted,1,2.95,dynamic,3800000127,3800000127,162.18809509277338,0,0.0,True
unrestricted,1,2.95,dynamic,1600066510,1600066510,385.55428612089156,4,1.2,False
unrestricted,1,2.95,dynamic,3800001611,3800001611,224.91093444824176,0,0.0,True
unrestricted,1,2.95,dynamic,3800000110,3800000110,250.56658841021857,4,1.2,False
unrestricted,1,2.95,myopic,1600066610,1600066610,319.8865966796869,0,0.0,True
unrestricted,1,2.95,myopic,1600066590,1600066590,270.52459716796875,0,0.0,True
unrestricted,1,2.95,myopic,3800000120,3800000120,277.2884420723916,4,1.2,True
unrestricted,1,2.95,myopic,3800001520,3800001520,221.67314147949202,0,0.0,True
unrestricted,1,2.95,myopic,3800000127,3800000127,162.18809509277338,0,0.0,True
unrestricted,1,2.95,myopic,1600066510,1600066510,384.6869943153063,4,1.2,False
unrestricted,1,2.95,myopic,3800001611,3800001611,224.91093444824176,0,0.0,True
unrestricted,1,2.95,myopic,3800000110,3800000110,250.5112060791651,4,1.2,False
unrestricted,1,3.0,dynamic,1600066610,1600066610,319.8865966796869,0,0.0,True
unrestricted,1,3.0,dynamic,1600066590,1600066590,270.52459716796875,0,0.0,True
unrestricted,1,3.0,dynamic,3800000120,3800000120,281.92506015698103,4,1.2,True
unrestricted,1,3.0,dynamic,3800001520,3800001520,221.67314147949202,0,0.0,True
unrestricted,1,3.0,dynamic,3800000127,3800000127,162.18809509277338,0,0.0,True
unrestricted,1,3.0,dynamic,1600066510,1600066510,391.04175358454387,4,1.2,False
unrestricted,1,3.0,dynamic,3800001611,3800001611,224.91093444824176,0,0.0,True
unrestricted,1,3.0,dynamic,3800000110,3800000110,255.35739965915678,4,1.2,False
unrestricted,1,3.0,myopic,1600066610,1600066610,319.8865966796869,0,0.0,True
unrestricted,1,3.0,myopic,1600066590,1600066590,270.52459716796875,0,0.0,True
unrestricted,1,3.0,myopic,3800000120,3800000120,281.4259094548226,4,1.2,True
unrestricted,1,3.0,myopic,3800001520,3800001520,221.67314147949202,0,0.0,True
unrestricted,1,3.0,myopic,3800000127,3800000127,162.18809509277338,0,0.0,True
unrestricted,1,3.0,myopic,1600066510,1600066510,390.2020369704564,4,1.2,False
unrestricted,1,3.0,myopic,3800001611,3800001611,224.91093444824176,0,0.0,True
unrestricted,1,3.0,myopic,3800000110,3800000110,255.3260917631785,4,1.2,False
unrestricted,1,3.05,dynamic,1600066610,1600066610,319.8865966796869,0,0.0,True
unrestricted,1,3.05,dynamic,1600066590,1600066590,270.52459716796875,0,0.0,True
unrestricted,1,3.05,dynamic,3800000120,3800000120,286.1042145967482,4,1.2,True
unrestricted,1,3.05,dynamic,3800001520,3800001520,221.67314147949202,0,0.0,True
unrestricted,1,3.05,dynamic,3800000127,3800000127,162.18809509277338,0,0.0,True
unrestricted,1,3.05,dynamic,1600066510,1600066510,396.5292210481961,4,1.2,False
unrestricted,1,3.05,dynamic,3800001611,3800001611,224.91093444824176,0,0.0,True
unrestricted,1,3.05,dynamic,3800000110,3800000110,260.148210908095,4,1.2,False
unrestricted,1,3.05,myopic,1600066610,1600066610,319.8865966796869,0,0.0,True
unrestricted,1,3.05,myopic,1600066590,1600066590,270.52459716796875,0,0.0,True
unrestricted,1,3.05,myopic,3800000120,3800000120,285.5633768372536,4,1.2,True
unrestricted,1,3.05,myopic,3800001520,3800001520,221.67314147949202,0,0.0,True
unrestricted,1,3.05,myopic,3800000127,3800000127,162.18809509277338,0,0.0,True
unrestricted,1,3.05,myopic,1600066510,1600066510,395.7170796256065,4,1.2,False
unrestricted,1,3.05,myopic,3800001611,3800001611,224.91093444824176,0,0.0,True
unrestricted,1,3.05,myopic,3800000110,3800000110,260.14097744719186,4,1.2,False
unrestricted,1,3.1,dynamic,1600066610,1600066610,319.8865966796869,0,0.0,True
unrestricted,1,3.1,dynamic,1600066590,1600066590,270.52459716796875,0,0.0,True
unrestricted,1,3.1,dynamic,3800000120,3800000120,290.28336903651547,4,1.2,True
unrestricted,1,3.1,dynamic,3800001520,3800001520,221.67314147949202,0,0.0,True
unrestricted,1,3.1,dynamic,3800000127,3800000127,162.18809509277338,0,0.0,True
unrestricted,1,3.1,dynamic,1600066510,1600066510,402.01668851184843,4,1.2,False
unrestricted,1,3.1,dynamic,3800001611,3800001611,224.91093444824176,0,0.0,True
unrestricted,1,3.1,dynamic,3800000110,3800000110,264.93902215703326,4,1.2,False
unrestricted,1,3.1,myopic,1600066610,1600066610,319.8865966796869,0,0.0,True
unrestricted,1,3.1,myopic,1600066590,1600066590,270.52459716796875,0,0.0,True
unrestricted,1,3.1,myopic,3800000120,3800000120,289.7008442196847,4,1.2,True
unrestricted,1,3.1,myopic,3800001520,3800001520,221.67314147949202,0,0.0,True
unrestricted,1,3.1,myopic,3800000127,3800000127,162.18809509277338,0,0.0,True
unrestricted,1,3.1,myopic,1600066510,1600066510,401.23212228075664,4,1.2,False
unrestricted,1,3.1,myopic,3800001611,3800001611,224.91093444824176,0,0.0,True
unrestricted,1,3.1,myopic,3800000110,3800000110,264.9558631312052,4,1.2,False
unrestricted,1,3.15,dynamic,1600066610,1600066610,319.8865966796869,0,0.0,True
unrestricted,1,3.15,dynamic,1600066590,1600066590,270.52459716796875,0,0.0,True
unrestricted,1,3.15,dynamic,3800000120,3800000120,294.4625234762826,4,1.2,True
unrestricted,1,3.15,dynamic,3800001520,3800001520,221.67314147949202,0,0.0,True
unrestricted,1,3.15,dynamic,3800000127,3800000127,162.18809509277338,0,0.0,True
unrestricted,1,3.15,dynamic,1600066510,1600066510,407.50415597550074,4,1.2,False
unrestricted,1,3.15,dynamic,3800001611,3800001611,224.91093444824176,0,0.0,True
unrestricted,1,3.15,dynamic,3800000110,3800000110,269.72983340597153,4,1.2,False
unrestricted,1,3.15,myopic,1600066610,1600066610,319.8865966796869,0,0.0,True
unrestricted,1,3.15,myopic,1600066590,1600066590,270.52459716796875,0,0.0,True
unrestricted,1,3.15,myopic,3800000120,3800000120,293.8383116021157,4,1.2,True
unrestricted,1,3.15,myopic,3800001520,3800001520,221.67314147949202,0,0.0,True
unrestricted,1,3.15,myopic,3800000127,3800000127,162.18809509277338,0,0.0,True
unrestricted,1,3.15,myopic,1600066510,1600066510,406.7471649359067,4,1.2,False
unrestricted,1,3.15,myopic,3800001611,3800001611,224.91093444824176,0,0.0,True
unrestricted,1,3.15,myopic,3800000110,3800000110,269.77074881521855,4,1.2,False
unrestricted,1,3.2,dynamic,1600066610,1600066610,319.8865966796869,0,0.0,True
unrestricted,1,3.2,dynamic,1600066590,1600066590,270.52459716796875,0,0.0,True
unrestricted,1,3.2,dynamic,3800000120,3800000120,298.64167791604984,4,1.2,True
unrestricted,1,3.2,dynamic,3800001520,3800001520,221.67314147949202,0,0.0,True
unrestricted,1,3.2,dynamic,3800000127,3800000127,162.18809509277338,0,0.0,True
unrestricted,1,3.2,dynamic,1600066510,1600066510,412.99162343915305,4,1.2,False
unrestricted,1,3.2,dynamic,3800001611,3800001611,224.91093444824176,0,0.0,True
unrestricted,1,3.2,dynamic,3800000110,3800000110,274.5206446549098,4,1.2,False
unrestricted,1,3.2,myopic,1600066610,1600066610,319.8865966796869,0,0.0,True
unrestricted,1,3.2,myopic,1600066590,1600066590,270.52459716796875,0,0.0,True
unrestricted,1,3.2,myopic,3800000120,3800000120,297.97577898454676,4,1.2,True
unrestricted,1,3.2,myopic,3800001520,3800001520,221.67314147949202,0,0.0,True
unrestricted,1,3.2,myopic,3800000127,3800000127,162.18809509277338,0,0.0,True
unrestricted,1,3.2,myopic,1600066510,1600066510,412.26220759105684,4,1.2,False
unrestricted,1,3.2,myopic,3800001611,3800001611,224.91093444824176,0,0.0,True
unrestricted,1,3.2,myopic,3800000110,3800000110,274.58563449923196,4,1.2,False
unrestricted,2,1.2,dynamic,1600066610,1600066610,319.8865966796869,0,0.0,True
unrestricted,2,1.2,dynamic,1600066590,1600066590,270.52459716796875,0,0.0,True
unrestricted,2,1.2,dynamic,3800000120,3800000120,168.6797027587895,0,0.0,True
unrestricted,2,1.2,dynamic,3800001520,3800001520,221.67314147949202,0,0.0,True
unrestricted,2,1.2,dynamic,3800000127,3800000127,162.18809509277338,0,0.0,True
unrestricted,2,1.2,dynamic,1600066510,1600066510,269.8931274414066,0,0.0,True
unrestricted,2,1.2,dynamic,3800001611,3800001611,224.91093444824176,0,0.0,True
unrestricted,2,1.2,dynamic,3800000110,3800000110,109.29181671142571,0,0.0,True
unrestricted,2,1.2,myopic,1600066610,1600066610,319.8865966796869,0,0.0,True
unrestricted,2,1.2,myopic,1600066590,1600066590,270.52459716796875,0,0.0,True
unrestricted,2,1.2,myopic,3800000120,3800000120,168.6797027587895,0,0.0,True
unrestricted,2,1.2,myopic,3800001520,3800001520,221.67314147949202,0,0.0,True
unrestricted,2,1.2,myopic,3800000127,3800000127,162.18809509277338,0,0.0,True
unrestricted,2,1.2,myopic,1600066510,1600066510,269.8931274414066,0,0.0,True
unrestricted,2,1.2,myopic,3800001611,3800001611,224.91093444824176,0,0.0,True
unrestricted,2,1.2,myopic,3800000110,3800000110,109.29181671142571,0,0.0,True
unrestricted,2,1.25,dynamic,1600066610,1600066610,319.8865966796869,0,0.0,True
unrestricted,2,1.25,dynamic,1600066590,1600066590,270.52459716796875,0,0.0,True
unrestricted,2,1.25,dynamic,3800000120,3800000120,168.6797027587895,0,0.0,True
unrestricted,2,1.25,dynamic,3800001520,3800001520,221.67314147949202,0,0.0,True
unrestricted,2,1.25,dynamic,3800000127,3800000127,162.18809509277338,0,0.0,True
unrestricted,2,1.25,dynamic,1600066510,1600066510,269.8931274414066,0,0.0,True
unrestricted,2,1.25,dynamic,3800001611,3800001611,224.91093444824176,0,0.0,True
unrestricted,2,1.25,dynamic,3800000110,3800000110,109.29181671142571,0,0.0,True
unrestricted,2,1.25,myopic,1600066610,1600066610,319.8865966796869,0,0.0,True
unrestricted,2,1.25,myopic,1600066590,1600066590,270.52459716796875,0,0.0,True
unrestricted,2,1.25,myopic,3800000120,3800000120,168.6797027587895,0,0.0,True
unrestricted,2,1.25,myopic,3800001520,3800001520,221.67314147949202,0,0.0,True
unrestricted,2,1.25,myopic,3800000127,3800000127,162.18809509277338,0,0.0,True
unrestricted,2,1.25,myopic,1600066510,1600066510,269.8931274414066,0,0.0,True
unrestricted,2,1.25,myopic,3800001611,3800001611,224.91093444824176,0,0.0,True
unrestricted,2,1.25,myopic,3800000110,3800000110,109.29181671142571,0,0.0,True
unrestricted,2,1.3,dynamic,1600066610,1600066610,319.8865966796869,0,0.0,True
unrestricted,2,1.3,dynamic,1600066590,1600066590,270.52459716796875,0,0.0,True
unrestricted,2,1.3,dynamic,3800000120,3800000120,168.6797027587895,0,0.0,True
unrestricted,2,1.3,dynamic,3800001520,3800001520,221.67314147949202,0,0.0,True
unrestricted,2,1.3,dynamic,3800000127,3800000127,162.18809509277338,0,0.0,True
unrestricted,2,1.3,dynamic,1600066510,1600066510,269.8931274414066,0,0.0,True
unrestricted,2,1.3,dynamic,3800001611,3800001611,224.91093444824176,0,0.0,True
unrestricted,2,1.3,dynamic,3800000110,3800000110,109.29181671142571,0,0.0,True
unrestricted,2,1.3,myopic,1600066610,1600066610,319.8865966796869,0,0.0,True
unrestricted,2,1.3,myopic,1600066590,1600066590,270.52459716796875,0,0.0,True
unrestricted,2,1.3,myopic,3800000120,3800000120,168.6797027587895,0,0.0,True
unrestricted,2,1.3,myopic,3800001520,3800001520,221.67314147949202,0,0.0,True
unrestricted,2,1.3,myopic,3800000127,3800000127,162.18809509277338,0,0.0,True
unrestricted,2,1.3,myopic,1600066510,1600066510,269.8931274414066,0,0.0,True
unrestricted,2,1.3,myopic,3800001611,3800001611,224.91093444824176,0,0.0,True
unrestricted,2,1.3,myopic,3800000110,3800000110,109.29181671142571,0,0.0,True
unrestricted,2,1.35,dynamic,1600066610,1600066610,319.8865966796869,0,0.0,True
unrestricted,2,1.35,dynamic,1600066590,1600066590,270.52459716796875,0,0.0,True
unrestricted,2,1.35,dynamic,3800000120,3800000120,168.6797027587895,0,0.0,True
unrestricted,2,1.35,dynamic,3800001520,3800001520,221.67314147949202,0,0.0,True
unrestricted,2,1.35,dynamic,3800000127,3800000127,162.18809509277338,0,0.0,True
unrestricted,2,1.35,dynamic,1600066510,1600066510,269.8931274414066,0,0.0,True
unrestricted,2,1.35,dynamic,3800001611,3800001611,224.91093444824176,0,0.0,True
unrestricted,2,1.35,dynamic,3800000110,3800000110,109.29181671142571,0,0.0,True
unrestricted,2,1.35,myopic,1600066610,1600066610,319.8865966796869,0,0.0,True
unrestricted,2,1.35,myopic,1600066590,1600066590,270.52459716796875,0,0.0,True
unrestricted,2,1.35,myopic,3800000120,3800000120,168.6797027587895,0,0.0,True
unrestricted,2,1.35,myopic,3800001520,3800001520,221.67314147949202,0,0.0,True
unrestricted,2,1.35,myopic,3800000127,3800000127,162.18809509277338,0,0.0,True
unrestricted,2,1.35,myopic,1600066510,1600066510,269.8931274414066,0,0.0,True
unrestricted,2,1.35,myopic,3800001611,3800001611,224.91093444824176,0,0.0,True
unrestricted,2,1.35,myopic,3800000110,3800000110,109.29181671142571,0,0.0,True
unrestricted,2,1.4,dynamic,1600066610,1600066610,319.8865966796869,0,0.0,True
unrestricted,2,1.4,dynamic,1600066590,1600066590,270.52459716796875,0,0.0,True
unrestricted,2,1.4,dynamic,3800000120,3800000120,168.6797027587895,0,0.0,True
unrestricted,2,1.4,dynamic,3800001520,3800001520,221.67314147949202,0,0.0,True
unrestricted,2,1.4,dynamic,3800000127,3800000127,162.18809509277338,0,0.0,True
unrestricted,2,1.4,dynamic,1600066510,1600066510,269.8931274414066,0,0.0,True
unrestricted,2,1.4,dynamic,3800001611,3800001611,224.91093444824176,0,0.0,True
unrestricted,2,1.4,dynamic,3800000110,3800000110,109.59064659309385,1,0.3,False
unrestricted,2,1.4,myopic,1600066610,1600066610,319.8865966796869,0,0.0,True
unrestricted,2,1.4,myopic,1600066590,1600066590,270.52459716796875,0,0.0,True
unrestricted,2,1.4,myopic,3800000120,3800000120,168.6797027587895,0,0.0,True
unrestricted,2,1.4,myopic,3800001520,3800001520,221.67314147949202,0,0.0,True
unrestricted,2,1.4,myopic,3800000127,3800000127,162.18809509277338,0,0.0,True
unrestricted,2,1.4,myopic,1600066510,1600066510,269.8931274414066,0,0.0,True
unrestricted,2,1.4,myopic,3800001611,3800001611,224.91093444824176,0,0.0,True
unrestricted,2,1.4,myopic,3800000110,3800000110,101.24974987475075,4,1.2,False
unrestricted,2,1.45,dynamic,1600066610,1600066610,319.8865966796869,0,0.0,True
unrestricted,2,1.45,dynamic,1600066590,1600066590,270.52459716796875,0,0.0,True
unrestricted,2,1.45,dynamic,3800000120,3800000120,168.6797027587895,0,0.0,True
unrestricted,2,1.45,dynamic,3800001520,3800001520,221.67314147949202,0,0.0,True
unrestricted,2,1.45,dynamic,3800000127,3800000127,162.18809509277338,0,0.0,True
unrestricted,2,1.45,dynamic,1600066510,1600066510,269.8931274414066,0,0.0,True
unrestricted,2,1.45,dynamic,3800001611,3800001611,224.91093444824176,0,0.0,True
unrestricted,2,1.45,dynamic,3800000110,3800000110,110.79541084623335,1,0.3,False
unrestricted,2,1.45,myopic,1600066610,1600066610,319.8865966796869,0,0.0,True
unrestricted,2,1.45,myopic,1600066590,1600066590,270.52459716796875,0,0.0,True
unrestricted,2,1.45,myopic,3800000120,3800000120,168.6797027587895,0,0.0,True
unrestricted,2,1.45,myopic,3800001520,3800001520,221.67314147949202,0,0.0,True
unrestricted,2,1.45,myopic,3800000127,3800000127,162.18809509277338,0,0.0,True
unrestricted,2,1.45,myopic,1600066510,1600066510,269.8931274414066,0,0.0,True
unrestricted,2,1.45,myopic,3800001611,3800001611,224.91093444824176,0,0.0,True
unrestricted,2,1.45,myopic,3800000110,3800000110,106.06463555876412,4,1.2,False
unrestricted,2,1.5,dynamic,1600066610,1600066610,319.8865966796869,0,0.0,True
unrestricted,2,1.5,dynamic,1600066590,1600066590,270.52459716796875,0,0.0,True
unrestricted,2,1.5,dynamic,3800000120,3800000120,168.6797027587895,0,0.0,True
unrestricted,2,1.5,dynamic,3800001520,3800001520,221.67314147949202,0,0.0,True
unrestricted,2,1.5,dynamic,3800000127,3800000127,162.18809509277338,0,0.0,True
unrestricted,2,1.5,dynamic,1600066510,1600066510,269.8931274414066,0,0.0,True
unrestricted,2,1.5,dynamic,3800001611,3800001611,224.91093444824176,0,0.0,True
unrestricted,2,1.5,dynamic,3800000110,3800000110,113.04517410914103,4,1.2,False
unrestricted,2,1.5,myopic,1600066610,1600066610,319.8865966796869,0,0.0,True
unrestricted,2,1.5,myopic,1600066590,1600066590,270.52459716796875,0,0.0,True
unrestricted,2,1.5,myopic,3800000120,3800000120,168.6797027587895,0,0.0,True
unrestricted,2,1.5,myopic,3800001520,3800001520,221.67314147949202,0,0.0,True
unrestricted,2,1.5,myopic,3800000127,3800000127,162.18809509277338,0,0.0,True
unrestricted,2,1.5,myopic,1600066510,1600066510,269.8931274414066,0,0.0,True
unrestricted,2,1.5,myopic,3800001611,3800001611,224.91093444824176,0,0.0,True
unrestricted,2,1.5,myopic,3800000110,3800000110,110.8795212427775,4,1.2,False
unrestricted,2,1.55,dynamic,1600066610,1600066610,319.8865966796869,0,0.0,True
unrestricted,2,1.55,dynamic,1600066590,1600066590,270.52459716796875,0,0.0,True
unrestricted,2,1.55,dynamic,3800000120,3800000120,168.6797027587895,0,0.0,True
unrestricted,2,1.55,dynamic,3800001520,3800001520,221.67314147949202,0,0.0,True
unrestricted,2,1.55,dynamic,3800000127,3800000127,162.18809509277338,0,0.0,True
unrestricted,2,1.55,dynamic,1600066510,1600066510,269.8931274414066,0,0.0,True
unrestricted,2,1.55,dynamic,3800001611,3800001611,224.91093444824176,0,0.0,True
unrestricted,2,1.55,dynamic,3800000110,3800000110,117.81203131405512,4,1.2,False
unrestricted,2,1.55,myopic,1600066610,1600066610,319.8865966796869,0,0.0,True
unrestricted,2,1.55,myopic,1600066590,1600066590,270.52459716796875,0,0.0,True
unrestricted,2,1.55,myopic,3800000120,3800000120,168.6797027587895,0,0.0,True
unrestricted,2,1.55,myopic,3800001520,3800001520,221.67314147949202,0,0.0,True
unrestricted,2,1.55,myopic,3800000127,3800000127,162.18809509277338,0,0.0,True
unrestricted,2,1.55,myopic,1600066510,1600066510,269.8931274414066,0,0.0,True
unrestricted,2,1.55,myopic,3800001611,3800001611,224.91093444824176,0,0.0,True
unrestricted,2,1.55,myopic,3800000110,3800000110,115.69440692679085,4,1.2,False
unrestricted,2,1.6,dynamic,1600066610,1600066610,319.8865966796869,0,0.0,True
unrestricted,2,1.6,dynamic,1600066590,1600066590,270.52459716796875,0,0.0,True
unrestricted,2,1.6,dynamic,3800000120,3800000120,168.6797027587895,0,0.0,True
unrestricted,2,1.6,dynamic,3800001520,3800001520,221.67314147949202,0,0.0,True
unrestricted,2,1.6,dynamic,3800000127,3800000127,162.18809509277338,0,0.0,True
unrestricted,2,1.6,dynamic,1600066510,1600066510,269.8931274414066,0,0.0,True
unrestricted,2,1.6,dynamic,3800001611,3800001611,224.91093444824176,0,0.0,True
unrestricted,2,1.6,dynamic,3800000110,3800000110,122.57888851896921,4,1.2,False
unrestricted,2,1.6,myopic,1600066610,1600066610,319.8865966796869,0,0.0,True
unrestricted,2,1.6,myopic,1600066590,1600066590,270.52459716796875,0,0.0,True
unrestricted,2,1.6,myopic,3800000120,3800000120,168.6797027587895,0,0.0,True
unrestricted,2,1.6,myopic,3800001520,3800001520,221.67314147949202,0,0.0,True
unrestricted,2,1.6,myopic,3800000127,3800000127,162.18809509277338,0,0.0,True
unrestricted,2,1.6,myopic,1600066510,1600066510,269.8931274414066,0,0.0,True
unrestricted,2,1.6,myopic,3800001611,3800001611,224.91093444824176,0,0.0,True
unrestricted,2,1.6,myopic,3800000110,3800000110,120.50929261080422,4,1.2,False
unrestricted,2,1.65,dynamic,1600066610,1600066610,319.8865966796869,0,0.0,True
unrestricted,2,1.65,dynamic,1600066590,1600066590,270.52459716796875,0,0.0,True
unrestricted,2,1.65,dynamic,3800000120,3800000120,169.71429012918475,4,1.2,True
unrestricted,2,1.65,dynamic,3800001520,3800001520,221.67314147949202,0,0.0,True
unrestricted,2,1.65,dynamic,3800000127,3800000127,162.18809509277338,0,0.0,True
unrestricted,2,1.65,dynamic,1600066510,1600066510,269.8931274414066,0,0.0,True
unrestricted,2,1.65,dynamic,3800001611,3800001611,224.91093444824176,0,0.0,True
unrestricted,2,1.65,dynamic,3800000110,3800000110,127.36337557156881,4,1.2,False
unrestricted,2,1.65,myopic,1600066610,1600066610,319.8865966796869,0,0.0,True
unrestricted,2,1.65,myopic,1600066590,1600066590,270.52459716796875,0,0.0,True
unrestricted,2,1.65,myopic,3800000120,3800000120,169.08789028326663,4,1.2,True
unrestricted,2,1.65,myopic,3800001520,3800001520,221.67314147949202,0,0.0,True
unrestricted,2,1.65,myopic,3800000127,3800000127,162.18809509277338,0,0.0,True
unrestricted,2,1.65,myopic,1600066510,1600066510,269.8931274414066,0,0.0,True
unrestricted,2,1.65,myopic,3800001611,3800001611,224.91093444824176,0,0.0,True
unrestricted,2,1.65,myopic,3800000110,3800000110,125.32417829481757,4,1.2,False
unrestricted,2,1.7,dynamic,1600066610,1600066610,319.8865966796869,0,0.0,True
unrestricted,2,1.7,dynamic,1600066590,1600066590,270.52459716796875,0,0.0,True
unrestricted,2,1.7,dynamic,3800000120,3800000120,173.8517575116158,4,1.2,True
unrestricted,2,1.7,dynamic,3800001520,3800001520,221.67314147949202,0,0.0,True
unrestricted,2,1.7,dynamic,3800000127,3800000127,162.18809509277338,0,0.0,True
unrestricted,2,1.7,dynamic,1600066510,1600066510,269.8931274414066,0,0.0,True
unrestricted,2,1.7,dynamic,3800001611,3800001611,224.91093444824176,0,0.0,True
unrestricted,2,1.7,dynamic,3800000110,3800000110,132.1605505752563,4,1.2,False
unrestricted,2,1.7,myopic,1600066610,1600066610,319.8865966796869,0,0.0,True
unrestricted,2,1.7,myopic,1600066590,1600066590,270.52459716796875,0,0.0,True
unrestricted,2,1.7,myopic,3800000120,3800000120,173.26704472303382,4,1.2,True
unrestricted,2,1.7,myopic,3800001520,3800001520,221.67314147949202,0,0.0,True
unrestricted,2,1.7,myopic,3800000127,3800000127,162.18809509277338,0,0.0,True
unrestricted,2,1.7,myopic,1600066510,1600066510,269.8931274414066,0,0.0,True
unrestricted,2,1.7,myopic,3800001611,3800001611,224.91093444824176,0,0.0,True
unrestricted,2,1.7,myopic,3800000110,3800000110,130.13906397883096,4,1.2,False
unrestricted,2,1.75,dynamic,1600066610,1600066610,319.8865966796869,0,0.0,True
unrestricted,2,1.75,dynamic,1600066590,1600066590,270.52459716796875,0,0.0,True
unrestricted,2,1.75,dynamic,3800000120,3800000120,178.00221141099928,4,1.2,True
unrestricted,2,1.75,dynamic,3800001520,3800001520,221.67314147949202,0,0.0,True
unrestricted,2,1.75,dynamic,3800000127,3800000127,162.18809509277338,0,0.0,True
unrestricted,2,1.75,dynamic,1600066510,1600066510,269.8931274414066,0,0.0,True
unrestricted,2,1.75,dynamic,3800001611,3800001611,224.91093444824176,0,0.0,True
unrestricted,2,1.75,dynamic,3800000110,3800000110,136.9659426387151,4,1.2,False
unrestricted,2,1.75,myopic,1600066610,1600066610,319.8865966796869,0,0.0,True
unrestricted,2,1.75,myopic,1600066590,1600066590,270.52459716796875,0,0.0,True
unrestricted,2,1.75,myopic,3800000120,3800000120,177.44619916280104,4,1.2,True
unrestricted,2,1.75,myopic,3800001520,3800001520,221.67314147949202,0,0.0,True
unrestricted,2,1.75,myopic,3800000127,3800000127,162.18809509277338,0,0.0,True
unrestricted,2,1.75,myopic,1600066510,1600066510,269.8931274414066,0,0.0,True
unrestricted,2,1.75,myopic,3800001611,3800001611,224.91093444824176,0,0.0,True
unrestricted,2,1.75,myopic,3800000110,3800000110,134.9539496628443,4,1.2,False
unrestricted,2,1.8,dynamic,1600066610,1600066610,319.8865966796869,0,0.0,True
unrestricted,2,1.8,dynamic,1600066590,1600066590,270.52459716796875,0,0.0,True
unrestricted,2,1.8,dynamic,3800000120,3800000120,182.1595928214391,4,1.2,True
unrestricted,2,1.8,dynamic,3800001520,3800001520,221.67314147949202,0,0.0,True
unrestricted,2,1.8,dynamic,3800000127,3800000127,162.18809509277338,0,0.0,True
unrestricted,2,1.8,dynamic,1600066510,1600066510,269.8931274414066,0,0.0,True
unrestricted,2,1.8,dynamic,3800001611,3800001611,224.91093444824176,0,0.0,True
unrestricted,2,1.8,dynamic,3800000110,3800000110,141.77550082858403,4,1.2,False
unrestricted,2,1.8,myopic,1600066610,1600066610,319.8865966796869,0,0.0,True
unrestricted,2,1.8,myopic,1600066590,1600066590,270.52459716796875,0,0.0,True
unrestricted,2,1.8,myopic,3800000120,3800000120,181.62535360256825,4,1.2,True
unrestricted,2,1.8,myopic,3800001520,3800001520,221.67314147949202,0,0.0,True
unrestricted,2,1.8,myopic,3800000127,3800000127,162.18809509277338,0,0.0,True
unrestricted,2,1.8,myopic,1600066510,1600066510,269.8931274414066,0,0.0,True
unrestricted,2,1.8,myopic,3800001611,3800001611,224.91093444824176,0,0.0,True
unrestricted,2,1.8,myopic,3800000110,3800000110,139.7688353468577,4,1.2,False
unrestricted,2,1.85,dynamic,1600066610,1600066610,319.8865966796869,0,0.0,True
unrestricted,2,1.85,dynamic,1600066590,1600066590,270.52459716796875,0,0.0,True
unrestricted,2,1.85,dynamic,3800000120,3800000120,185.94947651163736,4,1.2,True
unrestricted,2,1.85,dynamic,3800001520,3800001520,221.67314147949202,0,0.0,True
unrestricted,2,1.85,dynamic,3800000127,3800000127,162.18809509277338,0,0.0,True
unrestricted,2,1.85,dynamic,1600066510,1600066510,270.35264222812657,1,0.3,False
unrestricted,2,1.85,dynamic,3800001611,3800001611,224.91093444824176,0,0.0,True
unrestricted,2,1.85,dynamic,3800000110,3800000110,146.59516073973973,4,1.2,False
unrestricted,2,1.85,myopic,1600066610,1600066610,319.8865966796869,0,0.0,True
unrestricted,2,1.85,myopic,1600066590,1600066590,270.52459716796875,0,0.0,True
unrestricted,2,1.85,myopic,3800000120,3800000120,185.80450804233544,4,1.2,True
unrestricted,2,1.85,myopic,3800001520,3800001520,221.67314147949202,0,0.0,True
unrestricted,2,1.85,myopic,3800000127,3800000127,162.18809509277338,0,0.0,True
unrestricted,2,1.85,myopic,1600066510,1600066510,263.35605590200424,4,1.2,False
unrestricted,2,1.85,myopic,3800001611,3800001611,224.91093444824176,0,0.0,True
unrestricted,2,1.85,myopic,3800000110,3800000110,144.58372103087106,4,1.2,False
unrestricted,2,1.9,dynamic,1600066610,1600066610,319.8865966796869,0,0.0,True
unrestricted,2,1.9,dynamic,1600066590,1600066590,270.52459716796875,0,0.0,True
unrestricted,2,1.9,dynamic,3800000120,3800000120,190.12154185756043,4,1.2,True
unrestricted,2,1.9,dynamic,3800001520,3800001520,221.67314147949202,0,0.0,True
unrestricted,2,1.9,dynamic,3800000127,3800000127,162.18809509277338,0,0.0,True
unrestricted,2,1.9,dynamic,1600066510,1600066510,271.70930564689644,1,0.3,False
unrestricted,2,1.9,dynamic,3800001611,3800001611,224.91093444824176,0,0.0,True
unrestricted,2,1.9,dynamic,3800000110,3800000110,151.4148206508954,4,1.2,False
unrestricted,2,1.9,myopic,1600066610,1600066610,319.8865966796869,0,0.0,True
unrestricted,2,1.9,myopic,1600066590,1600066590,270.52459716796875,0,0.0,True
unrestricted,2,1.9,myopic,3800000120,3800000120,189.98366248210263,4,1.2,True
unrestricted,2,1.9,myopic,3800001520,3800001520,221.67314147949202,0,0.0,True
unrestricted,2,1.9,myopic,3800000127,3800000127,162.18809509277338,0,0.0,True
unrestricted,2,1.9,myopic,1600066510,1600066510,268.8710985571543,4,1.2,False
unrestricted,2,1.9,myopic,3800001611,3800001611,224.91093444824176,0,0.0,True
unrestricted,2,1.9,myopic,3800000110,3800000110,149.3986067148844,4,1.2,False
unrestricted,2,1.95,dynamic,1600066610,1600066610,319.8865966796869,0,0.0,True
unrestricted,2,1.95,dynamic,1600066590,1600066590,270.52459716796875,0,0.0,True
unrestricted,2,1.95,dynamic,3800000120,3800000120,194.29360720348356,4,1.2,True
unrestricted,2,1.95,dynamic,3800001520,3800001520,221.67314147949202,0,0.0,True
unrestricted,2,1.95,dynamic,3800000127,3800000127,162.18809509277338,0,0.0,True
unrestricted,2,1.95,dynamic,1600066510,1600066510,275.8049368478457,4,1.2,False
unrestricted,2,1.95,dynamic,3800001611,3800001611,224.91093444824176,0,0.0,True
unrestricted,2,1.95,dynamic,3800000110,3800000110,156.23448056205112,4,1.2,False
unrestricted,2,1.95,myopic,1600066610,1600066610,319.8865966796869,0,0.0,True
unrestricted,2,1.95,myopic,1600066590,1600066590,270.52459716796875,0,0.0,True
unrestricted,2,1.95,myopic,3800000120,3800000120,194.16281692186982,4,1.2,True
unrestricted,2,1.95,myopic,3800001520,3800001520,221.67314147949202,0,0.0,True
unrestricted,2,1.95,myopic,3800000127,3800000127,162.18809509277338,0,0.0,True
unrestricted,2,1.95,myopic,1600066510,1600066510,274.38614121230444,4,1.2,False
unrestricted,2,1.95,myopic,3800001611,3800001611,224.91093444824176,0,0.0,True
unrestricted,2,1.95,myopic,3800000110,3800000110,154.21349239889776,4,1.2,False
unrestricted,2,2.0,dynamic,1600066610,1600066610,319.8865966796869,0,0.0,True
unrestricted,2,2.0,dynamic,1600066590,1600066590,270.52459716796875,0,0.0,True
unrestricted,2,2.0,dynamic,3800000120,3800000120,198.46996040980017,4,1.2,True
unrestricted,2,2.0,dynamic,3800001520,3800001520,221.67314147949202,0,0.0,True
unrestricted,2,2.0,dynamic,3800000127,3800000127,162.18809509277338,0,0.0,True
unrestricted,2,2.0,dynamic,1600066510,1600066510,281.292404311498,4,1.2,False
unrestricted,2,2.0,dynamic,3800001611,3800001611,224.91093444824176,0,0.0,True
unrestricted,2,2.0,dynamic,3800000110,3800000110,161.05414047320681,4,1.2,False
unrestricted,2,2.0,myopic,1600066610,1600066610,319.8865966796869,0,0.0,True
unrestricted,2,2.0,myopic,1600066590,1600066590,270.52459716796875,0,0.0,True
unrestricted,2,2.0,myopic,3800000120,3800000120,198.34197136163704,4,1.2,True
unrestricted,2,2.0,myopic,3800001520,3800001520,221.67314147949202,0,0.0,True
unrestricted,2,2.0,myopic,3800000127,3800000127,162.18809509277338,0,0.0,True
unrestricted,2,2.0,myopic,1600066510,1600066510,279.9011838674545,4,1.2,False
unrestricted,2,2.0,myopic,3800001611,3800001611,224.91093444824176,0,0.0,True
unrestricted,2,2.0,myopic,3800000110,3800000110,159.02837808291116,4,1.2,False
unrestricted,2,2.05,dynamic,1600066610,1600066610,319.8865966796869,0,0.0,True
unrestricted,2,2.05,dynamic,1600066590,1600066590,270.52459716796875,0,0.0,True
unrestricted,2,2.05,dynamic,3800000120,3800000120,202.64676943047834,4,1.2,True
unrestricted,2,2.05,dynamic,3800001520,3800001520,221.67314147949202,0,0.0,True
unrestricted,2,2.05,dynamic,3800000127,3800000127,162.18809509277338,0,0.0,True
unrestricted,2,2.05,dynamic,1600066510,1600066510,286.7846402673721,4,1.2,False
unrestricted,2,2.05,dynamic,3800001611,3800001611,224.91093444824176,0,0.0,True
unrestricted,2,2.05,dynamic,3800000110,3800000110,165.8738003843625,4,1.2,False
unrestricted,2,2.05,myopic,1600066610,1600066610,319.8865966796869,0,0.0,True
unrestricted,2,2.05,myopic,1600066590,1600066590,270.52459716796875,0,0.0,True
unrestricted,2,2.05,myopic,3800000120,3800000120,202.52112580140422,4,1.2,True
unrestricted,2,2.05,myopic,3800001520,3800001520,221.67314147949202,0,0.0,True
unrestricted,2,2.05,myopic,3800000127,3800000127,162.18809509277338,0,0.0,True
unrestricted,2,2.05,myopic,1600066510,1600066510,285.4162265226046,4,1.2,False
unrestricted,2,2.05,myopic,3800001611,3800001611,224.91093444824176,0,0.0,True
unrestricted,2,2.05,myopic,3800000110,3800000110,163.8432637669245,4,1.2,False
unrestricted,2,2.1,dynamic,1600066610,1600066610,319.8865966796869,0,0.0,True
unrestricted,2,2.1,dynamic,1600066590,1600066590,270.52459716796875,0,0.0,True
unrestricted,2,2.1,dynamic,3800000120,3800000120,206.82357845115658,4,1.2,True
unrestricted,2,2.1,dynamic,3800001520,3800001520,221.67314147949202,0,0.0,True
unrestricted,2,2.1,dynamic,3800000127,3800000127,162.18809509277338,0,0.0,True
unrestricted,2,2.1,dynamic,1600066510,1600066510,292.2873710721334,4,1.2,False
unrestricted,2,2.1,dynamic,3800001611,3800001611,224.91093444824176,0,0.0,True
unrestricted,2,2.1,dynamic,3800000110,3800000110,170.69346029551824,4,1.2,False
unrestricted,2,2.1,myopic,1600066610,1600066610,319.8865966796869,0,0.0,True
unrestricted,2,2.1,myopic,1600066590,1600066590,270.52459716796875,0,0.0,True
unrestricted,2,2.1,myopic,3800000120,3800000120,206.70028024117144,4,1.2,True
unrestricted,2,2.1,myopic,3800001520,3800001520,221.67314147949202,0,0.0,True
unrestricted,2,2.1,myopic,3800000127,3800000127,162.18809509277338,0,0.0,True
unrestricted,2,2.1,myopic,1600066510,1600066510,290.9312691777547,4,1.2,False
unrestricted,2,2.1,myopic,3800001611,3800001611,224.91093444824176,0,0.0,True
unrestricted,2,2.1,myopic,3800000110,3800000110,168.6581494509379,4,1.2,False
unrestricted,2,2.15,dynamic,1600066610,1600066610,319.8865966796869,0,0.0,True
unrestricted,2,2.15,dynamic,1600066590,1600066590,270.52459716796875,0,0.0,True
unrestricted,2,2.15,dynamic,3800000120,3800000120,211.00038747183476,4,1.2,True
unrestricted,2,2.15,dynamic,3800001520,3800001520,221.67314147949202,0,0.0,True
unrestricted,2,2.15,dynamic,3800000127,3800000127,162.18809509277338,0,0.0,True
unrestricted,2,2.15,dynamic,1600066510,1600066510,297.7901018768946,4,1.2,False
unrestricted,2,2.15,dynamic,3800001611,3800001611,224.91093444824176,0,0.0,True
unrestricted,2,2.15,dynamic,3800000110,3800000110,175.5131202066739,4,1.2,False
unrestricted,2,2.15,myopic,1600066610,1600066610,319.8865966796869,0,0.0,True
unrestricted,2,2.15,myopic,1600066590,1600066590,270.52459716796875,0,0.0,True
unrestricted,2,2.15,myopic,3800000120,3800000120,210.87943468093863,4,1.2,True
unrestricted,2,2.15,myopic,3800001520,3800001520,221.67314147949202,0,0.0,True
unrestricted,2,2.15,myopic,3800000127,3800000127,158.7862666083177,4,1.2,True
unrestricted,2,2.15,myopic,1600066510,1600066510,296.4463118329048,4,1.2,False
unrestricted,2,2.15,myopic,3800001611,3800001611,224.91093444824176,0,0.0,True
unrestricted,2,2.15,myopic,3800000110,3800000110,173.47303513495126,4,1.2,False
unrestricted,2,2.2,dynamic,1600066610,1600066610,319.8865966796869,0,0.0,True
unrestricted,2,2.2,dynamic,1600066590,1600066590,270.52459716796875,0,0.0,True
unrestricted,2,2.2,dynamic,3800000120,3800000120,215.177196492513,4,1.2,True
unrestricted,2,2.2,dynamic,3800001520,3800001520,221.67314147949202,0,0.0,True
unrestricted,2,2.2,dynamic,3800000127,3800000127,162.5485511589051,1,0.3,True
unrestricted,2,2.2,dynamic,1600066510,1600066510,303.2928326816559,4,1.2,False
unrestricted,2,2.2,dynamic,3800001611,3800001611,224.91093444824176,0,0.0,True
unrestricted,2,2.2,dynamic,3800000110,3800000110,180.33278011782963,4,1.2,False
unrestricted,2,2.2,myopic,1600066610,1600066610,319.8865966796869,0,0.0,True
unrestricted,2,2.2,myopic,1600066590,1600066590,270.52459716796875,0,0.0,True
unrestricted,2,2.2,myopic,3800000120,3800000120,215.05858912070585,4,1.2,True
unrestricted,2,2.2,myopic,3800001520,3800001520,221.67314147949202,0,0.0,True
unrestricted,2,2.2,myopic,3800000127,3800000127,161.62417098347348,4,1.2,True
unrestricted,2,2.2,myopic,1600066510,1600066510,301.9613544880549,4,1.2,False
unrestricted,2,2.2,myopic,3800001611,3800001611,224.91093444824176,0,0.0,True
unrestricted,2,2.2,myopic,3800000110,3800000110,178.2879208189646,4,1.2,False
unrestricted,2,2.24,dynamic,1600066610,1600066610,319.8865966796869,0,0.0,True
unrestricted,2,2.24,dynamic,1600066590,1600066590,270.52459716796875,0,0.0,True
unrestricted,2,2.24,dynamic,3800000120,3800000120,218.51864370905554,4,1.2,True
unrestricted,2,2.24,dynamic,3800001520,3800001520,221.67314147949202,0,0.0,True
unrestricted,2,2.24,dynamic,3800000127,3800000127,163.8944944835981,4,1.2,True
unrestricted,2,2.24,dynamic,1600066510,1600066510,307.6950173254649,4,1.2,False
unrestricted,2,2.24,dynamic,3800001611,3800001611,224.91093444824176,0,0.0,True
unrestricted,2,2.24,dynamic,3800000110,3800000110,184.1885080467542,4,1.2,False
unrestricted,2,2.24,myopic,1600066610,1600066610,319.8865966796869,0,0.0,True
unrestricted,2,2.24,myopic,1600066590,1600066590,270.52459716796875,0,0.0,True
unrestricted,2,2.24,myopic,3800000120,3800000120,218.40191267251961,4,1.2,True
unrestricted,2,2.24,myopic,3800001520,3800001520,221.67314147949202,0,0.0,True
unrestricted,2,2.24,myopic,3800000127,3800000127,163.8944944835981,4,1.2,True
unrestricted,2,2.24,myopic,1600066510,1600066510,306.373388612175,4,1.2,False
unrestricted,2,2.24,myopic,3800001611,3800001611,224.91093444824176,0,0.0,True
unrestricted,2,2.24,myopic,3800000110,3800000110,182.13982936617532,4,1.2,False
unrestricted,2,2.25,dynamic,1600066610,1600066610,319.8865966796869,0,0.0,True
unrestricted,2,2.25,dynamic,1600066590,1600066590,270.52459716796875,0,0.0,True
unrestricted,2,2.25,dynamic,3800000120,3800000120,219.35400551319117,4,1.2,True
unrestricted,2,2.25,dynamic,3800001520,3800001520,221.67314147949202,0,0.0,True
unrestricted,2,2.25,dynamic,3800000127,3800000127,164.46207535862925,4,1.2,True
unrestricted,2,2.25,dynamic,1600066510,1600066510,308.7955634864171,4,1.2,False
unrestricted,2,2.25,dynamic,3800001611,3800001611,224.91093444824176,0,0.0,True
unrestricted,2,2.25,dynamic,3800000110,3800000110,185.15244002898532,4,1.2,False
unrestricted,2,2.25,myopic,1600066610,1600066610,319.8865966796869,0,0.0,True
unrestricted,2,2.25,myopic,1600066590,1600066590,270.52459716796875,0,0.0,True
unrestricted,2,2.25,myopic,3800000120,3800000120,219.23774356047304,4,1.2,True
unrestricted,2,2.25,myopic,3800001520,3800001520,221.67314147949202,0,0.0,True
unrestricted,2,2.25,myopic,3800000127,3800000127,164.46207535862925,4,1.2,True
unrestricted,2,2.25,myopic,1600066510,1600066510,307.476397143205,4,1.2,False
unrestricted,2,2.25,myopic,3800001611,3800001611,224.91093444824176,0,0.0,True
unrestricted,2,2.25,myopic,3800000110,3800000110,183.10280650297796,4,1.2,False
unrestricted,2,2.3,dynamic,1600066610,1600066610,319.8865966796869,0,0.0,True
unrestricted,2,2.3,dynamic,1600066590,1600066590,270.52459716796875,0,0.0,True
unrestricted,2,2.3,dynamic,3800000120,3800000120,223.53081453386935,4,1.2,True
unrestricted,2,2.3,dynamic,3800001520,3800001520,221.67314147949202,0,0.0,True
unrestricted,2,2.3,dynamic,3800000127,3800000127,167.299979733785,4,1.2,True
unrestricted,2,2.3,dynamic,1600066510,1600066510,314.29829429117837,4,1.2,False
unrestricted,2,2.3,dynamic,3800001611,3800001611,224.91093444824176,0,0.0,True
unrestricted,2,2.3,dynamic,3800000110,3800000110,189.972099940141,4,1.2,False
unrestricted,2,2.3,myopic,1600066610,1600066610,319.8865966796869,0,0.0,True
unrestricted,2,2.3,myopic,1600066590,1600066590,270.52459716796875,0,0.0,True
unrestricted,2,2.3,myopic,3800000120,3800000120,223.41689800024022,4,1.2,True
unrestricted,2,2.3,myopic,3800001520,3800001520,221.67314147949202,0,0.0,True
unrestricted,2,2.3,myopic,3800000127,3800000127,167.299979733785,4,1.2,True
unrestricted,2,2.3,myopic,1600066510,1600066510,312.9914397983551,4,1.2,False
unrestricted,2,2.3,myopic,3800001611,3800001611,224.91093444824176,0,0.0,True
unrestricted,2,2.3,myopic,3800000110,3800000110,187.9176921869913,4,1.2,False
unrestricted,2,2.35,dynamic,1600066610,1600066610,319.8865966796869,0,0.0,True
unrestricted,2,2.35,dynamic,1600066590,1600066590,270.52459716796875,0,0.0,True
unrestricted,2,2.35,dynamic,3800000120,3800000120,227.70762355454758,4,1.2,True
unrestricted,2,2.35,dynamic,3800001520,3800001520,221.67314147949202,0,0.0,True
unrestricted,2,2.35,dynamic,3800000127,3800000127,170.13788410894077,4,1.2,True
unrestricted,2,2.35,dynamic,1600066510,1600066510,319.8010250959396,4,1.2,False
unrestricted,2,2.35,dynamic,3800001611,3800001611,224.91093444824176,0,0.0,True
unrestricted,2,2.35,dynamic,3800000110,3800000110,194.79175985129672,4,1.2,False
unrestricted,2,2.35,myopic,1600066610,1600066610,319.8865966796869,0,0.0,True
unrestricted,2,2.35,myopic,1600066590,1600066590,270.52459716796875,0,0.0,True
unrestricted,2,2.35,myopic,3800000120,3800000120,227.59605244000744,4,1.2,True
unrestricted,2,2.35,myopic,3800001520,3800001520,221.67314147949202,0,0.0,True
unrestricted,2,2.35,myopic,3800000127,3800000127,170.13788410894077,4,1.2,True
unrestricted,2,2.35,myopic,1600066510,1600066510,318.50648245350516,4,1.2,False
unrestricted,2,2.35,myopic,3800001611,3800001611,224.91093444824176,0,0.0,True
unrestricted,2,2.35,myopic,3800000110,3800000110,192.7325778710047,4,1.2,False
unrestricted,2,2.4,dynamic,1600066610,1600066610,319.8865966796869,0,0.0,True
unrestricted,2,2.4,dynamic,1600066590,1600066590,270.52459716796875,0,0.0,True
unrestricted,2,2.4,dynamic,3800000120,3800000120,231.88443257522576,4,1.2,True
unrestricted,2,2.4,dynamic,3800001520,3800001520,221.67314147949202,0,0.0,True
unrestricted,2,2.4,dynamic,3800000127,3800000127,172.97578848409654,4,1.2,True
unrestricted,2,2.4,dynamic,1600066510,1600066510,325.3037559007009,4,1.2,False
unrestricted,2,2.4,dynamic,3800001611,3800001611,224.91093444824176,0,0.0,True
unrestricted,2,2.4,dynamic,3800000110,3800000110,199.6114197624524,4,1.2,False
unrestricted,2,2.4,myopic,1600066610,1600066610,319.8865966796869,0,0.0,True
unrestricted,2,2.4,myopic,1600066590,1600066590,270.52459716796875,0,0.0,True
unrestricted,2,2.4,myopic,3800000120,3800000120,231.77520687977463,4,1.2,True
unrestricted,2,2.4,myopic,3800001520,3800001520,221.67314147949202,0,0.0,True
unrestricted,2,2.4,myopic,3800000127,3800000127,172.97578848409654,4,1.2,True
unrestricted,2,2.4,myopic,1600066510,1600066510,324.0215251086553,4,1.2,False
unrestricted,2,2.4,myopic,3800001611,3800001611,224.91093444824176,0,0.0,True
unrestricted,2,2.4,myopic,3800000110,3800000110,197.54746355501806,4,1.2,False
unrestricted,2,2.45,dynamic,1600066610,1600066610,319.8865966796869,0,0.0,True
unrestricted,2,2.45,dynamic,1600066590,1600066590,270.52459716796875,0,0.0,True
unrestricted,2,2.45,dynamic,3800000120,3800000120,236.061241595904,4,1.2,True
unrestricted,2,2.45,dynamic,3800001520,3800001520,221.67314147949202,0,0.0,True
unrestricted,2,2.45,dynamic,3800000127,3800000127,175.8136928592523,4,1.2,True
unrestricted,2,2.45,dynamic,1600066510,1600066510,330.80648670546213,4,1.2,False
unrestricted,2,2.45,dynamic,3800001611,3800001611,224.91093444824176,0,0.0,True
unrestricted,2,2.45,dynamic,3800000110,3800000110,204.43107967360814,4,1.2,False
unrestricted,2,2.45,myopic,1600066610,1600066610,319.8865966796869,0,0.0,True
unrestricted,2,2.45,myopic,1600066590,1600066590,270.52459716796875,0,0.0,True
unrestricted,2,2.45,myopic,3800000120,3800000120,235.95436131954185,4,1.2,True
unrestricted,2,2.45,myopic,3800001520,3800001520,221.67314147949202,0,0.0,True
unrestricted,2,2.45,myopic,3800000127,3800000127,175.8136928592523,4,1.2,True
unrestricted,2,2.45,myopic,1600066510,1600066510,329.5365677638054,4,1.2,False
unrestricted,2,2.45,myopic,3800001611,3800001611,211.544311672926,4,1.2,False
unrestricted,2,2.45,myopic,3800000110,3800000110,202.36234923903146,4,1.2,False
unrestricted,2,2.5,dynamic,1600066610,1600066610,319.8865966796869,0,0.0,True
unrestricted,2,2.5,dynamic,1600066590,1600066590,270.52459716796875,0,0.0,True
unrestricted,2,2.5,dynamic,3800000120,3800000120,240.23805061658217,4,1.2,True
unrestricted,2,2.5,dynamic,3800001520,3800001520,221.67314147949202,0,0.0,True
unrestricted,2,2.5,dynamic,3800000127,3800000127,178.65159723440806,4,1.2,True
unrestricted,2,2.5,dynamic,1600066510,1600066510,336.3092175102234,4,1.2,False
unrestricted,2,2.5,dynamic,3800001611,3800001611,224.91093444824176,0,0.0,True
unrestricted,2,2.5,dynamic,3800000110,3800000110,209.25073958476383,4,1.2,False
unrestricted,2,2.5,myopic,1600066610,1600066610,319.8865966796869,0,0.0,True
unrestricted,2,2.5,myopic,1600066590,1600066590,270.52459716796875,0,0.0,True
unrestricted,2,2.5,myopic,3800000120,3800000120,239.97215617338816,4,1.2,True
unrestricted,2,2.5,myopic,3800001520,3800001520,221.67314147949202,0,0.0,True
unrestricted,2,2.5,myopic,3800000127,3800000127,178.65159723440806,4,1.2,True
unrestricted,2,2.5,myopic,1600066510,1600066510,334.6881224425634,4,1.2,False
unrestricted,2,2.5,myopic,3800001611,3800001611,215.05201993465428,4,1.2,False
unrestricted,2,2.5,myopic,3800000110,3800000110,207.1772349230448,4,1.2,False
unrestricted,2,2.55,dynamic,1600066610,1600066610,319.8865966796869,0,0.0,True
unrestricted,2,2.55,dynamic,1600066590,1600066590,270.52459716796875,0,0.0,True
unrestricted,2,2.55,dynamic,3800000120,3800000120,244.31267019907622,4,1.2,True
unrestricted,2,2.55,dynamic,3800001520,3800001520,221.67314147949202,0,0.0,True
unrestricted,2,2.55,dynamic,3800000127,3800000127,181.48950160956383,4,1.2,True
unrestricted,2,2.55,dynamic,1600066510,1600066510,341.8506691090266,4,1.2,False
unrestricted,2,2.55,dynamic,3800001611,3800001611,226.98936717748643,1,0.3,False
unrestricted,2,2.55,dynamic,3800000110,3800000110,212.7655217140515,4,1.2,False
unrestricted,2,2.55,myopic,1600066610,1600066610,319.8865966796869,0,0.0,True
unrestricted,2,2.55,myopic,1600066590,1600066590,267.3956650802294,4,1.2,False
unrestricted,2,2.55,myopic,3800000120,3800000120,244.13041484769184,4,1.2,True
unrestricted,2,2.55,myopic,3800001520,3800001520,221.67314147949202,0,0.0,True
unrestricted,2,2.55,myopic,3800000127,3800000127,181.48950160956383,4,1.2,True
unrestricted,2,2.55,myopic,1600066510,1600066510,340.2308789024353,4,1.2,False
unrestricted,2,2.55,myopic,3800001611,3800001611,218.55972819638254,4,1.2,False
unrestricted,2,2.55,myopic,3800000110,3800000110,211.99212060705815,4,1.2,False
unrestricted,2,2.6,dynamic,1600066610,1600066610,319.8865966796869,0,0.0,True
unrestricted,2,2.6,dynamic,1600066590,1600066590,270.78156889534,1,0.3,False
unrestricted,2,2.6,dynamic,3800000120,3800000120,248.49182463884344,4,1.2,True
unrestricted,2,2.6,dynamic,3800001520,3800001520,221.67314147949202,0,0.0,True
unrestricted,2,2.6,dynamic,3800000127,3800000127,184.3274059847196,4,1.2,True
unrestricted,2,2.6,dynamic,1600066510,1600066510,347.3613508574168,4,1.2,False
unrestricted,2,2.6,dynamic,3800001611,3800001611,227.86521973609925,1,0.3,False
unrestricted,2,2.6,dynamic,3800000110,3800000110,217.58736111672715,4,1.2,False
unrestricted,2,2.6,myopic,1600066610,1600066610,319.8865966796869,0,0.0,True
unrestricted,2,2.6,myopic,1600066590,1600066590,271.368454791069,4,1.2,False
unrestricted,2,2.6,myopic,3800000120,3800000120,248.28867352199555,4,1.2,True
unrestricted,2,2.6,myopic,3800001520,3800001520,221.67314147949202,0,0.0,True
unrestricted,2,2.6,myopic,3800000127,3800000127,184.3274059847196,4,1.2,True
unrestricted,2,2.6,myopic,1600066510,1600066510,345.77363536230723,4,1.2,False
unrestricted,2,2.6,myopic,3800001611,3800001611,222.06743645811085,4,1.2,False
unrestricted,2,2.6,myopic,3800000110,3800000110,216.80700629107156,4,1.2,False
unrestricted,2,2.65,dynamic,1600066610,1600066610,319.8865966796869,0,0.0,True
unrestricted,2,2.65,dynamic,1600066590,1600066590,275.3412445019086,4,1.2,False
unrestricted,2,2.65,dynamic,3800000120,3800000120,252.67097907861063,4,1.2,True
unrestricted,2,2.65,dynamic,3800001520,3800001520,221.67314147949202,0,0.0,True
unrestricted,2,2.65,dynamic,3800000127,3800000127,187.16531035987538,4,1.2,True
unrestricted,2,2.65,dynamic,1600066510,1600066510,351.59673838440574,4,1.2,False
unrestricted,2,2.65,dynamic,3800001611,3800001611,228.74107229471207,1,0.3,False
unrestricted,2,2.65,dynamic,3800000110,3800000110,221.6218919750849,4,1.2,False
unrestricted,2,2.65,myopic,1600066610,1600066610,319.8865966796869,0,0.0,True
unrestricted,2,2.65,myopic,1600066590,1600066590,275.3412445019086,4,1.2,False
unrestricted,2,2.65,myopic,3800000120,3800000120,252.44693219629923,4,1.2,True
unrestricted,2,2.65,myopic,3800001520,3800001520,221.67314147949202,0,0.0,True
unrestricted,2,2.65,myopic,3800000127,3800000127,187.16531035987538,4,1.2,True
unrestricted,2,2.65,myopic,1600066510,1600066510,351.3163918221792,4,1.2,False
unrestricted,2,2.65,myopic,3800001611,3800001611,225.57514471983913,4,1.2,False
unrestricted,2,2.65,myopic,3800000110,3800000110,221.6218919750849,4,1.2,False
unrestricted,2,2.7,dynamic,1600066610,1600066610,319.8865966796869,0,0.0,True
unrestricted,2,2.7,dynamic,1600066590,1600066590,279.3140342127482,4,1.2,False
unrestricted,2,2.7,dynamic,3800000120,3800000120,256.85013351837785,4,1.2,True
unrestricted,2,2.7,dynamic,3800001520,3800001520,221.67314147949202,0,0.0,True
unrestricted,2,2.7,dynamic,3800000127,3800000127,190.00321473503115,4,1.2,True
unrestricted,2,2.7,dynamic,1600066510,1600066510,357.11178103955586,4,1.2,False
unrestricted,2,2.7,dynamic,3800001611,3800001611,229.74790555691717,2,0.6,False
unrestricted,2,2.7,dynamic,3800000110,3800000110,226.4367776590983,4,1.2,False
unrestricted,2,2.7,myopic,1600066610,1600066610,319.8865966796869,0,0.0,True
unrestricted,2,2.7,myopic,1600066590,1600066590,279.3140342127482,4,1.2,False
unrestricted,2,2.7,myopic,3800000120,3800000120,256.60519087060294,4,1.2,True
unrestricted,2,2.7,myopic,3800001520,3800001520,221.67314147949202,0,0.0,True
unrestricted,2,2.7,myopic,3800000127,3800000127,190.00321473503115,4,1.2,True
unrestricted,2,2.7,myopic,1600066510,1600066510,356.85914828205114,4,1.2,False
unrestricted,2,2.7,myopic,3800001611,3800001611,229.08285298156744,4,1.2,False
unrestricted,2,2.7,myopic,3800000110,3800000110,226.4367776590983,4,1.2,False
unrestricted,2,2.75,dynamic,1600066610,1600066610,322.67692355195686,3,0.8999999999999999,False
unrestricted,2,2.75,dynamic,1600066590,1600066590,283.28682392358775,4,1.2,False
unrestricted,2,2.75,dynamic,3800000120,3800000120,261.029287958145,4,1.2,True
unrestricted,2,2.75,dynamic,3800001520,3800001520,221.67314147949202,0,0.0,True
unrestricted,2,2.75,dynamic,3800000127,3800000127,192.8411191101869,4,1.2,True
unrestricted,2,2.75,dynamic,1600066510,1600066510,362.62682369470593,4,1.2,False
unrestricted,2,2.75,dynamic,3800001611,3800001611,230.4927774119377,1,0.3,False
unrestricted,2,2.75,dynamic,3800000110,3800000110,231.25166334311166,4,1.2,False
unrestricted,2,2.75,myopic,1600066610,1600066610,319.8865966796869,0,0.0,True
unrestricted,2,2.75,myopic,1600066590,1600066590,283.28682392358775,4,1.2,False
unrestricted,2,2.75,myopic,3800000120,3800000120,260.7634495449066,4,1.2,True
unrestricted,2,2.75,myopic,3800001520,3800001520,221.67314147949202,0,0.0,True
unrestricted,2,2.75,myopic,3800000127,3800000127,192.8411191101869,4,1.2,True
unrestricted,2,2.75,myopic,1600066510,1600066510,362.40190474192303,4,1.2,False
unrestricted,2,2.75,myopic,3800001611,3800001611,232.59056124329572,4,1.2,False
unrestricted,2,2.75,myopic,3800000110,3800000110,231.25166334311166,4,1.2,False
unrestricted,2,2.8,dynamic,1600066610,1600066610,325.879659465154,3,0.8999999999999999,False
unrestricted,2,2.8,dynamic,1600066590,1600066590,287.25961363442735,4,1.2,False
unrestricted,2,2.8,dynamic,3800000120,3800000120,265.2084423979122,4,1.2,True
unrestricted,2,2.8,dynamic,3800001520,3800001520,221.67314147949202,0,0.0,True
unrestricted,2,2.8,dynamic,3800000127,3800000127,195.67902348534267,4,1.2,True
unrestricted,2,2.8,dynamic,1600066510,1600066510,368.141866349856,4,1.2,False
unrestricted,2,2.8,dynamic,3800001611,3800001611,231.36862997055056,1,0.3,False
unrestricted,2,2.8,dynamic,3800000110,3800000110,236.066549027125,4,1.2,False
unrestricted,2,2.8,myopic,1600066610,1600066610,319.8865966796869,0,0.0,True
unrestricted,2,2.8,myopic,1600066590,1600066590,287.25961363442735,4,1.2,False
unrestricted,2,2.8,myopic,3800000120,3800000120,264.9217082192103,4,1.2,True
unrestricted,2,2.8,myopic,3800001520,3800001520,221.67314147949202,0,0.0,True
unrestricted,2,2.8,myopic,3800000127,3800000127,195.67902348534267,4,1.2,True
unrestricted,2,2.8,myopic,1600066510,1600066510,367.94466120179493,4,1.2,False
unrestricted,2,2.8,myopic,3800001611,3800001611,236.09826950502398,4,1.2,False
unrestricted,2,2.8,myopic,3800000110,3800000110,236.066549027125,4,1.2,False
unrestricted,2,2.85,dynamic,1600066610,1600066610,329.08239537835124,3,0.8999999999999999,False
unrestricted,2,2.85,dynamic,1600066590,1600066590,291.23240334526696,4,1.2,False
unrestricted,2,2.85,dynamic,3800000120,3800000120,269.38759683767944,4,1.2,True
unrestricted,2,2.85,dynamic,3800001520,3800001520,221.67314147949202,0,0.0,True
unrestricted,2,2.85,dynamic,3800000127,3800000127,198.51692786049844,4,1.2,True
unrestricted,2,2.85,dynamic,1600066510,1600066510,373.6569090050061,4,1.2,False
unrestricted,2,2.85,dynamic,3800001611,3800001611,232.24448252916338,1,0.3,False
unrestricted,2,2.85,dynamic,3800000110,3800000110,240.8814347111384,4,1.2,False
unrestricted,2,2.85,myopic,1600066610,1600066610,319.8865966796869,0,0.0,True
unrestricted,2,2.85,myopic,1600066590,1600066590,291.23240334526696,4,1.2,False
unrestricted,2,2.85,myopic,3800000120,3800000120,269.079966893514,4,1.2,True
unrestricted,2,2.85,myopic,3800001520,3800001520,221.67314147949202,0,0.0,True
unrestricted,2,2.85,myopic,3800000127,3800000127,198.51692786049844,4,1.2,True
unrestricted,2,2.85,myopic,1600066510,1600066510,373.4874176616669,4,1.2,False
unrestricted,2,2.85,myopic,3800001611,3800001611,239.6059777667523,4,1.2,False
unrestricted,2,2.85,myopic,3800000110,3800000110,240.8814347111384,4,1.2,False
unrestricted,2,2.9,dynamic,1600066610,1600066610,332.2851312915484,3,0.8999999999999999,False
unrestricted,2,2.9,dynamic,1600066590,1600066590,295.2051930561065,4,1.2,False
unrestricted,2,2.9,dynamic,3800000120,3800000120,273.5667512774466,4,1.2,True
unrestricted,2,2.9,dynamic,3800001520,3800001520,221.67314147949202,0,0.0,True
unrestricted,2,2.9,dynamic,3800000127,3800000127,201.3548322356542,4,1.2,True
unrestricted,2,2.9,dynamic,1600066510,1600066510,379.1719516601562,4,1.2,False
unrestricted,2,2.9,dynamic,3800001611,3800001611,233.1203350877762,1,0.3,False
unrestricted,2,2.9,dynamic,3800000110,3800000110,245.69632039515176,4,1.2,False
unrestricted,2,2.9,myopic,1600066610,1600066610,319.8865966796869,0,0.0,True
unrestricted,2,2.9,myopic,1600066590,1600066590,295.2051930561065,4,1.2,False
unrestricted,2,2.9,myopic,3800000120,3800000120,273.23822556781766,4,1.2,True
unrestricted,2,2.9,myopic,3800001520,3800001520,221.67314147949202,0,0.0,True
unrestricted,2,2.9,myopic,3800000127,3800000127,201.3548322356542,4,1.2,True
unrestricted,2,2.9,myopic,1600066510,1600066510,379.0301741215388,4,1.2,False
unrestricted,2,2.9,myopic,3800001611,3800001611,243.11368602848057,4,1.2,False
unrestricted,2,2.9,myopic,3800000110,3800000110,245.69632039515176,4,1.2,False
unrestricted,2,2.95,dynamic,1600066610,1600066610,335.4878672047456,3,0.8999999999999999,False
unrestricted,2,2.95,dynamic,1600066590,1600066590,299.1779827669461,4,1.2,False
unrestricted,2,2.95,dynamic,3800000120,3800000120,277.7459057172138,4,1.2,True
unrestricted,2,2.95,dynamic,3800001520,3800001520,221.67314147949202,0,0.0,True
unrestricted,2,2.95,dynamic,3800000127,3800000127,204.19273661081,4,1.2,True
unrestricted,2,2.95,dynamic,1600066510,1600066510,384.6869943153063,4,1.2,False
unrestricted,2,2.95,dynamic,3800001611,3800001611,233.99618764638902,1,0.3,False
unrestricted,2,2.95,dynamic,3800000110,3800000110,250.5112060791651,4,1.2,False
unrestricted,2,2.95,myopic,1600066610,1600066610,319.8865966796869,0,0.0,True
unrestricted,2,2.95,myopic,1600066590,1600066590,299.1779827669461,4,1.2,False
unrestricted,2,2.95,myopic,3800000120,3800000120,277.3964842421214,4,1.2,True
unrestricted,2,2.95,myopic,3800001520,3800001520,221.67314147949202,0,0.0,True
unrestricted,2,2.95,myopic,3800000127,3800000127,204.19273661081,4,1.2,True
unrestricted,2,2.95,myopic,1600066510,1600066510,384.5729305814108,4,1.2,False
unrestricted,2,2.95,myopic,3800001611,3800001611,246.62139429020888,4,1.2,False
unrestricted,2,2.95,myopic,3800000110,3800000110,250.5112060791651,4,1.2,False
unrestricted,2,3.0,dynamic,1600066610,1600066610,338.6906031179428,3,0.8999999999999999,False
unrestricted,2,3.0,dynamic,1600066590,1600066590,303.15077247778567,4,1.2,False
unrestricted,2,3.0,dynamic,3800000120,3800000120,281.92506015698103,4,1.2,True
unrestricted,2,3.0,dynamic,3800001520,3800001520,221.67314147949202,0,0.0,True
unrestricted,2,3.0,dynamic,3800000127,3800000127,207.03064098596573,4,1.2,True
unrestricted,2,3.0,dynamic,1600066510,1600066510,390.2020369704564,4,1.2,False
unrestricted,2,3.0,dynamic,3800001611,3800001611,234.87204020500184,1,0.3,False
unrestricted,2,3.0,dynamic,3800000110,3800000110,255.3260917631785,4,1.2,False
unrestricted,2,3.0,myopic,1600066610,1600066610,319.8865966796869,0,0.0,True
unrestricted,2,3.0,myopic,1600066590,1600066590,303.15077247778567,4,1.2,False
unrestricted,2,3.0,myopic,3800000120,3800000120,281.5547429164251,4,1.2,True
unrestricted,2,3.0,myopic,3800001520,3800001520,221.67314147949202,0,0.0,True
unrestricted,2,3.0,myopic,3800000127,3800000127,207.03064098596573,4,1.2,True
unrestricted,2,3.0,myopic,1600066510,1600066510,390.1156870412827,4,1.2,False
unrestricted,2,3.0,myopic,3800001611,3800001611,250.12910255193714,4,1.2,False
unrestricted,2,3.0,myopic,3800000110,3800000110,255.3260917631785,4,1.2,False
unrestricted,2,3.05,dynamic,1600066610,1600066610,341.89333903114004,3,0.8999999999999999,False
unrestricted,2,3.05,dynamic,1600066590,1600066590,307.12356218862527,4,1.2,False
unrestricted,2,3.05,dynamic,3800000120,3800000120,286.1042145967482,4,1.2,True
unrestricted,2,3.05,dynamic,3800001520,3800001520,221.67314147949202,0,0.0,True
unrestricted,2,3.05,dynamic,3800000127,3800000127,209.8685453611215,4,1.2,True
unrestricted,2,3.05,dynamic,1600066510,1600066510,395.7170796256065,4,1.2,False
unrestricted,2,3.05,dynamic,3800001611,3800001611,235.74789276361466,1,0.3,False
unrestricted,2,3.05,dynamic,3800000110,3800000110,260.14097744719186,4,1.2,False
unrestricted,2,3.05,myopic,1600066610,1600066610,319.8865966796869,0,0.0,True
unrestricted,2,3.05,myopic,1600066590,1600066590,307.12356218862527,4,1.2,False
unrestricted,2,3.05,myopic,3800000120,3800000120,285.7130015907287,4,1.2,True
unrestricted,2,3.05,myopic,3800001520,3800001520,221.67314147949202,0,0.0,True
unrestricted,2,3.05,myopic,3800000127,3800000127,209.8685453611215,4,1.2,True
unrestricted,2,3.05,myopic,1600066510,1600066510,395.6584435011546,4,1.2,False
unrestricted,2,3.05,myopic,3800001611,3800001611,253.63681081366542,4,1.2,False
unrestricted,2,3.05,myopic,3800000110,3800000110,260.14097744719186,4,1.2,False
unrestricted,2,3.1,dynamic,1600066610,1600066610,345.09607494433726,3,0.8999999999999999,False
unrestricted,2,3.1,dynamic,1600066590,1600066590,311.0963518994649,4,1.2,False
unrestricted,2,3.1,dynamic,3800000120,3800000120,290.28336903651547,4,1.2,True
unrestricted,2,3.1,dynamic,3800001520,3800001520,221.67314147949202,0,0.0,True
unrestricted,2,3.1,dynamic,3800000127,3800000127,212.70644973627728,4,1.2,True
unrestricted,2,3.1,dynamic,1600066510,1600066510,401.23212228075664,4,1.2,False
unrestricted,2,3.1,dynamic,3800001611,3800001611,236.62374532222748,1,0.3,False
unrestricted,2,3.1,dynamic,3800000110,3800000110,264.9558631312052,4,1.2,False
unrestricted,2,3.1,myopic,1600066610,1600066610,319.8865966796869,0,0.0,True
unrestricted,2,3.1,myopic,1600066590,1600066590,311.0963518994649,4,1.2,False
unrestricted,2,3.1,myopic,3800000120,3800000120,289.87126026503245,4,1.2,True
unrestricted,2,3.1,myopic,3800001520,3800001520,221.67314147949202,0,0.0,True
unrestricted,2,3.1,myopic,3800000127,3800000127,212.70644973627728,4,1.2,True
unrestricted,2,3.1,myopic,1600066510,1600066510,401.20119996102653,4,1.2,False
unrestricted,2,3.1,myopic,3800001611,3800001611,257.14451907539376,4,1.2,False
unrestricted,2,3.1,myopic,3800000110,3800000110,264.9558631312052,4,1.2,False
unrestricted,2,3.15,dynamic,1600066610,1600066610,348.2988108575345,3,0.8999999999999999,False
unrestricted,2,3.15,dynamic,1600066590,1600066590,315.0691416103044,4,1.2,False
unrestricted,2,3.15,dynamic,3800000120,3800000120,294.4625234762826,4,1.2,True
unrestricted,2,3.15,dynamic,3800001520,3800001520,221.67314147949202,0,0.0,True
unrestricted,2,3.15,dynamic,3800000127,3800000127,215.54435411143302,4,1.2,True
unrestricted,2,3.15,dynamic,1600066510,1600066510,406.7471649359067,4,1.2,False
unrestricted,2,3.15,dynamic,3800001611,3800001611,237.4995978808403,1,0.3,False
unrestricted,2,3.15,dynamic,3800000110,3800000110,269.77074881521855,4,1.2,False
unrestricted,2,3.15,myopic,1600066610,1600066610,319.8865966796869,0,0.0,True
unrestricted,2,3.15,myopic,1600066590,1600066590,315.0691416103044,4,1.2,False
unrestricted,2,3.15,myopic,3800000120,3800000120,294.0295189393361,4,1.2,True
unrestricted,2,3.15,myopic,3800001520,3800001520,221.67314147949202,0,0.0,True
unrestricted,2,3.15,myopic,3800000127,3800000127,215.54435411143302,4,1.2,True
unrestricted,2,3.15,myopic,1600066510,1600066510,406.7439564208984,4,1.2,False
unrestricted,2,3.15,myopic,3800001611,3800001611,260.65222733712204,4,1.2,False
unrestricted,2,3.15,myopic,3800000110,3800000110,269.77074881521855,4,1.2,False
unrestricted,2,3.2,dynamic,1600066610,1600066610,351.5015467707317,3,0.8999999999999999,False
unrestricted,2,3.2,dynamic,1600066590,1600066590,319.04193132114403,4,1.2,False
unrestricted,2,3.2,dynamic,3800000120,3800000120,298.64167791604984,4,1.2,True
unrestricted,2,3.2,dynamic,3800001520,3800001520,221.67314147949202,0,0.0,True
unrestricted,2,3.2,dynamic,3800000127,3800000127,218.38225848658882,4,1.2,True
unrestricted,2,3.2,dynamic,1600066510,1600066510,412.26220759105684,4,1.2,False
unrestricted,2,3.2,dynamic,3800001611,3800001611,238.37545043945312,1,0.3,False
unrestricted,2,3.2,dynamic,3800000110,3800000110,274.58563449923196,4,1.2,False
unrestricted,2,3.2,myopic,1600066610,1600066610,319.8865966796869,0,0.0,True
unrestricted,2,3.2,myopic,1600066590,1600066590,319.04193132114403,4,1.2,False
unrestricted,2,3.2,myopic,3800000120,3800000120,298.18777761363987,4,1.2,True
unrestricted,2,3.2,myopic,3800001520,3800001520,221.67314147949202,0,0.0,True
unrestricted,2,3.2,myopic,3800000127,3800000127,218.38225848658882,4,1.2,True
unrestricted,2,3.2,myopic,1600066510,1600066510,412.2867128807704,4,1.2,False
unrestricted,2,3.2,myopic,3800001611,3800001611,264.1599355988503,4,1.2,False
unrestricted,2,3.2,myopic,3800000110,3800000110,274.58563449923196,4,1.2,False
unrestricted,3,1.2,dynamic,1600066610,1600066610,319.8865966796869,0,0.0,True
unrestricted,3,1.2,dynamic,1600066590,1600066590,270.52459716796875,0,0.0,True
unrestricted,3,1.2,dynamic,3800000120,3800000120,168.6797027587895,0,0.0,True
unrestricted,3,1.2,dynamic,3800001520,3800001520,221.67314147949202,0,0.0,True
unrestricted,3,1.2,dynamic,3800000127,3800000127,162.18809509277338,0,0.0,True
unrestricted,3,1.2,dynamic,1600066510,1600066510,269.8931274414066,0,0.0,True
unrestricted,3,1.2,dynamic,3800001611,3800001611,224.91093444824176,0,0.0,True
unrestricted,3,1.2,dynamic,3800000110,3800000110,109.29181671142571,0,0.0,True
unrestricted,3,1.2,myopic,1600066610,1600066610,319.8865966796869,0,0.0,True
unrestricted,3,1.2,myopic,1600066590,1600066590,270.52459716796875,0,0.0,True
unrestricted,3,1.2,myopic,3800000120,3800000120,168.6797027587895,0,0.0,True
unrestricted,3,1.2,myopic,3800001520,3800001520,221.67314147949202,0,0.0,True
unrestricted,3,1.2,myopic,3800000127,3800000127,162.18809509277338,0,0.0,True
unrestricted,3,1.2,myopic,1600066510,1600066510,269.8931274414066,0,0.0,True
unrestricted,3,1.2,myopic,3800001611,3800001611,224.91093444824176,0,0.0,True
unrestricted,3,1.2,myopic,3800000110,3800000110,109.29181671142571,0,0.0,True
unrestricted,3,1.25,dynamic,1600066610,1600066610,319.8865966796869,0,0.0,True
unrestricted,3,1.25,dynamic,1600066590,1600066590,270.52459716796875,0,0.0,True
unrestricted,3,1.25,dynamic,3800000120,3800000120,168.6797027587895,0,0.0,True
unrestricted,3,1.25,dynamic,3800001520,3800001520,221.67314147949202,0,0.0,True
unrestricted,3,1.25,dynamic,3800000127,3800000127,162.18809509277338,0,0.0,True
unrestricted,3,1.25,dynamic,1600066510,1600066510,269.8931274414066,0,0.0,True
unrestricted,3,1.25,dynamic,3800001611,3800001611,224.91093444824176,0,0.0,True
unrestricted,3,1.25,dynamic,3800000110,3800000110,109.29181671142571,0,0.0,True
unrestricted,3,1.25,myopic,1600066610,1600066610,319.8865966796869,0,0.0,True
unrestricted,3,1.25,myopic,1600066590,1600066590,270.52459716796875,0,0.0,True
unrestricted,3,1.25,myopic,3800000120,3800000120,168.6797027587895,0,0.0,True
unrestricted,3,1.25,myopic,3800001520,3800001520,221.67314147949202,0,0.0,True
unrestricted,3,1.25,myopic,3800000127,3800000127,162.18809509277338,0,0.0,True
unrestricted,3,1.25,myopic,1600066510,1600066510,269.8931274414066,0,0.0,True
unrestricted,3,1.25,myopic,3800001611,3800001611,224.91093444824176,0,0.0,True
unrestricted,3,1.25,myopic,3800000110,3800000110,109.29181671142571,0,0.0,True
unrestricted,3,1.3,dynamic,1600066610,1600066610,319.8865966796869,0,0.0,True
unrestricted,3,1.3,dynamic,1600066590,1600066590,270.52459716796875,0,0.0,True
unrestricted,3,1.3,dynamic,3800000120,3800000120,168.6797027587895,0,0.0,True
unrestricted,3,1.3,dynamic,3800001520,3800001520,221.67314147949202,0,0.0,True
unrestricted,3,1.3,dynamic,3800000127,3800000127,162.18809509277338,0,0.0,True
unrestricted,3,1.3,dynamic,1600066510,1600066510,269.8931274414066,0,0.0,True
unrestricted,3,1.3,dynamic,3800001611,3800001611,224.91093444824176,0,0.0,True
unrestricted,3,1.3,dynamic,3800000110,3800000110,109.29181671142571,0,0.0,True
unrestricted,3,1.3,myopic,1600066610,1600066610,319.8865966796869,0,0.0,True
unrestricted,3,1.3,myopic,1600066590,1600066590,270.52459716796875,0,0.0,True
unrestricted,3,1.3,myopic,3800000120,3800000120,168.6797027587895,0,0.0,True
unrestricted,3,1.3,myopic,3800001520,3800001520,221.67314147949202,0,0.0,True
unrestricted,3,1.3,myopic,3800000127,3800000127,162.18809509277338,0,0.0,True
unrestricted,3,1.3,myopic,1600066510,1600066510,269.8931274414066,0,0.0,True
unrestricted,3,1.3,myopic,3800001611,3800001611,224.91093444824176,0,0.0,True
unrestricted,3,1.3,myopic,3800000110,3800000110,109.29181671142571,0,0.0,True
unrestricted,3,1.35,dynamic,1600066610,1600066610,319.8865966796869,0,0.0,True
unrestricted,3,1.35,dynamic,1600066590,1600066590,270.52459716796875,0,0.0,True
unrestricted,3,1.35,dynamic,3800000120,3800000120,168.6797027587895,0,0.0,True
unrestricted,3,1.35,dynamic,3800001520,3800001520,221.67314147949202,0,0.0,True
unrestricted,3,1.35,dynamic,3800000127,3800000127,162.18809509277338,0,0.0,True
unrestricted,3,1.35,dynamic,1600066510,1600066510,269.8931274414066,0,0.0,True
unrestricted,3,1.35,dynamic,3800001611,3800001611,224.91093444824176,0,0.0,True
unrestricted,3,1.35,dynamic,3800000110,3800000110,109.29181671142571,0,0.0,True
unrestricted,3,1.35,myopic,1600066610,1600066610,319.8865966796869,0,0.0,True
unrestricted,3,1.35,myopic,1600066590,1600066590,270.52459716796875,0,0.0,True
unrestricted,3,1.35,myopic,3800000120,3800000120,168.6797027587895,0,0.0,True
unrestricted,3,1.35,myopic,3800001520,3800001520,221.67314147949202,0,0.0,True
unrestricted,3,1.35,myopic,3800000127,3800000127,162.18809509277338,0,0.0,True
unrestricted,3,1.35,myopic,1600066510,1600066510,269.8931274414066,0,0.0,True
unrestricted,3,1.35,myopic,3800001611,3800001611,224.91093444824176,0,0.0,True
unrestricted,3,1.35,myopic,3800000110,3800000110,109.29181671142571,0,0.0,True
unrestricted,3,1.4,dynamic,1600066610,1600066610,319.8865966796869,0,0.0,True
unrestricted,3,1.4,dynamic,1600066590,1600066590,270.52459716796875,0,0.0,True
unrestricted,3,1.4,dynamic,3800000120,3800000120,168.6797027587895,0,0.0,True
unrestricted,3,1.4,dynamic,3800001520,3800001520,221.67314147949202,0,0.0,True
unrestricted,3,1.4,dynamic,3800000127,3800000127,162.18809509277338,0,0.0,True
unrestricted,3,1.4,dynamic,1600066510,1600066510,269.8931274414066,0,0.0,True
unrestricted,3,1.4,dynamic,3800001611,3800001611,224.91093444824176,0,0.0,True
unrestricted,3,1.4,dynamic,3800000110,3800000110,109.59064659309385,1,0.3,False
unrestricted,3,1.4,myopic,1600066610,1600066610,319.8865966796869,0,0.0,True
unrestricted,3,1.4,myopic,1600066590,1600066590,270.52459716796875,0,0.0,True
unrestricted,3,1.4,myopic,3800000120,3800000120,168.6797027587895,0,0.0,True
unrestricted,3,1.4,myopic,3800001520,3800001520,221.67314147949202,0,0.0,True
unrestricted,3,1.4,myopic,3800000127,3800000127,162.18809509277338,0,0.0,True
unrestricted,3,1.4,myopic,1600066510,1600066510,269.8931274414066,0,0.0,True
unrestricted,3,1.4,myopic,3800001611,3800001611,224.91093444824176,0,0.0,True
unrestricted,3,1.4,myopic,3800000110,3800000110,101.24974987475075,4,1.2,False
unrestricted,3,1.45,dynamic,1600066610,1600066610,319.8865966796869,0,0.0,True
unrestricted,3,1.45,dynamic,1600066590,1600066590,270.52459716796875,0,0.0,True
unrestricted,3,1.45,dynamic,3800000120,3800000120,168.6797027587895,0,0.0,True
unrestricted,3,1.45,dynamic,3800001520,3800001520,221.67314147949202,0,0.0,True
unrestricted,3,1.45,dynamic,3800000127,3800000127,162.18809509277338,0,0.0,True
unrestricted,3,1.45,dynamic,1600066510,1600066510,269.8931274414066,0,0.0,True
unrestricted,3,1.45,dynamic,3800001611,3800001611,224.91093444824176,0,0.0,True
unrestricted,3,1.45,dynamic,3800000110,3800000110,110.79541084623335,1,0.3,False
unrestricted,3,1.45,myopic,1600066610,1600066610,319.8865966796869,0,0.0,True
unrestricted,3,1.45,myopic,1600066590,1600066590,270.52459716796875,0,0.0,True
unrestricted,3,1.45,myopic,3800000120,3800000120,168.6797027587895,0,0.0,True
unrestricted,3,1.45,myopic,3800001520,3800001520,221.67314147949202,0,0.0,True
unrestricted,3,1.45,myopic,3800000127,3800000127,162.18809509277338,0,0.0,True
unrestricted,3,1.45,myopic,1600066510,1600066510,269.8931274414066,0,0.0,True
unrestricted,3,1.45,myopic,3800001611,3800001611,224.91093444824176,0,0.0,True
unrestricted,3,1.45,myopic,3800000110,3800000110,106.06463555876412,4,1.2,False
unrestricted,3,1.5,dynamic,1600066610,1600066610,319.8865966796869,0,0.0,True
unrestricted,3,1.5,dynamic,1600066590,1600066590,270.52459716796875,0,0.0,True
unrestricted,3,1.5,dynamic,3800000120,3800000120,168.6797027587895,0,0.0,True
unrestricted,3,1.5,dynamic,3800001520,3800001520,221.67314147949202,0,0.0,True
unrestricted,3,1.5,dynamic,3800000127,3800000127,162.18809509277338,0,0.0,True
unrestricted,3,1.5,dynamic,1600066510,1600066510,269.8931274414066,0,0.0,True
unrestricted,3,1.5,dynamic,3800001611,3800001611,224.91093444824176,0,0.0,True
unrestricted,3,1.5,dynamic,3800000110,3800000110,113.04517410914103,4,1.2,False
unrestricted,3,1.5,myopic,1600066610,1600066610,319.8865966796869,0,0.0,True
unrestricted,3,1.5,myopic,1600066590,1600066590,270.52459716796875,0,0.0,True
unrestricted,3,1.5,myopic,3800000120,3800000120,168.6797027587895,0,0.0,True
unrestricted,3,1.5,myopic,3800001520,3800001520,221.67314147949202,0,0.0,True
unrestricted,3,1.5,myopic,3800000127,3800000127,162.18809509277338,0,0.0,True
unrestricted,3,1.5,myopic,1600066510,1600066510,269.8931274414066,0,0.0,True
unrestricted,3,1.5,myopic,3800001611,3800001611,224.91093444824176,0,0.0,True
unrestricted,3,1.5,myopic,3800000110,3800000110,110.8795212427775,4,1.2,False
unrestricted,3,1.55,dynamic,1600066610,1600066610,319.8865966796869,0,0.0,True
unrestricted,3,1.55,dynamic,1600066590,1600066590,270.52459716796875,0,0.0,True
unrestricted,3,1.55,dynamic,3800000120,3800000120,168.6797027587895,0,0.0,True
unrestricted,3,1.55,dynamic,3800001520,3800001520,221.67314147949202,0,0.0,True
unrestricted,3,1.55,dynamic,3800000127,3800000127,162.18809509277338,0,0.0,True
unrestricted,3,1.55,dynamic,1600066510,1600066510,269.8931274414066,0,0.0,True
unrestricted,3,1.55,dynamic,3800001611,3800001611,224.91093444824176,0,0.0,True
unrestricted,3,1.55,dynamic,3800000110,3800000110,117.81203131405512,4,1.2,False
unrestricted,3,1.55,myopic,1600066610,1600066610,319.8865966796869,0,0.0,True
unrestricted,3,1.55,myopic,1600066590,1600066590,270.52459716796875,0,0.0,True
unrestricted,3,1.55,myopic,3800000120,3800000120,168.6797027587895,0,0.0,True
unrestricted,3,1.55,myopic,3800001520,3800001520,221.67314147949202,0,0.0,True
unrestricted,3,1.55,myopic,3800000127,3800000127,162.18809509277338,0,0.0,True
unrestricted,3,1.55,myopic,1600066510,1600066510,269.8931274414066,0,0.0,True
unrestricted,3,1.55,myopic,3800001611,3800001611,224.91093444824176,0,0.0,True
unrestricted,3,1.55,myopic,3800000110,3800000110,115.69440692679085,4,1.2,False
unrestricted,3,1.6,dynamic,1600066610,1600066610,319.8865966796869,0,0.0,True
unrestricted,3,1.6,dynamic,1600066590,1600066590,270.52459716796875,0,0.0,True
unrestricted,3,1.6,dynamic,3800000120,3800000120,168.6797027587895,0,0.0,True
unrestricted,3,1.6,dynamic,3800001520,3800001520,221.67314147949202,0,0.0,True
unrestricted,3,1.6,dynamic,3800000127,3800000127,162.18809509277338,0,0.0,True
unrestricted,3,1.6,dynamic,1600066510,1600066510,269.8931274414066,0,0.0,True
unrestricted,3,1.6,dynamic,3800001611,3800001611,224.91093444824176,0,0.0,True
unrestricted,3,1.6,dynamic,3800000110,3800000110,122.57888851896921,4,1.2,False
unrestricted,3,1.6,myopic,1600066610,1600066610,319.8865966796869,0,0.0,True
unrestricted,3,1.6,myopic,1600066590,1600066590,270.52459716796875,0,0.0,True
unrestricted,3,1.6,myopic,3800000120,3800000120,168.6797027587895,0,0.0,True
unrestricted,3,1.6,myopic,3800001520,3800001520,221.67314147949202,0,0.0,True
unrestricted,3,1.6,myopic,3800000127,3800000127,162.18809509277338,0,0.0,True
unrestricted,3,1.6,myopic,1600066510,1600066510,269.8931274414066,0,0.0,True
unrestricted,3,1.6,myopic,3800001611,3800001611,224.91093444824176,0,0.0,True
unrestricted,3,1.6,myopic,3800000110,3800000110,120.50929261080422,4,1.2,False
unrestricted,3,1.65,dynamic,1600066610,1600066610,319.8865966796869,0,0.0,True
unrestricted,3,1.65,dynamic,1600066590,1600066590,270.52459716796875,0,0.0,True
unrestricted,3,1.65,dynamic,3800000120,3800000120,169.71429012918475,4,1.2,True
unrestricted,3,1.65,dynamic,3800001520,3800001520,221.67314147949202,0,0.0,True
unrestricted,3,1.65,dynamic,3800000127,3800000127,162.18809509277338,0,0.0,True
unrestricted,3,1.65,dynamic,1600066510,1600066510,269.8931274414066,0,0.0,True
unrestricted,3,1.65,dynamic,3800001611,3800001611,224.91093444824176,0,0.0,True
unrestricted,3,1.65,dynamic,3800000110,3800000110,127.36337557156881,4,1.2,False
unrestricted,3,1.65,myopic,1600066610,1600066610,319.8865966796869,0,0.0,True
unrestricted,3,1.65,myopic,1600066590,1600066590,270.52459716796875,0,0.0,True
unrestricted,3,1.65,myopic,3800000120,3800000120,169.08789028326663,4,1.2,True
unrestricted,3,1.65,myopic,3800001520,3800001520,221.67314147949202,0,0.0,True
unrestricted,3,1.65,myopic,3800000127,3800000127,162.18809509277338,0,0.0,True
unrestricted,3,1.65,myopic,1600066510,1600066510,269.8931274414066,0,0.0,True
unrestricted,3,1.65,myopic,3800001611,3800001611,224.91093444824176,0,0.0,True
unrestricted,3,1.65,myopic,3800000110,3800000110,125.32417829481757,4,1.2,False
unrestricted,3,1.7,dynamic,1600066610,1600066610,319.8865966796869,0,0.0,True
unrestricted,3,1.7,dynamic,1600066590,1600066590,270.52459716796875,0,0.0,True
unrestricted,3,1.7,dynamic,3800000120,3800000120,173.8517575116158,4,1.2,True
unrestricted,3,1.7,dynamic,3800001520,3800001520,221.67314147949202,0,0.0,True
unrestricted,3,1.7,dynamic,3800000127,3800000127,162.18809509277338,0,0.0,True
unrestricted,3,1.7,dynamic,1600066510,1600066510,269.8931274414066,0,0.0,True
unrestricted,3,1.7,dynamic,3800001611,3800001611,224.91093444824176,0,0.0,True
unrestricted,3,1.7,dynamic,3800000110,3800000110,132.1605505752563,4,1.2,False
unrestricted,3,1.7,myopic,1600066610,1600066610,319.8865966796869,0,0.0,True
unrestricted,3,1.7,myopic,1600066590,1600066590,270.52459716796875,0,0.0,True
unrestricted,3,1.7,myopic,3800000120,3800000120,173.26704472303382,4,1.2,True
unrestricted,3,1.7,myopic,3800001520,3800001520,221.67314147949202,0,0.0,True
unrestricted,3,1.7,myopic,3800000127,3800000127,162.18809509277338,0,0.0,True
unrestricted,3,1.7,myopic,1600066510,1600066510,269.8931274414066,0,0.0,True
unrestricted,3,1.7,myopic,3800001611,3800001611,224.91093444824176,0,0.0,True
unrestricted,3,1.7,myopic,3800000110,3800000110,130.13906397883096,4,1.2,False
unrestricted,3,1.75,dynamic,1600066610,1600066610,319.8865966796869,0,0.0,True
unrestricted,3,1.75,dynamic,1600066590,1600066590,270.52459716796875,0,0.0,True
unrestricted,3,1.75,dynamic,3800000120,3800000120,178.00221141099928,4,1.2,True
unrestricted,3,1.75,dynamic,3800001520,3800001520,221.67314147949202,0,0.0,True
unrestricted,3,1.75,dynamic,3800000127,3800000127,162.18809509277338,0,0.0,True
unrestricted,3,1.75,dynamic,1600066510,1600066510,269.8931274414066,0,0.0,True
unrestricted,3,1.75,dynamic,3800001611,3800001611,224.91093444824176,0,0.0,True
unrestricted,3,1.75,dynamic,3800000110,3800000110,136.9659426387151,4,1.2,False
unrestricted,3,1.75,myopic,1600066610,1600066610,319.8865966796869,0,0.0,True
unrestricted,3,1.75,myopic,1600066590,1600066590,270.52459716796875,0,0.0,True
unrestricted,3,1.75,myopic,3800000120,3800000120,177.44619916280104,4,1.2,True
unrestricted,3,1.75,myopic,3800001520,3800001520,221.67314147949202,0,0.0,True
unrestricted,3,1.75,myopic,3800000127,3800000127,162.18809509277338,0,0.0,True
unrestricted,3,1.75,myopic,1600066510,1600066510,269.8931274414066,0,0.0,True
unrestricted,3,1.75,myopic,3800001611,3800001611,224.91093444824176,0,0.0,True
unrestricted,3,1.75,myopic,3800000110,3800000110,134.9539496628443,4,1.2,False
unrestricted,3,1.8,dynamic,1600066610,1600066610,319.8865966796869,0,0.0,True
unrestricted,3,1.8,dynamic,1600066590,1600066590,270.52459716796875,0,0.0,True
unrestricted,3,1.8,dynamic,3800000120,3800000120,182.1595928214391,4,1.2,True
unrestricted,3,1.8,dynamic,3800001520,3800001520,221.67314147949202,0,0.0,True
unrestricted,3,1.8,dynamic,3800000127,3800000127,162.18809509277338,0,0.0,True
unrestricted,3,1.8,dynamic,1600066510,1600066510,269.8931274414066,0,0.0,True
unrestricted,3,1.8,dynamic,3800001611,3800001611,224.91093444824176,0,0.0,True
unrestricted,3,1.8,dynamic,3800000110,3800000110,141.77550082858403,4,1.2,False
unrestricted,3,1.8,myopic,1600066610,1600066610,319.8865966796869,0,0.0,True
unrestricted,3,1.8,myopic,1600066590,1600066590,270.52459716796875,0,0.0,True
unrestricted,3,1.8,myopic,3800000120,3800000120,181.62535360256825,4,1.2,True
unrestricted,3,1.8,myopic,3800001520,3800001520,221.67314147949202,0,0.0,True
unrestricted,3,1.8,myopic,3800000127,3800000127,162.18809509277338,0,0.0,True
unrestricted,3,1.8,myopic,1600066510,1600066510,269.8931274414066,0,0.0,True
unrestricted,3,1.8,myopic,3800001611,3800001611,224.91093444824176,0,0.0,True
unrestricted,3,1.8,myopic,3800000110,3800000110,139.7688353468577,4,1.2,False
unrestricted,3,1.85,dynamic,1600066610,1600066610,319.8865966796869,0,0.0,True
unrestricted,3,1.85,dynamic,1600066590,1600066590,270.52459716796875,0,0.0,True
unrestricted,3,1.85,dynamic,3800000120,3800000120,186.32316320387523,4,1.2,True
unrestricted,3,1.85,dynamic,3800001520,3800001520,221.67314147949202,0,0.0,True
unrestricted,3,1.85,dynamic,3800000127,3800000127,162.18809509277338,0,0.0,True
unrestricted,3,1.85,dynamic,1600066510,1600066510,270.35264222812657,1,0.3,False
unrestricted,3,1.85,dynamic,3800001611,3800001611,224.91093444824176,0,0.0,True
unrestricted,3,1.85,dynamic,3800000110,3800000110,146.59516073973973,4,1.2,False
unrestricted,3,1.85,myopic,1600066610,1600066610,319.8865966796869,0,0.0,True
unrestricted,3,1.85,myopic,1600066590,1600066590,270.52459716796875,0,0.0,True
unrestricted,3,1.85,myopic,3800000120,3800000120,185.80450804233544,4,1.2,True
unrestricted,3,1.85,myopic,3800001520,3800001520,221.67314147949202,0,0.0,True
unrestricted,3,1.85,myopic,3800000127,3800000127,162.18809509277338,0,0.0,True
unrestricted,3,1.85,myopic,1600066510,1600066510,262.63228846422834,4,1.2,False
unrestricted,3,1.85,myopic,3800001611,3800001611,224.91093444824176,0,0.0,True
unrestricted,3,1.85,myopic,3800000110,3800000110,144.58372103087106,4,1.2,False
unrestricted,3,1.9,dynamic,1600066610,1600066610,319.8865966796869,0,0.0,True
unrestricted,3,1.9,dynamic,1600066590,1600066590,270.52459716796875,0,0.0,True
unrestricted,3,1.9,dynamic,3800000120,3800000120,190.48673358631132,4,1.2,True
unrestricted,3,1.9,dynamic,3800001520,3800001520,221.67314147949202,0,0.0,True
unrestricted,3,1.9,dynamic,3800000127,3800000127,162.18809509277338,0,0.0,True
unrestricted,3,1.9,dynamic,1600066510,1600066510,271.70930564689644,1,0.3,False
unrestricted,3,1.9,dynamic,3800001611,3800001611,224.91093444824176,0,0.0,True
unrestricted,3,1.9,dynamic,3800000110,3800000110,151.4148206508954,4,1.2,False
unrestricted,3,1.9,myopic,1600066610,1600066610,319.8865966796869,0,0.0,True
unrestricted,3,1.9,myopic,1600066590,1600066590,270.52459716796875,0,0.0,True
unrestricted,3,1.9,myopic,3800000120,3800000120,189.98366248210263,4,1.2,True
unrestricted,3,1.9,myopic,3800001520,3800001520,221.67314147949202,0,0.0,True
unrestricted,3,1.9,myopic,3800000127,3800000127,162.18809509277338,0,0.0,True
unrestricted,3,1.9,myopic,1600066510,1600066510,268.17504492410023,4,1.2,False
unrestricted,3,1.9,myopic,3800001611,3800001611,224.91093444824176,0,0.0,True
unrestricted,3,1.9,myopic,3800000110,3800000110,149.3986067148844,4,1.2,False
unrestricted,3,1.95,dynamic,1600066610,1600066610,319.8865966796869,0,0.0,True
unrestricted,3,1.95,dynamic,1600066590,1600066590,270.52459716796875,0,0.0,True
unrestricted,3,1.95,dynamic,3800000120,3800000120,194.65030396874744,4,1.2,True
unrestricted,3,1.95,dynamic,3800001520,3800001520,221.67314147949202,0,0.0,True
unrestricted,3,1.95,dynamic,3800000127,3800000127,162.18809509277338,0,0.0,True
unrestricted,3,1.95,dynamic,1600066510,1600066510,275.8049368478457,4,1.2,False
unrestricted,3,1.95,dynamic,3800001611,3800001611,224.91093444824176,0,0.0,True
unrestricted,3,1.95,dynamic,3800000110,3800000110,156.23448056205112,4,1.2,False
unrestricted,3,1.95,myopic,1600066610,1600066610,319.8865966796869,0,0.0,True
unrestricted,3,1.95,myopic,1600066590,1600066590,270.52459716796875,0,0.0,True
unrestricted,3,1.95,myopic,3800000120,3800000120,194.16281692186982,4,1.2,True
unrestricted,3,1.95,myopic,3800001520,3800001520,221.67314147949202,0,0.0,True
unrestricted,3,1.95,myopic,3800000127,3800000127,162.18809509277338,0,0.0,True
unrestricted,3,1.95,myopic,1600066510,1600066510,273.7178013839722,4,1.2,False
unrestricted,3,1.95,myopic,3800001611,3800001611,224.91093444824176,0,0.0,True
unrestricted,3,1.95,myopic,3800000110,3800000110,154.21349239889776,4,1.2,False
unrestricted,3,2.0,dynamic,1600066610,1600066610,319.8865966796869,0,0.0,True
unrestricted,3,2.0,dynamic,1600066590,1600066590,270.52459716796875,0,0.0,True
unrestricted,3,2.0,dynamic,3800000120,3800000120,198.81387435118356,4,1.2,True
unrestricted,3,2.0,dynamic,3800001520,3800001520,221.67314147949202,0,0.0,True
unrestricted,3,2.0,dynamic,3800000127,3800000127,162.18809509277338,0,0.0,True
unrestricted,3,2.0,dynamic,1600066510,1600066510,281.292404311498,4,1.2,False
unrestricted,3,2.0,dynamic,3800001611,3800001611,224.91093444824176,0,0.0,True
unrestricted,3,2.0,dynamic,3800000110,3800000110,161.05414047320681,4,1.2,False
unrestricted,3,2.0,myopic,1600066610,1600066610,319.8865966796869,0,0.0,True
unrestricted,3,2.0,myopic,1600066590,1600066590,270.52459716796875,0,0.0,True
unrestricted,3,2.0,myopic,3800000120,3800000120,198.34197136163704,4,1.2,True
unrestricted,3,2.0,myopic,3800001520,3800001520,221.67314147949202,0,0.0,True
unrestricted,3,2.0,myopic,3800000127,3800000127,162.18809509277338,0,0.0,True
unrestricted,3,2.0,myopic,1600066510,1600066510,279.2605578438441,4,1.2,False
unrestricted,3,2.0,myopic,3800001611,3800001611,224.91093444824176,0,0.0,True
unrestricted,3,2.0,myopic,3800000110,3800000110,159.02837808291116,4,1.2,False
unrestricted,3,2.05,dynamic,1600066610,1600066610,319.8865966796869,0,0.0,True
unrestricted,3,2.05,dynamic,1600066590,1600066590,270.52459716796875,0,0.0,True
unrestricted,3,2.05,dynamic,3800000120,3800000120,202.9824348975817,4,1.2,True
unrestricted,3,2.05,dynamic,3800001520,3800001520,221.67314147949202,0,0.0,True
unrestricted,3,2.05,dynamic,3800000127,3800000127,162.18809509277338,0,0.0,True
unrestricted,3,2.05,dynamic,1600066510,1600066510,286.7846402673721,4,1.2,False
unrestricted,3,2.05,dynamic,3800001611,3800001611,224.91093444824176,0,0.0,True
unrestricted,3,2.05,dynamic,3800000110,3800000110,165.8738003843625,4,1.2,False
unrestricted,3,2.05,myopic,1600066610,1600066610,319.8865966796869,0,0.0,True
unrestricted,3,2.05,myopic,1600066590,1600066590,270.52459716796875,0,0.0,True
unrestricted,3,2.05,myopic,3800000120,3800000120,202.52112580140422,4,1.2,True
unrestricted,3,2.05,myopic,3800001520,3800001520,221.67314147949202,0,0.0,True
unrestricted,3,2.05,myopic,3800000127,3800000127,162.18809509277338,0,0.0,True
unrestricted,3,2.05,myopic,1600066510,1600066510,284.803314303716,4,1.2,False
unrestricted,3,2.05,myopic,3800001611,3800001611,224.91093444824176,0,0.0,True
unrestricted,3,2.05,myopic,3800000110,3800000110,163.8432637669245,4,1.2,False
unrestricted,3,2.1,dynamic,1600066610,1600066610,319.8865966796869,0,0.0,True
unrestricted,3,2.1,dynamic,1600066590,1600066590,270.52459716796875,0,0.0,True
unrestricted,3,2.1,dynamic,3800000120,3800000120,207.15563039255142,4,1.2,True
unrestricted,3,2.1,dynamic,3800001520,3800001520,221.67314147949202,0,0.0,True
unrestricted,3,2.1,dynamic,3800000127,3800000127,162.18809509277338,0,0.0,True
unrestricted,3,2.1,dynamic,1600066510,1600066510,292.29541530418396,4,1.2,False
unrestricted,3,2.1,dynamic,3800001611,3800001611,224.91093444824176,0,0.0,True
unrestricted,3,2.1,dynamic,3800000110,3800000110,170.69346029551824,4,1.2,False
unrestricted,3,2.1,myopic,1600066610,1600066610,319.8865966796869,0,0.0,True
unrestricted,3,2.1,myopic,1600066590,1600066590,270.52459716796875,0,0.0,True
unrestricted,3,2.1,myopic,3800000120,3800000120,206.70028024117144,4,1.2,True
unrestricted,3,2.1,myopic,3800001520,3800001520,221.67314147949202,0,0.0,True
unrestricted,3,2.1,myopic,3800000127,3800000127,162.18809509277338,0,0.0,True
unrestricted,3,2.1,myopic,1600066510,1600066510,290.346070763588,4,1.2,False
unrestricted,3,2.1,myopic,3800001611,3800001611,224.91093444824176,0,0.0,True
unrestricted,3,2.1,myopic,3800000110,3800000110,168.6581494509379,4,1.2,False
unrestricted,3,2.15,dynamic,1600066610,1600066610,319.8865966796869,0,0.0,True
unrestricted,3,2.15,dynamic,1600066590,1600066590,270.52459716796875,0,0.0,True
unrestricted,3,2.15,dynamic,3800000120,3800000120,211.00038747183476,4,1.2,True
unrestricted,3,2.15,dynamic,3800001520,3800001520,221.67314147949202,0,0.0,True
unrestricted,3,2.15,dynamic,3800000127,3800000127,162.66920421481137,1,0.3,True
unrestricted,3,2.15,dynamic,1600066510,1600066510,297.8097988735835,4,1.2,False
unrestricted,3,2.15,dynamic,3800001611,3800001611,224.91093444824176,0,0.0,True
unrestricted,3,2.15,dynamic,3800000110,3800000110,175.5131202066739,4,1.2,False
unrestricted,3,2.15,myopic,1600066610,1600066610,319.8865966796869,0,0.0,True
unrestricted,3,2.15,myopic,1600066590,1600066590,270.52459716796875,0,0.0,True
unrestricted,3,2.15,myopic,3800000120,3800000120,210.87943468093863,4,1.2,True
unrestricted,3,2.15,myopic,3800001520,3800001520,221.67314147949202,0,0.0,True
unrestricted,3,2.15,myopic,3800000127,3800000127,158.7862666083177,4,1.2,True
unrestricted,3,2.15,myopic,1600066510,1600066510,295.8888272234599,4,1.2,False
unrestricted,3,2.15,myopic,3800001611,3800001611,224.91093444824176,0,0.0,True
unrestricted,3,2.15,myopic,3800000110,3800000110,173.47303513495126,4,1.2,False
unrestricted,3,2.2,dynamic,1600066610,1600066610,319.8865966796869,0,0.0,True
unrestricted,3,2.2,dynamic,1600066590,1600066590,270.52459716796875,0,0.0,True
unrestricted,3,2.2,dynamic,3800000120,3800000120,215.177196492513,4,1.2,True
unrestricted,3,2.2,dynamic,3800001520,3800001520,221.67314147949202,0,0.0,True
unrestricted,3,2.2,dynamic,3800000127,3800000127,163.36659484386448,1,0.3,True
unrestricted,3,2.2,dynamic,1600066510,1600066510,303.3279062811534,4,1.2,False
unrestricted,3,2.2,dynamic,3800001611,3800001611,224.91093444824176,0,0.0,True
unrestricted,3,2.2,dynamic,3800000110,3800000110,180.33278011782963,4,1.2,False
unrestricted,3,2.2,myopic,1600066610,1600066610,319.8865966796869,0,0.0,True
unrestricted,3,2.2,myopic,1600066590,1600066590,270.52459716796875,0,0.0,True
unrestricted,3,2.2,myopic,3800000120,3800000120,215.05858912070585,4,1.2,True
unrestricted,3,2.2,myopic,3800001520,3800001520,221.67314147949202,0,0.0,True
unrestricted,3,2.2,myopic,3800000127,3800000127,161.62417098347348,4,1.2,True
unrestricted,3,2.2,myopic,1600066510,1600066510,301.43158368333184,4,1.2,False
unrestricted,3,2.2,myopic,3800001611,3800001611,224.91093444824176,0,0.0,True
unrestricted,3,2.2,myopic,3800000110,3800000110,178.2879208189646,4,1.2,False
unrestricted,3,2.24,dynamic,1600066610,1600066610,319.8865966796869,0,0.0,True
unrestricted,3,2.24,dynamic,1600066590,1600066590,270.52459716796875,0,0.0,True
unrestricted,3,2.24,dynamic,3800000120,3800000120,218.51864370905554,4,1.2,True
unrestricted,3,2.24,dynamic,3800001520,3800001520,221.67314147949202,0,0.0,True
unrestricted,3,2.24,dynamic,3800000127,3800000127,164.8239730334282,4,1.2,True
unrestricted,3,2.24,dynamic,1600066510,1600066510,307.74831907653817,4,1.2,False
unrestricted,3,2.24,dynamic,3800001611,3800001611,224.91093444824176,0,0.0,True
unrestricted,3,2.24,dynamic,3800000110,3800000110,184.1885080467542,4,1.2,False
unrestricted,3,2.24,myopic,1600066610,1600066610,319.8865966796869,0,0.0,True
unrestricted,3,2.24,myopic,1600066590,1600066590,270.52459716796875,0,0.0,True
unrestricted,3,2.24,myopic,3800000120,3800000120,218.40191267251961,4,1.2,True
unrestricted,3,2.24,myopic,3800001520,3800001520,221.67314147949202,0,0.0,True
unrestricted,3,2.24,myopic,3800000127,3800000127,163.8944944835981,4,1.2,True
unrestricted,3,2.24,myopic,1600066510,1600066510,305.86578885122935,4,1.2,False
unrestricted,3,2.24,myopic,3800001611,3800001611,224.91093444824176,0,0.0,True
unrestricted,3,2.24,myopic,3800000110,3800000110,182.13982936617532,4,1.2,False
unrestricted,3,2.25,dynamic,1600066610,1600066610,319.8865966796869,0,0.0,True
unrestricted,3,2.25,dynamic,1600066590,1600066590,270.52459716796875,0,0.0,True
unrestricted,3,2.25,dynamic,3800000120,3800000120,219.35400551319117,4,1.2,True
unrestricted,3,2.25,dynamic,3800001520,3800001520,221.67314147949202,0,0.0,True
unrestricted,3,2.25,dynamic,3800000127,3800000127,165.388716006279,4,1.2,True
unrestricted,3,2.25,dynamic,1600066510,1600066510,308.85342227538433,4,1.2,False
unrestricted,3,2.25,dynamic,3800001611,3800001611,224.91093444824176,0,0.0,True
unrestricted,3,2.25,dynamic,3800000110,3800000110,185.15244002898532,4,1.2,False
unrestricted,3,2.25,myopic,1600066610,1600066610,319.8865966796869,0,0.0,True
unrestricted,3,2.25,myopic,1600066590,1600066590,270.52459716796875,0,0.0,True
unrestricted,3,2.25,myopic,3800000120,3800000120,219.23774356047304,4,1.2,True
unrestricted,3,2.25,myopic,3800001520,3800001520,221.67314147949202,0,0.0,True
unrestricted,3,2.25,myopic,3800000127,3800000127,164.46207535862925,4,1.2,True
unrestricted,3,2.25,myopic,1600066510,1600066510,306.97434014320373,4,1.2,False
unrestricted,3,2.25,myopic,3800001611,3800001611,224.91093444824176,0,0.0,True
unrestricted,3,2.25,myopic,3800000110,3800000110,183.10280650297796,4,1.2,False
unrestricted,3,2.3,dynamic,1600066610,1600066610,319.8865966796869,0,0.0,True
unrestricted,3,2.3,dynamic,1600066590,1600066590,270.52459716796875,0,0.0,True
unrestricted,3,2.3,dynamic,3800000120,3800000120,223.53081453386935,4,1.2,True
unrestricted,3,2.3,dynamic,3800001520,3800001520,221.67314147949202,0,0.0,True
unrestricted,3,2.3,dynamic,3800000127,3800000127,168.21480198049542,4,1.2,True
unrestricted,3,2.3,dynamic,1600066510,1600066510,314.3789382696152,4,1.2,False
unrestricted,3,2.3,dynamic,3800001611,3800001611,224.91093444824176,0,0.0,True
unrestricted,3,2.3,dynamic,3800000110,3800000110,189.972099940141,4,1.2,False
unrestricted,3,2.3,myopic,1600066610,1600066610,319.8865966796869,0,0.0,True
unrestricted,3,2.3,myopic,1600066590,1600066590,270.52459716796875,0,0.0,True
unrestricted,3,2.3,myopic,3800000120,3800000120,223.41689800024022,4,1.2,True
unrestricted,3,2.3,myopic,3800001520,3800001520,221.67314147949202,0,0.0,True
unrestricted,3,2.3,myopic,3800000127,3800000127,167.299979733785,4,1.2,True
unrestricted,3,2.3,myopic,1600066510,1600066510,312.51709660307563,4,1.2,False
unrestricted,3,2.3,myopic,3800001611,3800001611,224.91093444824176,0,0.0,True
unrestricted,3,2.3,myopic,3800000110,3800000110,187.9176921869913,4,1.2,False
unrestricted,3,2.35,dynamic,1600066610,1600066610,319.8865966796869,0,0.0,True
unrestricted,3,2.35,dynamic,1600066590,1600066590,270.52459716796875,0,0.0,True
unrestricted,3,2.35,dynamic,3800000120,3800000120,227.70762355454758,4,1.2,True
unrestricted,3,2.35,dynamic,3800001520,3800001520,221.67314147949202,0,0.0,True
unrestricted,3,2.35,dynamic,3800000127,3800000127,171.04656955250104,4,1.2,True
unrestricted,3,2.35,dynamic,1600066510,1600066510,319.90445426384616,4,1.2,False
unrestricted,3,2.35,dynamic,3800001611,3800001611,224.91093444824176,0,0.0,True
unrestricted,3,2.35,dynamic,3800000110,3800000110,194.79175985129672,4,1.2,False
unrestricted,3,2.35,myopic,1600066610,1600066610,319.8865966796869,0,0.0,True
unrestricted,3,2.35,myopic,1600066590,1600066590,270.52459716796875,0,0.0,True
unrestricted,3,2.35,myopic,3800000120,3800000120,227.59605244000744,4,1.2,True
unrestricted,3,2.35,myopic,3800001520,3800001520,221.67314147949202,0,0.0,True
unrestricted,3,2.35,myopic,3800000127,3800000127,170.13788410894077,4,1.2,True
unrestricted,3,2.35,myopic,1600066510,1600066510,318.05985306294764,4,1.2,False
unrestricted,3,2.35,myopic,3800001611,3800001611,224.91093444824176,0,0.0,True
unrestricted,3,2.35,myopic,3800000110,3800000110,192.7325778710047,4,1.2,False
unrestricted,3,2.4,dynamic,1600066610,1600066610,319.8865966796869,0,0.0,True
unrestricted,3,2.4,dynamic,1600066590,1600066590,270.52459716796875,0,0.0,True
unrestricted,3,2.4,dynamic,3800000120,3800000120,231.88443257522576,4,1.2,True
unrestricted,3,2.4,dynamic,3800001520,3800001520,221.67314147949202,0,0.0,True
unrestricted,3,2.4,dynamic,3800000127,3800000127,173.87833712450663,4,1.2,True
unrestricted,3,2.4,dynamic,1600066510,1600066510,325.42997025807705,4,1.2,False
unrestricted,3,2.4,dynamic,3800001611,3800001611,224.91093444824176,0,0.0,True
unrestricted,3,2.4,dynamic,3800000110,3800000110,199.6114197624524,4,1.2,False
unrestricted,3,2.4,myopic,1600066610,1600066610,319.8865966796869,0,0.0,True
unrestricted,3,2.4,myopic,1600066590,1600066590,270.52459716796875,0,0.0,True
unrestricted,3,2.4,myopic,3800000120,3800000120,231.77520687977463,4,1.2,True
unrestricted,3,2.4,myopic,3800001520,3800001520,221.67314147949202,0,0.0,True
unrestricted,3,2.4,myopic,3800000127,3800000127,172.97578848409654,4,1.2,True
unrestricted,3,2.4,myopic,1600066510,1600066510,323.60260952281953,4,1.2,False
unrestricted,3,2.4,myopic,3800001611,3800001611,224.91093444824176,0,0.0,True
unrestricted,3,2.4,myopic,3800000110,3800000110,197.54746355501806,4,1.2,False
unrestricted,3,2.45,dynamic,1600066610,1600066610,319.8865966796869,0,0.0,True
unrestricted,3,2.45,dynamic,1600066590,1600066590,270.52459716796875,0,0.0,True
unrestricted,3,2.45,dynamic,3800000120,3800000120,236.061241595904,4,1.2,True
unrestricted,3,2.45,dynamic,3800001520,3800001520,221.67314147949202,0,0.0,True
unrestricted,3,2.45,dynamic,3800000127,3800000127,176.71010469651222,4,1.2,True
unrestricted,3,2.45,dynamic,1600066510,1600066510,330.95548625230794,4,1.2,False
unrestricted,3,2.45,dynamic,3800001611,3800001611,224.91093444824176,0,0.0,True
unrestricted,3,2.45,dynamic,3800000110,3800000110,204.43107967360814,4,1.2,False
unrestricted,3,2.45,myopic,1600066610,1600066610,319.8865966796869,0,0.0,True
unrestricted,3,2.45,myopic,1600066590,1600066590,270.52459716796875,0,0.0,True
unrestricted,3,2.45,myopic,3800000120,3800000120,235.95436131954185,4,1.2,True
unrestricted,3,2.45,myopic,3800001520,3800001520,221.67314147949202,0,0.0,True
unrestricted,3,2.45,myopic,3800000127,3800000127,175.8136928592523,4,1.2,True
unrestricted,3,2.45,myopic,1600066510,1600066510,329.1453659826915,4,1.2,False
unrestricted,3,2.45,myopic,3800001611,3800001611,208.23529520924885,4,1.2,False
unrestricted,3,2.45,myopic,3800000110,3800000110,202.36234923903146,4,1.2,False
unrestricted,3,2.5,dynamic,1600066610,1600066610,319.8865966796869,0,0.0,True
unrestricted,3,2.5,dynamic,1600066590,1600066590,270.52459716796875,0,0.0,True
unrestricted,3,2.5,dynamic,3800000120,3800000120,240.23805061658217,4,1.2,True
unrestricted,3,2.5,dynamic,3800001520,3800001520,221.67314147949202,0,0.0,True
unrestricted,3,2.5,dynamic,3800000127,3800000127,178.65159723440806,4,1.2,True
unrestricted,3,2.5,dynamic,1600066510,1600066510,336.4810022465389,4,1.2,False
unrestricted,3,2.5,dynamic,3800001611,3800001611,226.1135146188736,1,0.3,False
unrestricted,3,2.5,dynamic,3800000110,3800000110,209.25073958476383,4,1.2,False
unrestricted,3,2.5,myopic,1600066610,1600066610,319.8865966796869,0,0.0,True
unrestricted,3,2.5,myopic,1600066590,1600066590,270.52459716796875,0,0.0,True
unrestricted,3,2.5,myopic,3800000120,3800000120,240.13351575930903,4,1.2,True
unrestricted,3,2.5,myopic,3800001520,3800001520,221.67314147949202,0,0.0,True
unrestricted,3,2.5,myopic,3800000127,3800000127,178.65159723440806,4,1.2,True
unrestricted,3,2.5,myopic,1600066510,1600066510,334.6881224425634,4,1.2,False
unrestricted,3,2.5,myopic,3800001611,3800001611,211.76063013156252,4,1.2,False
unrestricted,3,2.5,myopic,3800000110,3800000110,207.1772349230448,4,1.2,False
unrestricted,3,2.55,dynamic,1600066610,1600066610,319.8865966796869,0,0.0,True
unrestricted,3,2.55,dynamic,1600066590,1600066590,270.52459716796875,0,0.0,True
unrestricted,3,2.55,dynamic,3800000120,3800000120,244.41485963726038,4,1.2,True
unrestricted,3,2.55,dynamic,3800001520,3800001520,221.67314147949202,0,0.0,True
unrestricted,3,2.55,dynamic,3800000127,3800000127,181.48950160956383,4,1.2,True
unrestricted,3,2.55,dynamic,1600066510,1600066510,342.00970667950315,4,1.2,False
unrestricted,3,2.55,dynamic,3800001611,3800001611,226.98936717748643,1,0.3,False
unrestricted,3,2.55,dynamic,3800000110,3800000110,214.0703994959195,4,1.2,False
unrestricted,3,2.55,myopic,1600066610,1600066610,319.8865966796869,0,0.0,True
unrestricted,3,2.55,myopic,1600066590,1600066590,266.0935169887543,4,1.2,False
unrestricted,3,2.55,myopic,3800000120,3800000120,244.31267019907622,4,1.2,True
unrestricted,3,2.55,myopic,3800001520,3800001520,221.67314147949202,0,0.0,True
unrestricted,3,2.55,myopic,3800000127,3800000127,181.48950160956383,4,1.2,True
unrestricted,3,2.55,myopic,1600066510,1600066510,340.2308789024353,4,1.2,False
unrestricted,3,2.55,myopic,3800001611,3800001611,215.2859650538762,4,1.2,False
unrestricted,3,2.55,myopic,3800000110,3800000110,211.99212060705815,4,1.2,False
unrestricted,3,2.6,dynamic,1600066610,1600066610,319.8865966796869,0,0.0,True
unrestricted,3,2.6,dynamic,1600066590,1600066590,271.2242391128539,1,0.3,False
unrestricted,3,2.6,dynamic,3800000120,3800000120,248.59166865793858,4,1.2,True
unrestricted,3,2.6,dynamic,3800001520,3800001520,221.67314147949202,0,0.0,True
unrestricted,3,2.6,dynamic,3800000127,3800000127,184.3274059847196,4,1.2,True
unrestricted,3,2.6,dynamic,1600066510,1600066510,347.5396902472179,4,1.2,False
unrestricted,3,2.6,dynamic,3800001611,3800001611,227.86521973609925,1,0.3,False
unrestricted,3,2.6,dynamic,3800000110,3800000110,218.89005940707523,4,1.2,False
unrestricted,3,2.6,myopic,1600066610,1600066610,319.8865966796869,0,0.0,True
unrestricted,3,2.6,myopic,1600066590,1600066590,270.0862704531352,4,1.2,False
unrestricted,3,2.6,myopic,3800000120,3800000120,248.49182463884344,4,1.2,True
unrestricted,3,2.6,myopic,3800001520,3800001520,221.67314147949202,0,0.0,True
unrestricted,3,2.6,myopic,3800000127,3800000127,184.3274059847196,4,1.2,True
unrestricted,3,2.6,myopic,1600066510,1600066510,345.77363536230723,4,1.2,False
unrestricted,3,2.6,myopic,3800001611,3800001611,218.81129997618993,4,1.2,False
unrestricted,3,2.6,myopic,3800000110,3800000110,216.80700629107156,4,1.2,False
unrestricted,3,2.65,dynamic,1600066610,1600066610,319.8865966796869,0,0.0,True
unrestricted,3,2.65,dynamic,1600066590,1600066590,275.3412445019086,4,1.2,False
unrestricted,3,2.65,dynamic,3800000120,3800000120,252.76847767861676,4,1.2,True
unrestricted,3,2.65,dynamic,3800001520,3800001520,221.67314147949202,0,0.0,True
unrestricted,3,2.65,dynamic,3800000127,3800000127,187.16531035987538,4,1.2,True
unrestricted,3,2.65,dynamic,1600066510,1600066510,351.85542218271894,4,1.2,False
unrestricted,3,2.65,dynamic,3800001611,3800001611,228.74107229471207,1,0.3,False
unrestricted,3,2.65,dynamic,3800000110,3800000110,223.71253071260455,4,1.2,False
unrestricted,3,2.65,myopic,1600066610,1600066610,316.6906096111934,4,1.2,False
unrestricted,3,2.65,myopic,1600066590,1600066590,274.0790239175161,4,1.2,False
unrestricted,3,2.65,myopic,3800000120,3800000120,252.67097907861063,4,1.2,True
unrestricted,3,2.65,myopic,3800001520,3800001520,221.67314147949202,0,0.0,True
unrestricted,3,2.65,myopic,3800000127,3800000127,187.16531035987538,4,1.2,True
unrestricted,3,2.65,myopic,1600066510,1600066510,351.3163918221792,4,1.2,False
unrestricted,3,2.65,myopic,3800001611,3800001611,222.3366348985036,4,1.2,False
unrestricted,3,2.65,myopic,3800000110,3800000110,221.6218919750849,4,1.2,False
unrestricted,3,2.7,dynamic,1600066610,1600066610,320.3590849618912,1,0.3,False
unrestricted,3,2.7,dynamic,1600066590,1600066590,279.3140342127482,4,1.2,False
unrestricted,3,2.7,dynamic,3800000120,3800000120,256.85013351837785,4,1.2,True
unrestricted,3,2.7,dynamic,3800001520,3800001520,221.67314147949202,0,0.0,True
unrestricted,3,2.7,dynamic,3800000127,3800000127,190.00321473503115,4,1.2,True
unrestricted,3,2.7,dynamic,1600066510,1600066510,357.39379581006375,4,1.2,False
unrestricted,3,2.7,dynamic,3800001611,3800001611,229.74790555691717,2,0.6,False
unrestricted,3,2.7,dynamic,3800000110,3800000110,228.54348198509226,4,1.2,False
unrestricted,3,2.7,myopic,1600066610,1600066610,320.92619163131724,4,1.2,False
unrestricted,3,2.7,myopic,1600066590,1600066590,278.071777381897,4,1.2,False
unrestricted,3,2.7,myopic,3800000120,3800000120,256.85013351837785,4,1.2,True
unrestricted,3,2.7,myopic,3800001520,3800001520,218.8488459320863,4,0.4,False
unrestricted,3,2.7,myopic,3800000127,3800000127,190.00321473503115,4,1.2,True
unrestricted,3,2.7,myopic,1600066510,1600066510,356.85914828205114,4,1.2,False
unrestricted,3,2.7,myopic,3800001611,3800001611,225.8619698208173,4,1.2,False
unrestricted,3,2.7,myopic,3800000110,3800000110,226.4367776590983,4,1.2,False
unrestricted,3,2.75,dynamic,1600066610,1600066610,324.0962118156752,4,1.2,False
unrestricted,3,2.75,dynamic,1600066590,1600066590,283.28682392358775,4,1.2,False
unrestricted,3,2.75,dynamic,3800000120,3800000120,261.029287958145,4,1.2,True
unrestricted,3,2.75,dynamic,3800001520,3800001520,221.67314147949202,0,0.0,True
unrestricted,3,2.75,dynamic,3800000127,3800000127,192.8411191101869,4,1.2,True
unrestricted,3,2.75,dynamic,1600066510,1600066510,362.91592196067165,4,1.2,False
unrestricted,3,2.75,dynamic,3800001611,3800001611,232.62230922460554,4,1.2,False
unrestricted,3,2.75,dynamic,3800000110,3800000110,233.37443325757985,4,1.2,False
unrestricted,3,2.75,myopic,1600066610,1600066610,325.161773651441,4,1.2,False
unrestricted,3,2.75,myopic,1600066590,1600066590,282.0645308462779,4,1.2,False
unrestricted,3,2.75,myopic,3800000120,3800000120,261.029287958145,4,1.2,True
unrestricted,3,2.75,myopic,3800001520,3800001520,219.78666320820648,4,0.4,False
unrestricted,3,2.75,myopic,3800000127,3800000127,192.8411191101869,4,1.2,True
unrestricted,3,2.75,myopic,1600066510,1600066510,362.40190474192303,4,1.2,False
unrestricted,3,2.75,myopic,3800001611,3800001611,229.38730474313098,4,1.2,False
unrestricted,3,2.75,myopic,3800000110,3800000110,231.25166334311166,4,1.2,False
unrestricted,3,2.8,dynamic,1600066610,1600066610,328.35307816378287,4,1.2,False
unrestricted,3,2.8,dynamic,1600066590,1600066590,287.25961363442735,4,1.2,False
unrestricted,3,2.8,dynamic,3800000120,3800000120,265.2084423979122,4,1.2,True
unrestricted,3,2.8,dynamic,3800001520,3800001520,221.67314147949202,0,0.0,True
unrestricted,3,2.8,dynamic,3800000127,3800000127,195.67902348534267,4,1.2,True
unrestricted,3,2.8,dynamic,1600066510,1600066510,368.45985102907804,4,1.2,False
unrestricted,3,2.8,dynamic,3800001611,3800001611,236.14727439371742,4,1.2,False
unrestricted,3,2.8,dynamic,3800000110,3800000110,238.20538453006745,4,1.2,False
unrestricted,3,2.8,myopic,1600066610,1600066610,329.39735567156475,4,1.2,False
unrestricted,3,2.8,myopic,1600066590,1600066590,286.0572843106588,4,1.2,False
unrestricted,3,2.8,myopic,3800000120,3800000120,265.2084423979122,4,1.2,True
unrestricted,3,2.8,myopic,3800001520,3800001520,218.00303343391417,4,0.8,False
unrestricted,3,2.8,myopic,3800000127,3800000127,195.67902348534267,4,1.2,True
unrestricted,3,2.8,myopic,1600066510,1600066510,367.94466120179493,4,1.2,False
unrestricted,3,2.8,myopic,3800001611,3800001611,232.91263966544466,4,1.2,False
unrestricted,3,2.8,myopic,3800000110,3800000110,236.066549027125,4,1.2,False
unrestricted,3,2.85,dynamic,1600066610,1600066610,332.60994451189055,4,1.2,False
unrestricted,3,2.85,dynamic,1600066590,1600066590,291.23240334526696,4,1.2,False
unrestricted,3,2.85,dynamic,3800000120,3800000120,269.38759683767944,4,1.2,True
unrestricted,3,2.85,dynamic,3800001520,3800001520,221.7282826822996,1,0.1,False
unrestricted,3,2.85,dynamic,3800000127,3800000127,198.51692786049844,4,1.2,True
unrestricted,3,2.85,dynamic,1600066510,1600066510,374.00378009748454,4,1.2,False
unrestricted,3,2.85,dynamic,3800001611,3800001611,239.6722395628293,4,1.2,False
unrestricted,3,2.85,dynamic,3800000110,3800000110,243.03633580255516,4,1.2,False
unrestricted,3,2.85,myopic,1600066610,1600066610,333.6329376916886,4,1.2,False
unrestricted,3,2.85,myopic,1600066590,1600066590,290.0500377750397,4,1.2,False
unrestricted,3,2.85,myopic,3800000120,3800000120,269.38759683767944,4,1.2,True
unrestricted,3,2.85,myopic,3800001520,3800001520,218.63473043327292,4,1.2,False
unrestricted,3,2.85,myopic,3800000127,3800000127,198.51692786049844,4,1.2,True
unrestricted,3,2.85,myopic,1600066510,1600066510,373.4874176616669,4,1.2,False
unrestricted,3,2.85,myopic,3800001611,3800001611,236.43797458775836,4,1.2,False
unrestricted,3,2.85,myopic,3800000110,3800000110,240.8814347111384,4,1.2,False
unrestricted,3,2.9,dynamic,1600066610,1600066610,336.86681085999817,4,1.2,False
unrestricted,3,2.9,dynamic,1600066590,1600066590,295.2051930561065,4,1.2,False
unrestricted,3,2.9,dynamic,3800000120,3800000120,273.5667512774466,4,1.2,True
unrestricted,3,2.9,dynamic,3800001520,3800001520,224.35466279466948,2,0.4,False
unrestricted,3,2.9,dynamic,3800000127,3800000127,201.3548322356542,4,1.2,True
unrestricted,3,2.9,dynamic,1600066510,1600066510,379.0301741215388,4,1.2,False
unrestricted,3,2.9,dynamic,3800001611,3800001611,243.19720473194118,4,1.2,False
unrestricted,3,2.9,dynamic,3800000110,3800000110,246.5183975327809,4,1.2,False
unrestricted,3,2.9,myopic,1600066610,1600066610,337.8685197118124,4,1.2,False
unrestricted,3,2.9,myopic,1600066590,1600066590,294.0427912394206,4,1.2,False
unrestricted,3,2.9,myopic,3800000120,3800000120,273.5667512774466,4,1.2,True
unrestricted,3,2.9,myopic,3800001520,3800001520,222.64670860303204,4,1.2,False
unrestricted,3,2.9,myopic,3800000127,3800000127,201.3548322356542,4,1.2,True
unrestricted,3,2.9,myopic,1600066510,1600066510,379.0301741215388,4,1.2,False
unrestricted,3,2.9,myopic,3800001611,3800001611,239.96330951007204,4,1.2,False
unrestricted,3,2.9,myopic,3800000110,3800000110,245.69632039515176,4,1.2,False
unrestricted,3,2.95,dynamic,1600066610,1600066610,341.12367720810585,4,1.2,False
unrestricted,3,2.95,dynamic,1600066590,1600066590,299.1779827669461,4,1.2,False
unrestricted,3,2.95,dynamic,3800000120,3800000120,277.7459057172138,4,1.2,True
unrestricted,3,2.95,dynamic,3800001520,3800001520,226.65868677279119,4,1.2,False
unrestricted,3,2.95,dynamic,3800000127,3800000127,204.19273661081,4,1.2,True
unrestricted,3,2.95,dynamic,1600066510,1600066510,384.5729305814108,4,1.2,False
unrestricted,3,2.95,dynamic,3800001611,3800001611,246.62139429020888,4,1.2,False
unrestricted,3,2.95,dynamic,3800000110,3800000110,251.29389415136976,4,1.2,False
unrestricted,3,2.95,myopic,1600066610,1600066610,342.1041017319362,4,1.2,False
unrestricted,3,2.95,myopic,1600066590,1600066590,298.0355447038015,4,1.2,False
unrestricted,3,2.95,myopic,3800000120,3800000120,277.7459057172138,4,1.2,True
unrestricted,3,2.95,myopic,3800001520,3800001520,226.65868677279119,4,1.2,False
unrestricted,3,2.95,myopic,3800000127,3800000127,204.19273661081,4,1.2,True
unrestricted,3,2.95,myopic,1600066510,1600066510,384.5729305814108,4,1.2,False
unrestricted,3,2.95,myopic,3800001611,3800001611,243.48864443238574,4,1.2,False
unrestricted,3,2.95,myopic,3800000110,3800000110,250.5112060791651,4,1.2,False
unrestricted,3,3.0,dynamic,1600066610,1600066610,345.38054355621347,4,1.2,False
unrestricted,3,3.0,dynamic,1600066590,1600066590,302.0282981681824,4,1.2,False
unrestricted,3,3.0,dynamic,3800000120,3800000120,281.92506015698103,4,1.2,True
unrestricted,3,3.0,dynamic,3800001520,3800001520,230.67066494255027,4,1.2,False
unrestricted,3,3.0,dynamic,3800000127,3800000127,207.03064098596573,4,1.2,True
unrestricted,3,3.0,dynamic,1600066510,1600066510,390.1156870412827,4,1.2,False
unrestricted,3,3.0,dynamic,3800001611,3800001611,250.12910255193714,4,1.2,False
unrestricted,3,3.0,dynamic,3800000110,3800000110,257.30310226996744,4,1.2,False
unrestricted,3,3.0,myopic,1600066610,1600066610,346.33968375206,4,1.2,False
unrestricted,3,3.0,myopic,1600066590,1600066590,302.0282981681824,4,1.2,False
unrestricted,3,3.0,myopic,3800000120,3800000120,281.92506015698103,4,1.2,True
unrestricted,3,3.0,myopic,3800001520,3800001520,230.67066494255027,4,1.2,False
unrestricted,3,3.0,myopic,3800000127,3800000127,207.03064098596573,4,1.2,True
unrestricted,3,3.0,myopic,1600066510,1600066510,390.1156870412827,4,1.2,False
unrestricted,3,3.0,myopic,3800001611,3800001611,247.01397935469944,4,1.2,False
unrestricted,3,3.0,myopic,3800000110,3800000110,255.3260917631785,4,1.2,False
unrestricted,3,3.05,dynamic,1600066610,1600066610,349.63740990432115,4,1.2,False
unrestricted,3,3.05,dynamic,1600066590,1600066590,306.0210516325633,4,1.2,False
unrestricted,3,3.05,dynamic,3800000120,3800000120,286.1042145967482,4,1.2,True
unrestricted,3,3.05,dynamic,3800001520,3800001520,234.68264311230936,4,1.2,False
unrestricted,3,3.05,dynamic,3800000127,3800000127,209.8685453611215,4,1.2,True
unrestricted,3,3.05,dynamic,1600066510,1600066510,395.6584435011546,4,1.2,False
unrestricted,3,3.05,dynamic,3800001611,3800001611,253.63681081366542,4,1.2,False
unrestricted,3,3.05,dynamic,3800000110,3800000110,262.2228775609335,4,1.2,False
unrestricted,3,3.05,myopic,1600066610,1600066610,350.5752657721838,4,1.2,False
unrestricted,3,3.05,myopic,1600066590,1600066590,306.0210516325633,4,1.2,False
unrestricted,3,3.05,myopic,3800000120,3800000120,286.1042145967482,4,1.2,True
unrestricted,3,3.05,myopic,3800001520,3800001520,234.68264311230936,4,1.2,False
unrestricted,3,3.05,myopic,3800000127,3800000127,209.8685453611215,4,1.2,True
unrestricted,3,3.05,myopic,1600066510,1600066510,395.6584435011546,4,1.2,False
unrestricted,3,3.05,myopic,3800001611,3800001611,250.53931427701312,4,1.2,False
unrestricted,3,3.05,myopic,3800000110,3800000110,260.14097744719186,4,1.2,False
unrestricted,3,3.1,dynamic,1600066610,1600066610,353.8942762524288,4,1.2,False
unrestricted,3,3.1,dynamic,1600066590,1600066590,310.0138050969442,4,1.2,False
unrestricted,3,3.1,dynamic,3800000120,3800000120,290.28336903651547,4,1.2,True
unrestricted,3,3.1,dynamic,3800001520,3800001520,238.6946212820685,4,1.2,False
unrestricted,3,3.1,dynamic,3800000127,3800000127,212.70644973627728,4,1.2,True
unrestricted,3,3.1,dynamic,1600066510,1600066510,401.20119996102653,4,1.2,False
unrestricted,3,3.1,dynamic,3800001611,3800001611,257.14451907539376,4,1.2,False
unrestricted,3,3.1,dynamic,3800000110,3800000110,267.0440030624073,4,1.2,False
unrestricted,3,3.1,myopic,1600066610,1600066610,354.81084779230764,4,1.2,False
unrestricted,3,3.1,myopic,1600066590,1600066590,310.0138050969442,4,1.2,False
unrestricted,3,3.1,myopic,3800000120,3800000120,290.28336903651547,4,1.2,True
unrestricted,3,3.1,myopic,3800001520,3800001520,238.6946212820685,4,1.2,False
unrestricted,3,3.1,myopic,3800000127,3800000127,212.70644973627728,4,1.2,True
unrestricted,3,3.1,myopic,1600066510,1600066510,401.20119996102653,4,1.2,False
unrestricted,3,3.1,myopic,3800001611,3800001611,254.06464919932682,4,1.2,False
unrestricted,3,3.1,myopic,3800000110,3800000110,264.9558631312052,4,1.2,False
unrestricted,3,3.15,dynamic,1600066610,1600066610,358.15114260053645,4,1.2,False
unrestricted,3,3.15,dynamic,1600066590,1600066590,315.0691416103044,4,1.2,False
unrestricted,3,3.15,dynamic,3800000120,3800000120,294.4625234762826,4,1.2,True
unrestricted,3,3.15,dynamic,3800001520,3800001520,242.70659945182763,4,1.2,False
unrestricted,3,3.15,dynamic,3800000127,3800000127,215.54435411143302,4,1.2,True
unrestricted,3,3.15,dynamic,1600066510,1600066510,406.7439564208984,4,1.2,False
unrestricted,3,3.15,dynamic,3800001611,3800001611,260.8291512119771,4,1.2,False
unrestricted,3,3.15,dynamic,3800000110,3800000110,270.62759454615906,4,1.2,False
unrestricted,3,3.15,myopic,1600066610,1600066610,359.0464298124314,4,1.2,False
unrestricted,3,3.15,myopic,1600066590,1600066590,314.0065585613251,4,1.2,False
unrestricted,3,3.15,myopic,3800000120,3800000120,294.4625234762826,4,1.2,True
unrestricted,3,3.15,myopic,3800001520,3800001520,242.70659945182763,4,1.2,False
unrestricted,3,3.15,myopic,3800000127,3800000127,215.54435411143302,4,1.2,True
unrestricted,3,3.15,myopic,1600066510,1600066510,406.7439564208984,4,1.2,False
unrestricted,3,3.15,myopic,3800001611,3800001611,257.5899841216405,4,1.2,False
unrestricted,3,3.15,myopic,3800000110,3800000110,269.77074881521855,4,1.2,False
unrestricted,3,3.2,dynamic,1600066610,1600066610,362.4080089486441,4,1.2,False
unrestricted,3,3.2,dynamic,1600066590,1600066590,317.999312025706,4,1.2,False
unrestricted,3,3.2,dynamic,3800000120,3800000120,298.64167791604984,4,1.2,True
unrestricted,3,3.2,dynamic,3800001520,3800001520,246.71857762158677,4,1.2,False
unrestricted,3,3.2,dynamic,3800000127,3800000127,218.38225848658882,4,1.2,True
unrestricted,3,3.2,dynamic,1600066510,1600066510,412.2867128807704,4,1.2,False
unrestricted,3,3.2,dynamic,3800001611,3800001611,264.1599355988503,4,1.2,False
unrestricted,3,3.2,dynamic,3800000110,3800000110,276.6158774704934,4,1.2,False
unrestricted,3,3.2,myopic,1600066610,1600066610,363.2820118325552,4,1.2,False
unrestricted,3,3.2,myopic,1600066590,1600066590,317.999312025706,4,1.2,False
unrestricted,3,3.2,myopic,3800000120,3800000120,298.64167791604984,4,1.2,True
unrestricted,3,3.2,myopic,3800001520,3800001520,246.71857762158677,4,1.2,False
unrestricted,3,3.2,myopic,3800000127,3800000127,218.38225848658882,4,1.2,True
unrestricted,3,3.2,myopic,1600066510,1600066510,412.2867128807704,4,1.2,False
unrestricted,3,3.2,myopic,3800001611,3800001611,261.11531904395423,4,1.2,False
unrestricted,3,3.2,myopic,3800000110,3800000110,274.58563449923196,4,1.2,False
unrestricted,8,1.2,dynamic,1600066610,1600066610,319.8865966796869,0,0.0,True
unrestricted,8,1.2,dynamic,1600066590,1600066590,270.52459716796875,0,0.0,True
unrestricted,8,1.2,dynamic,3800000120,3800000120,168.6797027587895,0,0.0,True
unrestricted,8,1.2,dynamic,3800001520,3800001520,221.67314147949202,0,0.0,True
unrestricted,8,1.2,dynamic,3800000127,3800000127,162.18809509277338,0,0.0,True
unrestricted,8,1.2,dynamic,1600066510,1600066510,269.8931274414066,0,0.0,True
unrestricted,8,1.2,dynamic,3800001611,3800001611,224.91093444824176,0,0.0,True
unrestricted,8,1.2,dynamic,3800000110,3800000110,109.29181671142571,0,0.0,True
unrestricted,8,1.2,myopic,1600066610,1600066610,319.8865966796869,0,0.0,True
unrestricted,8,1.2,myopic,1600066590,1600066590,270.52459716796875,0,0.0,True
unrestricted,8,1.2,myopic,3800000120,3800000120,168.6797027587895,0,0.0,True
unrestricted,8,1.2,myopic,3800001520,3800001520,221.67314147949202,0,0.0,True
unrestricted,8,1.2,myopic,3800000127,3800000127,162.18809509277338,0,0.0,True
unrestricted,8,1.2,myopic,1600066510,1600066510,269.8931274414066,0,0.0,True
unrestricted,8,1.2,myopic,3800001611,3800001611,224.91093444824176,0,0.0,True
unrestricted,8,1.2,myopic,3800000110,3800000110,109.29181671142571,0,0.0,True
unrestricted,8,1.25,dynamic,1600066610,1600066610,319.8865966796869,0,0.0,True
unrestricted,8,1.25,dynamic,1600066590,1600066590,270.52459716796875,0,0.0,True
unrestricted,8,1.25,dynamic,3800000120,3800000120,168.6797027587895,0,0.0,True
unrestricted,8,1.25,dynamic,3800001520,3800001520,221.67314147949202,0,0.0,True
unrestricted,8,1.25,dynamic,3800000127,3800000127,162.18809509277338,0,0.0,True
unrestricted,8,1.25,dynamic,1600066510,1600066510,269.8931274414066,0,0.0,True
unrestricted,8,1.25,dynamic,3800001611,3800001611,224.91093444824176,0,0.0,True
unrestricted,8,1.25,dynamic,3800000110,3800000110,109.29181671142571,0,0.0,True
unrestricted,8,1.25,myopic,1600066610,1600066610,319.8865966796869,0,0.0,True
unrestricted,8,1.25,myopic,1600066590,1600066590,270.52459716796875,0,0.0,True
unrestricted,8,1.25,myopic,3800000120,3800000120,168.6797027587895,0,0.0,True
unrestricted,8,1.25,myopic,3800001520,3800001520,221.67314147949202,0,0.0,True
unrestricted,8,1.25,myopic,3800000127,3800000127,162.18809509277338,0,0.0,True
unrestricted,8,1.25,myopic,1600066510,1600066510,269.8931274414066,0,0.0,True
unrestricted,8,1.25,myopic,3800001611,3800001611,224.91093444824176,0,0.0,True
unrestricted,8,1.25,myopic,3800000110,3800000110,109.29181671142571,0,0.0,True
unrestricted,8,1.3,dynamic,1600066610,1600066610,319.8865966796869,0,0.0,True
unrestricted,8,1.3,dynamic,1600066590,1600066590,270.52459716796875,0,0.0,True
unrestricted,8,1.3,dynamic,3800000120,3800000120,168.6797027587895,0,0.0,True
unrestricted,8,1.3,dynamic,3800001520,3800001520,221.67314147949202,0,0.0,True
unrestricted,8,1.3,dynamic,3800000127,3800000127,162.18809509277338,0,0.0,True
unrestricted,8,1.3,dynamic,1600066510,1600066510,269.8931274414066,0,0.0,True
unrestricted,8,1.3,dynamic,3800001611,3800001611,224.91093444824176,0,0.0,True
unrestricted,8,1.3,dynamic,3800000110,3800000110,109.29181671142571,0,0.0,True
unrestricted,8,1.3,myopic,1600066610,1600066610,319.8865966796869,0,0.0,True
unrestricted,8,1.3,myopic,1600066590,1600066590,270.52459716796875,0,0.0,True
unrestricted,8,1.3,myopic,3800000120,3800000120,168.6797027587895,0,0.0,True
unrestricted,8,1.3,myopic,3800001520,3800001520,221.67314147949202,0,0.0,True
unrestricted,8,1.3,myopic,3800000127,3800000127,162.18809509277338,0,0.0,True
unrestricted,8,1.3,myopic,1600066510,1600066510,269.8931274414066,0,0.0,True
unrestricted,8,1.3,myopic,3800001611,3800001611,224.91093444824176,0,0.0,True
unrestricted,8,1.3,myopic,3800000110,3800000110,109.29181671142571,0,0.0,True
unrestricted,8,1.35,dynamic,1600066610,1600066610,319.8865966796869,0,0.0,True
unrestricted,8,1.35,dynamic,1600066590,1600066590,270.52459716796875,0,0.0,True
unrestricted,8,1.35,dynamic,3800000120,3800000120,168.6797027587895,0,0.0,True
unrestricted,8,1.35,dynamic,3800001520,3800001520,221.67314147949202,0,0.0,True
unrestricted,8,1.35,dynamic,3800000127,3800000127,162.18809509277338,0,0.0,True
unrestricted,8,1.35,dynamic,1600066510,1600066510,269.8931274414066,0,0.0,True
unrestricted,8,1.35,dynamic,3800001611,3800001611,224.91093444824176,0,0.0,True
unrestricted,8,1.35,dynamic,3800000110,3800000110,109.29181671142571,0,0.0,True
unrestricted,8,1.35,myopic,1600066610,1600066610,319.8865966796869,0,0.0,True
unrestricted,8,1.35,myopic,1600066590,1600066590,270.52459716796875,0,0.0,True
unrestricted,8,1.35,myopic,3800000120,3800000120,168.6797027587895,0,0.0,True
unrestricted,8,1.35,myopic,3800001520,3800001520,221.67314147949202,0,0.0,True
unrestricted,8,1.35,myopic,3800000127,3800000127,162.18809509277338,0,0.0,True
unrestricted,8,1.35,myopic,1600066510,1600066510,269.8931274414066,0,0.0,True
unrestricted,8,1.35,myopic,3800001611,3800001611,224.91093444824176,0,0.0,True
unrestricted,8,1.35,myopic,3800000110,3800000110,109.29181671142571,0,0.0,True
unrestricted,8,1.4,dynamic,1600066610,1600066610,319.8865966796869,0,0.0,True
unrestricted,8,1.4,dynamic,1600066590,1600066590,270.52459716796875,0,0.0,True
unrestricted,8,1.4,dynamic,3800000120,3800000120,168.6797027587895,0,0.0,True
unrestricted,8,1.4,dynamic,3800001520,3800001520,221.67314147949202,0,0.0,True
unrestricted,8,1.4,dynamic,3800000127,3800000127,162.18809509277338,0,0.0,True
unrestricted,8,1.4,dynamic,1600066510,1600066510,269.8931274414066,0,0.0,True
unrestricted,8,1.4,dynamic,3800001611,3800001611,224.91093444824176,0,0.0,True
unrestricted,8,1.4,dynamic,3800000110,3800000110,109.59064659309385,1,0.3,False
unrestricted,8,1.4,myopic,1600066610,1600066610,319.8865966796869,0,0.0,True
unrestricted,8,1.4,myopic,1600066590,1600066590,270.52459716796875,0,0.0,True
unrestricted,8,1.4,myopic,3800000120,3800000120,168.6797027587895,0,0.0,True
unrestricted,8,1.4,myopic,3800001520,3800001520,221.67314147949202,0,0.0,True
unrestricted,8,1.4,myopic,3800000127,3800000127,162.18809509277338,0,0.0,True
unrestricted,8,1.4,myopic,1600066510,1600066510,269.8931274414066,0,0.0,True
unrestricted,8,1.4,myopic,3800001611,3800001611,224.91093444824176,0,0.0,True
unrestricted,8,1.4,myopic,3800000110,3800000110,101.24974987475075,4,1.2,False
unrestricted,8,1.45,dynamic,1600066610,1600066610,319.8865966796869,0,0.0,True
unrestricted,8,1.45,dynamic,1600066590,1600066590,270.52459716796875,0,0.0,True
unrestricted,8,1.45,dynamic,3800000120,3800000120,168.6797027587895,0,0.0,True
unrestricted,8,1.45,dynamic,3800001520,3800001520,221.67314147949202,0,0.0,True
unrestricted,8,1.45,dynamic,3800000127,3800000127,162.18809509277338,0,0.0,True
unrestricted,8,1.45,dynamic,1600066510,1600066510,269.8931274414066,0,0.0,True
unrestricted,8,1.45,dynamic,3800001611,3800001611,224.91093444824176,0,0.0,True
unrestricted,8,1.45,dynamic,3800000110,3800000110,110.79541084623335,1,0.3,False
unrestricted,8,1.45,myopic,1600066610,1600066610,319.8865966796869,0,0.0,True
unrestricted,8,1.45,myopic,1600066590,1600066590,270.52459716796875,0,0.0,True
unrestricted,8,1.45,myopic,3800000120,3800000120,168.6797027587895,0,0.0,True
unrestricted,8,1.45,myopic,3800001520,3800001520,221.67314147949202,0,0.0,True
unrestricted,8,1.45,myopic,3800000127,3800000127,162.18809509277338,0,0.0,True
unrestricted,8,1.45,myopic,1600066510,1600066510,269.8931274414066,0,0.0,True
unrestricted,8,1.45,myopic,3800001611,3800001611,224.91093444824176,0,0.0,True
unrestricted,8,1.45,myopic,3800000110,3800000110,106.06463555876412,4,1.2,False
unrestricted,8,1.5,dynamic,1600066610,1600066610,319.8865966796869,0,0.0,True
unrestricted,8,1.5,dynamic,1600066590,1600066590,270.52459716796875,0,0.0,True
unrestricted,8,1.5,dynamic,3800000120,3800000120,168.6797027587895,0,0.0,True
unrestricted,8,1.5,dynamic,3800001520,3800001520,221.67314147949202,0,0.0,True
unrestricted,8,1.5,dynamic,3800000127,3800000127,162.18809509277338,0,0.0,True
unrestricted,8,1.5,dynamic,1600066510,1600066510,269.8931274414066,0,0.0,True
unrestricted,8,1.5,dynamic,3800001611,3800001611,224.91093444824176,0,0.0,True
unrestricted,8,1.5,dynamic,3800000110,3800000110,113.04517410914103,4,1.2,False
unrestricted,8,1.5,myopic,1600066610,1600066610,319.8865966796869,0,0.0,True
unrestricted,8,1.5,myopic,1600066590,1600066590,270.52459716796875,0,0.0,True
unrestricted,8,1.5,myopic,3800000120,3800000120,168.6797027587895,0,0.0,True
unrestricted,8,1.5,myopic,3800001520,3800001520,221.67314147949202,0,0.0,True
unrestricted,8,1.5,myopic,3800000127,3800000127,162.18809509277338,0,0.0,True
unrestricted,8,1.5,myopic,1600066510,1600066510,269.8931274414066,0,0.0,True
unrestricted,8,1.5,myopic,3800001611,3800001611,224.91093444824176,0,0.0,True
unrestricted,8,1.5,myopic,3800000110,3800000110,110.8795212427775,4,1.2,False
unrestricted,8,1.55,dynamic,1600066610,1600066610,319.8865966796869,0,0.0,True
unrestricted,8,1.55,dynamic,1600066590,1600066590,270.52459716796875,0,0.0,True
unrestricted,8,1.55,dynamic,3800000120,3800000120,168.6797027587895,0,0.0,True
unrestricted,8,1.55,dynamic,3800001520,3800001520,221.67314147949202,0,0.0,True
unrestricted,8,1.55,dynamic,3800000127,3800000127,162.18809509277338,0,0.0,True
unrestricted,8,1.55,dynamic,1600066510,1600066510,269.8931274414066,0,0.0,True
unrestricted,8,1.55,dynamic,3800001611,3800001611,224.91093444824176,0,0.0,True
unrestricted,8,1.55,dynamic,3800000110,3800000110,117.81203131405512,4,1.2,False
unrestricted,8,1.55,myopic,1600066610,1600066610,319.8865966796869,0,0.0,True
unrestricted,8,1.55,myopic,1600066590,1600066590,270.52459716796875,0,0.0,True
unrestricted,8,1.55,myopic,3800000120,3800000120,168.6797027587895,0,0.0,True
unrestricted,8,1.55,myopic,3800001520,3800001520,221.67314147949202,0,0.0,True
unrestricted,8,1.55,myopic,3800000127,3800000127,162.18809509277338,0,0.0,True
unrestricted,8,1.55,myopic,1600066510,1600066510,269.8931274414066,0,0.0,True
unrestricted,8,1.55,myopic,3800001611,3800001611,224.91093444824176,0,0.0,True
unrestricted,8,1.55,myopic,3800000110,3800000110,115.69440692679085,4,1.2,False
unrestricted,8,1.6,dynamic,1600066610,1600066610,319.8865966796869,0,0.0,True
unrestricted,8,1.6,dynamic,1600066590,1600066590,270.52459716796875,0,0.0,True
unrestricted,8,1.6,dynamic,3800000120,3800000120,168.6797027587895,0,0.0,True
unrestricted,8,1.6,dynamic,3800001520,3800001520,221.67314147949202,0,0.0,True
unrestricted,8,1.6,dynamic,3800000127,3800000127,162.18809509277338,0,0.0,True
unrestricted,8,1.6,dynamic,1600066510,1600066510,269.8931274414066,0,0.0,True
unrestricted,8,1.6,dynamic,3800001611,3800001611,224.91093444824176,0,0.0,True
unrestricted,8,1.6,dynamic,3800000110,3800000110,122.57888851896921,4,1.2,False
unrestricted,8,1.6,myopic,1600066610,1600066610,319.8865966796869,0,0.0,True
unrestricted,8,1.6,myopic,1600066590,1600066590,270.52459716796875,0,0.0,True
unrestricted,8,1.6,myopic,3800000120,3800000120,168.6797027587895,0,0.0,True
unrestricted,8,1.6,myopic,3800001520,3800001520,221.67314147949202,0,0.0,True
unrestricted,8,1.6,myopic,3800000127,3800000127,162.18809509277338,0,0.0,True
unrestricted,8,1.6,myopic,1600066510,1600066510,269.8931274414066,0,0.0,True
unrestricted,8,1.6,myopic,3800001611,3800001611,224.91093444824176,0,0.0,True
unrestricted,8,1.6,myopic,3800000110,3800000110,120.50929261080422,4,1.2,False
unrestricted,8,1.65,dynamic,1600066610,1600066610,319.8865966796869,0,0.0,True
unrestricted,8,1.65,dynamic,1600066590,1600066590,270.52459716796875,0,0.0,True
unrestricted,8,1.65,dynamic,3800000120,3800000120,169.71429012918475,4,1.2,True
unrestricted,8,1.65,dynamic,3800001520,3800001520,221.67314147949202,0,0.0,True
unrestricted,8,1.65,dynamic,3800000127,3800000127,162.18809509277338,0,0.0,True
unrestricted,8,1.65,dynamic,1600066510,1600066510,269.8931274414066,0,0.0,True
unrestricted,8,1.65,dynamic,3800001611,3800001611,224.91093444824176,0,0.0,True
unrestricted,8,1.65,dynamic,3800000110,3800000110,127.36337557156881,4,1.2,False
unrestricted,8,1.65,myopic,1600066610,1600066610,319.8865966796869,0,0.0,True
unrestricted,8,1.65,myopic,1600066590,1600066590,270.52459716796875,0,0.0,True
unrestricted,8,1.65,myopic,3800000120,3800000120,169.08789028326663,4,1.2,True
unrestricted,8,1.65,myopic,3800001520,3800001520,221.67314147949202,0,0.0,True
unrestricted,8,1.65,myopic,3800000127,3800000127,162.18809509277338,0,0.0,True
unrestricted,8,1.65,myopic,1600066510,1600066510,269.8931274414066,0,0.0,True
unrestricted,8,1.65,myopic,3800001611,3800001611,224.91093444824176,0,0.0,True
unrestricted,8,1.65,myopic,3800000110,3800000110,125.32417829481757,4,1.2,False
unrestricted,8,1.7,dynamic,1600066610,1600066610,319.8865966796869,0,0.0,True
unrestricted,8,1.7,dynamic,1600066590,1600066590,270.52459716796875,0,0.0,True
unrestricted,8,1.7,dynamic,3800000120,3800000120,173.8517575116158,4,1.2,True
unrestricted,8,1.7,dynamic,3800001520,3800001520,221.67314147949202,0,0.0,True
unrestricted,8,1.7,dynamic,3800000127,3800000127,162.18809509277338,0,0.0,True
unrestricted,8,1.7,dynamic,1600066510,1600066510,269.8931274414066,0,0.0,True
unrestricted,8,1.7,dynamic,3800001611,3800001611,224.91093444824176,0,0.0,True
unrestricted,8,1.7,dynamic,3800000110,3800000110,132.1605505752563,4,1.2,False
unrestricted,8,1.7,myopic,1600066610,1600066610,319.8865966796869,0,0.0,True
unrestricted,8,1.7,myopic,1600066590,1600066590,270.52459716796875,0,0.0,True
unrestricted,8,1.7,myopic,3800000120,3800000120,173.26704472303382,4,1.2,True
unrestricted,8,1.7,myopic,3800001520,3800001520,221.67314147949202,0,0.0,True
unrestricted,8,1.7,myopic,3800000127,3800000127,162.18809509277338,0,0.0,True
unrestricted,8,1.7,myopic,1600066510,1600066510,269.8931274414066,0,0.0,True
unrestricted,8,1.7,myopic,3800001611,3800001611,224.91093444824176,0,0.0,True
unrestricted,8,1.7,myopic,3800000110,3800000110,130.13906397883096,4,1.2,False
unrestricted,8,1.75,dynamic,1600066610,1600066610,319.8865966796869,0,0.0,True
unrestricted,8,1.75,dynamic,1600066590,1600066590,270.52459716796875,0,0.0,True
unrestricted,8,1.75,dynamic,3800000120,3800000120,178.00221141099928,4,1.2,True
unrestricted,8,1.75,dynamic,3800001520,3800001520,221.67314147949202,0,0.0,True
unrestricted,8,1.75,dynamic,3800000127,3800000127,162.18809509277338,0,0.0,True
unrestricted,8,1.75,dynamic,1600066510,1600066510,269.8931274414066,0,0.0,True
unrestricted,8,1.75,dynamic,3800001611,3800001611,224.91093444824176,0,0.0,True
unrestricted,8,1.75,dynamic,3800000110,3800000110,136.9659426387151,4,1.2,False
unrestricted,8,1.75,myopic,1600066610,1600066610,319.8865966796869,0,0.0,True
unrestricted,8,1.75,myopic,1600066590,1600066590,270.52459716796875,0,0.0,True
unrestricted,8,1.75,myopic,3800000120,3800000120,177.44619916280104,4,1.2,True
unrestricted,8,1.75,myopic,3800001520,3800001520,221.67314147949202,0,0.0,True
unrestricted,8,1.75,myopic,3800000127,3800000127,162.18809509277338,0,0.0,True
unrestricted,8,1.75,myopic,1600066510,1600066510,269.8931274414066,0,0.0,True
unrestricted,8,1.75,myopic,3800001611,3800001611,224.91093444824176,0,0.0,True
unrestricted,8,1.75,myopic,3800000110,3800000110,134.9539496628443,4,1.2,False
unrestricted,8,1.8,dynamic,1600066610,1600066610,319.8865966796869,0,0.0,True
unrestricted,8,1.8,dynamic,1600066590,1600066590,270.52459716796875,0,0.0,True
unrestricted,8,1.8,dynamic,3800000120,3800000120,182.1595928214391,4,1.2,True
unrestricted,8,1.8,dynamic,3800001520,3800001520,221.67314147949202,0,0.0,True
unrestricted,8,1.8,dynamic,3800000127,3800000127,162.18809509277338,0,0.0,True
unrestricted,8,1.8,dynamic,1600066510,1600066510,269.8931274414066,0,0.0,True
unrestricted,8,1.8,dynamic,3800001611,3800001611,224.91093444824176,0,0.0,True
unrestricted,8,1.8,dynamic,3800000110,3800000110,141.77550082858403,4,1.2,False
unrestricted,8,1.8,myopic,1600066610,1600066610,319.8865966796869,0,0.0,True
unrestricted,8,1.8,myopic,1600066590,1600066590,270.52459716796875,0,0.0,True
unrestricted,8,1.8,myopic,3800000120,3800000120,181.62535360256825,4,1.2,True
unrestricted,8,1.8,myopic,3800001520,3800001520,221.67314147949202,0,0.0,True
unrestricted,8,1.8,myopic,3800000127,3800000127,162.18809509277338,0,0.0,True
unrestricted,8,1.8,myopic,1600066510,1600066510,269.8931274414066,0,0.0,True
unrestricted,8,1.8,myopic,3800001611,3800001611,224.91093444824176,0,0.0,True
unrestricted,8,1.8,myopic,3800000110,3800000110,139.7688353468577,4,1.2,False
unrestricted,8,1.85,dynamic,1600066610,1600066610,319.8865966796869,0,0.0,True
unrestricted,8,1.85,dynamic,1600066590,1600066590,270.52459716796875,0,0.0,True
unrestricted,8,1.85,dynamic,3800000120,3800000120,186.32316320387523,4,1.2,True
unrestricted,8,1.85,dynamic,3800001520,3800001520,221.67314147949202,0,0.0,True
unrestricted,8,1.85,dynamic,3800000127,3800000127,162.18809509277338,0,0.0,True
unrestricted,8,1.85,dynamic,1600066510,1600066510,270.35264222812657,1,0.3,False
unrestricted,8,1.85,dynamic,3800001611,3800001611,224.91093444824176,0,0.0,True
unrestricted,8,1.85,dynamic,3800000110,3800000110,146.59516073973973,4,1.2,False
unrestricted,8,1.85,myopic,1600066610,1600066610,319.8865966796869,0,0.0,True
unrestricted,8,1.85,myopic,1600066590,1600066590,270.52459716796875,0,0.0,True
unrestricted,8,1.85,myopic,3800000120,3800000120,185.80450804233544,4,1.2,True
unrestricted,8,1.85,myopic,3800001520,3800001520,221.67314147949202,0,0.0,True
unrestricted,8,1.85,myopic,3800000127,3800000127,162.18809509277338,0,0.0,True
unrestricted,8,1.85,myopic,1600066510,1600066510,262.63228846422834,4,1.2,False
unrestricted,8,1.85,myopic,3800001611,3800001611,224.91093444824176,0,0.0,True
unrestricted,8,1.85,myopic,3800000110,3800000110,144.58372103087106,4,1.2,False
unrestricted,8,1.9,dynamic,1600066610,1600066610,319.8865966796869,0,0.0,True
unrestricted,8,1.9,dynamic,1600066590,1600066590,270.52459716796875,0,0.0,True
unrestricted,8,1.9,dynamic,3800000120,3800000120,190.48673358631132,4,1.2,True
unrestricted,8,1.9,dynamic,3800001520,3800001520,221.67314147949202,0,0.0,True
unrestricted,8,1.9,dynamic,3800000127,3800000127,162.18809509277338,0,0.0,True
unrestricted,8,1.9,dynamic,1600066510,1600066510,271.70930564689644,1,0.3,False
unrestricted,8,1.9,dynamic,3800001611,3800001611,224.91093444824176,0,0.0,True
unrestricted,8,1.9,dynamic,3800000110,3800000110,151.4148206508954,4,1.2,False
unrestricted,8,1.9,myopic,1600066610,1600066610,319.8865966796869,0,0.0,True
unrestricted,8,1.9,myopic,1600066590,1600066590,270.52459716796875,0,0.0,True
unrestricted,8,1.9,myopic,3800000120,3800000120,189.98366248210263,4,1.2,True
unrestricted,8,1.9,myopic,3800001520,3800001520,221.67314147949202,0,0.0,True
unrestricted,8,1.9,myopic,3800000127,3800000127,162.18809509277338,0,0.0,True
unrestricted,8,1.9,myopic,1600066510,1600066510,268.17504492410023,4,1.2,False
unrestricted,8,1.9,myopic,3800001611,3800001611,224.91093444824176,0,0.0,True
unrestricted,8,1.9,myopic,3800000110,3800000110,149.3986067148844,4,1.2,False
unrestricted,8,1.95,dynamic,1600066610,1600066610,319.8865966796869,0,0.0,True
unrestricted,8,1.95,dynamic,1600066590,1600066590,270.52459716796875,0,0.0,True
unrestricted,8,1.95,dynamic,3800000120,3800000120,194.65030396874744,4,1.2,True
unrestricted,8,1.95,dynamic,3800001520,3800001520,221.67314147949202,0,0.0,True
unrestricted,8,1.95,dynamic,3800000127,3800000127,162.18809509277338,0,0.0,True
unrestricted,8,1.95,dynamic,1600066510,1600066510,275.8049368478457,4,1.2,False
unrestricted,8,1.95,dynamic,3800001611,3800001611,224.91093444824176,0,0.0,True
unrestricted,8,1.95,dynamic,3800000110,3800000110,156.23448056205112,4,1.2,False
unrestricted,8,1.95,myopic,1600066610,1600066610,319.8865966796869,0,0.0,True
unrestricted,8,1.95,myopic,1600066590,1600066590,270.52459716796875,0,0.0,True
unrestricted,8,1.95,myopic,3800000120,3800000120,194.16281692186982,4,1.2,True
unrestricted,8,1.95,myopic,3800001520,3800001520,221.67314147949202,0,0.0,True
unrestricted,8,1.95,myopic,3800000127,3800000127,162.18809509277338,0,0.0,True
unrestricted,8,1.95,myopic,1600066510,1600066510,273.7178013839722,4,1.2,False
unrestricted,8,1.95,myopic,3800001611,3800001611,224.91093444824176,0,0.0,True
unrestricted,8,1.95,myopic,3800000110,3800000110,154.21349239889776,4,1.2,False
unrestricted,8,2.0,dynamic,1600066610,1600066610,319.8865966796869,0,0.0,True
unrestricted,8,2.0,dynamic,1600066590,1600066590,270.52459716796875,0,0.0,True
unrestricted,8,2.0,dynamic,3800000120,3800000120,198.81387435118356,4,1.2,True
unrestricted,8,2.0,dynamic,3800001520,3800001520,221.67314147949202,0,0.0,True
unrestricted,8,2.0,dynamic,3800000127,3800000127,162.18809509277338,0,0.0,True
unrestricted,8,2.0,dynamic,1600066510,1600066510,281.292404311498,4,1.2,False
unrestricted,8,2.0,dynamic,3800001611,3800001611,224.91093444824176,0,0.0,True
unrestricted,8,2.0,dynamic,3800000110,3800000110,161.05414047320681,4,1.2,False
unrestricted,8,2.0,myopic,1600066610,1600066610,319.8865966796869,0,0.0,True
unrestricted,8,2.0,myopic,1600066590,1600066590,270.52459716796875,0,0.0,True
unrestricted,8,2.0,myopic,3800000120,3800000120,198.34197136163704,4,1.2,True
unrestricted,8,2.0,myopic,3800001520,3800001520,221.67314147949202,0,0.0,True
unrestricted,8,2.0,myopic,3800000127,3800000127,162.18809509277338,0,0.0,True
unrestricted,8,2.0,myopic,1600066510,1600066510,279.2605578438441,4,1.2,False
unrestricted,8,2.0,myopic,3800001611,3800001611,224.91093444824176,0,0.0,True
unrestricted,8,2.0,myopic,3800000110,3800000110,159.02837808291116,4,1.2,False
unrestricted,8,2.05,dynamic,1600066610,1600066610,319.8865966796869,0,0.0,True
unrestricted,8,2.05,dynamic,1600066590,1600066590,270.52459716796875,0,0.0,True
unrestricted,8,2.05,dynamic,3800000120,3800000120,202.9824348975817,4,1.2,True
unrestricted,8,2.05,dynamic,3800001520,3800001520,221.67314147949202,0,0.0,True
unrestricted,8,2.05,dynamic,3800000127,3800000127,162.18809509277338,0,0.0,True
unrestricted,8,2.05,dynamic,1600066510,1600066510,286.7846402673721,4,1.2,False
unrestricted,8,2.05,dynamic,3800001611,3800001611,224.91093444824176,0,0.0,True
unrestricted,8,2.05,dynamic,3800000110,3800000110,165.8738003843625,4,1.2,False
unrestricted,8,2.05,myopic,1600066610,1600066610,319.8865966796869,0,0.0,True
unrestricted,8,2.05,myopic,1600066590,1600066590,270.52459716796875,0,0.0,True
unrestricted,8,2.05,myopic,3800000120,3800000120,202.52112580140422,4,1.2,True
unrestricted,8,2.05,myopic,3800001520,3800001520,221.67314147949202,0,0.0,True
unrestricted,8,2.05,myopic,3800000127,3800000127,162.18809509277338,0,0.0,True
unrestricted,8,2.05,myopic,1600066510,1600066510,284.803314303716,4,1.2,False
unrestricted,8,2.05,myopic,3800001611,3800001611,224.91093444824176,0,0.0,True
unrestricted,8,2.05,myopic,3800000110,3800000110,163.8432637669245,4,1.2,False
unrestricted,8,2.1,dynamic,1600066610,1600066610,319.8865966796869,0,0.0,True
unrestricted,8,2.1,dynamic,1600066590,1600066590,270.52459716796875,0,0.0,True
unrestricted,8,2.1,dynamic,3800000120,3800000120,207.15563039255142,4,1.2,True
unrestricted,8,2.1,dynamic,3800001520,3800001520,221.67314147949202,0,0.0,True
unrestricted,8,2.1,dynamic,3800000127,3800000127,162.18809509277338,0,0.0,True
unrestricted,8,2.1,dynamic,1600066510,1600066510,292.29541530418396,4,1.2,False
unrestricted,8,2.1,dynamic,3800001611,3800001611,224.91093444824176,0,0.0,True
unrestricted,8,2.1,dynamic,3800000110,3800000110,170.69346029551824,4,1.2,False
unrestricted,8,2.1,myopic,1600066610,1600066610,319.8865966796869,0,0.0,True
unrestricted,8,2.1,myopic,1600066590,1600066590,270.52459716796875,0,0.0,True
unrestricted,8,2.1,myopic,3800000120,3800000120,206.70028024117144,4,1.2,True
unrestricted,8,2.1,myopic,3800001520,3800001520,221.67314147949202,0,0.0,True
unrestricted,8,2.1,myopic,3800000127,3800000127,162.18809509277338,0,0.0,True
unrestricted,8,2.1,myopic,1600066510,1600066510,290.346070763588,4,1.2,False
unrestricted,8,2.1,myopic,3800001611,3800001611,224.91093444824176,0,0.0,True
unrestricted,8,2.1,myopic,3800000110,3800000110,168.6581494509379,4,1.2,False
unrestricted,8,2.15,dynamic,1600066610,1600066610,319.8865966796869,0,0.0,True
unrestricted,8,2.15,dynamic,1600066590,1600066590,270.52459716796875,0,0.0,True
unrestricted,8,2.15,dynamic,3800000120,3800000120,211.32882588752108,4,1.2,True
unrestricted,8,2.15,dynamic,3800001520,3800001520,221.67314147949202,0,0.0,True
unrestricted,8,2.15,dynamic,3800000127,3800000127,162.66920421481137,1,0.3,True
unrestricted,8,2.15,dynamic,1600066510,1600066510,297.8097988735835,4,1.2,False
unrestricted,8,2.15,dynamic,3800001611,3800001611,224.91093444824176,0,0.0,True
unrestricted,8,2.15,dynamic,3800000110,3800000110,175.5131202066739,4,1.2,False
unrestricted,8,2.15,myopic,1600066610,1600066610,319.8865966796869,0,0.0,True
unrestricted,8,2.15,myopic,1600066590,1600066590,270.52459716796875,0,0.0,True
unrestricted,8,2.15,myopic,3800000120,3800000120,210.87943468093863,4,1.2,True
unrestricted,8,2.15,myopic,3800001520,3800001520,221.67314147949202,0,0.0,True
unrestricted,8,2.15,myopic,3800000127,3800000127,158.36834500718115,4,1.2,True
unrestricted,8,2.15,myopic,1600066510,1600066510,295.8888272234599,4,1.2,False
unrestricted,8,2.15,myopic,3800001611,3800001611,224.91093444824176,0,0.0,True
unrestricted,8,2.15,myopic,3800000110,3800000110,173.47303513495126,4,1.2,False
unrestricted,8,2.2,dynamic,1600066610,1600066610,319.8865966796869,0,0.0,True
unrestricted,8,2.2,dynamic,1600066590,1600066590,270.52459716796875,0,0.0,True
unrestricted,8,2.2,dynamic,3800000120,3800000120,215.5020213824908,4,1.2,True
unrestricted,8,2.2,dynamic,3800001520,3800001520,221.67314147949202,0,0.0,True
unrestricted,8,2.2,dynamic,3800000127,3800000127,163.36659484386448,1,0.3,True
unrestricted,8,2.2,dynamic,1600066510,1600066510,303.3279062811534,4,1.2,False
unrestricted,8,2.2,dynamic,3800001611,3800001611,224.91093444824176,0,0.0,True
unrestricted,8,2.2,dynamic,3800000110,3800000110,180.33278011782963,4,1.2,False
unrestricted,8,2.2,myopic,1600066610,1600066610,319.8865966796869,0,0.0,True
unrestricted,8,2.2,myopic,1600066590,1600066590,270.52459716796875,0,0.0,True
unrestricted,8,2.2,myopic,3800000120,3800000120,215.05858912070585,4,1.2,True
unrestricted,8,2.2,myopic,3800001520,3800001520,221.67314147949202,0,0.0,True
unrestricted,8,2.2,myopic,3800000127,3800000127,161.22051020526885,4,1.2,True
unrestricted,8,2.2,myopic,1600066510,1600066510,301.43158368333184,4,1.2,False
unrestricted,8,2.2,myopic,3800001611,3800001611,224.91093444824176,0,0.0,True
unrestricted,8,2.2,myopic,3800000110,3800000110,178.2879208189646,4,1.2,False
unrestricted,8,2.24,dynamic,1600066610,1600066610,319.8865966796869,0,0.0,True
unrestricted,8,2.24,dynamic,1600066590,1600066590,270.52459716796875,0,0.0,True
unrestricted,8,2.24,dynamic,3800000120,3800000120,218.84057777846655,4,1.2,True
unrestricted,8,2.24,dynamic,3800001520,3800001520,221.67314147949202,0,0.0,True
unrestricted,8,2.24,dynamic,3800000127,3800000127,164.8239730334282,4,1.2,True
unrestricted,8,2.24,dynamic,1600066510,1600066510,307.74831907653817,4,1.2,False
unrestricted,8,2.24,dynamic,3800001611,3800001611,224.91093444824176,0,0.0,True
unrestricted,8,2.24,dynamic,3800000110,3800000110,184.1885080467542,4,1.2,False
unrestricted,8,2.24,myopic,1600066610,1600066610,319.8865966796869,0,0.0,True
unrestricted,8,2.24,myopic,1600066590,1600066590,270.52459716796875,0,0.0,True
unrestricted,8,2.24,myopic,3800000120,3800000120,218.40191267251961,4,1.2,True
unrestricted,8,2.24,myopic,3800001520,3800001520,221.67314147949202,0,0.0,True
unrestricted,8,2.24,myopic,3800000127,3800000127,163.50224236373901,4,1.2,True
unrestricted,8,2.24,myopic,1600066510,1600066510,305.86578885122935,4,1.2,False
unrestricted,8,2.24,myopic,3800001611,3800001611,224.91093444824176,0,0.0,True
unrestricted,8,2.24,myopic,3800000110,3800000110,182.13982936617532,4,1.2,False
unrestricted,8,2.25,dynamic,1600066610,1600066610,319.8865966796869,0,0.0,True
unrestricted,8,2.25,dynamic,1600066590,1600066590,270.52459716796875,0,0.0,True
unrestricted,8,2.25,dynamic,3800000120,3800000120,219.67521687746046,4,1.2,True
unrestricted,8,2.25,dynamic,3800001520,3800001520,221.67314147949202,0,0.0,True
unrestricted,8,2.25,dynamic,3800000127,3800000127,165.388716006279,4,1.2,True
unrestricted,8,2.25,dynamic,1600066510,1600066510,308.85342227538433,4,1.2,False
unrestricted,8,2.25,dynamic,3800001611,3800001611,224.91093444824176,0,0.0,True
unrestricted,8,2.25,dynamic,3800000110,3800000110,185.15244002898532,4,1.2,False
unrestricted,8,2.25,myopic,1600066610,1600066610,319.8865966796869,0,0.0,True
unrestricted,8,2.25,myopic,1600066590,1600066590,270.52459716796875,0,0.0,True
unrestricted,8,2.25,myopic,3800000120,3800000120,219.23774356047304,4,1.2,True
unrestricted,8,2.25,myopic,3800001520,3800001520,221.67314147949202,0,0.0,True
unrestricted,8,2.25,myopic,3800000127,3800000127,164.07267540335653,4,1.2,True
unrestricted,8,2.25,myopic,1600066510,1600066510,306.97434014320373,4,1.2,False
unrestricted,8,2.25,myopic,3800001611,3800001611,224.91093444824176,0,0.0,True
unrestricted,8,2.25,myopic,3800000110,3800000110,183.10280650297796,4,1.2,False
unrestricted,8,2.3,dynamic,1600066610,1600066610,319.8865966796869,0,0.0,True
unrestricted,8,2.3,dynamic,1600066590,1600066590,270.52459716796875,0,0.0,True
unrestricted,8,2.3,dynamic,3800000120,3800000120,223.84841237243015,4,1.2,True
unrestricted,8,2.3,dynamic,3800001520,3800001520,221.67314147949202,0,0.0,True
unrestricted,8,2.3,dynamic,3800000127,3800000127,168.21480198049542,4,1.2,True
unrestricted,8,2.3,dynamic,1600066510,1600066510,314.3789382696152,4,1.2,False
unrestricted,8,2.3,dynamic,3800001611,3800001611,224.91093444824176,0,0.0,True
unrestricted,8,2.3,dynamic,3800000110,3800000110,189.972099940141,4,1.2,False
unrestricted,8,2.3,myopic,1600066610,1600066610,319.8865966796869,0,0.0,True
unrestricted,8,2.3,myopic,1600066590,1600066590,270.52459716796875,0,0.0,True
unrestricted,8,2.3,myopic,3800000120,3800000120,223.41689800024022,4,1.2,True
unrestricted,8,2.3,myopic,3800001520,3800001520,221.67314147949202,0,0.0,True
unrestricted,8,2.3,myopic,3800000127,3800000127,166.92484060144423,4,1.2,True
unrestricted,8,2.3,myopic,1600066510,1600066510,312.51709660307563,4,1.2,False
unrestricted,8,2.3,myopic,3800001611,3800001611,224.91093444824176,0,0.0,True
unrestricted,8,2.3,myopic,3800000110,3800000110,187.9176921869913,4,1.2,False
unrestricted,8,2.35,dynamic,1600066610,1600066610,319.8865966796869,0,0.0,True
unrestricted,8,2.35,dynamic,1600066590,1600066590,270.52459716796875,0,0.0,True
unrestricted,8,2.35,dynamic,3800000120,3800000120,228.02160786739984,4,1.2,True
unrestricted,8,2.35,dynamic,3800001520,3800001520,221.67314147949202,0,0.0,True
unrestricted,8,2.35,dynamic,3800000127,3800000127,171.0518505235513,4,1.2,True
unrestricted,8,2.35,dynamic,1600066510,1600066510,319.90445426384616,4,1.2,False
unrestricted,8,2.35,dynamic,3800001611,3800001611,224.91093444824176,0,0.0,True
unrestricted,8,2.35,dynamic,3800000110,3800000110,194.79175985129672,4,1.2,False
unrestricted,8,2.35,myopic,1600066610,1600066610,319.8865966796869,0,0.0,True
unrestricted,8,2.35,myopic,1600066590,1600066590,270.52459716796875,0,0.0,True
unrestricted,8,2.35,myopic,3800000120,3800000120,227.59605244000744,4,1.2,True
unrestricted,8,2.35,myopic,3800001520,3800001520,221.67314147949202,0,0.0,True
unrestricted,8,2.35,myopic,3800000127,3800000127,169.77700579953193,4,1.2,True
unrestricted,8,2.35,myopic,1600066510,1600066510,318.05985306294764,4,1.2,False
unrestricted,8,2.35,myopic,3800001611,3800001611,224.91093444824176,0,0.0,True
unrestricted,8,2.35,myopic,3800000110,3800000110,192.7325778710047,4,1.2,False
unrestricted,8,2.4,dynamic,1600066610,1600066610,319.8865966796869,0,0.0,True
unrestricted,8,2.4,dynamic,1600066590,1600066590,270.52459716796875,0,0.0,True
unrestricted,8,2.4,dynamic,3800000120,3800000120,232.19480336236953,4,1.2,True
unrestricted,8,2.4,dynamic,3800001520,3800001520,221.67314147949202,0,0.0,True
unrestricted,8,2.4,dynamic,3800000127,3800000127,173.88958416302998,4,1.2,True
unrestricted,8,2.4,dynamic,1600066510,1600066510,325.42997025807705,4,1.2,False
unrestricted,8,2.4,dynamic,3800001611,3800001611,224.91093444824176,0,0.0,True
unrestricted,8,2.4,dynamic,3800000110,3800000110,199.6114197624524,4,1.2,False
unrestricted,8,2.4,myopic,1600066610,1600066610,319.8865966796869,0,0.0,True
unrestricted,8,2.4,myopic,1600066590,1600066590,270.52459716796875,0,0.0,True
unrestricted,8,2.4,myopic,3800000120,3800000120,231.77520687977463,4,1.2,True
unrestricted,8,2.4,myopic,3800001520,3800001520,221.67314147949202,0,0.0,True
unrestricted,8,2.4,myopic,3800000127,3800000127,172.6291709976196,4,1.2,True
unrestricted,8,2.4,myopic,1600066510,1600066510,323.60260952281953,4,1.2,False
unrestricted,8,2.4,myopic,3800001611,3800001611,224.91093444824176,0,0.0,True
unrestricted,8,2.4,myopic,3800000110,3800000110,197.54746355501806,4,1.2,False
unrestricted,8,2.45,dynamic,1600066610,1600066610,319.8865966796869,0,0.0,True
unrestricted,8,2.45,dynamic,1600066590,1600066590,270.52459716796875,0,0.0,True
unrestricted,8,2.45,dynamic,3800000120,3800000120,236.36799885733922,4,1.2,True
unrestricted,8,2.45,dynamic,3800001520,3800001520,221.67314147949202,0,0.0,True
unrestricted,8,2.45,dynamic,3800000127,3800000127,176.7302252392769,4,1.2,True
unrestricted,8,2.45,dynamic,1600066510,1600066510,330.95548625230794,4,1.2,False
unrestricted,8,2.45,dynamic,3800001611,3800001611,225.2376620602608,1,0.3,False
unrestricted,8,2.45,dynamic,3800000110,3800000110,204.43107967360814,4,1.2,False
unrestricted,8,2.45,myopic,1600066610,1600066610,319.8865966796869,0,0.0,True
unrestricted,8,2.45,myopic,1600066590,1600066590,270.52459716796875,0,0.0,True
unrestricted,8,2.45,myopic,3800000120,3800000120,235.95436131954185,4,1.2,True
unrestricted,8,2.45,myopic,3800001520,3800001520,221.67314147949202,0,0.0,True
unrestricted,8,2.45,myopic,3800000127,3800000127,175.4813361957073,4,1.2,True
unrestricted,8,2.45,myopic,1600066510,1600066510,329.1453659826915,4,1.2,False
unrestricted,8,2.45,myopic,3800001611,3800001611,206.9593662923972,4,1.2,False
unrestricted,8,2.45,myopic,3800000110,3800000110,202.36234923903146,4,1.2,False
unrestricted,8,2.5,dynamic,1600066610,1600066610,319.8865966796869,0,0.0,True
unrestricted,8,2.5,dynamic,1600066590,1600066590,270.52459716796875,0,0.0,True
unrestricted,8,2.5,dynamic,3800000120,3800000120,240.54119435230888,4,1.2,True
unrestricted,8,2.5,dynamic,3800001520,3800001520,221.67314147949202,0,0.0,True
unrestricted,8,2.5,dynamic,3800000127,3800000127,179.57388520479205,4,1.2,True
unrestricted,8,2.5,dynamic,1600066510,1600066510,336.4810022465389,4,1.2,False
unrestricted,8,2.5,dynamic,3800001611,3800001611,226.1135146188736,1,0.3,False
unrestricted,8,2.5,dynamic,3800000110,3800000110,209.25073958476383,4,1.2,False
unrestricted,8,2.5,myopic,1600066610,1600066610,319.8865966796869,0,0.0,True
unrestricted,8,2.5,myopic,1600066590,1600066590,270.52459716796875,0,0.0,True
unrestricted,8,2.5,myopic,3800000120,3800000120,240.13351575930903,4,1.2,True
unrestricted,8,2.5,myopic,3800001520,3800001520,221.67314147949202,0,0.0,True
unrestricted,8,2.5,myopic,3800000127,3800000127,178.333501393795,4,1.2,True
unrestricted,8,2.5,myopic,1600066510,1600066510,334.6881224425634,4,1.2,False
unrestricted,8,2.5,myopic,3800001611,3800001611,210.502416472435,4,1.2,False
unrestricted,8,2.5,myopic,3800000110,3800000110,207.1772349230448,4,1.2,False
unrestricted,8,2.55,dynamic,1600066610,1600066610,319.8865966796869,0,0.0,True
unrestricted,8,2.55,dynamic,1600066590,1600066590,271.27698857736596,1,0.3,False
unrestricted,8,2.55,dynamic,3800000120,3800000120,244.71438984727857,4,1.2,True
unrestricted,8,2.55,dynamic,3800001520,3800001520,221.67314147949202,0,0.0,True
unrestricted,8,2.55,dynamic,3800000127,3800000127,182.41754517030716,4,1.2,True
unrestricted,8,2.55,dynamic,1600066510,1600066510,342.00970667950315,4,1.2,False
unrestricted,8,2.55,dynamic,3800001611,3800001611,226.98936717748643,1,0.3,False
unrestricted,8,2.55,dynamic,3800000110,3800000110,214.0703994959195,4,1.2,False
unrestricted,8,2.55,myopic,1600066610,1600066610,319.8865966796869,0,0.0,True
unrestricted,8,2.55,myopic,1600066590,1600066590,265.43606873575845,4,1.2,False
unrestricted,8,2.55,myopic,3800000120,3800000120,244.31267019907622,4,1.2,True
unrestricted,8,2.55,myopic,3800001520,3800001520,221.67314147949202,0,0.0,True
unrestricted,8,2.55,myopic,3800000127,3800000127,181.1856665918827,4,1.2,True
unrestricted,8,2.55,myopic,1600066510,1600066510,340.2308789024353,4,1.2,False
unrestricted,8,2.55,myopic,3800001611,3800001611,214.0454666524728,4,1.2,False
unrestricted,8,2.55,myopic,3800000110,3800000110,211.99212060705815,4,1.2,False
unrestricted,8,2.6,dynamic,1600066610,1600066610,319.8865966796869,0,0.0,True
unrestricted,8,2.6,dynamic,1600066590,1600066590,272.2585156764985,1,0.3,False
unrestricted,8,2.6,dynamic,3800000120,3800000120,248.88758534224826,4,1.2,True
unrestricted,8,2.6,dynamic,3800001520,3800001520,221.67314147949202,0,0.0,True
unrestricted,8,2.6,dynamic,3800000127,3800000127,185.2612051358223,4,1.2,True
unrestricted,8,2.6,dynamic,1600066510,1600066510,347.5396902472179,4,1.2,False
unrestricted,8,2.6,dynamic,3800001611,3800001611,227.86521973609925,1,0.3,False
unrestricted,8,2.6,dynamic,3800000110,3800000110,218.89005940707523,4,1.2,False
unrestricted,8,2.6,myopic,1600066610,1600066610,319.8865966796869,0,0.0,True
unrestricted,8,2.6,myopic,1600066590,1600066590,269.4488863051733,4,1.2,False
unrestricted,8,2.6,myopic,3800000120,3800000120,248.49182463884344,4,1.2,True
unrestricted,8,2.6,myopic,3800001520,3800001520,221.67314147949202,0,0.0,True
unrestricted,8,2.6,myopic,3800000127,3800000127,184.0378317899704,4,1.2,True
unrestricted,8,2.6,myopic,1600066510,1600066510,345.77363536230723,4,1.2,False
unrestricted,8,2.6,myopic,3800001611,3800001611,217.58851683251063,4,1.2,False
unrestricted,8,2.6,myopic,3800000110,3800000110,216.80700629107156,4,1.2,False
unrestricted,8,2.65,dynamic,1600066610,1600066610,320.310573785305,1,0.3,False
unrestricted,8,2.65,dynamic,1600066590,1600066590,275.3412445019086,4,1.2,False
unrestricted,8,2.65,dynamic,3800000120,3800000120,253.06078083721795,4,1.2,True
unrestricted,8,2.65,dynamic,3800001520,3800001520,221.67314147949202,0,0.0,True
unrestricted,8,2.65,dynamic,3800000127,3800000127,188.10486510133745,4,1.2,True
unrestricted,8,2.65,dynamic,1600066510,1600066510,353.0696738149325,4,1.2,False
unrestricted,8,2.65,dynamic,3800001611,3800001611,228.74107229471207,1,0.3,False
unrestricted,8,2.65,dynamic,3800000110,3800000110,223.71253071260455,4,1.2,False
unrestricted,8,2.65,myopic,1600066610,1600066610,315.1613707936604,4,1.2,False
unrestricted,8,2.65,myopic,1600066590,1600066590,273.461703874588,4,1.2,False
unrestricted,8,2.65,myopic,3800000120,3800000120,252.67097907861063,4,1.2,True
unrestricted,8,2.65,myopic,3800001520,3800001520,221.67314147949202,0,0.0,True
unrestricted,8,2.65,myopic,3800000127,3800000127,186.88999698805807,4,1.2,True
unrestricted,8,2.65,myopic,1600066510,1600066510,351.3163918221792,4,1.2,False
unrestricted,8,2.65,myopic,3800001611,3800001611,221.13156701254843,4,1.2,False
unrestricted,8,2.65,myopic,3800000110,3800000110,221.6218919750849,4,1.2,False
unrestricted,8,2.7,dynamic,1600066610,1600066610,321.35089779376983,1,0.3,False
unrestricted,8,2.7,dynamic,1600066590,1600066590,279.3140342127482,4,1.2,False
unrestricted,8,2.7,dynamic,3800000120,3800000120,257.23397633218764,4,1.2,True
unrestricted,8,2.7,dynamic,3800001520,3800001520,221.76781996202467,1,0.1,False
unrestricted,8,2.7,dynamic,3800000127,3800000127,190.9485250668526,4,1.2,True
unrestricted,8,2.7,dynamic,1600066510,1600066510,358.59965738264725,4,1.2,False
unrestricted,8,2.7,dynamic,3800001611,3800001611,229.74790555691717,2,0.6,False
unrestricted,8,2.7,dynamic,3800000110,3800000110,228.54348198509226,4,1.2,False
unrestricted,8,2.7,myopic,1600066610,1600066610,319.4396284332275,4,1.2,False
unrestricted,8,2.7,myopic,1600066590,1600066590,277.47452144400285,4,1.2,False
unrestricted,8,2.7,myopic,3800000120,3800000120,256.85013351837785,4,1.2,True
unrestricted,8,2.7,myopic,3800001520,3800001520,217.80341390927634,4,0.4,False
unrestricted,8,2.7,myopic,3800000127,3800000127,189.74216218614578,4,1.2,True
unrestricted,8,2.7,myopic,1600066510,1600066510,356.85914828205114,4,1.2,False
unrestricted,8,2.7,myopic,3800001611,3800001611,224.67461719258628,4,1.2,False
unrestricted,8,2.7,myopic,3800000110,3800000110,226.4367776590983,4,1.2,False
unrestricted,8,2.75,dynamic,1600066610,1600066610,325.1731452465058,4,1.2,False
unrestricted,8,2.75,dynamic,1600066590,1600066590,283.28682392358775,4,1.2,False
unrestricted,8,2.75,dynamic,3800000120,3800000120,261.4071718271573,4,1.2,True
unrestricted,8,2.75,dynamic,3800001520,3800001520,221.9987500202656,1,0.1,False
unrestricted,8,2.75,dynamic,3800000127,3800000127,193.79225181380912,4,1.2,True
unrestricted,8,2.75,dynamic,1600066510,1600066510,364.12964095036193,4,1.2,False
unrestricted,8,2.75,dynamic,3800001611,3800001611,232.63362197041513,4,1.2,False
unrestricted,8,2.75,dynamic,3800000110,3800000110,233.37443325757985,4,1.2,False
unrestricted,8,2.75,myopic,1600066610,1600066610,323.7178860727945,4,1.2,False
unrestricted,8,2.75,myopic,1600066590,1600066590,281.48733901341757,4,1.2,False
unrestricted,8,2.75,myopic,3800000120,3800000120,261.029287958145,4,1.2,True
unrestricted,8,2.75,myopic,3800001520,3800001520,218.75068016529082,4,0.4,False
unrestricted,8,2.75,myopic,3800000127,3800000127,192.59432738423345,4,1.2,True
unrestricted,8,2.75,myopic,1600066510,1600066510,362.40190474192303,4,1.2,False
unrestricted,8,2.75,myopic,3800001611,3800001611,228.21766737262408,4,1.2,False
unrestricted,8,2.75,myopic,3800000110,3800000110,231.25166334311166,4,1.2,False
unrestricted,8,2.8,dynamic,1600066610,1600066610,329.42578610547383,4,1.2,False
unrestricted,8,2.8,dynamic,1600066590,1600066590,287.25961363442735,4,1.2,False
unrestricted,8,2.8,dynamic,3800000120,3800000120,265.58036732212696,4,1.2,True
unrestricted,8,2.8,dynamic,3800001520,3800001520,222.3210007591248,1,0.2,True
unrestricted,8,2.8,dynamic,3800000127,3800000127,196.63794384336475,4,1.2,True
unrestricted,8,2.8,dynamic,1600066510,1600066510,369.66477417914064,4,1.2,False
unrestricted,8,2.8,dynamic,3800001611,3800001611,236.16943540159863,4,1.2,False
unrestricted,8,2.8,dynamic,3800000110,3800000110,238.20538453006745,4,1.2,False
unrestricted,8,2.8,myopic,1600066610,1600066610,327.9961437123616,4,1.2,False
unrestricted,8,2.8,myopic,1600066590,1600066590,285.50015658283235,4,1.2,False
unrestricted,8,2.8,myopic,3800000120,3800000120,265.2084423979122,4,1.2,True
unrestricted,8,2.8,myopic,3800001520,3800001520,215.98817606290177,4,0.8,False
unrestricted,8,2.8,myopic,3800000127,3800000127,195.44649258232116,4,1.2,True
unrestricted,8,2.8,myopic,1600066510,1600066510,367.94466120179493,4,1.2,False
unrestricted,8,2.8,myopic,3800001611,3800001611,231.76071755266187,4,1.2,False
unrestricted,8,2.8,myopic,3800000110,3800000110,236.066549027125,4,1.2,False
unrestricted,8,2.85,dynamic,1600066610,1600066610,333.6854999470712,4,1.2,False
unrestricted,8,2.85,dynamic,1600066590,1600066590,291.2399309519132,4,1.2,False
unrestricted,8,2.85,dynamic,3800000120,3800000120,269.7535628170967,4,1.2,True
unrestricted,8,2.85,dynamic,3800001520,3800001520,223.2187878289223,1,0.3,False
unrestricted,8,2.85,dynamic,3800000127,3800000127,199.4836358729204,4,1.2,True
unrestricted,8,2.85,dynamic,1600066510,1600066510,375.20381930923463,4,1.2,False
unrestricted,8,2.85,dynamic,3800001611,3800001611,239.71265370583538,4,1.2,False
unrestricted,8,2.85,dynamic,3800000110,3800000110,243.03633580255516,4,1.2,False
unrestricted,8,2.85,myopic,1600066610,1600066610,332.27440135192865,4,1.2,False
unrestricted,8,2.85,myopic,1600066590,1600066590,289.5129741522471,4,1.2,False
unrestricted,8,2.85,myopic,3800000120,3800000120,269.38759683767944,4,1.2,True
unrestricted,8,2.85,myopic,3800001520,3800001520,215.71689054681366,4,1.2,False
unrestricted,8,2.85,myopic,3800000127,3800000127,198.29865778040886,4,1.2,True
unrestricted,8,2.85,myopic,1600066510,1600066510,373.4874176616669,4,1.2,False
unrestricted,8,2.85,myopic,3800001611,3800001611,235.30376773269973,4,1.2,False
unrestricted,8,2.85,myopic,3800000110,3800000110,240.8814347111384,4,1.2,False
unrestricted,8,2.9,dynamic,1600066610,1600066610,337.94871445178995,4,1.2,False
unrestricted,8,2.9,dynamic,1600066590,1600066590,295.230505469958,4,1.2,False
unrestricted,8,2.9,dynamic,3800000120,3800000120,273.92675831206634,4,1.2,True
unrestricted,8,2.9,dynamic,3800001520,3800001520,224.35466279466948,2,0.4,False
unrestricted,8,2.9,dynamic,3800000127,3800000127,202.32932790247602,4,1.2,True
unrestricted,8,2.9,dynamic,1600066510,1600066510,380.7428644393285,4,1.2,False
unrestricted,8,2.9,dynamic,3800001611,3800001611,243.2598625729879,4,1.2,False
unrestricted,8,2.9,dynamic,3800000110,3800000110,247.86728707504275,4,1.2,False
unrestricted,8,2.9,myopic,1600066610,1600066610,336.5526589914957,4,1.2,False
unrestricted,8,2.9,myopic,1600066590,1600066590,293.5257917216619,4,1.2,False
unrestricted,8,2.9,myopic,3800000120,3800000120,273.5667512774466,4,1.2,True
unrestricted,8,2.9,myopic,3800001520,3800001520,219.7692914104611,4,1.2,False
unrestricted,8,2.9,myopic,3800000127,3800000127,201.15082297849654,4,1.2,True
unrestricted,8,2.9,myopic,1600066510,1600066510,379.0301741215388,4,1.2,False
unrestricted,8,2.9,myopic,3800001611,3800001611,238.84681791273752,4,1.2,False
unrestricted,8,2.9,myopic,3800000110,3800000110,245.69632039515176,4,1.2,False
unrestricted,8,2.95,dynamic,1600066610,1600066610,342.21192895650876,4,1.2,False
unrestricted,8,2.95,dynamic,1600066590,1600066590,299.22157129224144,4,1.2,False
unrestricted,8,2.95,dynamic,3800000120,3800000120,278.09995380703606,4,1.2,True
unrestricted,8,2.95,dynamic,3800001520,3800001520,226.65868677279119,4,1.2,False
unrestricted,8,2.95,dynamic,3800000127,3800000127,205.1750199320317,4,1.2,True
unrestricted,8,2.95,dynamic,1600066510,1600066510,386.2819095694224,4,1.2,False
unrestricted,8,2.95,dynamic,3800001611,3800001611,246.80707144014045,4,1.2,False
unrestricted,8,2.95,dynamic,3800000110,3800000110,252.69823834753046,4,1.2,False
unrestricted,8,2.95,myopic,1600066610,1600066610,340.8309166310628,4,1.2,False
unrestricted,8,2.95,myopic,1600066590,1600066590,297.5386092910767,4,1.2,False
unrestricted,8,2.95,myopic,3800000120,3800000120,277.7459057172138,4,1.2,True
unrestricted,8,2.95,myopic,3800001520,3800001520,223.8216922741086,4,1.2,False
unrestricted,8,2.95,myopic,3800000127,3800000127,204.00298817658424,4,1.2,True
unrestricted,8,2.95,myopic,1600066510,1600066510,384.5729305814108,4,1.2,False
unrestricted,8,2.95,myopic,3800001611,3800001611,242.38986809277534,4,1.2,False
unrestricted,8,2.95,myopic,3800000110,3800000110,250.5112060791651,4,1.2,False
unrestricted,8,3.0,dynamic,1600066610,1600066610,346.4751434612275,4,1.2,False
unrestricted,8,3.0,dynamic,1600066590,1600066590,303.21263711452485,4,1.2,False
unrestricted,8,3.0,dynamic,3800000120,3800000120,282.2731493020057,4,1.2,True
unrestricted,8,3.0,dynamic,3800001520,3800001520,230.67066494255027,4,1.2,False
unrestricted,8,3.0,dynamic,3800000127,3800000127,208.02071196158732,4,1.2,True
unrestricted,8,3.0,dynamic,1600066510,1600066510,391.8209546995163,4,1.2,False
unrestricted,8,3.0,dynamic,3800001611,3800001611,250.35428030729298,4,1.2,False
unrestricted,8,3.0,dynamic,3800000110,3800000110,257.5291896200181,4,1.2,False
unrestricted,8,3.0,myopic,1600066610,1600066610,345.10917427062986,4,1.2,False
unrestricted,8,3.0,myopic,1600066590,1600066590,301.55142686049146,4,1.2,False
unrestricted,8,3.0,myopic,3800000120,3800000120,281.92506015698103,4,1.2,True
unrestricted,8,3.0,myopic,3800001520,3800001520,227.87409313775606,4,1.2,False
unrestricted,8,3.0,myopic,3800000127,3800000127,206.85515337467191,4,1.2,True
unrestricted,8,3.0,myopic,1600066510,1600066510,390.1156870412827,4,1.2,False
unrestricted,8,3.0,myopic,3800001611,3800001611,245.93291827281317,4,1.2,False
unrestricted,8,3.0,myopic,3800000110,3800000110,255.3260917631785,4,1.2,False
unrestricted,8,3.05,dynamic,1600066610,1600066610,350.7383579659463,4,1.2,False
unrestricted,8,3.05,dynamic,1600066590,1600066590,307.2072816847166,4,1.2,False
unrestricted,8,3.05,dynamic,3800000120,3800000120,286.4463447969754,4,1.2,True
unrestricted,8,3.05,dynamic,3800001520,3800001520,234.68264311230936,4,1.2,False
unrestricted,8,3.05,dynamic,3800000127,3800000127,210.86640399114293,4,1.2,True
unrestricted,8,3.05,dynamic,1600066510,1600066510,397.35999982961016,4,1.2,False
unrestricted,8,3.05,dynamic,3800001611,3800001611,253.90148917444552,4,1.2,False
unrestricted,8,3.05,dynamic,3800000110,3800000110,262.3601408925057,4,1.2,False
unrestricted,8,3.05,myopic,1600066610,1600066610,349.3874319101968,4,1.2,False
unrestricted,8,3.05,myopic,1600066590,1600066590,305.56424442990624,4,1.2,False
unrestricted,8,3.05,myopic,3800000120,3800000120,286.1042145967482,4,1.2,True
unrestricted,8,3.05,myopic,3800001520,3800001520,231.9264940014035,4,1.2,False
unrestricted,8,3.05,myopic,3800000127,3800000127,209.7073185727596,4,1.2,True
unrestricted,8,3.05,myopic,1600066510,1600066510,395.6584435011546,4,1.2,False
unrestricted,8,3.05,myopic,3800001611,3800001611,249.47596845285096,4,1.2,False
unrestricted,8,3.05,myopic,3800000110,3800000110,260.14097744719186,4,1.2,False
unrestricted,8,3.1,dynamic,1600066610,1600066610,355.0015724706651,4,1.2,False
unrestricted,8,3.1,dynamic,1600066590,1600066590,311.2059708671571,4,1.2,False
unrestricted,8,3.1,dynamic,3800000120,3800000120,290.6195402919451,4,1.2,True
unrestricted,8,3.1,dynamic,3800001520,3800001520,238.6946212820685,4,1.2,False
unrestricted,8,3.1,dynamic,3800000127,3800000127,213.71635689942042,4,1.2,True
unrestricted,8,3.1,dynamic,1600066510,1600066510,402.89904495970404,4,1.2,False
unrestricted,8,3.1,dynamic,3800001611,3800001611,257.44869804159805,4,1.2,False
unrestricted,8,3.1,dynamic,3800000110,3800000110,267.1910921649934,4,1.2,False
unrestricted,8,3.1,myopic,1600066610,1600066610,353.6656895497639,4,1.2,False
unrestricted,8,3.1,myopic,1600066590,1600066590,309.577061999321,4,1.2,False
unrestricted,8,3.1,myopic,3800000120,3800000120,290.28336903651547,4,1.2,True
unrestricted,8,3.1,myopic,3800001520,3800001520,235.97889486505096,4,1.2,False
unrestricted,8,3.1,myopic,3800000127,3800000127,212.55948377084732,4,1.2,True
unrestricted,8,3.1,myopic,1600066510,1600066510,401.20119996102653,4,1.2,False
unrestricted,8,3.1,myopic,3800001611,3800001611,253.0190186328888,4,1.2,False
unrestricted,8,3.1,myopic,3800000110,3800000110,264.9558631312052,4,1.2,False
unrestricted,8,3.15,dynamic,1600066610,1600066610,359.26478697538386,4,1.2,False
unrestricted,8,3.15,dynamic,1600066590,1600066590,315.20466004959746,4,1.2,False
unrestricted,8,3.15,dynamic,3800000120,3800000120,294.7927357869148,4,1.2,True
unrestricted,8,3.15,dynamic,3800001520,3800001520,242.70659945182763,4,1.2,False
unrestricted,8,3.15,dynamic,3800000127,3800000127,216.56697880379357,4,1.2,True
unrestricted,8,3.15,dynamic,1600066510,1600066510,408.4380900897979,4,1.2,False
unrestricted,8,3.15,dynamic,3800001611,3800001611,260.9959069087506,4,1.2,False
unrestricted,8,3.15,dynamic,3800000110,3800000110,272.022043437481,4,1.2,False
unrestricted,8,3.15,myopic,1600066610,1600066610,357.94394718933097,4,1.2,False
unrestricted,8,3.15,myopic,1600066590,1600066590,313.5898795687358,4,1.2,False
unrestricted,8,3.15,myopic,3800000120,3800000120,294.4625234762826,4,1.2,True
unrestricted,8,3.15,myopic,3800001520,3800001520,240.0312957286984,4,1.2,False
unrestricted,8,3.15,myopic,3800000127,3800000127,215.411648968935,4,1.2,True
unrestricted,8,3.15,myopic,1600066510,1600066510,406.7439564208984,4,1.2,False
unrestricted,8,3.15,myopic,3800001611,3800001611,256.56206881292655,4,1.2,False
unrestricted,8,3.15,myopic,3800000110,3800000110,269.77074881521855,4,1.2,False
unrestricted,8,3.2,dynamic,1600066610,1600066610,363.52800148010266,4,1.2,False
unrestricted,8,3.2,dynamic,1600066590,1600066590,319.20334923203797,4,1.2,False
unrestricted,8,3.2,dynamic,3800000120,3800000120,298.9659312818845,4,1.2,True
unrestricted,8,3.2,dynamic,3800001520,3800001520,246.72740279368966,4,1.2,False
unrestricted,8,3.2,dynamic,3800000127,3800000127,219.4176007081668,4,1.2,True
unrestricted,8,3.2,dynamic,1600066510,1600066510,413.9771352198919,4,1.2,False
unrestricted,8,3.2,dynamic,3800001611,3800001611,264.5431157759031,4,1.2,False
unrestricted,8,3.2,dynamic,3800000110,3800000110,276.8529947099687,4,1.2,False
unrestricted,8,3.2,myopic,1600066610,1600066610,362.22220482889804,4,1.2,False
unrestricted,8,3.2,myopic,1600066590,1600066590,317.6026971381506,4,1.2,False
unrestricted,8,3.2,myopic,3800000120,3800000120,298.64167791604984,4,1.2,True
unrestricted,8,3.2,myopic,3800001520,3800001520,244.08369659234592,4,1.2,False
unrestricted,8,3.2,myopic,3800000127,3800000127,218.2638141670227,4,1.2,True
unrestricted,8,3.2,myopic,1600066510,1600066510,412.2867128807704,4,1.2,False
unrestricted,8,3.2,myopic,3800001611,3800001611,260.10511899296444,4,1.2,False
unrestricted,8,3.2,myopic,3800000110,3800000110,274.58563449923196,4,1.2,False
