grid_name,weekly_capacity,alpha,policy,upc,product_name,value,promotion_count,total_depth,schedule_supported,decision_horizon,washout_horizon,evaluation_horizon
empirical_w6,1,1.2,dynamic,1600066610,1600066610,472.7574157714848,0,0.0,True,12,6,18
empirical_w6,1,1.2,dynamic,1600066590,1600066590,399.8057861328117,0,0.0,True,12,6,18
empirical_w6,1,1.2,dynamic,3800000120,3800000120,249.29017639160062,0,0.0,True,12,6,18
empirical_w6,1,1.2,dynamic,3800001520,3800001520,327.6087036132809,0,0.0,True,12,6,18
empirical_w6,1,1.2,dynamic,3800000127,3800000127,239.69628906249972,0,0.0,True,12,6,18
empirical_w6,1,1.2,dynamic,1600066510,1600066510,398.87255859374886,0,0.0,True,12,6,18
empirical_w6,1,1.2,dynamic,3800001611,3800001611,332.3937988281248,0,0.0,True,12,6,18
empirical_w6,1,1.2,dynamic,3800000110,3800000110,161.52136230468736,0,0.0,True,12,6,18
empirical_w6,1,1.2,myopic,1600066610,1600066610,472.7574157714848,0,0.0,True,12,6,18
empirical_w6,1,1.2,myopic,1600066590,1600066590,399.8057861328117,0,0.0,True,12,6,18
empirical_w6,1,1.2,myopic,3800000120,3800000120,249.29017639160062,0,0.0,True,12,6,18
empirical_w6,1,1.2,myopic,3800001520,3800001520,327.6087036132809,0,0.0,True,12,6,18
empirical_w6,1,1.2,myopic,3800000127,3800000127,239.69628906249972,0,0.0,True,12,6,18
empirical_w6,1,1.2,myopic,1600066510,1600066510,398.87255859374886,0,0.0,True,12,6,18
empirical_w6,1,1.2,myopic,3800001611,3800001611,332.3937988281248,0,0.0,True,12,6,18
empirical_w6,1,1.2,myopic,3800000110,3800000110,161.52136230468736,0,0.0,True,12,6,18
empirical_w6,1,1.25,dynamic,1600066610,1600066610,472.7574157714848,0,0.0,True,12,6,18
empirical_w6,1,1.25,dynamic,1600066590,1600066590,399.8057861328117,0,0.0,True,12,6,18
empirical_w6,1,1.25,dynamic,3800000120,3800000120,249.29017639160062,0,0.0,True,12,6,18
empirical_w6,1,1.25,dynamic,3800001520,3800001520,327.6087036132809,0,0.0,True,12,6,18
empirical_w6,1,1.25,dynamic,3800000127,3800000127,239.69628906249972,0,0.0,True,12,6,18
empirical_w6,1,1.25,dynamic,1600066510,1600066510,398.87255859374886,0,0.0,True,12,6,18
empirical_w6,1,1.25,dynamic,3800001611,3800001611,332.3937988281248,0,0.0,True,12,6,18
empirical_w6,1,1.25,dynamic,3800000110,3800000110,161.52136230468736,0,0.0,True,12,6,18
empirical_w6,1,1.25,myopic,1600066610,1600066610,472.7574157714848,0,0.0,True,12,6,18
empirical_w6,1,1.25,myopic,1600066590,1600066590,399.8057861328117,0,0.0,True,12,6,18
empirical_w6,1,1.25,myopic,3800000120,3800000120,249.29017639160062,0,0.0,True,12,6,18
empirical_w6,1,1.25,myopic,3800001520,3800001520,327.6087036132809,0,0.0,True,12,6,18
empirical_w6,1,1.25,myopic,3800000127,3800000127,239.69628906249972,0,0.0,True,12,6,18
empirical_w6,1,1.25,myopic,1600066510,1600066510,398.87255859374886,0,0.0,True,12,6,18
empirical_w6,1,1.25,myopic,3800001611,3800001611,332.3937988281248,0,0.0,True,12,6,18
empirical_w6,1,1.25,myopic,3800000110,3800000110,161.52136230468736,0,0.0,True,12,6,18
empirical_w6,1,1.3,dynamic,1600066610,1600066610,472.7574157714848,0,0.0,True,12,6,18
empirical_w6,1,1.3,dynamic,1600066590,1600066590,399.8057861328117,0,0.0,True,12,6,18
empirical_w6,1,1.3,dynamic,3800000120,3800000120,249.29017639160062,0,0.0,True,12,6,18
empirical_w6,1,1.3,dynamic,3800001520,3800001520,327.6087036132809,0,0.0,True,12,6,18
empirical_w6,1,1.3,dynamic,3800000127,3800000127,239.69628906249972,0,0.0,True,12,6,18
empirical_w6,1,1.3,dynamic,1600066510,1600066510,398.87255859374886,0,0.0,True,12,6,18
empirical_w6,1,1.3,dynamic,3800001611,3800001611,332.3937988281248,0,0.0,True,12,6,18
empirical_w6,1,1.3,dynamic,3800000110,3800000110,161.52136230468736,0,0.0,True,12,6,18
empirical_w6,1,1.3,myopic,1600066610,1600066610,472.7574157714848,0,0.0,True,12,6,18
empirical_w6,1,1.3,myopic,1600066590,1600066590,399.8057861328117,0,0.0,True,12,6,18
empirical_w6,1,1.3,myopic,3800000120,3800000120,249.29017639160062,0,0.0,True,12,6,18
empirical_w6,1,1.3,myopic,3800001520,3800001520,327.6087036132809,0,0.0,True,12,6,18
empirical_w6,1,1.3,myopic,3800000127,3800000127,239.69628906249972,0,0.0,True,12,6,18
empirical_w6,1,1.3,myopic,1600066510,1600066510,398.87255859374886,0,0.0,True,12,6,18
empirical_w6,1,1.3,myopic,3800001611,3800001611,332.3937988281248,0,0.0,True,12,6,18
empirical_w6,1,1.3,myopic,3800000110,3800000110,161.52136230468736,0,0.0,True,12,6,18
empirical_w6,1,1.35,dynamic,1600066610,1600066610,472.7574157714848,0,0.0,True,12,6,18
empirical_w6,1,1.35,dynamic,1600066590,1600066590,399.8057861328117,0,0.0,True,12,6,18
empirical_w6,1,1.35,dynamic,3800000120,3800000120,249.29017639160062,0,0.0,True,12,6,18
empirical_w6,1,1.35,dynamic,3800001520,3800001520,327.6087036132809,0,0.0,True,12,6,18
empirical_w6,1,1.35,dynamic,3800000127,3800000127,239.69628906249972,0,0.0,True,12,6,18
empirical_w6,1,1.35,dynamic,1600066510,1600066510,398.87255859374886,0,0.0,True,12,6,18
empirical_w6,1,1.35,dynamic,3800001611,3800001611,332.3937988281248,0,0.0,True,12,6,18
empirical_w6,1,1.35,dynamic,3800000110,3800000110,161.52136230468736,0,0.0,True,12,6,18
empirical_w6,1,1.35,myopic,1600066610,1600066610,472.7574157714848,0,0.0,True,12,6,18
empirical_w6,1,1.35,myopic,1600066590,1600066590,399.8057861328117,0,0.0,True,12,6,18
empirical_w6,1,1.35,myopic,3800000120,3800000120,249.29017639160062,0,0.0,True,12,6,18
empirical_w6,1,1.35,myopic,3800001520,3800001520,327.6087036132809,0,0.0,True,12,6,18
empirical_w6,1,1.35,myopic,3800000127,3800000127,239.69628906249972,0,0.0,True,12,6,18
empirical_w6,1,1.35,myopic,1600066510,1600066510,398.87255859374886,0,0.0,True,12,6,18
empirical_w6,1,1.35,myopic,3800001611,3800001611,332.3937988281248,0,0.0,True,12,6,18
empirical_w6,1,1.35,myopic,3800000110,3800000110,161.52136230468736,0,0.0,True,12,6,18
empirical_w6,1,1.4,dynamic,1600066610,1600066610,472.7574157714848,0,0.0,True,12,6,18
empirical_w6,1,1.4,dynamic,1600066590,1600066590,399.8057861328117,0,0.0,True,12,6,18
empirical_w6,1,1.4,dynamic,3800000120,3800000120,249.29017639160062,0,0.0,True,12,6,18
empirical_w6,1,1.4,dynamic,3800001520,3800001520,327.6087036132809,0,0.0,True,12,6,18
empirical_w6,1,1.4,dynamic,3800000127,3800000127,239.69628906249972,0,0.0,True,12,6,18
empirical_w6,1,1.4,dynamic,1600066510,1600066510,398.87255859374886,0,0.0,True,12,6,18
empirical_w6,1,1.4,dynamic,3800001611,3800001611,332.3937988281248,0,0.0,True,12,6,18
empirical_w6,1,1.4,dynamic,3800000110,3800000110,161.52136230468736,0,0.0,True,12,6,18
empirical_w6,1,1.4,myopic,1600066610,1600066610,472.7574157714848,0,0.0,True,12,6,18
empirical_w6,1,1.4,myopic,1600066590,1600066590,399.8057861328117,0,0.0,True,12,6,18
empirical_w6,1,1.4,myopic,3800000120,3800000120,249.29017639160062,0,0.0,True,12,6,18
empirical_w6,1,1.4,myopic,3800001520,3800001520,327.6087036132809,0,0.0,True,12,6,18
empirical_w6,1,1.4,myopic,3800000127,3800000127,239.69628906249972,0,0.0,True,12,6,18
empirical_w6,1,1.4,myopic,1600066510,1600066510,398.87255859374886,0,0.0,True,12,6,18
empirical_w6,1,1.4,myopic,3800001611,3800001611,332.3937988281248,0,0.0,True,12,6,18
empirical_w6,1,1.4,myopic,3800000110,3800000110,158.11196318197253,4,0.36,True,12,6,18
empirical_w6,1,1.45,dynamic,1600066610,1600066610,472.7574157714848,0,0.0,True,12,6,18
empirical_w6,1,1.45,dynamic,1600066590,1600066590,399.8057861328117,0,0.0,True,12,6,18
empirical_w6,1,1.45,dynamic,3800000120,3800000120,249.29017639160062,0,0.0,True,12,6,18
empirical_w6,1,1.45,dynamic,3800001520,3800001520,327.6087036132809,0,0.0,True,12,6,18
empirical_w6,1,1.45,dynamic,3800000127,3800000127,239.69628906249972,0,0.0,True,12,6,18
empirical_w6,1,1.45,dynamic,1600066510,1600066510,398.87255859374886,0,0.0,True,12,6,18
empirical_w6,1,1.45,dynamic,3800001611,3800001611,332.3937988281248,0,0.0,True,12,6,18
empirical_w6,1,1.45,dynamic,3800000110,3800000110,161.52136230468736,0,0.0,True,12,6,18
empirical_w6,1,1.45,myopic,1600066610,1600066610,472.7574157714848,0,0.0,True,12,6,18
empirical_w6,1,1.45,myopic,1600066590,1600066590,399.8057861328117,0,0.0,True,12,6,18
empirical_w6,1,1.45,myopic,3800000120,3800000120,249.29017639160062,0,0.0,True,12,6,18
empirical_w6,1,1.45,myopic,3800001520,3800001520,327.6087036132809,0,0.0,True,12,6,18
empirical_w6,1,1.45,myopic,3800000127,3800000127,239.69628906249972,0,0.0,True,12,6,18
empirical_w6,1,1.45,myopic,1600066510,1600066510,398.87255859374886,0,0.0,True,12,6,18
empirical_w6,1,1.45,myopic,3800001611,3800001611,332.3937988281248,0,0.0,True,12,6,18
empirical_w6,1,1.45,myopic,3800000110,3800000110,159.1346843564908,4,0.36,True,12,6,18
empirical_w6,1,1.5,dynamic,1600066610,1600066610,472.7574157714848,0,0.0,True,12,6,18
empirical_w6,1,1.5,dynamic,1600066590,1600066590,399.8057861328117,0,0.0,True,12,6,18
empirical_w6,1,1.5,dynamic,3800000120,3800000120,249.29017639160062,0,0.0,True,12,6,18
empirical_w6,1,1.5,dynamic,3800001520,3800001520,327.6087036132809,0,0.0,True,12,6,18
empirical_w6,1,1.5,dynamic,3800000127,3800000127,239.69628906249972,0,0.0,True,12,6,18
empirical_w6,1,1.5,dynamic,1600066510,1600066510,398.87255859374886,0,0.0,True,12,6,18
empirical_w6,1,1.5,dynamic,3800001611,3800001611,332.3937988281248,0,0.0,True,12,6,18
empirical_w6,1,1.5,dynamic,3800000110,3800000110,161.52136230468736,0,0.0,True,12,6,18
empirical_w6,1,1.5,myopic,1600066610,1600066610,472.7574157714848,0,0.0,True,12,6,18
empirical_w6,1,1.5,myopic,1600066590,1600066590,399.8057861328117,0,0.0,True,12,6,18
empirical_w6,1,1.5,myopic,3800000120,3800000120,249.29017639160062,0,0.0,True,12,6,18
empirical_w6,1,1.5,myopic,3800001520,3800001520,327.6087036132809,0,0.0,True,12,6,18
empirical_w6,1,1.5,myopic,3800000127,3800000127,239.69628906249972,0,0.0,True,12,6,18
empirical_w6,1,1.5,myopic,1600066510,1600066510,398.87255859374886,0,0.0,True,12,6,18
empirical_w6,1,1.5,myopic,3800001611,3800001611,332.3937988281248,0,0.0,True,12,6,18
empirical_w6,1,1.5,myopic,3800000110,3800000110,160.15740553100906,4,0.36,True,12,6,18
empirical_w6,1,1.55,dynamic,1600066610,1600066610,472.7574157714848,0,0.0,True,12,6,18
empirical_w6,1,1.55,dynamic,1600066590,1600066590,399.8057861328117,0,0.0,True,12,6,18
empirical_w6,1,1.55,dynamic,3800000120,3800000120,249.29017639160062,0,0.0,True,12,6,18
empirical_w6,1,1.55,dynamic,3800001520,3800001520,327.6087036132809,0,0.0,True,12,6,18
empirical_w6,1,1.55,dynamic,3800000127,3800000127,239.69628906249972,0,0.0,True,12,6,18
empirical_w6,1,1.55,dynamic,1600066510,1600066510,398.87255859374886,0,0.0,True,12,6,18
empirical_w6,1,1.55,dynamic,3800001611,3800001611,332.3937988281248,0,0.0,True,12,6,18
empirical_w6,1,1.55,dynamic,3800000110,3800000110,161.57857807493212,1,0.09,True,12,6,18
empirical_w6,1,1.55,myopic,1600066610,1600066610,472.7574157714848,0,0.0,True,12,6,18
empirical_w6,1,1.55,myopic,1600066590,1600066590,399.8057861328117,0,0.0,True,12,6,18
empirical_w6,1,1.55,myopic,3800000120,3800000120,249.29017639160062,0,0.0,True,12,6,18
empirical_w6,1,1.55,myopic,3800001520,3800001520,327.6087036132809,0,0.0,True,12,6,18
empirical_w6,1,1.55,myopic,3800000127,3800000127,239.69628906249972,0,0.0,True,12,6,18
empirical_w6,1,1.55,myopic,1600066510,1600066510,398.87255859374886,0,0.0,True,12,6,18
empirical_w6,1,1.55,myopic,3800001611,3800001611,332.3937988281248,0,0.0,True,12,6,18
empirical_w6,1,1.55,myopic,3800000110,3800000110,161.18012670552733,4,0.36,True,12,6,18
empirical_w6,1,1.6,dynamic,1600066610,1600066610,472.7574157714848,0,0.0,True,12,6,18
empirical_w6,1,1.6,dynamic,1600066590,1600066590,399.8057861328117,0,0.0,True,12,6,18
empirical_w6,1,1.6,dynamic,3800000120,3800000120,249.29017639160062,0,0.0,True,12,6,18
empirical_w6,1,1.6,dynamic,3800001520,3800001520,327.6087036132809,0,0.0,True,12,6,18
empirical_w6,1,1.6,dynamic,3800000127,3800000127,239.69628906249972,0,0.0,True,12,6,18
empirical_w6,1,1.6,dynamic,1600066510,1600066510,398.87255859374886,0,0.0,True,12,6,18
empirical_w6,1,1.6,dynamic,3800001611,3800001611,332.3937988281248,0,0.0,True,12,6,18
empirical_w6,1,1.6,dynamic,3800000110,3800000110,162.3498230209351,4,0.36,True,12,6,18
empirical_w6,1,1.6,myopic,1600066610,1600066610,472.7574157714848,0,0.0,True,12,6,18
empirical_w6,1,1.6,myopic,1600066590,1600066590,399.8057861328117,0,0.0,True,12,6,18
empirical_w6,1,1.6,myopic,3800000120,3800000120,249.29017639160062,0,0.0,True,12,6,18
empirical_w6,1,1.6,myopic,3800001520,3800001520,327.6087036132809,0,0.0,True,12,6,18
empirical_w6,1,1.6,myopic,3800000127,3800000127,239.69628906249972,0,0.0,True,12,6,18
empirical_w6,1,1.6,myopic,1600066510,1600066510,398.87255859374886,0,0.0,True,12,6,18
empirical_w6,1,1.6,myopic,3800001611,3800001611,332.3937988281248,0,0.0,True,12,6,18
empirical_w6,1,1.6,myopic,3800000110,3800000110,162.2028478800456,4,0.36,True,12,6,18
empirical_w6,1,1.65,dynamic,1600066610,1600066610,472.7574157714848,0,0.0,True,12,6,18
empirical_w6,1,1.65,dynamic,1600066590,1600066590,399.8057861328117,0,0.0,True,12,6,18
empirical_w6,1,1.65,dynamic,3800000120,3800000120,249.37757902105648,3,0.8999999999999999,True,12,6,18
empirical_w6,1,1.65,dynamic,3800001520,3800001520,327.6087036132809,0,0.0,True,12,6,18
empirical_w6,1,1.65,dynamic,3800000127,3800000127,239.69628906249972,0,0.0,True,12,6,18
empirical_w6,1,1.65,dynamic,1600066510,1600066510,398.87255859374886,0,0.0,True,12,6,18
empirical_w6,1,1.65,dynamic,3800001611,3800001611,332.3937988281248,0,0.0,True,12,6,18
empirical_w6,1,1.65,dynamic,3800000110,3800000110,163.36234255170825,4,0.36,True,12,6,18
empirical_w6,1,1.65,myopic,1600066610,1600066610,472.7574157714848,0,0.0,True,12,6,18
empirical_w6,1,1.65,myopic,1600066590,1600066590,399.8057861328117,0,0.0,True,12,6,18
empirical_w6,1,1.65,myopic,3800000120,3800000120,249.37151025104518,4,1.2,True,12,6,18
empirical_w6,1,1.65,myopic,3800001520,3800001520,327.6087036132809,0,0.0,True,12,6,18
empirical_w6,1,1.65,myopic,3800000127,3800000127,239.69628906249972,0,0.0,True,12,6,18
empirical_w6,1,1.65,myopic,1600066510,1600066510,398.87255859374886,0,0.0,True,12,6,18
empirical_w6,1,1.65,myopic,3800001611,3800001611,332.3937988281248,0,0.0,True,12,6,18
empirical_w6,1,1.65,myopic,3800000110,3800000110,163.22556905456386,4,0.36,True,12,6,18
empirical_w6,1,1.7,dynamic,1600066610,1600066610,472.7574157714848,0,0.0,True,12,6,18
empirical_w6,1,1.7,dynamic,1600066590,1600066590,399.8057861328117,0,0.0,True,12,6,18
empirical_w6,1,1.7,dynamic,3800000120,3800000120,262.0649417750038,4,2.2,True,12,6,18
empirical_w6,1,1.7,dynamic,3800001520,3800001520,327.6087036132809,0,0.0,True,12,6,18
empirical_w6,1,1.7,dynamic,3800000127,3800000127,239.69628906249972,0,0.0,True,12,6,18
empirical_w6,1,1.7,dynamic,1600066510,1600066510,398.87255859374886,0,0.0,True,12,6,18
empirical_w6,1,1.7,dynamic,3800001611,3800001611,332.3937988281248,0,0.0,True,12,6,18
empirical_w6,1,1.7,dynamic,3800000110,3800000110,164.3748620824814,4,0.36,True,12,6,18
empirical_w6,1,1.7,myopic,1600066610,1600066610,472.7574157714848,0,0.0,True,12,6,18
empirical_w6,1,1.7,myopic,1600066590,1600066590,399.8057861328117,0,0.0,True,12,6,18
empirical_w6,1,1.7,myopic,3800000120,3800000120,262.04401664924626,4,2.2,True,12,6,18
empirical_w6,1,1.7,myopic,3800001520,3800001520,327.6087036132809,0,0.0,True,12,6,18
empirical_w6,1,1.7,myopic,3800000127,3800000127,239.69628906249972,0,0.0,True,12,6,18
empirical_w6,1,1.7,myopic,1600066510,1600066510,398.87255859374886,0,0.0,True,12,6,18
empirical_w6,1,1.7,myopic,3800001611,3800001611,332.3937988281248,0,0.0,True,12,6,18
empirical_w6,1,1.7,myopic,3800000110,3800000110,164.3078087135156,4,0.36,True,12,6,18
empirical_w6,1,1.75,dynamic,1600066610,1600066610,472.7574157714848,0,0.0,True,12,6,18
empirical_w6,1,1.75,dynamic,1600066590,1600066590,399.8057861328117,0,0.0,True,12,6,18
empirical_w6,1,1.75,dynamic,3800000120,3800000120,276.86041860262526,4,2.2,True,12,6,18
empirical_w6,1,1.75,dynamic,3800001520,3800001520,327.6087036132809,0,0.0,True,12,6,18
empirical_w6,1,1.75,dynamic,3800000127,3800000127,239.69628906249972,0,0.0,True,12,6,18
empirical_w6,1,1.75,dynamic,1600066510,1600066510,398.87255859374886,0,0.0,True,12,6,18
empirical_w6,1,1.75,dynamic,3800001611,3800001611,332.3937988281248,0,0.0,True,12,6,18
empirical_w6,1,1.75,dynamic,3800000110,3800000110,165.38738161325458,4,0.36,True,12,6,18
empirical_w6,1,1.75,myopic,1600066610,1600066610,472.7574157714848,0,0.0,True,12,6,18
empirical_w6,1,1.75,myopic,1600066590,1600066590,399.8057861328117,0,0.0,True,12,6,18
empirical_w6,1,1.75,myopic,3800000120,3800000120,276.83993032455453,4,2.2,True,12,6,18
empirical_w6,1,1.75,myopic,3800001520,3800001520,327.6087036132809,0,0.0,True,12,6,18
empirical_w6,1,1.75,myopic,3800000127,3800000127,239.69628906249972,0,0.0,True,12,6,18
empirical_w6,1,1.75,myopic,1600066510,1600066510,398.87255859374886,0,0.0,True,12,6,18
empirical_w6,1,1.75,myopic,3800001611,3800001611,332.3937988281248,0,0.0,True,12,6,18
empirical_w6,1,1.75,myopic,3800000110,3800000110,165.3254162766536,4,0.36,True,12,6,18
empirical_w6,1,1.8,dynamic,1600066610,1600066610,472.7574157714848,0,0.0,True,12,6,18
empirical_w6,1,1.8,dynamic,1600066590,1600066590,399.8057861328117,0,0.0,True,12,6,18
empirical_w6,1,1.8,dynamic,3800000120,3800000120,291.6558954302467,4,2.2,True,12,6,18
empirical_w6,1,1.8,dynamic,3800001520,3800001520,327.6087036132809,0,0.0,True,12,6,18
empirical_w6,1,1.8,dynamic,3800000127,3800000127,239.69628906249972,0,0.0,True,12,6,18
empirical_w6,1,1.8,dynamic,1600066510,1600066510,398.87255859374886,0,0.0,True,12,6,18
empirical_w6,1,1.8,dynamic,3800001611,3800001611,332.3937988281248,0,0.0,True,12,6,18
empirical_w6,1,1.8,dynamic,3800000110,3800000110,166.39990114402775,4,0.36,True,12,6,18
empirical_w6,1,1.8,myopic,1600066610,1600066610,472.7574157714848,0,0.0,True,12,6,18
empirical_w6,1,1.8,myopic,1600066590,1600066590,399.8057861328117,0,0.0,True,12,6,18
empirical_w6,1,1.8,myopic,3800000120,3800000120,291.6358439998628,4,2.2,True,12,6,18
empirical_w6,1,1.8,myopic,3800001520,3800001520,327.6087036132809,0,0.0,True,12,6,18
empirical_w6,1,1.8,myopic,3800000127,3800000127,239.69628906249972,0,0.0,True,12,6,18
empirical_w6,1,1.8,myopic,1600066510,1600066510,398.87255859374886,0,0.0,True,12,6,18
empirical_w6,1,1.8,myopic,3800001611,3800001611,332.3937988281248,0,0.0,True,12,6,18
empirical_w6,1,1.8,myopic,3800000110,3800000110,166.3430238397916,4,0.36,True,12,6,18
empirical_w6,1,1.85,dynamic,1600066610,1600066610,472.7574157714848,0,0.0,True,12,6,18
empirical_w6,1,1.85,dynamic,1600066590,1600066590,399.8057861328117,0,0.0,True,12,6,18
empirical_w6,1,1.85,dynamic,3800000120,3800000120,306.45137225786823,4,2.2,True,12,6,18
empirical_w6,1,1.85,dynamic,3800001520,3800001520,327.6087036132809,0,0.0,True,12,6,18
empirical_w6,1,1.85,dynamic,3800000127,3800000127,239.69628906249972,0,0.0,True,12,6,18
empirical_w6,1,1.85,dynamic,1600066510,1600066510,398.87255859374886,0,0.0,True,12,6,18
empirical_w6,1,1.85,dynamic,3800001611,3800001611,332.3937988281248,0,0.0,True,12,6,18
empirical_w6,1,1.85,dynamic,3800000110,3800000110,167.41383048220473,4,0.36,True,12,6,18
empirical_w6,1,1.85,myopic,1600066610,1600066610,472.7574157714848,0,0.0,True,12,6,18
empirical_w6,1,1.85,myopic,1600066590,1600066590,399.8057861328117,0,0.0,True,12,6,18
empirical_w6,1,1.85,myopic,3800000120,3800000120,306.43175767517096,4,2.2,True,12,6,18
empirical_w6,1,1.85,myopic,3800001520,3800001520,327.6087036132809,0,0.0,True,12,6,18
empirical_w6,1,1.85,myopic,3800000127,3800000127,239.69628906249972,0,0.0,True,12,6,18
empirical_w6,1,1.85,myopic,1600066510,1600066510,391.8638921259245,4,1.0,False,12,6,18
empirical_w6,1,1.85,myopic,3800001611,3800001611,332.3937988281248,0,0.0,True,12,6,18
empirical_w6,1,1.85,myopic,3800000110,3800000110,167.36063140292964,4,0.36,True,12,6,18
empirical_w6,1,1.9,dynamic,1600066610,1600066610,472.7574157714848,0,0.0,True,12,6,18
empirical_w6,1,1.9,dynamic,1600066590,1600066590,399.8057861328117,0,0.0,True,12,6,18
empirical_w6,1,1.9,dynamic,3800000120,3800000120,321.2276713504792,4,2.2,True,12,6,18
empirical_w6,1,1.9,dynamic,3800001520,3800001520,327.6087036132809,0,0.0,True,12,6,18
empirical_w6,1,1.9,dynamic,3800000127,3800000127,239.69628906249972,0,0.0,True,12,6,18
empirical_w6,1,1.9,dynamic,1600066510,1600066510,398.9515371443431,1,0.5,True,12,6,18
empirical_w6,1,1.9,dynamic,3800001611,3800001611,332.3937988281248,0,0.0,True,12,6,18
empirical_w6,1,1.9,dynamic,3800000110,3800000110,168.3782389660676,4,0.36,True,12,6,18
empirical_w6,1,1.9,myopic,1600066610,1600066610,472.7574157714848,0,0.0,True,12,6,18
empirical_w6,1,1.9,myopic,1600066590,1600066590,399.8057861328117,0,0.0,True,12,6,18
empirical_w6,1,1.9,myopic,3800000120,3800000120,321.2276713504792,4,2.2,True,12,6,18
empirical_w6,1,1.9,myopic,3800001520,3800001520,327.6087036132809,0,0.0,True,12,6,18
empirical_w6,1,1.9,myopic,3800000127,3800000127,239.69628906249972,0,0.0,True,12,6,18
empirical_w6,1,1.9,myopic,1600066510,1600066510,397.87629739697763,4,2.0,True,12,6,18
empirical_w6,1,1.9,myopic,3800001611,3800001611,332.3937988281248,0,0.0,True,12,6,18
empirical_w6,1,1.9,myopic,3800000110,3800000110,168.42494020557405,4,0.36,True,12,6,18
empirical_w6,1,1.95,dynamic,1600066610,1600066610,472.7574157714848,0,0.0,True,12,6,18
empirical_w6,1,1.95,dynamic,1600066590,1600066590,399.8057861328117,0,0.0,True,12,6,18
empirical_w6,1,1.95,dynamic,3800000120,3800000120,336.0235850257874,4,2.2,True,12,6,18
empirical_w6,1,1.95,dynamic,3800001520,3800001520,327.6087036132809,0,0.0,True,12,6,18
empirical_w6,1,1.95,dynamic,3800000127,3800000127,239.69628906249972,0,0.0,True,12,6,18
empirical_w6,1,1.95,dynamic,1600066510,1600066510,412.17072118727356,4,2.0,True,12,6,18
empirical_w6,1,1.95,dynamic,3800001611,3800001611,332.3937988281248,0,0.0,True,12,6,18
empirical_w6,1,1.95,dynamic,3800000110,3800000110,169.39584652920564,4,0.36,True,12,6,18
empirical_w6,1,1.95,myopic,1600066610,1600066610,472.7574157714848,0,0.0,True,12,6,18
empirical_w6,1,1.95,myopic,1600066590,1600066590,399.8057861328117,0,0.0,True,12,6,18
empirical_w6,1,1.95,myopic,3800000120,3800000120,336.0235850257874,4,2.2,True,12,6,18
empirical_w6,1,1.95,myopic,3800001520,3800001520,327.6087036132809,0,0.0,True,12,6,18
empirical_w6,1,1.95,myopic,3800000127,3800000127,239.69628906249972,0,0.0,True,12,6,18
empirical_w6,1,1.95,myopic,1600066510,1600066510,412.0090935099919,4,2.0,True,12,6,18
empirical_w6,1,1.95,myopic,3800001611,3800001611,332.3937988281248,0,0.0,True,12,6,18
empirical_w6,1,1.95,myopic,3800000110,3800000110,169.43745973634722,4,0.36,True,12,6,18
empirical_w6,1,2.0,dynamic,1600066610,1600066610,472.7574157714848,0,0.0,True,12,6,18
empirical_w6,1,2.0,dynamic,1600066590,1600066590,399.8057861328117,0,0.0,True,12,6,18
empirical_w6,1,2.0,dynamic,3800000120,3800000120,350.81949870109565,4,2.2,True,12,6,18
empirical_w6,1,2.0,dynamic,3800001520,3800001520,327.6087036132809,0,0.0,True,12,6,18
empirical_w6,1,2.0,dynamic,3800000127,3800000127,239.69628906249972,0,0.0,True,12,6,18
empirical_w6,1,2.0,dynamic,1600066510,1600066510,426.23285329818714,4,2.0,True,12,6,18
empirical_w6,1,2.0,dynamic,3800001611,3800001611,332.3937988281248,0,0.0,True,12,6,18
empirical_w6,1,2.0,dynamic,3800000110,3800000110,170.41345409234364,4,0.36,True,12,6,18
empirical_w6,1,2.0,myopic,1600066610,1600066610,472.7574157714848,0,0.0,True,12,6,18
empirical_w6,1,2.0,myopic,1600066590,1600066590,399.8057861328117,0,0.0,True,12,6,18
empirical_w6,1,2.0,myopic,3800000120,3800000120,350.81949870109565,4,2.2,True,12,6,18
empirical_w6,1,2.0,myopic,3800001520,3800001520,327.6087036132809,0,0.0,True,12,6,18
empirical_w6,1,2.0,myopic,3800000127,3800000127,239.69628906249972,0,0.0,True,12,6,18
empirical_w6,1,2.0,myopic,1600066510,1600066510,426.14188962300614,4,2.0,True,12,6,18
empirical_w6,1,2.0,myopic,3800001611,3800001611,332.3937988281248,0,0.0,True,12,6,18
empirical_w6,1,2.0,myopic,3800000110,3800000110,170.4499792671204,4,0.36,True,12,6,18
empirical_w6,1,2.05,dynamic,1600066610,1600066610,472.7574157714848,0,0.0,True,12,6,18
empirical_w6,1,2.05,dynamic,1600066590,1600066590,399.8057861328117,0,0.0,True,12,6,18
empirical_w6,1,2.05,dynamic,3800000120,3800000120,365.6154123764038,4,2.2,True,12,6,18
empirical_w6,1,2.05,dynamic,3800001520,3800001520,327.6087036132809,0,0.0,True,12,6,18
empirical_w6,1,2.05,dynamic,3800000127,3800000127,239.69628906249972,0,0.0,True,12,6,18
empirical_w6,1,2.05,dynamic,1600066510,1600066510,440.2746857360203,4,2.0,True,12,6,18
empirical_w6,1,2.05,dynamic,3800001611,3800001611,332.3937988281248,0,0.0,True,12,6,18
empirical_w6,1,2.05,dynamic,3800000110,3800000110,171.46249879789355,4,0.36,True,12,6,18
empirical_w6,1,2.05,myopic,1600066610,1600066610,472.7574157714848,0,0.0,True,12,6,18
empirical_w6,1,2.05,myopic,1600066590,1600066590,399.8057861328117,0,0.0,True,12,6,18
empirical_w6,1,2.05,myopic,3800000120,3800000120,365.6154123764038,4,2.2,True,12,6,18
empirical_w6,1,2.05,myopic,3800001520,3800001520,327.6087036132809,0,0.0,True,12,6,18
empirical_w6,1,2.05,myopic,3800000127,3800000127,239.69628906249972,0,0.0,True,12,6,18
empirical_w6,1,2.05,myopic,1600066510,1600066510,440.2746857360203,4,2.0,True,12,6,18
empirical_w6,1,2.05,myopic,3800001611,3800001611,332.3937988281248,0,0.0,True,12,6,18
empirical_w6,1,2.05,myopic,3800000110,3800000110,171.46249879789355,4,0.36,True,12,6,18
empirical_w6,1,2.1,dynamic,1600066610,1600066610,472.7574157714848,0,0.0,True,12,6,18
empirical_w6,1,2.1,dynamic,1600066590,1600066590,399.8057861328117,0,0.0,True,12,6,18
empirical_w6,1,2.1,dynamic,3800000120,3800000120,380.4113260517121,4,2.2,True,12,6,18
empirical_w6,1,2.1,dynamic,3800001520,3800001520,327.6087036132809,0,0.0,True,12,6,18
empirical_w6,1,2.1,dynamic,3800000127,3800000127,239.69628906249972,0,0.0,True,12,6,18
empirical_w6,1,2.1,dynamic,1600066510,1600066510,454.40748184903464,4,2.0,True,12,6,18
empirical_w6,1,2.1,dynamic,3800001611,3800001611,332.3937988281248,0,0.0,True,12,6,18
empirical_w6,1,2.1,dynamic,3800000110,3800000110,172.47501832866672,4,0.36,True,12,6,18
empirical_w6,1,2.1,myopic,1600066610,1600066610,472.7574157714848,0,0.0,True,12,6,18
empirical_w6,1,2.1,myopic,1600066590,1600066590,399.8057861328117,0,0.0,True,12,6,18
empirical_w6,1,2.1,myopic,3800000120,3800000120,380.4113260517121,4,2.2,True,12,6,18
empirical_w6,1,2.1,myopic,3800001520,3800001520,327.6087036132809,0,0.0,True,12,6,18
empirical_w6,1,2.1,myopic,3800000127,3800000127,239.69628906249972,0,0.0,True,12,6,18
empirical_w6,1,2.1,myopic,1600066510,1600066510,454.40748184903464,4,2.0,True,12,6,18
empirical_w6,1,2.1,myopic,3800001611,3800001611,332.3937988281248,0,0.0,True,12,6,18
empirical_w6,1,2.1,myopic,3800000110,3800000110,172.47501832866672,4,0.36,True,12,6,18
empirical_w6,1,2.15,dynamic,1600066610,1600066610,472.7574157714848,0,0.0,True,12,6,18
empirical_w6,1,2.15,dynamic,1600066590,1600066590,399.8057861328117,0,0.0,True,12,6,18
empirical_w6,1,2.15,dynamic,3800000120,3800000120,395.20723972702035,4,2.2,True,12,6,18
empirical_w6,1,2.15,dynamic,3800001520,3800001520,327.6087036132809,0,0.0,True,12,6,18
empirical_w6,1,2.15,dynamic,3800000127,3800000127,239.69628906249972,0,0.0,True,12,6,18
empirical_w6,1,2.15,dynamic,1600066510,1600066510,468.5402779620488,4,2.0,True,12,6,18
empirical_w6,1,2.15,dynamic,3800001611,3800001611,332.3937988281248,0,0.0,True,12,6,18
empirical_w6,1,2.15,dynamic,3800000110,3800000110,173.48753785943987,4,0.36,True,12,6,18
empirical_w6,1,2.15,myopic,1600066610,1600066610,472.7574157714848,0,0.0,True,12,6,18
empirical_w6,1,2.15,myopic,1600066590,1600066590,399.8057861328117,0,0.0,True,12,6,18
empirical_w6,1,2.15,myopic,3800000120,3800000120,395.20723972702035,4,2.2,True,12,6,18
empirical_w6,1,2.15,myopic,3800001520,3800001520,327.6087036132809,0,0.0,True,12,6,18
empirical_w6,1,2.15,myopic,3800000127,3800000127,239.69628906249972,0,0.0,True,12,6,18
empirical_w6,1,2.15,myopic,1600066510,1600066510,468.5402779620488,4,2.0,True,12,6,18
empirical_w6,1,2.15,myopic,3800001611,3800001611,332.3937988281248,0,0.0,True,12,6,18
empirical_w6,1,2.15,myopic,3800000110,3800000110,173.48753785943987,4,0.36,True,12,6,18
empirical_w6,1,2.2,dynamic,1600066610,1600066610,472.7574157714848,0,0.0,True,12,6,18
empirical_w6,1,2.2,dynamic,1600066590,1600066590,399.8057861328117,0,0.0,True,12,6,18
empirical_w6,1,2.2,dynamic,3800000120,3800000120,410.0031534023286,4,2.2,True,12,6,18
empirical_w6,1,2.2,dynamic,3800001520,3800001520,327.6087036132809,0,0.0,True,12,6,18
empirical_w6,1,2.2,dynamic,3800000127,3800000127,239.69628906249972,0,0.0,True,12,6,18
empirical_w6,1,2.2,dynamic,1600066510,1600066510,482.673074075063,4,2.0,True,12,6,18
empirical_w6,1,2.2,dynamic,3800001611,3800001611,332.3937988281248,0,0.0,True,12,6,18
empirical_w6,1,2.2,dynamic,3800000110,3800000110,174.50005739021304,4,0.36,True,12,6,18
empirical_w6,1,2.2,myopic,1600066610,1600066610,472.7574157714848,0,0.0,True,12,6,18
empirical_w6,1,2.2,myopic,1600066590,1600066590,399.8057861328117,0,0.0,True,12,6,18
empirical_w6,1,2.2,myopic,3800000120,3800000120,410.0031534023286,4,2.2,True,12,6,18
empirical_w6,1,2.2,myopic,3800001520,3800001520,327.6087036132809,0,0.0,True,12,6,18
empirical_w6,1,2.2,myopic,3800000127,3800000127,239.69628906249972,0,0.0,True,12,6,18
empirical_w6,1,2.2,myopic,1600066510,1600066510,482.673074075063,4,2.0,True,12,6,18
empirical_w6,1,2.2,myopic,3800001611,3800001611,332.3937988281248,0,0.0,True,12,6,18
empirical_w6,1,2.2,myopic,3800000110,3800000110,174.50005739021304,4,0.36,True,12,6,18
empirical_w6,1,2.24,dynamic,1600066610,1600066610,472.7574157714848,0,0.0,True,12,6,18
empirical_w6,1,2.24,dynamic,1600066590,1600066590,399.8057861328117,0,0.0,True,12,6,18
empirical_w6,1,2.24,dynamic,3800000120,3800000120,421.83988434257526,4,2.2,True,12,6,18
empirical_w6,1,2.24,dynamic,3800001520,3800001520,327.6087036132809,0,0.0,True,12,6,18
empirical_w6,1,2.24,dynamic,3800000127,3800000127,239.69628906249972,0,0.0,True,12,6,18
empirical_w6,1,2.24,dynamic,1600066510,1600066510,493.9793109654745,4,2.0,True,12,6,18
empirical_w6,1,2.24,dynamic,3800001611,3800001611,332.3937988281248,0,0.0,True,12,6,18
empirical_w6,1,2.24,dynamic,3800000110,3800000110,175.31007301483157,4,0.36,True,12,6,18
empirical_w6,1,2.24,myopic,1600066610,1600066610,472.7574157714848,0,0.0,True,12,6,18
empirical_w6,1,2.24,myopic,1600066590,1600066590,399.8057861328117,0,0.0,True,12,6,18
empirical_w6,1,2.24,myopic,3800000120,3800000120,421.83988434257526,4,2.2,True,12,6,18
empirical_w6,1,2.24,myopic,3800001520,3800001520,327.6087036132809,0,0.0,True,12,6,18
empirical_w6,1,2.24,myopic,3800000127,3800000127,239.69628906249972,0,0.0,True,12,6,18
empirical_w6,1,2.24,myopic,1600066510,1600066510,493.9793109654745,4,2.0,True,12,6,18
empirical_w6,1,2.24,myopic,3800001611,3800001611,332.3937988281248,0,0.0,True,12,6,18
empirical_w6,1,2.24,myopic,3800000110,3800000110,175.31007301483157,4,0.36,True,12,6,18
empirical_w6,1,2.25,dynamic,1600066610,1600066610,472.7574157714848,0,0.0,True,12,6,18
empirical_w6,1,2.25,dynamic,1600066590,1600066590,399.8057861328117,0,0.0,True,12,6,18
empirical_w6,1,2.25,dynamic,3800000120,3800000120,424.7990670776368,4,2.2,True,12,6,18
empirical_w6,1,2.25,dynamic,3800001520,3800001520,327.6087036132809,0,0.0,True,12,6,18
empirical_w6,1,2.25,dynamic,3800000127,3800000127,239.69628906249972,0,0.0,True,12,6,18
empirical_w6,1,2.25,dynamic,1600066510,1600066510,496.8058701880773,4,2.0,True,12,6,18
empirical_w6,1,2.25,dynamic,3800001611,3800001611,332.3937988281248,0,0.0,True,12,6,18
empirical_w6,1,2.25,dynamic,3800000110,3800000110,175.5125769209862,4,0.36,True,12,6,18
empirical_w6,1,2.25,myopic,1600066610,1600066610,472.7574157714848,0,0.0,True,12,6,18
empirical_w6,1,2.25,myopic,1600066590,1600066590,399.8057861328117,0,0.0,True,12,6,18
empirical_w6,1,2.25,myopic,3800000120,3800000120,424.7990670776368,4,2.2,True,12,6,18
empirical_w6,1,2.25,myopic,3800001520,3800001520,327.6087036132809,0,0.0,True,12,6,18
empirical_w6,1,2.25,myopic,3800000127,3800000127,248.35134790778153,4,2.0,True,12,6,18
empirical_w6,1,2.25,myopic,1600066510,1600066510,496.8058701880773,4,2.0,True,12,6,18
empirical_w6,1,2.25,myopic,3800001611,3800001611,332.3937988281248,0,0.0,True,12,6,18
empirical_w6,1,2.25,myopic,3800000110,3800000110,161.52136230468736,0,0.0,True,12,6,18
empirical_w6,1,2.3,dynamic,1600066610,1600066610,472.7574157714848,0,0.0,True,12,6,18
empirical_w6,1,2.3,dynamic,1600066590,1600066590,399.8057861328117,0,0.0,True,12,6,18
empirical_w6,1,2.3,dynamic,3800000120,3800000120,439.59498075294493,4,2.2,True,12,6,18
empirical_w6,1,2.3,dynamic,3800001520,3800001520,327.6087036132809,0,0.0,True,12,6,18
empirical_w6,1,2.3,dynamic,3800000127,3800000127,251.67489679575215,3,1.5,True,12,6,18
empirical_w6,1,2.3,dynamic,1600066510,1600066510,511.16705088488254,4,2.0,True,12,6,18
empirical_w6,1,2.3,dynamic,3800001611,3800001611,332.3937988281248,0,0.0,True,12,6,18
empirical_w6,1,2.3,dynamic,3800000110,3800000110,165.30359130326906,1,0.09,True,12,6,18
empirical_w6,1,2.3,myopic,1600066610,1600066610,472.7574157714848,0,0.0,True,12,6,18
empirical_w6,1,2.3,myopic,1600066590,1600066590,399.8057861328117,0,0.0,True,12,6,18
empirical_w6,1,2.3,myopic,3800000120,3800000120,439.59498075294493,4,2.2,True,12,6,18
empirical_w6,1,2.3,myopic,3800001520,3800001520,327.6087036132809,0,0.0,True,12,6,18
empirical_w6,1,2.3,myopic,3800000127,3800000127,255.53996346767735,4,2.0,True,12,6,18
empirical_w6,1,2.3,myopic,1600066510,1600066510,510.9386663010914,4,2.0,True,12,6,18
empirical_w6,1,2.3,myopic,3800001611,3800001611,332.3937988281248,0,0.0,True,12,6,18
empirical_w6,1,2.3,myopic,3800000110,3800000110,161.52136230468736,0,0.0,True,12,6,18
empirical_w6,1,2.35,dynamic,1600066610,1600066610,472.7574157714848,0,0.0,True,12,6,18
empirical_w6,1,2.35,dynamic,1600066590,1600066590,399.8057861328117,0,0.0,True,12,6,18
empirical_w6,1,2.35,dynamic,3800000120,3800000120,454.3908944282533,4,2.2,True,12,6,18
empirical_w6,1,2.35,dynamic,3800001520,3800001520,327.6087036132809,0,0.0,True,12,6,18
empirical_w6,1,2.35,dynamic,3800000127,3800000127,262.7285790275732,4,2.0,True,12,6,18
empirical_w6,1,2.35,dynamic,1600066510,1600066510,525.0714624141057,4,2.0,True,12,6,18
empirical_w6,1,2.35,dynamic,3800001611,3800001611,332.3937988281248,0,0.0,True,12,6,18
empirical_w6,1,2.35,dynamic,3800000110,3800000110,161.52136230468736,0,0.0,True,12,6,18
empirical_w6,1,2.35,myopic,1600066610,1600066610,472.7574157714848,0,0.0,True,12,6,18
empirical_w6,1,2.35,myopic,1600066590,1600066590,399.8057861328117,0,0.0,True,12,6,18
empirical_w6,1,2.35,myopic,3800000120,3800000120,454.3908944282533,4,2.2,True,12,6,18
empirical_w6,1,2.35,myopic,3800001520,3800001520,327.6087036132809,0,0.0,True,12,6,18
empirical_w6,1,2.35,myopic,3800000127,3800000127,262.7285790275732,4,2.0,True,12,6,18
empirical_w6,1,2.35,myopic,1600066510,1600066510,525.0714624141057,4,2.0,True,12,6,18
empirical_w6,1,2.35,myopic,3800001611,3800001611,332.3937988281248,0,0.0,True,12,6,18
empirical_w6,1,2.35,myopic,3800000110,3800000110,161.52136230468736,0,0.0,True,12,6,18
empirical_w6,1,2.4,dynamic,1600066610,1600066610,472.7574157714848,0,0.0,True,12,6,18
empirical_w6,1,2.4,dynamic,1600066590,1600066590,399.8057861328117,0,0.0,True,12,6,18
empirical_w6,1,2.4,dynamic,3800000120,3800000120,469.1868081035615,4,2.2,True,12,6,18
empirical_w6,1,2.4,dynamic,3800001520,3800001520,327.6087036132809,0,0.0,True,12,6,18
empirical_w6,1,2.4,dynamic,3800000127,3800000127,269.917194587469,4,2.0,True,12,6,18
empirical_w6,1,2.4,dynamic,1600066510,1600066510,539.2042585271199,4,2.0,True,12,6,18
empirical_w6,1,2.4,dynamic,3800001611,3800001611,332.3937988281248,0,0.0,True,12,6,18
empirical_w6,1,2.4,dynamic,3800000110,3800000110,161.52136230468736,0,0.0,True,12,6,18
empirical_w6,1,2.4,myopic,1600066610,1600066610,472.7574157714848,0,0.0,True,12,6,18
empirical_w6,1,2.4,myopic,1600066590,1600066590,399.8057861328117,0,0.0,True,12,6,18
empirical_w6,1,2.4,myopic,3800000120,3800000120,469.1868081035615,4,2.2,True,12,6,18
empirical_w6,1,2.4,myopic,3800001520,3800001520,327.6087036132809,0,0.0,True,12,6,18
empirical_w6,1,2.4,myopic,3800000127,3800000127,269.917194587469,4,2.0,True,12,6,18
empirical_w6,1,2.4,myopic,1600066510,1600066510,539.2042585271199,4,2.0,True,12,6,18
empirical_w6,1,2.4,myopic,3800001611,3800001611,332.3937988281248,0,0.0,True,12,6,18
empirical_w6,1,2.4,myopic,3800000110,3800000110,161.52136230468736,0,0.0,True,12,6,18
empirical_w6,1,2.45,dynamic,1600066610,1600066610,472.7574157714848,0,0.0,True,12,6,18
empirical_w6,1,2.45,dynamic,1600066590,1600066590,399.8057861328117,0,0.0,True,12,6,18
empirical_w6,1,2.45,dynamic,3800000120,3800000120,483.98272177886975,4,2.2,True,12,6,18
empirical_w6,1,2.45,dynamic,3800001520,3800001520,327.6087036132809,0,0.0,True,12,6,18
empirical_w6,1,2.45,dynamic,3800000127,3800000127,277.1058101473649,4,2.0,True,12,6,18
empirical_w6,1,2.45,dynamic,1600066510,1600066510,553.3370546401342,4,2.0,True,12,6,18
empirical_w6,1,2.45,dynamic,3800001611,3800001611,332.3937988281248,0,0.0,True,12,6,18
empirical_w6,1,2.45,dynamic,3800000110,3800000110,161.52136230468736,0,0.0,True,12,6,18
empirical_w6,1,2.45,myopic,1600066610,1600066610,472.7574157714848,0,0.0,True,12,6,18
empirical_w6,1,2.45,myopic,1600066590,1600066590,399.8057861328117,0,0.0,True,12,6,18
empirical_w6,1,2.45,myopic,3800000120,3800000120,483.98272177886975,4,2.2,True,12,6,18
empirical_w6,1,2.45,myopic,3800001520,3800001520,327.6087036132809,0,0.0,True,12,6,18
empirical_w6,1,2.45,myopic,3800000127,3800000127,277.1058101473649,4,2.0,True,12,6,18
empirical_w6,1,2.45,myopic,1600066510,1600066510,553.3370546401342,4,2.0,True,12,6,18
empirical_w6,1,2.45,myopic,3800001611,3800001611,332.3937988281248,0,0.0,True,12,6,18
empirical_w6,1,2.45,myopic,3800000110,3800000110,161.52136230468736,0,0.0,True,12,6,18
empirical_w6,1,2.5,dynamic,1600066610,1600066610,472.7574157714848,0,0.0,True,12,6,18
empirical_w6,1,2.5,dynamic,1600066590,1600066590,399.8057861328117,0,0.0,True,12,6,18
empirical_w6,1,2.5,dynamic,3800000120,3800000120,498.7786354541779,4,2.2,True,12,6,18
empirical_w6,1,2.5,dynamic,3800001520,3800001520,327.6087036132809,0,0.0,True,12,6,18
empirical_w6,1,2.5,dynamic,3800000127,3800000127,284.2944257072607,4,2.0,True,12,6,18
empirical_w6,1,2.5,dynamic,1600066510,1600066510,567.4698507531483,4,2.0,True,12,6,18
empirical_w6,1,2.5,dynamic,3800001611,3800001611,332.3937988281248,0,0.0,True,12,6,18
empirical_w6,1,2.5,dynamic,3800000110,3800000110,161.52136230468736,0,0.0,True,12,6,18
empirical_w6,1,2.5,myopic,1600066610,1600066610,472.7574157714848,0,0.0,True,12,6,18
empirical_w6,1,2.5,myopic,1600066590,1600066590,399.8057861328117,0,0.0,True,12,6,18
empirical_w6,1,2.5,myopic,3800000120,3800000120,498.7786354541779,4,2.2,True,12,6,18
empirical_w6,1,2.5,myopic,3800001520,3800001520,327.6087036132809,0,0.0,True,12,6,18
empirical_w6,1,2.5,myopic,3800000127,3800000127,284.2944257072607,4,2.0,True,12,6,18
empirical_w6,1,2.5,myopic,1600066510,1600066510,567.4698507531483,4,2.0,True,12,6,18
empirical_w6,1,2.5,myopic,3800001611,3800001611,332.3937988281248,0,0.0,True,12,6,18
empirical_w6,1,2.5,myopic,3800000110,3800000110,161.52136230468736,0,0.0,True,12,6,18
empirical_w6,1,2.55,dynamic,1600066610,1600066610,472.7574157714848,0,0.0,True,12,6,18
empirical_w6,1,2.55,dynamic,1600066590,1600066590,399.8057861328117,0,0.0,True,12,6,18
empirical_w6,1,2.55,dynamic,3800000120,3800000120,513.5745491294861,4,2.2,True,12,6,18
empirical_w6,1,2.55,dynamic,3800001520,3800001520,327.6087036132809,0,0.0,True,12,6,18
empirical_w6,1,2.55,dynamic,3800000127,3800000127,291.48304126715647,4,2.0,True,12,6,18
empirical_w6,1,2.55,dynamic,1600066510,1600066510,581.6026468661626,4,2.0,True,12,6,18
empirical_w6,1,2.55,dynamic,3800001611,3800001611,332.3937988281248,0,0.0,True,12,6,18
empirical_w6,1,2.55,dynamic,3800000110,3800000110,161.52136230468736,0,0.0,True,12,6,18
empirical_w6,1,2.55,myopic,1600066610,1600066610,472.7574157714848,0,0.0,True,12,6,18
empirical_w6,1,2.55,myopic,1600066590,1600066590,399.8057861328117,0,0.0,True,12,6,18
empirical_w6,1,2.55,myopic,3800000120,3800000120,513.5745491294861,4,2.2,True,12,6,18
empirical_w6,1,2.55,myopic,3800001520,3800001520,327.6087036132809,0,0.0,True,12,6,18
empirical_w6,1,2.55,myopic,3800000127,3800000127,291.48304126715647,4,2.0,True,12,6,18
empirical_w6,1,2.55,myopic,1600066510,1600066510,581.6026468661626,4,2.0,True,12,6,18
empirical_w6,1,2.55,myopic,3800001611,3800001611,332.3937988281248,0,0.0,True,12,6,18
empirical_w6,1,2.55,myopic,3800000110,3800000110,161.52136230468736,0,0.0,True,12,6,18
empirical_w6,1,2.6,dynamic,1600066610,1600066610,472.7574157714848,0,0.0,True,12,6,18
empirical_w6,1,2.6,dynamic,1600066590,1600066590,399.8057861328117,0,0.0,True,12,6,18
empirical_w6,1,2.6,dynamic,3800000120,3800000120,528.3704628047944,4,2.2,True,12,6,18
empirical_w6,1,2.6,dynamic,3800001520,3800001520,327.6087036132809,0,0.0,True,12,6,18
empirical_w6,1,2.6,dynamic,3800000127,3800000127,298.67165682705235,4,2.0,True,12,6,18
empirical_w6,1,2.6,dynamic,1600066510,1600066510,595.7354429791768,4,2.0,True,12,6,18
empirical_w6,1,2.6,dynamic,3800001611,3800001611,332.3937988281248,0,0.0,True,12,6,18
empirical_w6,1,2.6,dynamic,3800000110,3800000110,161.52136230468736,0,0.0,True,12,6,18
empirical_w6,1,2.6,myopic,1600066610,1600066610,472.7574157714848,0,0.0,True,12,6,18
empirical_w6,1,2.6,myopic,1600066590,1600066590,399.8057861328117,0,0.0,True,12,6,18
empirical_w6,1,2.6,myopic,3800000120,3800000120,528.3704628047944,4,2.2,True,12,6,18
empirical_w6,1,2.6,myopic,3800001520,3800001520,327.6087036132809,0,0.0,True,12,6,18
empirical_w6,1,2.6,myopic,3800000127,3800000127,298.67165682705235,4,2.0,True,12,6,18
empirical_w6,1,2.6,myopic,1600066510,1600066510,595.7354429791768,4,2.0,True,12,6,18
empirical_w6,1,2.6,myopic,3800001611,3800001611,332.3937988281248,0,0.0,True,12,6,18
empirical_w6,1,2.6,myopic,3800000110,3800000110,161.52136230468736,0,0.0,True,12,6,18
empirical_w6,1,2.65,dynamic,1600066610,1600066610,472.7574157714848,0,0.0,True,12,6,18
empirical_w6,1,2.65,dynamic,1600066590,1600066590,399.8057861328117,0,0.0,True,12,6,18
empirical_w6,1,2.65,dynamic,3800000120,3800000120,543.1663764801026,4,2.2,True,12,6,18
empirical_w6,1,2.65,dynamic,3800001520,3800001520,327.6087036132809,0,0.0,True,12,6,18
empirical_w6,1,2.65,dynamic,3800000127,3800000127,305.86027238694817,4,2.0,True,12,6,18
empirical_w6,1,2.65,dynamic,1600066510,1600066510,609.868239092191,4,2.0,True,12,6,18
empirical_w6,1,2.65,dynamic,3800001611,3800001611,332.3937988281248,0,0.0,True,12,6,18
empirical_w6,1,2.65,dynamic,3800000110,3800000110,161.52136230468736,0,0.0,True,12,6,18
empirical_w6,1,2.65,myopic,1600066610,1600066610,472.7574157714848,0,0.0,True,12,6,18
empirical_w6,1,2.65,myopic,1600066590,1600066590,399.8057861328117,0,0.0,True,12,6,18
empirical_w6,1,2.65,myopic,3800000120,3800000120,543.1663764801026,4,2.2,True,12,6,18
empirical_w6,1,2.65,myopic,3800001520,3800001520,327.6087036132809,0,0.0,True,12,6,18
empirical_w6,1,2.65,myopic,3800000127,3800000127,305.86027238694817,4,2.0,True,12,6,18
empirical_w6,1,2.65,myopic,1600066510,1600066510,609.868239092191,4,2.0,True,12,6,18
empirical_w6,1,2.65,myopic,3800001611,3800001611,332.3937988281248,0,0.0,True,12,6,18
empirical_w6,1,2.65,myopic,3800000110,3800000110,161.52136230468736,0,0.0,True,12,6,18
empirical_w6,1,2.7,dynamic,1600066610,1600066610,472.7574157714848,0,0.0,True,12,6,18
empirical_w6,1,2.7,dynamic,1600066590,1600066590,399.8057861328117,0,0.0,True,12,6,18
empirical_w6,1,2.7,dynamic,3800000120,3800000120,557.9622901554109,4,2.2,True,12,6,18
empirical_w6,1,2.7,dynamic,3800001520,3800001520,327.6087036132809,0,0.0,True,12,6,18
empirical_w6,1,2.7,dynamic,3800000127,3800000127,313.04888794684405,4,2.0,True,12,6,18
empirical_w6,1,2.7,dynamic,1600066510,1600066510,624.0010352052053,4,2.0,True,12,6,18
empirical_w6,1,2.7,dynamic,3800001611,3800001611,332.3937988281248,0,0.0,True,12,6,18
empirical_w6,1,2.7,dynamic,3800000110,3800000110,161.52136230468736,0,0.0,True,12,6,18
empirical_w6,1,2.7,myopic,1600066610,1600066610,472.7574157714848,0,0.0,True,12,6,18
empirical_w6,1,2.7,myopic,1600066590,1600066590,399.8057861328117,0,0.0,True,12,6,18
empirical_w6,1,2.7,myopic,3800000120,3800000120,557.9622901554109,4,2.2,True,12,6,18
empirical_w6,1,2.7,myopic,3800001520,3800001520,327.6087036132809,0,0.0,True,12,6,18
empirical_w6,1,2.7,myopic,3800000127,3800000127,313.04888794684405,4,2.0,True,12,6,18
empirical_w6,1,2.7,myopic,1600066510,1600066510,624.0010352052053,4,2.0,True,12,6,18
empirical_w6,1,2.7,myopic,3800001611,3800001611,332.3937988281248,0,0.0,True,12,6,18
empirical_w6,1,2.7,myopic,3800000110,3800000110,161.52136230468736,0,0.0,True,12,6,18
empirical_w6,1,2.75,dynamic,1600066610,1600066610,472.7574157714848,0,0.0,True,12,6,18
empirical_w6,1,2.75,dynamic,1600066590,1600066590,399.8057861328117,0,0.0,True,12,6,18
empirical_w6,1,2.75,dynamic,3800000120,3800000120,572.758203830719,4,2.2,True,12,6,18
empirical_w6,1,2.75,dynamic,3800001520,3800001520,327.6087036132809,0,0.0,True,12,6,18
empirical_w6,1,2.75,dynamic,3800000127,3800000127,320.23750350673987,4,2.0,True,12,6,18
empirical_w6,1,2.75,dynamic,1600066510,1600066510,638.1338313182194,4,2.0,True,12,6,18
empirical_w6,1,2.75,dynamic,3800001611,3800001611,332.3937988281248,0,0.0,True,12,6,18
empirical_w6,1,2.75,dynamic,3800000110,3800000110,161.52136230468736,0,0.0,True,12,6,18
empirical_w6,1,2.75,myopic,1600066610,1600066610,472.7574157714848,0,0.0,True,12,6,18
empirical_w6,1,2.75,myopic,1600066590,1600066590,399.8057861328117,0,0.0,True,12,6,18
empirical_w6,1,2.75,myopic,3800000120,3800000120,572.758203830719,4,2.2,True,12,6,18
empirical_w6,1,2.75,myopic,3800001520,3800001520,327.6087036132809,0,0.0,True,12,6,18
empirical_w6,1,2.75,myopic,3800000127,3800000127,320.23750350673987,4,2.0,True,12,6,18
empirical_w6,1,2.75,myopic,1600066510,1600066510,638.1338313182194,4,2.0,True,12,6,18
empirical_w6,1,2.75,myopic,3800001611,3800001611,332.3937988281248,0,0.0,True,12,6,18
empirical_w6,1,2.75,myopic,3800000110,3800000110,161.52136230468736,0,0.0,True,12,6,18
empirical_w6,1,2.8,dynamic,1600066610,1600066610,472.7574157714848,0,0.0,True,12,6,18
empirical_w6,1,2.8,dynamic,1600066590,1600066590,399.8057861328117,0,0.0,True,12,6,18
empirical_w6,1,2.8,dynamic,3800000120,3800000120,587.5541175060273,4,2.2,True,12,6,18
empirical_w6,1,2.8,dynamic,3800001520,3800001520,327.6087036132809,0,0.0,True,12,6,18
empirical_w6,1,2.8,dynamic,3800000127,3800000127,327.42611906663564,4,2.0,True,12,6,18
empirical_w6,1,2.8,dynamic,1600066510,1600066510,652.2666274312336,4,2.0,True,12,6,18
empirical_w6,1,2.8,dynamic,3800001611,3800001611,332.3937988281248,0,0.0,True,12,6,18
empirical_w6,1,2.8,dynamic,3800000110,3800000110,161.52136230468736,0,0.0,True,12,6,18
empirical_w6,1,2.8,myopic,1600066610,1600066610,472.7574157714848,0,0.0,True,12,6,18
empirical_w6,1,2.8,myopic,1600066590,1600066590,399.8057861328117,0,0.0,True,12,6,18
empirical_w6,1,2.8,myopic,3800000120,3800000120,587.5541175060273,4,2.2,True,12,6,18
empirical_w6,1,2.8,myopic,3800001520,3800001520,327.6087036132809,0,0.0,True,12,6,18
empirical_w6,1,2.8,myopic,3800000127,3800000127,327.42611906663564,4,2.0,True,12,6,18
empirical_w6,1,2.8,myopic,1600066510,1600066510,652.2666274312336,4,2.0,True,12,6,18
empirical_w6,1,2.8,myopic,3800001611,3800001611,332.3937988281248,0,0.0,True,12,6,18
empirical_w6,1,2.8,myopic,3800000110,3800000110,161.52136230468736,0,0.0,True,12,6,18
empirical_w6,1,2.85,dynamic,1600066610,1600066610,472.7574157714848,0,0.0,True,12,6,18
empirical_w6,1,2.85,dynamic,1600066590,1600066590,399.8057861328117,0,0.0,True,12,6,18
empirical_w6,1,2.85,dynamic,3800000120,3800000120,602.3500311813356,4,2.2,True,12,6,18
empirical_w6,1,2.85,dynamic,3800001520,3800001520,327.6087036132809,0,0.0,True,12,6,18
empirical_w6,1,2.85,dynamic,3800000127,3800000127,334.6147346265315,4,2.0,True,12,6,18
empirical_w6,1,2.85,dynamic,1600066510,1600066510,666.399423544248,4,2.0,True,12,6,18
empirical_w6,1,2.85,dynamic,3800001611,3800001611,332.3937988281248,0,0.0,True,12,6,18
empirical_w6,1,2.85,dynamic,3800000110,3800000110,161.52136230468736,0,0.0,True,12,6,18
empirical_w6,1,2.85,myopic,1600066610,1600066610,472.7574157714848,0,0.0,True,12,6,18
empirical_w6,1,2.85,myopic,1600066590,1600066590,399.8057861328117,0,0.0,True,12,6,18
empirical_w6,1,2.85,myopic,3800000120,3800000120,602.3500311813356,4,2.2,True,12,6,18
empirical_w6,1,2.85,myopic,3800001520,3800001520,327.6087036132809,0,0.0,True,12,6,18
empirical_w6,1,2.85,myopic,3800000127,3800000127,334.6147346265315,4,2.0,True,12,6,18
empirical_w6,1,2.85,myopic,1600066510,1600066510,666.399423544248,4,2.0,True,12,6,18
empirical_w6,1,2.85,myopic,3800001611,3800001611,332.3937988281248,0,0.0,True,12,6,18
empirical_w6,1,2.85,myopic,3800000110,3800000110,161.52136230468736,0,0.0,True,12,6,18
empirical_w6,1,2.9,dynamic,1600066610,1600066610,472.7574157714848,0,0.0,True,12,6,18
empirical_w6,1,2.9,dynamic,1600066590,1600066590,399.8057861328117,0,0.0,True,12,6,18
empirical_w6,1,2.9,dynamic,3800000120,3800000120,617.1459448566437,4,2.2,True,12,6,18
empirical_w6,1,2.9,dynamic,3800001520,3800001520,327.6087036132809,0,0.0,True,12,6,18
empirical_w6,1,2.9,dynamic,3800000127,3800000127,341.80335018642734,4,2.0,True,12,6,18
empirical_w6,1,2.9,dynamic,1600066510,1600066510,680.5322196572621,4,2.0,True,12,6,18
empirical_w6,1,2.9,dynamic,3800001611,3800001611,332.3937988281248,0,0.0,True,12,6,18
empirical_w6,1,2.9,dynamic,3800000110,3800000110,161.52136230468736,0,0.0,True,12,6,18
empirical_w6,1,2.9,myopic,1600066610,1600066610,472.7574157714848,0,0.0,True,12,6,18
empirical_w6,1,2.9,myopic,1600066590,1600066590,399.8057861328117,0,0.0,True,12,6,18
empirical_w6,1,2.9,myopic,3800000120,3800000120,617.1459448566437,4,2.2,True,12,6,18
empirical_w6,1,2.9,myopic,3800001520,3800001520,327.6087036132809,0,0.0,True,12,6,18
empirical_w6,1,2.9,myopic,3800000127,3800000127,341.80335018642734,4,2.0,True,12,6,18
empirical_w6,1,2.9,myopic,1600066510,1600066510,680.5322196572621,4,2.0,True,12,6,18
empirical_w6,1,2.9,myopic,3800001611,3800001611,332.3937988281248,0,0.0,True,12,6,18
empirical_w6,1,2.9,myopic,3800000110,3800000110,161.52136230468736,0,0.0,True,12,6,18
empirical_w6,1,2.95,dynamic,1600066610,1600066610,472.7574157714848,0,0.0,True,12,6,18
empirical_w6,1,2.95,dynamic,1600066590,1600066590,399.8057861328117,0,0.0,True,12,6,18
empirical_w6,1,2.95,dynamic,3800000120,3800000120,631.941858531952,4,2.2,True,12,6,18
empirical_w6,1,2.95,dynamic,3800001520,3800001520,327.6087036132809,0,0.0,True,12,6,18
empirical_w6,1,2.95,dynamic,3800000127,3800000127,348.9919657463232,4,2.0,True,12,6,18
empirical_w6,1,2.95,dynamic,1600066510,1600066510,694.6650157702763,4,2.0,True,12,6,18
empirical_w6,1,2.95,dynamic,3800001611,3800001611,332.3937988281248,0,0.0,True,12,6,18
empirical_w6,1,2.95,dynamic,3800000110,3800000110,161.52136230468736,0,0.0,True,12,6,18
empirical_w6,1,2.95,myopic,1600066610,1600066610,472.7574157714848,0,0.0,True,12,6,18
empirical_w6,1,2.95,myopic,1600066590,1600066590,399.8057861328117,0,0.0,True,12,6,18
empirical_w6,1,2.95,myopic,3800000120,3800000120,631.941858531952,4,2.2,True,12,6,18
empirical_w6,1,2.95,myopic,3800001520,3800001520,327.6087036132809,0,0.0,True,12,6,18
empirical_w6,1,2.95,myopic,3800000127,3800000127,348.9919657463232,4,2.0,True,12,6,18
empirical_w6,1,2.95,myopic,1600066510,1600066510,694.6650157702763,4,2.0,True,12,6,18
empirical_w6,1,2.95,myopic,3800001611,3800001611,332.3937988281248,0,0.0,True,12,6,18
empirical_w6,1,2.95,myopic,3800000110,3800000110,161.52136230468736,0,0.0,True,12,6,18
empirical_w6,1,3.0,dynamic,1600066610,1600066610,472.7574157714848,0,0.0,True,12,6,18
empirical_w6,1,3.0,dynamic,1600066590,1600066590,399.8057861328117,0,0.0,True,12,6,18
empirical_w6,1,3.0,dynamic,3800000120,3800000120,646.7377722072603,4,2.2,True,12,6,18
empirical_w6,1,3.0,dynamic,3800001520,3800001520,327.6087036132809,0,0.0,True,12,6,18
empirical_w6,1,3.0,dynamic,3800000127,3800000127,356.180581306219,4,2.0,True,12,6,18
empirical_w6,1,3.0,dynamic,1600066510,1600066510,708.7978118832906,4,2.0,True,12,6,18
empirical_w6,1,3.0,dynamic,3800001611,3800001611,332.3937988281248,0,0.0,True,12,6,18
empirical_w6,1,3.0,dynamic,3800000110,3800000110,161.52136230468736,0,0.0,True,12,6,18
empirical_w6,1,3.0,myopic,1600066610,1600066610,472.7574157714848,0,0.0,True,12,6,18
empirical_w6,1,3.0,myopic,1600066590,1600066590,399.8057861328117,0,0.0,True,12,6,18
empirical_w6,1,3.0,myopic,3800000120,3800000120,646.7377722072603,4,2.2,True,12,6,18
empirical_w6,1,3.0,myopic,3800001520,3800001520,327.6087036132809,0,0.0,True,12,6,18
empirical_w6,1,3.0,myopic,3800000127,3800000127,356.180581306219,4,2.0,True,12,6,18
empirical_w6,1,3.0,myopic,1600066510,1600066510,708.7978118832906,4,2.0,True,12,6,18
empirical_w6,1,3.0,myopic,3800001611,3800001611,332.3937988281248,0,0.0,True,12,6,18
empirical_w6,1,3.0,myopic,3800000110,3800000110,161.52136230468736,0,0.0,True,12,6,18
empirical_w6,1,3.05,dynamic,1600066610,1600066610,472.7574157714848,0,0.0,True,12,6,18
empirical_w6,1,3.05,dynamic,1600066590,1600066590,399.8057861328117,0,0.0,True,12,6,18
empirical_w6,1,3.05,dynamic,3800000120,3800000120,661.5336858825684,4,2.2,True,12,6,18
empirical_w6,1,3.05,dynamic,3800001520,3800001520,327.6087036132809,0,0.0,True,12,6,18
empirical_w6,1,3.05,dynamic,3800000127,3800000127,363.3691968661148,4,2.0,True,12,6,18
empirical_w6,1,3.05,dynamic,1600066510,1600066510,722.9306079963047,4,2.0,True,12,6,18
empirical_w6,1,3.05,dynamic,3800001611,3800001611,332.3937988281248,0,0.0,True,12,6,18
empirical_w6,1,3.05,dynamic,3800000110,3800000110,161.52136230468736,0,0.0,True,12,6,18
empirical_w6,1,3.05,myopic,1600066610,1600066610,472.7574157714848,0,0.0,True,12,6,18
empirical_w6,1,3.05,myopic,1600066590,1600066590,399.8057861328117,0,0.0,True,12,6,18
empirical_w6,1,3.05,myopic,3800000120,3800000120,661.5336858825684,4,2.2,True,12,6,18
empirical_w6,1,3.05,myopic,3800001520,3800001520,327.6087036132809,0,0.0,True,12,6,18
empirical_w6,1,3.05,myopic,3800000127,3800000127,363.3691968661148,4,2.0,True,12,6,18
empirical_w6,1,3.05,myopic,1600066510,1600066510,722.9306079963047,4,2.0,True,12,6,18
empirical_w6,1,3.05,myopic,3800001611,3800001611,332.3937988281248,0,0.0,True,12,6,18
empirical_w6,1,3.05,myopic,3800000110,3800000110,161.52136230468736,0,0.0,True,12,6,18
empirical_w6,1,3.1,dynamic,1600066610,1600066610,472.7574157714848,0,0.0,True,12,6,18
empirical_w6,1,3.1,dynamic,1600066590,1600066590,399.8057861328117,0,0.0,True,12,6,18
empirical_w6,1,3.1,dynamic,3800000120,3800000120,676.3295995578767,4,2.2,True,12,6,18
empirical_w6,1,3.1,dynamic,3800001520,3800001520,327.6087036132809,0,0.0,True,12,6,18
empirical_w6,1,3.1,dynamic,3800000127,3800000127,370.5578124260107,4,2.0,True,12,6,18
empirical_w6,1,3.1,dynamic,1600066510,1600066510,737.063404109319,4,2.0,True,12,6,18
empirical_w6,1,3.1,dynamic,3800001611,3800001611,332.3937988281248,0,0.0,True,12,6,18
empirical_w6,1,3.1,dynamic,3800000110,3800000110,161.52136230468736,0,0.0,True,12,6,18
empirical_w6,1,3.1,myopic,1600066610,1600066610,472.7574157714848,0,0.0,True,12,6,18
empirical_w6,1,3.1,myopic,1600066590,1600066590,399.8057861328117,0,0.0,True,12,6,18
empirical_w6,1,3.1,myopic,3800000120,3800000120,676.3295995578767,4,2.2,True,12,6,18
empirical_w6,1,3.1,myopic,3800001520,3800001520,327.6087036132809,0,0.0,True,12,6,18
empirical_w6,1,3.1,myopic,3800000127,3800000127,370.5578124260107,4,2.0,True,12,6,18
empirical_w6,1,3.1,myopic,1600066510,1600066510,737.063404109319,4,2.0,True,12,6,18
empirical_w6,1,3.1,myopic,3800001611,3800001611,332.3937988281248,0,0.0,True,12,6,18
empirical_w6,1,3.1,myopic,3800000110,3800000110,161.52136230468736,0,0.0,True,12,6,18
empirical_w6,1,3.15,dynamic,1600066610,1600066610,472.7574157714848,0,0.0,True,12,6,18
empirical_w6,1,3.15,dynamic,1600066590,1600066590,399.8057861328117,0,0.0,True,12,6,18
empirical_w6,1,3.15,dynamic,3800000120,3800000120,691.1255132331848,4,2.2,True,12,6,18
empirical_w6,1,3.15,dynamic,3800001520,3800001520,327.6087036132809,0,0.0,True,12,6,18
empirical_w6,1,3.15,dynamic,3800000127,3800000127,377.7464279859065,4,2.0,True,12,6,18
empirical_w6,1,3.15,dynamic,1600066510,1600066510,751.1962002223331,4,2.0,True,12,6,18
empirical_w6,1,3.15,dynamic,3800001611,3800001611,332.3937988281248,0,0.0,True,12,6,18
empirical_w6,1,3.15,dynamic,3800000110,3800000110,161.52136230468736,0,0.0,True,12,6,18
empirical_w6,1,3.15,myopic,1600066610,1600066610,472.7574157714848,0,0.0,True,12,6,18
empirical_w6,1,3.15,myopic,1600066590,1600066590,399.8057861328117,0,0.0,True,12,6,18
empirical_w6,1,3.15,myopic,3800000120,3800000120,691.1255132331848,4,2.2,True,12,6,18
empirical_w6,1,3.15,myopic,3800001520,3800001520,327.6087036132809,0,0.0,True,12,6,18
empirical_w6,1,3.15,myopic,3800000127,3800000127,377.7464279859065,4,2.0,True,12,6,18
empirical_w6,1,3.15,myopic,1600066510,1600066510,751.1962002223331,4,2.0,True,12,6,18
empirical_w6,1,3.15,myopic,3800001611,3800001611,332.3937988281248,0,0.0,True,12,6,18
empirical_w6,1,3.15,myopic,3800000110,3800000110,161.52136230468736,0,0.0,True,12,6,18
empirical_w6,1,3.2,dynamic,1600066610,1600066610,472.7574157714848,0,0.0,True,12,6,18
empirical_w6,1,3.2,dynamic,1600066590,1600066590,399.8057861328117,0,0.0,True,12,6,18
empirical_w6,1,3.2,dynamic,3800000120,3800000120,705.9214269084931,4,2.2,True,12,6,18
empirical_w6,1,3.2,dynamic,3800001520,3800001520,327.6087036132809,0,0.0,True,12,6,18
empirical_w6,1,3.2,dynamic,3800000127,3800000127,384.9350435458024,4,2.0,True,12,6,18
empirical_w6,1,3.2,dynamic,1600066510,1600066510,765.3289963353475,4,2.0,True,12,6,18
empirical_w6,1,3.2,dynamic,3800001611,3800001611,332.3937988281248,0,0.0,True,12,6,18
empirical_w6,1,3.2,dynamic,3800000110,3800000110,161.52136230468736,0,0.0,True,12,6,18
empirical_w6,1,3.2,myopic,1600066610,1600066610,472.7574157714848,0,0.0,True,12,6,18
empirical_w6,1,3.2,myopic,1600066590,1600066590,399.8057861328117,0,0.0,True,12,6,18
empirical_w6,1,3.2,myopic,3800000120,3800000120,705.9214269084931,4,2.2,True,12,6,18
empirical_w6,1,3.2,myopic,3800001520,3800001520,327.6087036132809,0,0.0,True,12,6,18
empirical_w6,1,3.2,myopic,3800000127,3800000127,384.9350435458024,4,2.0,True,12,6,18
empirical_w6,1,3.2,myopic,1600066510,1600066510,765.3289963353475,4,2.0,True,12,6,18
empirical_w6,1,3.2,myopic,3800001611,3800001611,332.3937988281248,0,0.0,True,12,6,18
empirical_w6,1,3.2,myopic,3800000110,3800000110,161.52136230468736,0,0.0,True,12,6,18
empirical_w6,2,1.2,dynamic,1600066610,1600066610,472.7574157714848,0,0.0,True,12,6,18
empirical_w6,2,1.2,dynamic,1600066590,1600066590,399.8057861328117,0,0.0,True,12,6,18
empirical_w6,2,1.2,dynamic,3800000120,3800000120,249.29017639160062,0,0.0,True,12,6,18
empirical_w6,2,1.2,dynamic,3800001520,3800001520,327.6087036132809,0,0.0,True,12,6,18
empirical_w6,2,1.2,dynamic,3800000127,3800000127,239.69628906249972,0,0.0,True,12,6,18
empirical_w6,2,1.2,dynamic,1600066510,1600066510,398.87255859374886,0,0.0,True,12,6,18
empirical_w6,2,1.2,dynamic,3800001611,3800001611,332.3937988281248,0,0.0,True,12,6,18
empirical_w6,2,1.2,dynamic,3800000110,3800000110,161.52136230468736,0,0.0,True,12,6,18
empirical_w6,2,1.2,myopic,1600066610,1600066610,472.7574157714848,0,0.0,True,12,6,18
empirical_w6,2,1.2,myopic,1600066590,1600066590,399.8057861328117,0,0.0,True,12,6,18
empirical_w6,2,1.2,myopic,3800000120,3800000120,249.29017639160062,0,0.0,True,12,6,18
empirical_w6,2,1.2,myopic,3800001520,3800001520,327.6087036132809,0,0.0,True,12,6,18
empirical_w6,2,1.2,myopic,3800000127,3800000127,239.69628906249972,0,0.0,True,12,6,18
empirical_w6,2,1.2,myopic,1600066510,1600066510,398.87255859374886,0,0.0,True,12,6,18
empirical_w6,2,1.2,myopic,3800001611,3800001611,332.3937988281248,0,0.0,True,12,6,18
empirical_w6,2,1.2,myopic,3800000110,3800000110,161.52136230468736,0,0.0,True,12,6,18
empirical_w6,2,1.25,dynamic,1600066610,1600066610,472.7574157714848,0,0.0,True,12,6,18
empirical_w6,2,1.25,dynamic,1600066590,1600066590,399.8057861328117,0,0.0,True,12,6,18
empirical_w6,2,1.25,dynamic,3800000120,3800000120,249.29017639160062,0,0.0,True,12,6,18
empirical_w6,2,1.25,dynamic,3800001520,3800001520,327.6087036132809,0,0.0,True,12,6,18
empirical_w6,2,1.25,dynamic,3800000127,3800000127,239.69628906249972,0,0.0,True,12,6,18
empirical_w6,2,1.25,dynamic,1600066510,1600066510,398.87255859374886,0,0.0,True,12,6,18
empirical_w6,2,1.25,dynamic,3800001611,3800001611,332.3937988281248,0,0.0,True,12,6,18
empirical_w6,2,1.25,dynamic,3800000110,3800000110,161.52136230468736,0,0.0,True,12,6,18
empirical_w6,2,1.25,myopic,1600066610,1600066610,472.7574157714848,0,0.0,True,12,6,18
empirical_w6,2,1.25,myopic,1600066590,1600066590,399.8057861328117,0,0.0,True,12,6,18
empirical_w6,2,1.25,myopic,3800000120,3800000120,249.29017639160062,0,0.0,True,12,6,18
empirical_w6,2,1.25,myopic,3800001520,3800001520,327.6087036132809,0,0.0,True,12,6,18
empirical_w6,2,1.25,myopic,3800000127,3800000127,239.69628906249972,0,0.0,True,12,6,18
empirical_w6,2,1.25,myopic,1600066510,1600066510,398.87255859374886,0,0.0,True,12,6,18
empirical_w6,2,1.25,myopic,3800001611,3800001611,332.3937988281248,0,0.0,True,12,6,18
empirical_w6,2,1.25,myopic,3800000110,3800000110,161.52136230468736,0,0.0,True,12,6,18
empirical_w6,2,1.3,dynamic,1600066610,1600066610,472.7574157714848,0,0.0,True,12,6,18
empirical_w6,2,1.3,dynamic,1600066590,1600066590,399.8057861328117,0,0.0,True,12,6,18
empirical_w6,2,1.3,dynamic,3800000120,3800000120,249.29017639160062,0,0.0,True,12,6,18
empirical_w6,2,1.3,dynamic,3800001520,3800001520,327.6087036132809,0,0.0,True,12,6,18
empirical_w6,2,1.3,dynamic,3800000127,3800000127,239.69628906249972,0,0.0,True,12,6,18
empirical_w6,2,1.3,dynamic,1600066510,1600066510,398.87255859374886,0,0.0,True,12,6,18
empirical_w6,2,1.3,dynamic,3800001611,3800001611,332.3937988281248,0,0.0,True,12,6,18
empirical_w6,2,1.3,dynamic,3800000110,3800000110,161.52136230468736,0,0.0,True,12,6,18
empirical_w6,2,1.3,myopic,1600066610,1600066610,472.7574157714848,0,0.0,True,12,6,18
empirical_w6,2,1.3,myopic,1600066590,1600066590,399.8057861328117,0,0.0,True,12,6,18
empirical_w6,2,1.3,myopic,3800000120,3800000120,249.29017639160062,0,0.0,True,12,6,18
empirical_w6,2,1.3,myopic,3800001520,3800001520,327.6087036132809,0,0.0,True,12,6,18
empirical_w6,2,1.3,myopic,3800000127,3800000127,239.69628906249972,0,0.0,True,12,6,18
empirical_w6,2,1.3,myopic,1600066510,1600066510,398.87255859374886,0,0.0,True,12,6,18
empirical_w6,2,1.3,myopic,3800001611,3800001611,332.3937988281248,0,0.0,True,12,6,18
empirical_w6,2,1.3,myopic,3800000110,3800000110,161.52136230468736,0,0.0,True,12,6,18
empirical_w6,2,1.35,dynamic,1600066610,1600066610,472.7574157714848,0,0.0,True,12,6,18
empirical_w6,2,1.35,dynamic,1600066590,1600066590,399.8057861328117,0,0.0,True,12,6,18
empirical_w6,2,1.35,dynamic,3800000120,3800000120,249.29017639160062,0,0.0,True,12,6,18
empirical_w6,2,1.35,dynamic,3800001520,3800001520,327.6087036132809,0,0.0,True,12,6,18
empirical_w6,2,1.35,dynamic,3800000127,3800000127,239.69628906249972,0,0.0,True,12,6,18
empirical_w6,2,1.35,dynamic,1600066510,1600066510,398.87255859374886,0,0.0,True,12,6,18
empirical_w6,2,1.35,dynamic,3800001611,3800001611,332.3937988281248,0,0.0,True,12,6,18
empirical_w6,2,1.35,dynamic,3800000110,3800000110,161.52136230468736,0,0.0,True,12,6,18
empirical_w6,2,1.35,myopic,1600066610,1600066610,472.7574157714848,0,0.0,True,12,6,18
empirical_w6,2,1.35,myopic,1600066590,1600066590,399.8057861328117,0,0.0,True,12,6,18
empirical_w6,2,1.35,myopic,3800000120,3800000120,249.29017639160062,0,0.0,True,12,6,18
empirical_w6,2,1.35,myopic,3800001520,3800001520,327.6087036132809,0,0.0,True,12,6,18
empirical_w6,2,1.35,myopic,3800000127,3800000127,239.69628906249972,0,0.0,True,12,6,18
empirical_w6,2,1.35,myopic,1600066510,1600066510,398.87255859374886,0,0.0,True,12,6,18
empirical_w6,2,1.35,myopic,3800001611,3800001611,332.3937988281248,0,0.0,True,12,6,18
empirical_w6,2,1.35,myopic,3800000110,3800000110,161.52136230468736,0,0.0,True,12,6,18
empirical_w6,2,1.4,dynamic,1600066610,1600066610,472.7574157714848,0,0.0,True,12,6,18
empirical_w6,2,1.4,dynamic,1600066590,1600066590,399.8057861328117,0,0.0,True,12,6,18
empirical_w6,2,1.4,dynamic,3800000120,3800000120,249.29017639160062,0,0.0,True,12,6,18
empirical_w6,2,1.4,dynamic,3800001520,3800001520,327.6087036132809,0,0.0,True,12,6,18
empirical_w6,2,1.4,dynamic,3800000127,3800000127,239.69628906249972,0,0.0,True,12,6,18
empirical_w6,2,1.4,dynamic,1600066510,1600066510,398.87255859374886,0,0.0,True,12,6,18
empirical_w6,2,1.4,dynamic,3800001611,3800001611,332.3937988281248,0,0.0,True,12,6,18
empirical_w6,2,1.4,dynamic,3800000110,3800000110,161.52136230468736,0,0.0,True,12,6,18
empirical_w6,2,1.4,myopic,1600066610,1600066610,472.7574157714848,0,0.0,True,12,6,18
empirical_w6,2,1.4,myopic,1600066590,1600066590,399.8057861328117,0,0.0,True,12,6,18
empirical_w6,2,1.4,myopic,3800000120,3800000120,249.29017639160062,0,0.0,True,12,6,18
empirical_w6,2,1.4,myopic,3800001520,3800001520,327.6087036132809,0,0.0,True,12,6,18
empirical_w6,2,1.4,myopic,3800000127,3800000127,239.69628906249972,0,0.0,True,12,6,18
empirical_w6,2,1.4,myopic,1600066510,1600066510,398.87255859374886,0,0.0,True,12,6,18
empirical_w6,2,1.4,myopic,3800001611,3800001611,332.3937988281248,0,0.0,True,12,6,18
empirical_w6,2,1.4,myopic,3800000110,3800000110,158.11196318197253,4,0.36,True,12,6,18
empirical_w6,2,1.45,dynamic,1600066610,1600066610,472.7574157714848,0,0.0,True,12,6,18
empirical_w6,2,1.45,dynamic,1600066590,1600066590,399.8057861328117,0,0.0,True,12,6,18
empirical_w6,2,1.45,dynamic,3800000120,3800000120,249.29017639160062,0,0.0,True,12,6,18
empirical_w6,2,1.45,dynamic,3800001520,3800001520,327.6087036132809,0,0.0,True,12,6,18
empirical_w6,2,1.45,dynamic,3800000127,3800000127,239.69628906249972,0,0.0,True,12,6,18
empirical_w6,2,1.45,dynamic,1600066510,1600066510,398.87255859374886,0,0.0,True,12,6,18
empirical_w6,2,1.45,dynamic,3800001611,3800001611,332.3937988281248,0,0.0,True,12,6,18
empirical_w6,2,1.45,dynamic,3800000110,3800000110,161.52136230468736,0,0.0,True,12,6,18
empirical_w6,2,1.45,myopic,1600066610,1600066610,472.7574157714848,0,0.0,True,12,6,18
empirical_w6,2,1.45,myopic,1600066590,1600066590,399.8057861328117,0,0.0,True,12,6,18
empirical_w6,2,1.45,myopic,3800000120,3800000120,249.29017639160062,0,0.0,True,12,6,18
empirical_w6,2,1.45,myopic,3800001520,3800001520,327.6087036132809,0,0.0,True,12,6,18
empirical_w6,2,1.45,myopic,3800000127,3800000127,239.69628906249972,0,0.0,True,12,6,18
empirical_w6,2,1.45,myopic,1600066510,1600066510,398.87255859374886,0,0.0,True,12,6,18
empirical_w6,2,1.45,myopic,3800001611,3800001611,332.3937988281248,0,0.0,True,12,6,18
empirical_w6,2,1.45,myopic,3800000110,3800000110,159.1346843564908,4,0.36,True,12,6,18
empirical_w6,2,1.5,dynamic,1600066610,1600066610,472.7574157714848,0,0.0,True,12,6,18
empirical_w6,2,1.5,dynamic,1600066590,1600066590,399.8057861328117,0,0.0,True,12,6,18
empirical_w6,2,1.5,dynamic,3800000120,3800000120,249.29017639160062,0,0.0,True,12,6,18
empirical_w6,2,1.5,dynamic,3800001520,3800001520,327.6087036132809,0,0.0,True,12,6,18
empirical_w6,2,1.5,dynamic,3800000127,3800000127,239.69628906249972,0,0.0,True,12,6,18
empirical_w6,2,1.5,dynamic,1600066510,1600066510,398.87255859374886,0,0.0,True,12,6,18
empirical_w6,2,1.5,dynamic,3800001611,3800001611,332.3937988281248,0,0.0,True,12,6,18
empirical_w6,2,1.5,dynamic,3800000110,3800000110,161.52136230468736,0,0.0,True,12,6,18
empirical_w6,2,1.5,myopic,1600066610,1600066610,472.7574157714848,0,0.0,True,12,6,18
empirical_w6,2,1.5,myopic,1600066590,1600066590,399.8057861328117,0,0.0,True,12,6,18
empirical_w6,2,1.5,myopic,3800000120,3800000120,249.29017639160062,0,0.0,True,12,6,18
empirical_w6,2,1.5,myopic,3800001520,3800001520,327.6087036132809,0,0.0,True,12,6,18
empirical_w6,2,1.5,myopic,3800000127,3800000127,239.69628906249972,0,0.0,True,12,6,18
empirical_w6,2,1.5,myopic,1600066510,1600066510,398.87255859374886,0,0.0,True,12,6,18
empirical_w6,2,1.5,myopic,3800001611,3800001611,332.3937988281248,0,0.0,True,12,6,18
empirical_w6,2,1.5,myopic,3800000110,3800000110,160.15740553100906,4,0.36,True,12,6,18
empirical_w6,2,1.55,dynamic,1600066610,1600066610,472.7574157714848,0,0.0,True,12,6,18
empirical_w6,2,1.55,dynamic,1600066590,1600066590,399.8057861328117,0,0.0,True,12,6,18
empirical_w6,2,1.55,dynamic,3800000120,3800000120,249.29017639160062,0,0.0,True,12,6,18
empirical_w6,2,1.55,dynamic,3800001520,3800001520,327.6087036132809,0,0.0,True,12,6,18
empirical_w6,2,1.55,dynamic,3800000127,3800000127,239.69628906249972,0,0.0,True,12,6,18
empirical_w6,2,1.55,dynamic,1600066510,1600066510,398.87255859374886,0,0.0,True,12,6,18
empirical_w6,2,1.55,dynamic,3800001611,3800001611,332.3937988281248,0,0.0,True,12,6,18
empirical_w6,2,1.55,dynamic,3800000110,3800000110,161.57857807493212,1,0.09,True,12,6,18
empirical_w6,2,1.55,myopic,1600066610,1600066610,472.7574157714848,0,0.0,True,12,6,18
empirical_w6,2,1.55,myopic,1600066590,1600066590,399.8057861328117,0,0.0,True,12,6,18
empirical_w6,2,1.55,myopic,3800000120,3800000120,249.29017639160062,0,0.0,True,12,6,18
empirical_w6,2,1.55,myopic,3800001520,3800001520,327.6087036132809,0,0.0,True,12,6,18
empirical_w6,2,1.55,myopic,3800000127,3800000127,239.69628906249972,0,0.0,True,12,6,18
empirical_w6,2,1.55,myopic,1600066510,1600066510,398.87255859374886,0,0.0,True,12,6,18
empirical_w6,2,1.55,myopic,3800001611,3800001611,332.3937988281248,0,0.0,True,12,6,18
empirical_w6,2,1.55,myopic,3800000110,3800000110,161.18012670552733,4,0.36,True,12,6,18
empirical_w6,2,1.6,dynamic,1600066610,1600066610,472.7574157714848,0,0.0,True,12,6,18
empirical_w6,2,1.6,dynamic,1600066590,1600066590,399.8057861328117,0,0.0,True,12,6,18
empirical_w6,2,1.6,dynamic,3800000120,3800000120,249.29017639160062,0,0.0,True,12,6,18
empirical_w6,2,1.6,dynamic,3800001520,3800001520,327.6087036132809,0,0.0,True,12,6,18
empirical_w6,2,1.6,dynamic,3800000127,3800000127,239.69628906249972,0,0.0,True,12,6,18
empirical_w6,2,1.6,dynamic,1600066510,1600066510,398.87255859374886,0,0.0,True,12,6,18
empirical_w6,2,1.6,dynamic,3800001611,3800001611,332.3937988281248,0,0.0,True,12,6,18
empirical_w6,2,1.6,dynamic,3800000110,3800000110,162.3498230209351,4,0.36,True,12,6,18
empirical_w6,2,1.6,myopic,1600066610,1600066610,472.7574157714848,0,0.0,True,12,6,18
empirical_w6,2,1.6,myopic,1600066590,1600066590,399.8057861328117,0,0.0,True,12,6,18
empirical_w6,2,1.6,myopic,3800000120,3800000120,249.29017639160062,0,0.0,True,12,6,18
empirical_w6,2,1.6,myopic,3800001520,3800001520,327.6087036132809,0,0.0,True,12,6,18
empirical_w6,2,1.6,myopic,3800000127,3800000127,239.69628906249972,0,0.0,True,12,6,18
empirical_w6,2,1.6,myopic,1600066510,1600066510,398.87255859374886,0,0.0,True,12,6,18
empirical_w6,2,1.6,myopic,3800001611,3800001611,332.3937988281248,0,0.0,True,12,6,18
empirical_w6,2,1.6,myopic,3800000110,3800000110,162.2028478800456,4,0.36,True,12,6,18
empirical_w6,2,1.65,dynamic,1600066610,1600066610,472.7574157714848,0,0.0,True,12,6,18
empirical_w6,2,1.65,dynamic,1600066590,1600066590,399.8057861328117,0,0.0,True,12,6,18
empirical_w6,2,1.65,dynamic,3800000120,3800000120,249.4082453476587,3,0.8999999999999999,True,12,6,18
empirical_w6,2,1.65,dynamic,3800001520,3800001520,327.6087036132809,0,0.0,True,12,6,18
empirical_w6,2,1.65,dynamic,3800000127,3800000127,239.69628906249972,0,0.0,True,12,6,18
empirical_w6,2,1.65,dynamic,1600066510,1600066510,398.87255859374886,0,0.0,True,12,6,18
empirical_w6,2,1.65,dynamic,3800001611,3800001611,332.3937988281248,0,0.0,True,12,6,18
empirical_w6,2,1.65,dynamic,3800000110,3800000110,163.36234255170825,4,0.36,True,12,6,18
empirical_w6,2,1.65,myopic,1600066610,1600066610,472.7574157714848,0,0.0,True,12,6,18
empirical_w6,2,1.65,myopic,1600066590,1600066590,399.8057861328117,0,0.0,True,12,6,18
empirical_w6,2,1.65,myopic,3800000120,3800000120,249.34144879261646,4,1.2,True,12,6,18
empirical_w6,2,1.65,myopic,3800001520,3800001520,327.6087036132809,0,0.0,True,12,6,18
empirical_w6,2,1.65,myopic,3800000127,3800000127,239.69628906249972,0,0.0,True,12,6,18
empirical_w6,2,1.65,myopic,1600066510,1600066510,398.87255859374886,0,0.0,True,12,6,18
empirical_w6,2,1.65,myopic,3800001611,3800001611,332.3937988281248,0,0.0,True,12,6,18
empirical_w6,2,1.65,myopic,3800000110,3800000110,163.22556905456386,4,0.36,True,12,6,18
empirical_w6,2,1.7,dynamic,1600066610,1600066610,472.7574157714848,0,0.0,True,12,6,18
empirical_w6,2,1.7,dynamic,1600066590,1600066590,399.8057861328117,0,0.0,True,12,6,18
empirical_w6,2,1.7,dynamic,3800000120,3800000120,262.089974407196,4,2.2,True,12,6,18
empirical_w6,2,1.7,dynamic,3800001520,3800001520,327.6087036132809,0,0.0,True,12,6,18
empirical_w6,2,1.7,dynamic,3800000127,3800000127,239.69628906249972,0,0.0,True,12,6,18
empirical_w6,2,1.7,dynamic,1600066510,1600066510,398.87255859374886,0,0.0,True,12,6,18
empirical_w6,2,1.7,dynamic,3800001611,3800001611,332.3937988281248,0,0.0,True,12,6,18
empirical_w6,2,1.7,dynamic,3800000110,3800000110,164.3748620824814,4,0.36,True,12,6,18
empirical_w6,2,1.7,myopic,1600066610,1600066610,472.7574157714848,0,0.0,True,12,6,18
empirical_w6,2,1.7,myopic,1600066590,1600066590,399.8057861328117,0,0.0,True,12,6,18
empirical_w6,2,1.7,myopic,3800000120,3800000120,262.04401664924626,4,2.2,True,12,6,18
empirical_w6,2,1.7,myopic,3800001520,3800001520,327.6087036132809,0,0.0,True,12,6,18
empirical_w6,2,1.7,myopic,3800000127,3800000127,239.69628906249972,0,0.0,True,12,6,18
empirical_w6,2,1.7,myopic,1600066510,1600066510,398.87255859374886,0,0.0,True,12,6,18
empirical_w6,2,1.7,myopic,3800001611,3800001611,332.3937988281248,0,0.0,True,12,6,18
empirical_w6,2,1.7,myopic,3800000110,3800000110,164.24829022908213,4,0.36,True,12,6,18
empirical_w6,2,1.75,dynamic,1600066610,1600066610,472.7574157714848,0,0.0,True,12,6,18
empirical_w6,2,1.75,dynamic,1600066590,1600066590,399.8057861328117,0,0.0,True,12,6,18
empirical_w6,2,1.75,dynamic,3800000120,3800000120,276.87042431672404,4,2.2,True,12,6,18
empirical_w6,2,1.75,dynamic,3800001520,3800001520,327.6087036132809,0,0.0,True,12,6,18
empirical_w6,2,1.75,dynamic,3800000127,3800000127,239.69628906249972,0,0.0,True,12,6,18
empirical_w6,2,1.75,dynamic,1600066510,1600066510,398.87255859374886,0,0.0,True,12,6,18
empirical_w6,2,1.75,dynamic,3800001611,3800001611,332.3937988281248,0,0.0,True,12,6,18
empirical_w6,2,1.75,dynamic,3800000110,3800000110,165.38738161325458,4,0.36,True,12,6,18
empirical_w6,2,1.75,myopic,1600066610,1600066610,472.7574157714848,0,0.0,True,12,6,18
empirical_w6,2,1.75,myopic,1600066590,1600066590,399.8057861328117,0,0.0,True,12,6,18
empirical_w6,2,1.75,myopic,3800000120,3800000120,276.83993032455453,4,2.2,True,12,6,18
empirical_w6,2,1.75,myopic,3800001520,3800001520,327.6087036132809,0,0.0,True,12,6,18
empirical_w6,2,1.75,myopic,3800000127,3800000127,239.69628906249972,0,0.0,True,12,6,18
empirical_w6,2,1.75,myopic,1600066510,1600066510,398.87255859374886,0,0.0,True,12,6,18
empirical_w6,2,1.75,myopic,3800001611,3800001611,332.3937988281248,0,0.0,True,12,6,18
empirical_w6,2,1.75,myopic,3800000110,3800000110,165.2710114036004,4,0.36,True,12,6,18
empirical_w6,2,1.8,dynamic,1600066610,1600066610,472.7574157714848,0,0.0,True,12,6,18
empirical_w6,2,1.8,dynamic,1600066590,1600066590,399.8057861328117,0,0.0,True,12,6,18
empirical_w6,2,1.8,dynamic,3800000120,3800000120,291.6572777996062,4,2.2,True,12,6,18
empirical_w6,2,1.8,dynamic,3800001520,3800001520,327.6087036132809,0,0.0,True,12,6,18
empirical_w6,2,1.8,dynamic,3800000127,3800000127,239.69628906249972,0,0.0,True,12,6,18
empirical_w6,2,1.8,dynamic,1600066510,1600066510,398.87255859374886,0,0.0,True,12,6,18
empirical_w6,2,1.8,dynamic,3800001611,3800001611,332.3937988281248,0,0.0,True,12,6,18
empirical_w6,2,1.8,dynamic,3800000110,3800000110,166.39990114402775,4,0.36,True,12,6,18
empirical_w6,2,1.8,myopic,1600066610,1600066610,472.7574157714848,0,0.0,True,12,6,18
empirical_w6,2,1.8,myopic,1600066590,1600066590,399.8057861328117,0,0.0,True,12,6,18
empirical_w6,2,1.8,myopic,3800000120,3800000120,291.6358439998628,4,2.2,True,12,6,18
empirical_w6,2,1.8,myopic,3800001520,3800001520,327.6087036132809,0,0.0,True,12,6,18
empirical_w6,2,1.8,myopic,3800000127,3800000127,239.69628906249972,0,0.0,True,12,6,18
empirical_w6,2,1.8,myopic,1600066510,1600066510,398.87255859374886,0,0.0,True,12,6,18
empirical_w6,2,1.8,myopic,3800001611,3800001611,332.3937988281248,0,0.0,True,12,6,18
empirical_w6,2,1.8,myopic,3800000110,3800000110,166.29373257811866,4,0.36,True,12,6,18
empirical_w6,2,1.85,dynamic,1600066610,1600066610,472.7574157714848,0,0.0,True,12,6,18
empirical_w6,2,1.85,dynamic,1600066590,1600066590,399.8057861328117,0,0.0,True,12,6,18
empirical_w6,2,1.85,dynamic,3800000120,3800000120,306.45137225786823,4,2.2,True,12,6,18
empirical_w6,2,1.85,dynamic,3800001520,3800001520,327.6087036132809,0,0.0,True,12,6,18
empirical_w6,2,1.85,dynamic,3800000127,3800000127,239.69628906249972,0,0.0,True,12,6,18
empirical_w6,2,1.85,dynamic,1600066510,1600066510,398.87255859374886,0,0.0,True,12,6,18
empirical_w6,2,1.85,dynamic,3800001611,3800001611,332.3937988281248,0,0.0,True,12,6,18
empirical_w6,2,1.85,dynamic,3800000110,3800000110,167.41383048220473,4,0.36,True,12,6,18
empirical_w6,2,1.85,myopic,1600066610,1600066610,472.7574157714848,0,0.0,True,12,6,18
empirical_w6,2,1.85,myopic,1600066590,1600066590,399.8057861328117,0,0.0,True,12,6,18
empirical_w6,2,1.85,myopic,3800000120,3800000120,306.43175767517096,4,2.2,True,12,6,18
empirical_w6,2,1.85,myopic,3800001520,3800001520,327.6087036132809,0,0.0,True,12,6,18
empirical_w6,2,1.85,myopic,3800000127,3800000127,239.69628906249972,0,0.0,True,12,6,18
empirical_w6,2,1.85,myopic,1600066510,1600066510,391.7079746659597,4,1.0,False,12,6,18
empirical_w6,2,1.85,myopic,3800001611,3800001611,332.3937988281248,0,0.0,True,12,6,18
empirical_w6,2,1.85,myopic,3800000110,3800000110,167.31645375263693,4,0.36,True,12,6,18
empirical_w6,2,1.9,dynamic,1600066610,1600066610,472.7574157714848,0,0.0,True,12,6,18
empirical_w6,2,1.9,dynamic,1600066590,1600066590,399.8057861328117,0,0.0,True,12,6,18
empirical_w6,2,1.9,dynamic,3800000120,3800000120,321.24684908548954,4,2.2,True,12,6,18
empirical_w6,2,1.9,dynamic,3800001520,3800001520,327.6087036132809,0,0.0,True,12,6,18
empirical_w6,2,1.9,dynamic,3800000127,3800000127,239.69628906249972,0,0.0,True,12,6,18
empirical_w6,2,1.9,dynamic,1600066510,1600066510,398.9515371443431,1,0.5,True,12,6,18
empirical_w6,2,1.9,dynamic,3800001611,3800001611,332.3937988281248,0,0.0,True,12,6,18
empirical_w6,2,1.9,dynamic,3800000110,3800000110,168.42928449066477,4,0.36,True,12,6,18
empirical_w6,2,1.9,myopic,1600066610,1600066610,472.7574157714848,0,0.0,True,12,6,18
empirical_w6,2,1.9,myopic,1600066590,1600066590,399.8057861328117,0,0.0,True,12,6,18
empirical_w6,2,1.9,myopic,3800000120,3800000120,321.2276713504792,4,2.2,True,12,6,18
empirical_w6,2,1.9,myopic,3800001520,3800001520,327.6087036132809,0,0.0,True,12,6,18
empirical_w6,2,1.9,myopic,3800000127,3800000127,239.69628906249972,0,0.0,True,12,6,18
empirical_w6,2,1.9,myopic,1600066510,1600066510,397.6741471004484,4,2.0,True,12,6,18
empirical_w6,2,1.9,myopic,3800001611,3800001611,332.3937988281248,0,0.0,True,12,6,18
empirical_w6,2,1.9,myopic,3800000110,3800000110,168.3782389660676,4,0.36,True,12,6,18
empirical_w6,2,1.95,dynamic,1600066610,1600066610,472.7574157714848,0,0.0,True,12,6,18
empirical_w6,2,1.95,dynamic,1600066590,1600066590,399.8057861328117,0,0.0,True,12,6,18
empirical_w6,2,1.95,dynamic,3800000120,3800000120,336.0423259131111,4,2.2,True,12,6,18
empirical_w6,2,1.95,dynamic,3800001520,3800001520,327.6087036132809,0,0.0,True,12,6,18
empirical_w6,2,1.95,dynamic,3800000127,3800000127,239.69628906249972,0,0.0,True,12,6,18
empirical_w6,2,1.95,dynamic,1600066510,1600066510,412.19174426651,4,2.0,True,12,6,18
empirical_w6,2,1.95,dynamic,3800001611,3800001611,332.3937988281248,0,0.0,True,12,6,18
empirical_w6,2,1.95,dynamic,3800000110,3800000110,169.44610831058023,4,0.36,True,12,6,18
empirical_w6,2,1.95,myopic,1600066610,1600066610,472.7574157714848,0,0.0,True,12,6,18
empirical_w6,2,1.95,myopic,1600066590,1600066590,399.8057861328117,0,0.0,True,12,6,18
empirical_w6,2,1.95,myopic,3800000120,3800000120,336.0235850257874,4,2.2,True,12,6,18
empirical_w6,2,1.95,myopic,3800001520,3800001520,327.6087036132809,0,0.0,True,12,6,18
empirical_w6,2,1.95,myopic,3800000127,3800000127,239.69628906249972,0,0.0,True,12,6,18
empirical_w6,2,1.95,myopic,1600066510,1600066510,411.87796229521416,4,2.0,True,12,6,18
empirical_w6,2,1.95,myopic,3800001611,3800001611,332.3937988281248,0,0.0,True,12,6,18
empirical_w6,2,1.95,myopic,3800000110,3800000110,169.39584652920564,4,0.36,True,12,6,18
empirical_w6,2,2.0,dynamic,1600066610,1600066610,472.7574157714848,0,0.0,True,12,6,18
empirical_w6,2,2.0,dynamic,1600066590,1600066590,399.8057861328117,0,0.0,True,12,6,18
empirical_w6,2,2.0,dynamic,3800000120,3800000120,350.8378027407325,4,2.2,True,12,6,18
empirical_w6,2,2.0,dynamic,3800001520,3800001520,327.6087036132809,0,0.0,True,12,6,18
empirical_w6,2,2.0,dynamic,3800000127,3800000127,239.69628906249972,0,0.0,True,12,6,18
empirical_w6,2,2.0,dynamic,1600066510,1600066510,426.3777114868161,4,2.0,True,12,6,18
empirical_w6,2,2.0,dynamic,3800001611,3800001611,332.3937988281248,0,0.0,True,12,6,18
empirical_w6,2,2.0,dynamic,3800000110,3800000110,170.45850725968677,4,0.36,True,12,6,18
empirical_w6,2,2.0,myopic,1600066610,1600066610,472.7574157714848,0,0.0,True,12,6,18
empirical_w6,2,2.0,myopic,1600066590,1600066590,399.8057861328117,0,0.0,True,12,6,18
empirical_w6,2,2.0,myopic,3800000120,3800000120,350.81949870109565,4,2.2,True,12,6,18
empirical_w6,2,2.0,myopic,3800001520,3800001520,327.6087036132809,0,0.0,True,12,6,18
empirical_w6,2,2.0,myopic,3800000127,3800000127,239.69628906249972,0,0.0,True,12,6,18
empirical_w6,2,2.0,myopic,1600066510,1600066510,426.0817774899799,4,2.0,True,12,6,18
empirical_w6,2,2.0,myopic,3800001611,3800001611,332.3937988281248,0,0.0,True,12,6,18
empirical_w6,2,2.0,myopic,3800000110,3800000110,170.41345409234364,4,0.36,True,12,6,18
empirical_w6,2,2.05,dynamic,1600066610,1600066610,472.7574157714848,0,0.0,True,12,6,18
empirical_w6,2,2.05,dynamic,1600066590,1600066590,399.8057861328117,0,0.0,True,12,6,18
empirical_w6,2,2.05,dynamic,3800000120,3800000120,365.63327956835394,4,2.2,True,12,6,18
empirical_w6,2,2.05,dynamic,3800001520,3800001520,327.6087036132809,0,0.0,True,12,6,18
empirical_w6,2,2.05,dynamic,3800000127,3800000127,239.69628906249972,0,0.0,True,12,6,18
empirical_w6,2,2.05,dynamic,1600066510,1600066510,440.5713547798791,4,2.0,True,12,6,18
empirical_w6,2,2.05,dynamic,3800001611,3800001611,332.3937988281248,0,0.0,True,12,6,18
empirical_w6,2,2.05,dynamic,3800000110,3800000110,171.47339951884746,4,0.36,True,12,6,18
empirical_w6,2,2.05,myopic,1600066610,1600066610,472.7574157714848,0,0.0,True,12,6,18
empirical_w6,2,2.05,myopic,1600066590,1600066590,399.8057861328117,0,0.0,True,12,6,18
empirical_w6,2,2.05,myopic,3800000120,3800000120,365.6154123764038,4,2.2,True,12,6,18
empirical_w6,2,2.05,myopic,3800001520,3800001520,327.6087036132809,0,0.0,True,12,6,18
empirical_w6,2,2.05,myopic,3800000127,3800000127,239.69628906249972,0,0.0,True,12,6,18
empirical_w6,2,2.05,myopic,1600066510,1600066510,440.28559268474555,4,2.0,True,12,6,18
empirical_w6,2,2.05,myopic,3800001611,3800001611,332.3937988281248,0,0.0,True,12,6,18
empirical_w6,2,2.05,myopic,3800000110,3800000110,171.43106165548164,4,0.36,True,12,6,18
empirical_w6,2,2.1,dynamic,1600066610,1600066610,472.7574157714848,0,0.0,True,12,6,18
empirical_w6,2,2.1,dynamic,1600066590,1600066590,399.8057861328117,0,0.0,True,12,6,18
empirical_w6,2,2.1,dynamic,3800000120,3800000120,380.4287563959755,4,2.2,True,12,6,18
empirical_w6,2,2.1,dynamic,3800001520,3800001520,327.6087036132809,0,0.0,True,12,6,18
empirical_w6,2,2.1,dynamic,3800000127,3800000127,239.69628906249972,0,0.0,True,12,6,18
empirical_w6,2,2.1,dynamic,1600066510,1600066510,454.79272727902725,4,2.0,True,12,6,18
empirical_w6,2,2.1,dynamic,3800001611,3800001611,332.3937988281248,0,0.0,True,12,6,18
empirical_w6,2,2.1,dynamic,3800000110,3800000110,172.48829177800815,4,0.36,True,12,6,18
empirical_w6,2,2.1,myopic,1600066610,1600066610,472.7574157714848,0,0.0,True,12,6,18
empirical_w6,2,2.1,myopic,1600066590,1600066590,399.8057861328117,0,0.0,True,12,6,18
empirical_w6,2,2.1,myopic,3800000120,3800000120,380.4113260517121,4,2.2,True,12,6,18
empirical_w6,2,2.1,myopic,3800001520,3800001520,327.6087036132809,0,0.0,True,12,6,18
empirical_w6,2,2.1,myopic,3800000127,3800000127,239.69628906249972,0,0.0,True,12,6,18
empirical_w6,2,2.1,myopic,1600066510,1600066510,454.4894078795114,4,2.0,True,12,6,18
empirical_w6,2,2.1,myopic,3800001611,3800001611,332.3937988281248,0,0.0,True,12,6,18
empirical_w6,2,2.1,myopic,3800000110,3800000110,172.44866921861967,4,0.36,True,12,6,18
empirical_w6,2,2.15,dynamic,1600066610,1600066610,472.7574157714848,0,0.0,True,12,6,18
empirical_w6,2,2.15,dynamic,1600066590,1600066590,399.8057861328117,0,0.0,True,12,6,18
empirical_w6,2,2.15,dynamic,3800000120,3800000120,395.2242332235968,4,2.2,True,12,6,18
empirical_w6,2,2.15,dynamic,3800001520,3800001520,327.6087036132809,0,0.0,True,12,6,18
empirical_w6,2,2.15,dynamic,3800000127,3800000127,239.69628906249972,0,0.0,True,12,6,18
empirical_w6,2,2.15,dynamic,1600066510,1600066510,469.0140997781752,4,2.0,True,12,6,18
empirical_w6,2,2.15,dynamic,3800001611,3800001611,332.3937988281248,0,0.0,True,12,6,18
empirical_w6,2,2.15,dynamic,3800000110,3800000110,173.5035012523333,4,0.36,True,12,6,18
empirical_w6,2,2.15,myopic,1600066610,1600066610,472.7574157714848,0,0.0,True,12,6,18
empirical_w6,2,2.15,myopic,1600066590,1600066590,399.8057861328117,0,0.0,True,12,6,18
empirical_w6,2,2.15,myopic,3800000120,3800000120,395.20723972702035,4,2.2,True,12,6,18
empirical_w6,2,2.15,myopic,3800001520,3800001520,327.6087036132809,0,0.0,True,12,6,18
empirical_w6,2,2.15,myopic,3800000127,3800000127,233.86215011843035,4,2.0,True,12,6,18
empirical_w6,2,2.15,myopic,1600066510,1600066510,468.69322307427706,4,2.0,True,12,6,18
empirical_w6,2,2.15,myopic,3800001611,3800001611,332.3937988281248,0,0.0,True,12,6,18
empirical_w6,2,2.15,myopic,3800000110,3800000110,173.46627678175767,4,0.36,True,12,6,18
empirical_w6,2,2.2,dynamic,1600066610,1600066610,472.7574157714848,0,0.0,True,12,6,18
empirical_w6,2,2.2,dynamic,1600066590,1600066590,399.8057861328117,0,0.0,True,12,6,18
empirical_w6,2,2.2,dynamic,3800000120,3800000120,410.01971005121834,4,2.2,True,12,6,18
empirical_w6,2,2.2,dynamic,3800001520,3800001520,327.6087036132809,0,0.0,True,12,6,18
empirical_w6,2,2.2,dynamic,3800000127,3800000127,241.16720283178492,4,2.0,True,12,6,18
empirical_w6,2,2.2,dynamic,1600066510,1600066510,483.23547227732337,4,2.0,True,12,6,18
empirical_w6,2,2.2,dynamic,3800001611,3800001611,332.3937988281248,0,0.0,True,12,6,18
empirical_w6,2,2.2,dynamic,3800000110,3800000110,174.48388434489567,4,0.36,True,12,6,18
empirical_w6,2,2.2,myopic,1600066610,1600066610,472.7574157714848,0,0.0,True,12,6,18
empirical_w6,2,2.2,myopic,1600066590,1600066590,399.8057861328117,0,0.0,True,12,6,18
empirical_w6,2,2.2,myopic,3800000120,3800000120,410.0031534023286,4,2.2,True,12,6,18
empirical_w6,2,2.2,myopic,3800001520,3800001520,327.6087036132809,0,0.0,True,12,6,18
empirical_w6,2,2.2,myopic,3800000127,3800000127,241.08688938721014,4,2.0,True,12,6,18
empirical_w6,2,2.2,myopic,1600066510,1600066510,482.8970382690428,4,2.0,True,12,6,18
empirical_w6,2,2.2,myopic,3800001611,3800001611,332.3937988281248,0,0.0,True,12,6,18
empirical_w6,2,2.2,myopic,3800000110,3800000110,174.48388434489567,4,0.36,True,12,6,18
empirical_w6,2,2.24,dynamic,1600066610,1600066610,472.7574157714848,0,0.0,True,12,6,18
empirical_w6,2,2.24,dynamic,1600066590,1600066590,399.8057861328117,0,0.0,True,12,6,18
empirical_w6,2,2.24,dynamic,3800000120,3800000120,421.8560915133155,4,2.2,True,12,6,18
empirical_w6,2,2.24,dynamic,3800001520,3800001520,327.6087036132809,0,0.0,True,12,6,18
empirical_w6,2,2.24,dynamic,3800000127,3800000127,246.94035764326262,4,2.0,True,12,6,18
empirical_w6,2,2.24,dynamic,1600066510,1600066510,494.61257027664186,4,2.0,True,12,6,18
empirical_w6,2,2.24,dynamic,3800001611,3800001611,332.3937988281248,0,0.0,True,12,6,18
empirical_w6,2,2.24,dynamic,3800000110,3800000110,175.29797039540608,4,0.36,True,12,6,18
empirical_w6,2,2.24,myopic,1600066610,1600066610,472.7574157714848,0,0.0,True,12,6,18
empirical_w6,2,2.24,myopic,1600066590,1600066590,399.8057861328117,0,0.0,True,12,6,18
empirical_w6,2,2.24,myopic,3800000120,3800000120,421.83988434257526,4,2.2,True,12,6,18
empirical_w6,2,2.24,myopic,3800001520,3800001520,327.6087036132809,0,0.0,True,12,6,18
empirical_w6,2,2.24,myopic,3800000127,3800000127,246.86668080223393,4,2.0,True,12,6,18
empirical_w6,2,2.24,myopic,1600066510,1600066510,494.26009042485543,4,2.0,True,12,6,18
empirical_w6,2,2.24,myopic,3800001611,3800001611,332.3937988281248,0,0.0,True,12,6,18
empirical_w6,2,2.24,myopic,3800000110,3800000110,175.29797039540608,4,0.36,True,12,6,18
empirical_w6,2,2.25,dynamic,1600066610,1600066610,472.7574157714848,0,0.0,True,12,6,18
empirical_w6,2,2.25,dynamic,1600066590,1600066590,399.8057861328117,0,0.0,True,12,6,18
empirical_w6,2,2.25,dynamic,3800000120,3800000120,424.81518687883977,4,2.2,True,12,6,18
empirical_w6,2,2.25,dynamic,3800001520,3800001520,327.6087036132809,0,0.0,True,12,6,18
empirical_w6,2,2.25,dynamic,3800000127,3800000127,248.38461147882046,4,2.0,True,12,6,18
empirical_w6,2,2.25,dynamic,1600066510,1600066510,497.4568447764713,4,2.0,True,12,6,18
empirical_w6,2,2.25,dynamic,3800001611,3800001611,332.3937988281248,0,0.0,True,12,6,18
empirical_w6,2,2.25,dynamic,3800000110,3800000110,175.5014919080337,4,0.36,True,12,6,18
empirical_w6,2,2.25,myopic,1600066610,1600066610,472.7574157714848,0,0.0,True,12,6,18
empirical_w6,2,2.25,myopic,1600066590,1600066590,399.8057861328117,0,0.0,True,12,6,18
empirical_w6,2,2.25,myopic,3800000120,3800000120,424.7990670776368,4,2.2,True,12,6,18
empirical_w6,2,2.25,myopic,3800001520,3800001520,327.6087036132809,0,0.0,True,12,6,18
empirical_w6,2,2.25,myopic,3800000127,3800000127,248.31162865598986,4,2.0,True,12,6,18
empirical_w6,2,2.25,myopic,1600066510,1600066510,497.10085346380856,4,2.0,True,12,6,18
empirical_w6,2,2.25,myopic,3800001611,3800001611,332.3937988281248,0,0.0,True,12,6,18
empirical_w6,2,2.25,myopic,3800000110,3800000110,175.5014919080337,4,0.36,True,12,6,18
empirical_w6,2,2.3,dynamic,1600066610,1600066610,472.7574157714848,0,0.0,True,12,6,18
empirical_w6,2,2.3,dynamic,1600066590,1600066590,399.8057861328117,0,0.0,True,12,6,18
empirical_w6,2,2.3,dynamic,3800000120,3800000120,439.6106637064612,4,2.2,True,12,6,18
empirical_w6,2,2.3,dynamic,3800001520,3800001520,327.6087036132809,0,0.0,True,12,6,18
empirical_w6,2,2.3,dynamic,3800000127,3800000127,255.61209287040927,4,2.0,True,12,6,18
empirical_w6,2,2.3,dynamic,1600066510,1600066510,511.6782172756194,4,2.0,True,12,6,18
empirical_w6,2,2.3,dynamic,3800001611,3800001611,332.3937988281248,0,0.0,True,12,6,18
empirical_w6,2,2.3,dynamic,3800000110,3800000110,176.5190994711717,4,0.36,True,12,6,18
empirical_w6,2,2.3,myopic,1600066610,1600066610,472.7574157714848,0,0.0,True,12,6,18
empirical_w6,2,2.3,myopic,1600066590,1600066590,399.8057861328117,0,0.0,True,12,6,18
empirical_w6,2,2.3,myopic,3800000120,3800000120,439.59498075294493,4,2.2,True,12,6,18
empirical_w6,2,2.3,myopic,3800001520,3800001520,327.6087036132809,0,0.0,True,12,6,18
empirical_w6,2,2.3,myopic,3800000127,3800000127,255.5363679247696,4,2.0,True,12,6,18
empirical_w6,2,2.3,myopic,1600066510,1600066510,511.3046686585742,4,2.0,True,12,6,18
empirical_w6,2,2.3,myopic,3800001611,3800001611,332.3937988281248,0,0.0,True,12,6,18
empirical_w6,2,2.3,myopic,3800000110,3800000110,176.5190994711717,4,0.36,True,12,6,18
empirical_w6,2,2.35,dynamic,1600066610,1600066610,472.7574157714848,0,0.0,True,12,6,18
empirical_w6,2,2.35,dynamic,1600066590,1600066590,399.8057861328117,0,0.0,True,12,6,18
empirical_w6,2,2.35,dynamic,3800000120,3800000120,454.40614053408274,4,2.2,True,12,6,18
empirical_w6,2,2.35,dynamic,3800001520,3800001520,327.6087036132809,0,0.0,True,12,6,18
empirical_w6,2,2.35,dynamic,3800000127,3800000127,262.8395742619982,4,2.0,True,12,6,18
empirical_w6,2,2.35,dynamic,1600066510,1600066510,525.8995897747675,4,2.0,True,12,6,18
empirical_w6,2,2.35,dynamic,3800001611,3800001611,332.3937988281248,0,0.0,True,12,6,18
empirical_w6,2,2.35,dynamic,3800000110,3800000110,177.5367070343097,4,0.36,True,12,6,18
empirical_w6,2,2.35,myopic,1600066610,1600066610,472.7574157714848,0,0.0,True,12,6,18
empirical_w6,2,2.35,myopic,1600066590,1600066590,399.8057861328117,0,0.0,True,12,6,18
empirical_w6,2,2.35,myopic,3800000120,3800000120,454.3908944282533,4,2.2,True,12,6,18
empirical_w6,2,2.35,myopic,3800001520,3800001520,327.6087036132809,0,0.0,True,12,6,18
empirical_w6,2,2.35,myopic,3800000127,3800000127,262.7611071935494,4,2.0,True,12,6,18
empirical_w6,2,2.35,myopic,1600066510,1600066510,525.50848385334,4,2.0,True,12,6,18
empirical_w6,2,2.35,myopic,3800001611,3800001611,332.3937988281248,0,0.0,True,12,6,18
empirical_w6,2,2.35,myopic,3800000110,3800000110,177.5367070343097,4,0.36,True,12,6,18
empirical_w6,2,2.4,dynamic,1600066610,1600066610,472.7574157714848,0,0.0,True,12,6,18
empirical_w6,2,2.4,dynamic,1600066590,1600066590,399.8057861328117,0,0.0,True,12,6,18
empirical_w6,2,2.4,dynamic,3800000120,3800000120,469.20161736170405,4,2.2,True,12,6,18
empirical_w6,2,2.4,dynamic,3800001520,3800001520,327.6087036132809,0,0.0,True,12,6,18
empirical_w6,2,2.4,dynamic,3800000127,3800000127,270.067055653587,4,2.0,True,12,6,18
empirical_w6,2,2.4,dynamic,1600066510,1600066510,540.1209622739154,4,2.0,True,12,6,18
empirical_w6,2,2.4,dynamic,3800001611,3800001611,332.3937988281248,0,0.0,True,12,6,18
empirical_w6,2,2.4,dynamic,3800000110,3800000110,178.55431459744773,4,0.36,True,12,6,18
empirical_w6,2,2.4,myopic,1600066610,1600066610,472.7574157714848,0,0.0,True,12,6,18
empirical_w6,2,2.4,myopic,1600066590,1600066590,399.8057861328117,0,0.0,True,12,6,18
empirical_w6,2,2.4,myopic,3800000120,3800000120,469.1868081035615,4,2.2,True,12,6,18
empirical_w6,2,2.4,myopic,3800001520,3800001520,327.6087036132809,0,0.0,True,12,6,18
empirical_w6,2,2.4,myopic,3800000127,3800000127,269.9858464623291,4,2.0,True,12,6,18
empirical_w6,2,2.4,myopic,1600066510,1600066510,539.7122990481057,4,2.0,True,12,6,18
empirical_w6,2,2.4,myopic,3800001611,3800001611,332.3937988281248,0,0.0,True,12,6,18
empirical_w6,2,2.4,myopic,3800000110,3800000110,178.55431459744773,4,0.36,True,12,6,18
empirical_w6,2,2.45,dynamic,1600066610,1600066610,472.7574157714848,0,0.0,True,12,6,18
empirical_w6,2,2.45,dynamic,1600066590,1600066590,399.8057861328117,0,0.0,True,12,6,18
empirical_w6,2,2.45,dynamic,3800000120,3800000120,483.9970941893256,4,2.2,True,12,6,18
empirical_w6,2,2.45,dynamic,3800001520,3800001520,327.6087036132809,0,0.0,True,12,6,18
empirical_w6,2,2.45,dynamic,3800000127,3800000127,277.29453704517584,4,2.0,True,12,6,18
empirical_w6,2,2.45,dynamic,1600066510,1600066510,554.3423347730636,4,2.0,True,12,6,18
empirical_w6,2,2.45,dynamic,3800001611,3800001611,332.3937988281248,0,0.0,True,12,6,18
empirical_w6,2,2.45,dynamic,3800000110,3800000110,179.57192216058573,4,0.36,True,12,6,18
empirical_w6,2,2.45,myopic,1600066610,1600066610,472.7574157714848,0,0.0,True,12,6,18
empirical_w6,2,2.45,myopic,1600066590,1600066590,399.8057861328117,0,0.0,True,12,6,18
empirical_w6,2,2.45,myopic,3800000120,3800000120,483.98272177886975,4,2.2,True,12,6,18
empirical_w6,2,2.45,myopic,3800001520,3800001520,327.6087036132809,0,0.0,True,12,6,18
empirical_w6,2,2.45,myopic,3800000127,3800000127,277.2105857311089,4,2.0,True,12,6,18
empirical_w6,2,2.45,myopic,1600066510,1600066510,553.9161142428715,4,2.0,True,12,6,18
empirical_w6,2,2.45,myopic,3800001611,3800001611,308.5159705853462,4,1.6,True,12,6,18
empirical_w6,2,2.45,myopic,3800000110,3800000110,179.57192216058573,4,0.36,True,12,6,18
empirical_w6,2,2.5,dynamic,1600066610,1600066610,472.7574157714848,0,0.0,True,12,6,18
empirical_w6,2,2.5,dynamic,1600066590,1600066590,399.8057861328117,0,0.0,True,12,6,18
empirical_w6,2,2.5,dynamic,3800000120,3800000120,498.792571016947,4,2.2,True,12,6,18
empirical_w6,2,2.5,dynamic,3800001520,3800001520,327.6087036132809,0,0.0,True,12,6,18
empirical_w6,2,2.5,dynamic,3800000127,3800000127,284.5220184367647,4,2.0,True,12,6,18
empirical_w6,2,2.5,dynamic,1600066510,1600066510,568.5637072722116,4,2.0,True,12,6,18
empirical_w6,2,2.5,dynamic,3800001611,3800001611,332.3937988281248,0,0.0,True,12,6,18
empirical_w6,2,2.5,dynamic,3800000110,3800000110,180.58952972372373,4,0.36,True,12,6,18
empirical_w6,2,2.5,myopic,1600066610,1600066610,472.7574157714848,0,0.0,True,12,6,18
empirical_w6,2,2.5,myopic,1600066590,1600066590,399.8057861328117,0,0.0,True,12,6,18
empirical_w6,2,2.5,myopic,3800000120,3800000120,498.7786354541779,4,2.2,True,12,6,18
empirical_w6,2,2.5,myopic,3800001520,3800001520,327.6087036132809,0,0.0,True,12,6,18
empirical_w6,2,2.5,myopic,3800000127,3800000127,284.4353249998886,4,2.0,True,12,6,18
empirical_w6,2,2.5,myopic,1600066510,1600066510,568.1199294376372,4,2.0,True,12,6,18
empirical_w6,2,2.5,myopic,3800001611,3800001611,313.90417110443116,4,1.6,True,12,6,18
empirical_w6,2,2.5,myopic,3800000110,3800000110,180.58952972372373,4,0.36,True,12,6,18
empirical_w6,2,2.55,dynamic,1600066610,1600066610,472.7574157714848,0,0.0,True,12,6,18
empirical_w6,2,2.55,dynamic,1600066590,1600066590,399.8057861328117,0,0.0,True,12,6,18
empirical_w6,2,2.55,dynamic,3800000120,3800000120,513.5880478445685,4,2.2,True,12,6,18
empirical_w6,2,2.55,dynamic,3800001520,3800001520,327.6087036132809,0,0.0,True,12,6,18
empirical_w6,2,2.55,dynamic,3800000127,3800000127,291.7494998283536,4,2.0,True,12,6,18
empirical_w6,2,2.55,dynamic,1600066510,1600066510,582.7850797713595,4,2.0,True,12,6,18
empirical_w6,2,2.55,dynamic,3800001611,3800001611,332.3937988281248,0,0.0,True,12,6,18
empirical_w6,2,2.55,dynamic,3800000110,3800000110,181.60713728686173,4,0.36,True,12,6,18
empirical_w6,2,2.55,myopic,1600066610,1600066610,472.7574157714848,0,0.0,True,12,6,18
empirical_w6,2,2.55,myopic,1600066590,1600066590,391.34225491237635,4,2.0,True,12,6,18
empirical_w6,2,2.55,myopic,3800000120,3800000120,513.5745491294861,4,2.2,True,12,6,18
empirical_w6,2,2.55,myopic,3800001520,3800001520,327.6087036132809,0,0.0,True,12,6,18
empirical_w6,2,2.55,myopic,3800000127,3800000127,291.66006426866835,4,2.0,True,12,6,18
empirical_w6,2,2.55,myopic,1600066510,1600066510,582.3237446324028,4,2.0,True,12,6,18
empirical_w6,2,2.55,myopic,3800001611,3800001611,319.29237162351603,4,1.6,True,12,6,18
empirical_w6,2,2.55,myopic,3800000110,3800000110,181.60713728686173,4,0.36,True,12,6,18
empirical_w6,2,2.6,dynamic,1600066610,1600066610,472.7574157714848,0,0.0,True,12,6,18
empirical_w6,2,2.6,dynamic,1600066590,1600066590,401.7714717696508,4,2.0,True,12,6,18
empirical_w6,2,2.6,dynamic,3800000120,3800000120,528.3704628047944,4,2.2,True,12,6,18
empirical_w6,2,2.6,dynamic,3800001520,3800001520,327.6087036132809,0,0.0,True,12,6,18
empirical_w6,2,2.6,dynamic,3800000127,3800000127,298.97698121994245,4,2.0,True,12,6,18
empirical_w6,2,2.6,dynamic,1600066510,1600066510,596.8329112472534,4,2.0,True,12,6,18
empirical_w6,2,2.6,dynamic,3800001611,3800001611,332.3937988281248,0,0.0,True,12,6,18
empirical_w6,2,2.6,dynamic,3800000110,3800000110,182.62474484999976,4,0.36,True,12,6,18
empirical_w6,2,2.6,myopic,1600066610,1600066610,472.7574157714848,0,0.0,True,12,6,18
empirical_w6,2,2.6,myopic,1600066590,1600066590,401.7714717696508,4,2.0,True,12,6,18
empirical_w6,2,2.6,myopic,3800000120,3800000120,528.3704628047944,4,2.2,True,12,6,18
empirical_w6,2,2.6,myopic,3800001520,3800001520,327.6087036132809,0,0.0,True,12,6,18
empirical_w6,2,2.6,myopic,3800000127,3800000127,298.88480353744814,4,2.0,True,12,6,18
empirical_w6,2,2.6,myopic,1600066510,1600066510,596.5275598271686,4,2.0,True,12,6,18
empirical_w6,2,2.6,myopic,3800001611,3800001611,324.680572142601,4,1.6,True,12,6,18
empirical_w6,2,2.6,myopic,3800000110,3800000110,182.62474484999976,4,0.36,True,12,6,18
empirical_w6,2,2.65,dynamic,1600066610,1600066610,472.7574157714848,0,0.0,True,12,6,18
empirical_w6,2,2.65,dynamic,1600066590,1600066590,412.20068862692506,4,2.0,True,12,6,18
empirical_w6,2,2.65,dynamic,3800000120,3800000120,543.1663764801026,4,2.2,True,12,6,18
empirical_w6,2,2.65,dynamic,3800001520,3800001520,327.6087036132809,0,0.0,True,12,6,18
empirical_w6,2,2.65,dynamic,3800000127,3800000127,306.2044626115312,4,2.0,True,12,6,18
empirical_w6,2,2.65,dynamic,1600066510,1600066510,611.0526158946354,4,2.0,True,12,6,18
empirical_w6,2,2.65,dynamic,3800001611,3800001611,332.3937988281248,0,0.0,True,12,6,18
empirical_w6,2,2.65,dynamic,3800000110,3800000110,183.64235241313776,4,0.36,True,12,6,18
empirical_w6,2,2.65,myopic,1600066610,1600066610,472.7574157714848,0,0.0,True,12,6,18
empirical_w6,2,2.65,myopic,1600066590,1600066590,412.0172521438599,4,2.0,True,12,6,18
empirical_w6,2,2.65,myopic,3800000120,3800000120,543.1663764801026,4,2.2,True,12,6,18
empirical_w6,2,2.65,myopic,3800001520,3800001520,327.6087036132809,0,0.0,True,12,6,18
empirical_w6,2,2.65,myopic,3800000127,3800000127,306.10954280622786,4,2.0,True,12,6,18
empirical_w6,2,2.65,myopic,1600066510,1600066510,610.7313750219344,4,2.0,True,12,6,18
empirical_w6,2,2.65,myopic,3800001611,3800001611,330.0687726616859,4,1.6,True,12,6,18
empirical_w6,2,2.65,myopic,3800000110,3800000110,183.6127331671715,4,0.36,True,12,6,18
empirical_w6,2,2.7,dynamic,1600066610,1600066610,483.0845667536855,4,2.0,True,12,6,18
empirical_w6,2,2.7,dynamic,1600066590,1600066590,422.6299054841995,4,2.0,True,12,6,18
empirical_w6,2,2.7,dynamic,3800000120,3800000120,557.9622901554109,4,2.2,True,12,6,18
empirical_w6,2,2.7,dynamic,3800001520,3800001520,327.6087036132809,0,0.0,True,12,6,18
empirical_w6,2,2.7,dynamic,3800000127,3800000127,313.33428207500765,4,2.0,True,12,6,18
empirical_w6,2,2.7,dynamic,1600066510,1600066510,624.9351902167001,4,2.0,True,12,6,18
empirical_w6,2,2.7,dynamic,3800001611,3800001611,332.3937988281248,0,0.0,True,12,6,18
empirical_w6,2,2.7,dynamic,3800000110,3800000110,184.65995997627576,4,0.36,True,12,6,18
empirical_w6,2,2.7,myopic,1600066610,1600066610,472.7574157714848,0,0.0,True,12,6,18
empirical_w6,2,2.7,myopic,1600066590,1600066590,422.4988771076203,4,2.0,True,12,6,18
empirical_w6,2,2.7,myopic,3800000120,3800000120,557.9622901554109,4,2.2,True,12,6,18
empirical_w6,2,2.7,myopic,3800001520,3800001520,327.6087036132809,0,0.0,True,12,6,18
empirical_w6,2,2.7,myopic,3800000127,3800000127,313.33428207500765,4,2.0,True,12,6,18
empirical_w6,2,2.7,myopic,1600066510,1600066510,624.9351902167001,4,2.0,True,12,6,18
empirical_w6,2,2.7,myopic,3800001611,3800001611,335.4569731807709,4,1.6,True,12,6,18
empirical_w6,2,2.7,myopic,3800000110,3800000110,184.6252526979447,4,0.36,True,12,6,18
empirical_w6,2,2.75,dynamic,1600066610,1600066610,493.96412756592025,4,2.0,True,12,6,18
empirical_w6,2,2.75,dynamic,1600066590,1600066590,433.0591223414739,4,2.0,True,12,6,18
empirical_w6,2,2.75,dynamic,3800000120,3800000120,572.758203830719,4,2.2,True,12,6,18
empirical_w6,2,2.75,dynamic,3800001520,3800001520,327.6087036132809,0,0.0,True,12,6,18
empirical_w6,2,2.75,dynamic,3800000127,3800000127,320.5590213437874,4,2.0,True,12,6,18
empirical_w6,2,2.75,dynamic,1600066510,1600066510,639.1390054114657,4,2.0,True,12,6,18
empirical_w6,2,2.75,dynamic,3800001611,3800001611,332.3937988281248,0,0.0,True,12,6,18
empirical_w6,2,2.75,dynamic,3800000110,3800000110,185.63777222871784,4,0.36,True,12,6,18
empirical_w6,2,2.75,myopic,1600066610,1600066610,493.89268595089516,4,2.0,True,12,6,18
empirical_w6,2,2.75,myopic,1600066590,1600066590,432.98050207138056,4,2.0,True,12,6,18
empirical_w6,2,2.75,myopic,3800000120,3800000120,572.758203830719,4,2.2,True,12,6,18
empirical_w6,2,2.75,myopic,3800001520,3800001520,327.6087036132809,0,0.0,True,12,6,18
empirical_w6,2,2.75,myopic,3800000127,3800000127,320.5590213437874,4,2.0,True,12,6,18
empirical_w6,2,2.75,myopic,1600066510,1600066510,639.1390054114657,4,2.0,True,12,6,18
empirical_w6,2,2.75,myopic,3800001611,3800001611,340.84517369985576,4,1.6,True,12,6,18
empirical_w6,2,2.75,myopic,3800000110,3800000110,161.52136230468736,0,0.0,True,12,6,18
empirical_w6,2,2.8,dynamic,1600066610,1600066610,504.8265589268007,4,2.0,True,12,6,18
empirical_w6,2,2.8,dynamic,1600066590,1600066590,443.48833919874824,4,2.0,True,12,6,18
empirical_w6,2,2.8,dynamic,3800000120,3800000120,587.5541175060273,4,2.2,True,12,6,18
empirical_w6,2,2.8,dynamic,3800001520,3800001520,327.6087036132809,0,0.0,True,12,6,18
empirical_w6,2,2.8,dynamic,3800000127,3800000127,327.7837606125671,4,2.0,True,12,6,18
empirical_w6,2,2.8,dynamic,1600066510,1600066510,653.3428206062315,4,2.0,True,12,6,18
empirical_w6,2,2.8,dynamic,3800001611,3800001611,332.3937988281248,0,0.0,True,12,6,18
empirical_w6,2,2.8,dynamic,3800000110,3800000110,186.65029175949098,4,0.36,True,12,6,18
empirical_w6,2,2.8,myopic,1600066610,1600066610,504.7008051481048,4,2.0,True,12,6,18
empirical_w6,2,2.8,myopic,1600066590,1600066590,443.46212703514095,4,2.0,True,12,6,18
empirical_w6,2,2.8,myopic,3800000120,3800000120,587.5541175060273,4,2.2,True,12,6,18
empirical_w6,2,2.8,myopic,3800001520,3800001520,327.6087036132809,0,0.0,True,12,6,18
empirical_w6,2,2.8,myopic,3800000127,3800000127,327.7837606125671,4,2.0,True,12,6,18
empirical_w6,2,2.8,myopic,1600066510,1600066510,653.3428206062315,4,2.0,True,12,6,18
empirical_w6,2,2.8,myopic,3800001611,3800001611,346.2333742189407,4,1.6,True,12,6,18
empirical_w6,2,2.8,myopic,3800000110,3800000110,161.52136230468736,0,0.0,True,12,6,18
empirical_w6,2,2.85,dynamic,1600066610,1600066610,515.6889902876813,4,2.0,True,12,6,18
empirical_w6,2,2.85,dynamic,1600066590,1600066590,453.9175560560226,4,2.0,True,12,6,18
empirical_w6,2,2.85,dynamic,3800000120,3800000120,602.3500311813356,4,2.2,True,12,6,18
empirical_w6,2,2.85,dynamic,3800001520,3800001520,327.6087036132809,0,0.0,True,12,6,18
empirical_w6,2,2.85,dynamic,3800000127,3800000127,335.0084998813469,4,2.0,True,12,6,18
empirical_w6,2,2.85,dynamic,1600066510,1600066510,667.5466358009973,4,2.0,True,12,6,18
empirical_w6,2,2.85,dynamic,3800001611,3800001611,332.3937988281248,0,0.0,True,12,6,18
empirical_w6,2,2.85,dynamic,3800000110,3800000110,187.66281129026416,4,0.36,True,12,6,18
empirical_w6,2,2.85,myopic,1600066610,1600066610,515.5089243453145,4,2.0,True,12,6,18
empirical_w6,2,2.85,myopic,1600066590,1600066590,453.94375199890135,4,2.0,True,12,6,18
empirical_w6,2,2.85,myopic,3800000120,3800000120,602.3500311813356,4,2.2,True,12,6,18
empirical_w6,2,2.85,myopic,3800001520,3800001520,327.6087036132809,0,0.0,True,12,6,18
empirical_w6,2,2.85,myopic,3800000127,3800000127,335.0084998813469,4,2.0,True,12,6,18
empirical_w6,2,2.85,myopic,1600066510,1600066510,667.5466358009973,4,2.0,True,12,6,18
empirical_w6,2,2.85,myopic,3800001611,3800001611,351.62157473802563,4,1.6,True,12,6,18
empirical_w6,2,2.85,myopic,3800000110,3800000110,161.52136230468736,0,0.0,True,12,6,18
empirical_w6,2,2.9,dynamic,1600066610,1600066610,526.5514216485619,4,2.0,True,12,6,18
empirical_w6,2,2.9,dynamic,1600066590,1600066590,464.34677291329695,4,2.0,True,12,6,18
empirical_w6,2,2.9,dynamic,3800000120,3800000120,617.1459448566437,4,2.2,True,12,6,18
empirical_w6,2,2.9,dynamic,3800001520,3800001520,327.6087036132809,0,0.0,True,12,6,18
empirical_w6,2,2.9,dynamic,3800000127,3800000127,342.41166337160263,4,2.0,True,12,6,18
empirical_w6,2,2.9,dynamic,1600066510,1600066510,682.151139131546,4,2.0,True,12,6,18
empirical_w6,2,2.9,dynamic,3800001611,3800001611,338.74590766398114,1,0.4,True,12,6,18
empirical_w6,2,2.9,dynamic,3800000110,3800000110,181.99928397881988,3,0.27,True,12,6,18
empirical_w6,2,2.9,myopic,1600066610,1600066610,526.3170435425242,4,2.0,True,12,6,18
empirical_w6,2,2.9,myopic,1600066590,1600066590,464.42537696266174,4,2.0,True,12,6,18
empirical_w6,2,2.9,myopic,3800000120,3800000120,617.1459448566437,4,2.2,True,12,6,18
empirical_w6,2,2.9,myopic,3800001520,3800001520,327.6087036132809,0,0.0,True,12,6,18
empirical_w6,2,2.9,myopic,3800000127,3800000127,342.2332391501266,4,2.0,True,12,6,18
empirical_w6,2,2.9,myopic,1600066510,1600066510,681.7504509957629,4,2.0,True,12,6,18
empirical_w6,2,2.9,myopic,3800001611,3800001611,357.00977525711056,4,1.6,True,12,6,18
empirical_w6,2,2.9,myopic,3800000110,3800000110,161.52136230468736,0,0.0,True,12,6,18
empirical_w6,2,2.95,dynamic,1600066610,1600066610,537.4138530094425,4,2.0,True,12,6,18
empirical_w6,2,2.95,dynamic,1600066590,1600066590,474.7759897705714,4,2.0,True,12,6,18
empirical_w6,2,2.95,dynamic,3800000120,3800000120,631.941858531952,4,2.2,True,12,6,18
empirical_w6,2,2.95,dynamic,3800001520,3800001520,327.6087036132809,0,0.0,True,12,6,18
empirical_w6,2,2.95,dynamic,3800000127,3800000127,349.6454514209827,4,2.0,True,12,6,18
empirical_w6,2,2.95,dynamic,1600066510,1600066510,696.3708437789281,4,2.0,True,12,6,18
empirical_w6,2,2.95,dynamic,3800001611,3800001611,355.2452184031804,3,1.2000000000000002,True,12,6,18
empirical_w6,2,2.95,dynamic,3800000110,3800000110,168.60331151680148,1,0.09,True,12,6,18
empirical_w6,2,2.95,myopic,1600066610,1600066610,537.1251627397339,4,2.0,True,12,6,18
empirical_w6,2,2.95,myopic,1600066590,1600066590,474.90700192642214,4,2.0,True,12,6,18
empirical_w6,2,2.95,myopic,3800000120,3800000120,631.941858531952,4,2.2,True,12,6,18
empirical_w6,2,2.95,myopic,3800001520,3800001520,327.6087036132809,0,0.0,True,12,6,18
empirical_w6,2,2.95,myopic,3800000127,3800000127,349.45797841890646,4,2.0,True,12,6,18
empirical_w6,2,2.95,myopic,1600066510,1600066510,695.9542661905288,4,2.0,True,12,6,18
empirical_w6,2,2.95,myopic,3800001611,3800001611,362.3979757761955,4,1.6,True,12,6,18
empirical_w6,2,2.95,myopic,3800000110,3800000110,161.52136230468736,0,0.0,True,12,6,18
empirical_w6,2,3.0,dynamic,1600066610,1600066610,548.276284370323,4,2.0,True,12,6,18
empirical_w6,2,3.0,dynamic,1600066590,1600066590,485.20520662784577,4,2.0,True,12,6,18
empirical_w6,2,3.0,dynamic,3800000120,3800000120,646.7377722072603,4,2.2,True,12,6,18
empirical_w6,2,3.0,dynamic,3800001520,3800001520,327.6087036132809,0,0.0,True,12,6,18
empirical_w6,2,3.0,dynamic,3800000127,3800000127,356.6827176876862,4,2.0,True,12,6,18
empirical_w6,2,3.0,dynamic,1600066510,1600066510,710.1580813852944,4,2.0,True,12,6,18
empirical_w6,2,3.0,dynamic,3800001611,3800001611,367.7861762952804,4,1.6,True,12,6,18
empirical_w6,2,3.0,dynamic,3800000110,3800000110,161.52136230468736,0,0.0,True,12,6,18
empirical_w6,2,3.0,myopic,1600066610,1600066610,547.9332819369436,4,2.0,True,12,6,18
empirical_w6,2,3.0,myopic,1600066590,1600066590,485.38862689018254,4,2.0,True,12,6,18
empirical_w6,2,3.0,myopic,3800000120,3800000120,646.7377722072603,4,2.2,True,12,6,18
empirical_w6,2,3.0,myopic,3800001520,3800001520,327.6087036132809,0,0.0,True,12,6,18
empirical_w6,2,3.0,myopic,3800000127,3800000127,356.6827176876862,4,2.0,True,12,6,18
empirical_w6,2,3.0,myopic,1600066510,1600066510,710.1580813852944,4,2.0,True,12,6,18
empirical_w6,2,3.0,myopic,3800001611,3800001611,367.7861762952804,4,1.6,True,12,6,18
empirical_w6,2,3.0,myopic,3800000110,3800000110,161.52136230468736,0,0.0,True,12,6,18
empirical_w6,2,3.05,dynamic,1600066610,1600066610,559.1387157312034,4,2.0,True,12,6,18
empirical_w6,2,3.05,dynamic,1600066590,1600066590,495.6344234851201,4,2.0,True,12,6,18
empirical_w6,2,3.05,dynamic,3800000120,3800000120,661.5336858825684,4,2.2,True,12,6,18
empirical_w6,2,3.05,dynamic,3800001520,3800001520,327.6087036132809,0,0.0,True,12,6,18
empirical_w6,2,3.05,dynamic,3800000127,3800000127,363.90745695646586,4,2.0,True,12,6,18
empirical_w6,2,3.05,dynamic,1600066510,1600066510,724.36189658006,4,2.0,True,12,6,18
empirical_w6,2,3.05,dynamic,3800001611,3800001611,373.17437681436536,4,1.6,True,12,6,18
empirical_w6,2,3.05,dynamic,3800000110,3800000110,161.52136230468736,0,0.0,True,12,6,18
empirical_w6,2,3.05,myopic,1600066610,1600066610,558.7414011341532,4,2.0,True,12,6,18
empirical_w6,2,3.05,myopic,1600066590,1600066590,495.8702518539428,4,2.0,True,12,6,18
empirical_w6,2,3.05,myopic,3800000120,3800000120,661.5336858825684,4,2.2,True,12,6,18
empirical_w6,2,3.05,myopic,3800001520,3800001520,327.6087036132809,0,0.0,True,12,6,18
empirical_w6,2,3.05,myopic,3800000127,3800000127,363.90745695646586,4,2.0,True,12,6,18
empirical_w6,2,3.05,myopic,1600066510,1600066510,724.36189658006,4,2.0,True,12,6,18
empirical_w6,2,3.05,myopic,3800001611,3800001611,373.17437681436536,4,1.6,True,12,6,18
empirical_w6,2,3.05,myopic,3800000110,3800000110,161.52136230468736,0,0.0,True,12,6,18
empirical_w6,2,3.1,dynamic,1600066610,1600066610,570.001147092084,4,2.0,True,12,6,18
empirical_w6,2,3.1,dynamic,1600066590,1600066590,506.0636403423945,4,2.0,True,12,6,18
empirical_w6,2,3.1,dynamic,3800000120,3800000120,676.3295995578767,4,2.2,True,12,6,18
empirical_w6,2,3.1,dynamic,3800001520,3800001520,327.6087036132809,0,0.0,True,12,6,18
empirical_w6,2,3.1,dynamic,3800000127,3800000127,371.1321962252457,4,2.0,True,12,6,18
empirical_w6,2,3.1,dynamic,1600066510,1600066510,738.5657117748259,4,2.0,True,12,6,18
empirical_w6,2,3.1,dynamic,3800001611,3800001611,378.5625773334503,4,1.6,True,12,6,18
empirical_w6,2,3.1,dynamic,3800000110,3800000110,161.52136230468736,0,0.0,True,12,6,18
empirical_w6,2,3.1,myopic,1600066610,1600066610,569.5495203313629,4,2.0,True,12,6,18
empirical_w6,2,3.1,myopic,1600066590,1600066590,506.3518768177032,4,2.0,True,12,6,18
empirical_w6,2,3.1,myopic,3800000120,3800000120,676.3295995578767,4,2.2,True,12,6,18
empirical_w6,2,3.1,myopic,3800001520,3800001520,327.6087036132809,0,0.0,True,12,6,18
empirical_w6,2,3.1,myopic,3800000127,3800000127,371.1321962252457,4,2.0,True,12,6,18
empirical_w6,2,3.1,myopic,1600066510,1600066510,738.5657117748259,4,2.0,True,12,6,18
empirical_w6,2,3.1,myopic,3800001611,3800001611,378.5625773334503,4,1.6,True,12,6,18
empirical_w6,2,3.1,myopic,3800000110,3800000110,161.52136230468736,0,0.0,True,12,6,18
empirical_w6,2,3.15,dynamic,1600066610,1600066610,580.8635784529646,4,2.0,True,12,6,18
empirical_w6,2,3.15,dynamic,1600066590,1600066590,516.4928571996688,4,2.0,True,12,6,18
empirical_w6,2,3.15,dynamic,3800000120,3800000120,691.1255132331848,4,2.2,True,12,6,18
empirical_w6,2,3.15,dynamic,3800001520,3800001520,339.5739556039175,1,0.49,True,12,6,18
empirical_w6,2,3.15,dynamic,3800000127,3800000127,378.58060361850255,4,2.0,True,12,6,18
empirical_w6,2,3.15,dynamic,1600066510,1600066510,753.2496623684565,4,2.0,True,12,6,18
empirical_w6,2,3.15,dynamic,3800001611,3800001611,371.6690400597254,3,1.2000000000000002,True,12,6,18
empirical_w6,2,3.15,dynamic,3800000110,3800000110,161.52136230468736,0,0.0,True,12,6,18
empirical_w6,2,3.15,myopic,1600066610,1600066610,580.3576395285726,4,2.0,True,12,6,18
empirical_w6,2,3.15,myopic,1600066590,1600066590,516.8335017814636,4,2.0,True,12,6,18
empirical_w6,2,3.15,myopic,3800000120,3800000120,691.1255132331848,4,2.2,True,12,6,18
empirical_w6,2,3.15,myopic,3800001520,3800001520,327.6087036132809,0,0.0,True,12,6,18
empirical_w6,2,3.15,myopic,3800000127,3800000127,378.35693549402544,4,2.0,True,12,6,18
empirical_w6,2,3.15,myopic,1600066510,1600066510,752.7695269695915,4,2.0,True,12,6,18
empirical_w6,2,3.15,myopic,3800001611,3800001611,383.9507778525352,4,1.6,True,12,6,18
empirical_w6,2,3.15,myopic,3800000110,3800000110,161.52136230468736,0,0.0,True,12,6,18
empirical_w6,2,3.2,dynamic,1600066610,1600066610,591.7260098138452,4,2.0,True,12,6,18
empirical_w6,2,3.2,dynamic,1600066590,1600066590,526.9220740569433,4,2.0,True,12,6,18
empirical_w6,2,3.2,dynamic,3800000120,3800000120,705.9214269084931,4,2.2,True,12,6,18
empirical_w6,2,3.2,dynamic,3800001520,3800001520,356.5171700706284,2,0.98,True,12,6,18
empirical_w6,2,3.2,dynamic,3800000127,3800000127,385.8143916678826,4,2.0,True,12,6,18
empirical_w6,2,3.2,dynamic,1600066510,1600066510,767.4693670158387,4,2.0,True,12,6,18
empirical_w6,2,3.2,dynamic,3800001611,3800001611,361.88463992055256,2,0.8,True,12,6,18
empirical_w6,2,3.2,dynamic,3800000110,3800000110,161.52136230468736,0,0.0,True,12,6,18
empirical_w6,2,3.2,myopic,1600066610,1600066610,591.1657587257823,4,2.0,True,12,6,18
empirical_w6,2,3.2,myopic,1600066590,1600066590,527.315126745224,4,2.0,True,12,6,18
empirical_w6,2,3.2,myopic,3800000120,3800000120,705.9214269084931,4,2.2,True,12,6,18
empirical_w6,2,3.2,myopic,3800001520,3800001520,327.6087036132809,0,0.0,True,12,6,18
empirical_w6,2,3.2,myopic,3800000127,3800000127,385.5816747628052,4,2.0,True,12,6,18
empirical_w6,2,3.2,myopic,1600066510,1600066510,766.9733421643573,4,2.0,True,12,6,18
empirical_w6,2,3.2,myopic,3800001611,3800001611,389.33897837162016,4,1.6,True,12,6,18
empirical_w6,2,3.2,myopic,3800000110,3800000110,161.52136230468736,0,0.0,True,12,6,18
empirical_w6,3,1.2,dynamic,1600066610,1600066610,472.7574157714848,0,0.0,True,12,6,18
empirical_w6,3,1.2,dynamic,1600066590,1600066590,399.8057861328117,0,0.0,True,12,6,18
empirical_w6,3,1.2,dynamic,3800000120,3800000120,249.29017639160062,0,0.0,True,12,6,18
empirical_w6,3,1.2,dynamic,3800001520,3800001520,327.6087036132809,0,0.0,True,12,6,18
empirical_w6,3,1.2,dynamic,3800000127,3800000127,239.69628906249972,0,0.0,True,12,6,18
empirical_w6,3,1.2,dynamic,1600066510,1600066510,398.87255859374886,0,0.0,True,12,6,18
empirical_w6,3,1.2,dynamic,3800001611,3800001611,332.3937988281248,0,0.0,True,12,6,18
empirical_w6,3,1.2,dynamic,3800000110,3800000110,161.52136230468736,0,0.0,True,12,6,18
empirical_w6,3,1.2,myopic,1600066610,1600066610,472.7574157714848,0,0.0,True,12,6,18
empirical_w6,3,1.2,myopic,1600066590,1600066590,399.8057861328117,0,0.0,True,12,6,18
empirical_w6,3,1.2,myopic,3800000120,3800000120,249.29017639160062,0,0.0,True,12,6,18
empirical_w6,3,1.2,myopic,3800001520,3800001520,327.6087036132809,0,0.0,True,12,6,18
empirical_w6,3,1.2,myopic,3800000127,3800000127,239.69628906249972,0,0.0,True,12,6,18
empirical_w6,3,1.2,myopic,1600066510,1600066510,398.87255859374886,0,0.0,True,12,6,18
empirical_w6,3,1.2,myopic,3800001611,3800001611,332.3937988281248,0,0.0,True,12,6,18
empirical_w6,3,1.2,myopic,3800000110,3800000110,161.52136230468736,0,0.0,True,12,6,18
empirical_w6,3,1.25,dynamic,1600066610,1600066610,472.7574157714848,0,0.0,True,12,6,18
empirical_w6,3,1.25,dynamic,1600066590,1600066590,399.8057861328117,0,0.0,True,12,6,18
empirical_w6,3,1.25,dynamic,3800000120,3800000120,249.29017639160062,0,0.0,True,12,6,18
empirical_w6,3,1.25,dynamic,3800001520,3800001520,327.6087036132809,0,0.0,True,12,6,18
empirical_w6,3,1.25,dynamic,3800000127,3800000127,239.69628906249972,0,0.0,True,12,6,18
empirical_w6,3,1.25,dynamic,1600066510,1600066510,398.87255859374886,0,0.0,True,12,6,18
empirical_w6,3,1.25,dynamic,3800001611,3800001611,332.3937988281248,0,0.0,True,12,6,18
empirical_w6,3,1.25,dynamic,3800000110,3800000110,161.52136230468736,0,0.0,True,12,6,18
empirical_w6,3,1.25,myopic,1600066610,1600066610,472.7574157714848,0,0.0,True,12,6,18
empirical_w6,3,1.25,myopic,1600066590,1600066590,399.8057861328117,0,0.0,True,12,6,18
empirical_w6,3,1.25,myopic,3800000120,3800000120,249.29017639160062,0,0.0,True,12,6,18
empirical_w6,3,1.25,myopic,3800001520,3800001520,327.6087036132809,0,0.0,True,12,6,18
empirical_w6,3,1.25,myopic,3800000127,3800000127,239.69628906249972,0,0.0,True,12,6,18
empirical_w6,3,1.25,myopic,1600066510,1600066510,398.87255859374886,0,0.0,True,12,6,18
empirical_w6,3,1.25,myopic,3800001611,3800001611,332.3937988281248,0,0.0,True,12,6,18
empirical_w6,3,1.25,myopic,3800000110,3800000110,161.52136230468736,0,0.0,True,12,6,18
empirical_w6,3,1.3,dynamic,1600066610,1600066610,472.7574157714848,0,0.0,True,12,6,18
empirical_w6,3,1.3,dynamic,1600066590,1600066590,399.8057861328117,0,0.0,True,12,6,18
empirical_w6,3,1.3,dynamic,3800000120,3800000120,249.29017639160062,0,0.0,True,12,6,18
empirical_w6,3,1.3,dynamic,3800001520,3800001520,327.6087036132809,0,0.0,True,12,6,18
empirical_w6,3,1.3,dynamic,3800000127,3800000127,239.69628906249972,0,0.0,True,12,6,18
empirical_w6,3,1.3,dynamic,1600066510,1600066510,398.87255859374886,0,0.0,True,12,6,18
empirical_w6,3,1.3,dynamic,3800001611,3800001611,332.3937988281248,0,0.0,True,12,6,18
empirical_w6,3,1.3,dynamic,3800000110,3800000110,161.52136230468736,0,0.0,True,12,6,18
empirical_w6,3,1.3,myopic,1600066610,1600066610,472.7574157714848,0,0.0,True,12,6,18
empirical_w6,3,1.3,myopic,1600066590,1600066590,399.8057861328117,0,0.0,True,12,6,18
empirical_w6,3,1.3,myopic,3800000120,3800000120,249.29017639160062,0,0.0,True,12,6,18
empirical_w6,3,1.3,myopic,3800001520,3800001520,327.6087036132809,0,0.0,True,12,6,18
empirical_w6,3,1.3,myopic,3800000127,3800000127,239.69628906249972,0,0.0,True,12,6,18
empirical_w6,3,1.3,myopic,1600066510,1600066510,398.87255859374886,0,0.0,True,12,6,18
empirical_w6,3,1.3,myopic,3800001611,3800001611,332.3937988281248,0,0.0,True,12,6,18
empirical_w6,3,1.3,myopic,3800000110,3800000110,161.52136230468736,0,0.0,True,12,6,18
empirical_w6,3,1.35,dynamic,1600066610,1600066610,472.7574157714848,0,0.0,True,12,6,18
empirical_w6,3,1.35,dynamic,1600066590,1600066590,399.8057861328117,0,0.0,True,12,6,18
empirical_w6,3,1.35,dynamic,3800000120,3800000120,249.29017639160062,0,0.0,True,12,6,18
empirical_w6,3,1.35,dynamic,3800001520,3800001520,327.6087036132809,0,0.0,True,12,6,18
empirical_w6,3,1.35,dynamic,3800000127,3800000127,239.69628906249972,0,0.0,True,12,6,18
empirical_w6,3,1.35,dynamic,1600066510,1600066510,398.87255859374886,0,0.0,True,12,6,18
empirical_w6,3,1.35,dynamic,3800001611,3800001611,332.3937988281248,0,0.0,True,12,6,18
empirical_w6,3,1.35,dynamic,3800000110,3800000110,161.52136230468736,0,0.0,True,12,6,18
empirical_w6,3,1.35,myopic,1600066610,1600066610,472.7574157714848,0,0.0,True,12,6,18
empirical_w6,3,1.35,myopic,1600066590,1600066590,399.8057861328117,0,0.0,True,12,6,18
empirical_w6,3,1.35,myopic,3800000120,3800000120,249.29017639160062,0,0.0,True,12,6,18
empirical_w6,3,1.35,myopic,3800001520,3800001520,327.6087036132809,0,0.0,True,12,6,18
empirical_w6,3,1.35,myopic,3800000127,3800000127,239.69628906249972,0,0.0,True,12,6,18
empirical_w6,3,1.35,myopic,1600066510,1600066510,398.87255859374886,0,0.0,True,12,6,18
empirical_w6,3,1.35,myopic,3800001611,3800001611,332.3937988281248,0,0.0,True,12,6,18
empirical_w6,3,1.35,myopic,3800000110,3800000110,161.52136230468736,0,0.0,True,12,6,18
empirical_w6,3,1.4,dynamic,1600066610,1600066610,472.7574157714848,0,0.0,True,12,6,18
empirical_w6,3,1.4,dynamic,1600066590,1600066590,399.8057861328117,0,0.0,True,12,6,18
empirical_w6,3,1.4,dynamic,3800000120,3800000120,249.29017639160062,0,0.0,True,12,6,18
empirical_w6,3,1.4,dynamic,3800001520,3800001520,327.6087036132809,0,0.0,True,12,6,18
empirical_w6,3,1.4,dynamic,3800000127,3800000127,239.69628906249972,0,0.0,True,12,6,18
empirical_w6,3,1.4,dynamic,1600066510,1600066510,398.87255859374886,0,0.0,True,12,6,18
empirical_w6,3,1.4,dynamic,3800001611,3800001611,332.3937988281248,0,0.0,True,12,6,18
empirical_w6,3,1.4,dynamic,3800000110,3800000110,161.52136230468736,0,0.0,True,12,6,18
empirical_w6,3,1.4,myopic,1600066610,1600066610,472.7574157714848,0,0.0,True,12,6,18
empirical_w6,3,1.4,myopic,1600066590,1600066590,399.8057861328117,0,0.0,True,12,6,18
empirical_w6,3,1.4,myopic,3800000120,3800000120,249.29017639160062,0,0.0,True,12,6,18
empirical_w6,3,1.4,myopic,3800001520,3800001520,327.6087036132809,0,0.0,True,12,6,18
empirical_w6,3,1.4,myopic,3800000127,3800000127,239.69628906249972,0,0.0,True,12,6,18
empirical_w6,3,1.4,myopic,1600066510,1600066510,398.87255859374886,0,0.0,True,12,6,18
empirical_w6,3,1.4,myopic,3800001611,3800001611,332.3937988281248,0,0.0,True,12,6,18
empirical_w6,3,1.4,myopic,3800000110,3800000110,158.11196318197253,4,0.36,True,12,6,18
empirical_w6,3,1.45,dynamic,1600066610,1600066610,472.7574157714848,0,0.0,True,12,6,18
empirical_w6,3,1.45,dynamic,1600066590,1600066590,399.8057861328117,0,0.0,True,12,6,18
empirical_w6,3,1.45,dynamic,3800000120,3800000120,249.29017639160062,0,0.0,True,12,6,18
empirical_w6,3,1.45,dynamic,3800001520,3800001520,327.6087036132809,0,0.0,True,12,6,18
empirical_w6,3,1.45,dynamic,3800000127,3800000127,239.69628906249972,0,0.0,True,12,6,18
empirical_w6,3,1.45,dynamic,1600066510,1600066510,398.87255859374886,0,0.0,True,12,6,18
empirical_w6,3,1.45,dynamic,3800001611,3800001611,332.3937988281248,0,0.0,True,12,6,18
empirical_w6,3,1.45,dynamic,3800000110,3800000110,161.52136230468736,0,0.0,True,12,6,18
empirical_w6,3,1.45,myopic,1600066610,1600066610,472.7574157714848,0,0.0,True,12,6,18
empirical_w6,3,1.45,myopic,1600066590,1600066590,399.8057861328117,0,0.0,True,12,6,18
empirical_w6,3,1.45,myopic,3800000120,3800000120,249.29017639160062,0,0.0,True,12,6,18
empirical_w6,3,1.45,myopic,3800001520,3800001520,327.6087036132809,0,0.0,True,12,6,18
empirical_w6,3,1.45,myopic,3800000127,3800000127,239.69628906249972,0,0.0,True,12,6,18
empirical_w6,3,1.45,myopic,1600066510,1600066510,398.87255859374886,0,0.0,True,12,6,18
empirical_w6,3,1.45,myopic,3800001611,3800001611,332.3937988281248,0,0.0,True,12,6,18
empirical_w6,3,1.45,myopic,3800000110,3800000110,159.1346843564908,4,0.36,True,12,6,18
empirical_w6,3,1.5,dynamic,1600066610,1600066610,472.7574157714848,0,0.0,True,12,6,18
empirical_w6,3,1.5,dynamic,1600066590,1600066590,399.8057861328117,0,0.0,True,12,6,18
empirical_w6,3,1.5,dynamic,3800000120,3800000120,249.29017639160062,0,0.0,True,12,6,18
empirical_w6,3,1.5,dynamic,3800001520,3800001520,327.6087036132809,0,0.0,True,12,6,18
empirical_w6,3,1.5,dynamic,3800000127,3800000127,239.69628906249972,0,0.0,True,12,6,18
empirical_w6,3,1.5,dynamic,1600066510,1600066510,398.87255859374886,0,0.0,True,12,6,18
empirical_w6,3,1.5,dynamic,3800001611,3800001611,332.3937988281248,0,0.0,True,12,6,18
empirical_w6,3,1.5,dynamic,3800000110,3800000110,161.52136230468736,0,0.0,True,12,6,18
empirical_w6,3,1.5,myopic,1600066610,1600066610,472.7574157714848,0,0.0,True,12,6,18
empirical_w6,3,1.5,myopic,1600066590,1600066590,399.8057861328117,0,0.0,True,12,6,18
empirical_w6,3,1.5,myopic,3800000120,3800000120,249.29017639160062,0,0.0,True,12,6,18
empirical_w6,3,1.5,myopic,3800001520,3800001520,327.6087036132809,0,0.0,True,12,6,18
empirical_w6,3,1.5,myopic,3800000127,3800000127,239.69628906249972,0,0.0,True,12,6,18
empirical_w6,3,1.5,myopic,1600066510,1600066510,398.87255859374886,0,0.0,True,12,6,18
empirical_w6,3,1.5,myopic,3800001611,3800001611,332.3937988281248,0,0.0,True,12,6,18
empirical_w6,3,1.5,myopic,3800000110,3800000110,160.15740553100906,4,0.36,True,12,6,18
empirical_w6,3,1.55,dynamic,1600066610,1600066610,472.7574157714848,0,0.0,True,12,6,18
empirical_w6,3,1.55,dynamic,1600066590,1600066590,399.8057861328117,0,0.0,True,12,6,18
empirical_w6,3,1.55,dynamic,3800000120,3800000120,249.29017639160062,0,0.0,True,12,6,18
empirical_w6,3,1.55,dynamic,3800001520,3800001520,327.6087036132809,0,0.0,True,12,6,18
empirical_w6,3,1.55,dynamic,3800000127,3800000127,239.69628906249972,0,0.0,True,12,6,18
empirical_w6,3,1.55,dynamic,1600066510,1600066510,398.87255859374886,0,0.0,True,12,6,18
empirical_w6,3,1.55,dynamic,3800001611,3800001611,332.3937988281248,0,0.0,True,12,6,18
empirical_w6,3,1.55,dynamic,3800000110,3800000110,161.57857807493212,1,0.09,True,12,6,18
empirical_w6,3,1.55,myopic,1600066610,1600066610,472.7574157714848,0,0.0,True,12,6,18
empirical_w6,3,1.55,myopic,1600066590,1600066590,399.8057861328117,0,0.0,True,12,6,18
empirical_w6,3,1.55,myopic,3800000120,3800000120,249.29017639160062,0,0.0,True,12,6,18
empirical_w6,3,1.55,myopic,3800001520,3800001520,327.6087036132809,0,0.0,True,12,6,18
empirical_w6,3,1.55,myopic,3800000127,3800000127,239.69628906249972,0,0.0,True,12,6,18
empirical_w6,3,1.55,myopic,1600066510,1600066510,398.87255859374886,0,0.0,True,12,6,18
empirical_w6,3,1.55,myopic,3800001611,3800001611,332.3937988281248,0,0.0,True,12,6,18
empirical_w6,3,1.55,myopic,3800000110,3800000110,161.18012670552733,4,0.36,True,12,6,18
empirical_w6,3,1.6,dynamic,1600066610,1600066610,472.7574157714848,0,0.0,True,12,6,18
empirical_w6,3,1.6,dynamic,1600066590,1600066590,399.8057861328117,0,0.0,True,12,6,18
empirical_w6,3,1.6,dynamic,3800000120,3800000120,249.29017639160062,0,0.0,True,12,6,18
empirical_w6,3,1.6,dynamic,3800001520,3800001520,327.6087036132809,0,0.0,True,12,6,18
empirical_w6,3,1.6,dynamic,3800000127,3800000127,239.69628906249972,0,0.0,True,12,6,18
empirical_w6,3,1.6,dynamic,1600066510,1600066510,398.87255859374886,0,0.0,True,12,6,18
empirical_w6,3,1.6,dynamic,3800001611,3800001611,332.3937988281248,0,0.0,True,12,6,18
empirical_w6,3,1.6,dynamic,3800000110,3800000110,162.3498230209351,4,0.36,True,12,6,18
empirical_w6,3,1.6,myopic,1600066610,1600066610,472.7574157714848,0,0.0,True,12,6,18
empirical_w6,3,1.6,myopic,1600066590,1600066590,399.8057861328117,0,0.0,True,12,6,18
empirical_w6,3,1.6,myopic,3800000120,3800000120,249.29017639160062,0,0.0,True,12,6,18
empirical_w6,3,1.6,myopic,3800001520,3800001520,327.6087036132809,0,0.0,True,12,6,18
empirical_w6,3,1.6,myopic,3800000127,3800000127,239.69628906249972,0,0.0,True,12,6,18
empirical_w6,3,1.6,myopic,1600066510,1600066510,398.87255859374886,0,0.0,True,12,6,18
empirical_w6,3,1.6,myopic,3800001611,3800001611,332.3937988281248,0,0.0,True,12,6,18
empirical_w6,3,1.6,myopic,3800000110,3800000110,162.2028478800456,4,0.36,True,12,6,18
empirical_w6,3,1.65,dynamic,1600066610,1600066610,472.7574157714848,0,0.0,True,12,6,18
empirical_w6,3,1.65,dynamic,1600066590,1600066590,399.8057861328117,0,0.0,True,12,6,18
empirical_w6,3,1.65,dynamic,3800000120,3800000120,249.4082453476587,3,0.8999999999999999,True,12,6,18
empirical_w6,3,1.65,dynamic,3800001520,3800001520,327.6087036132809,0,0.0,True,12,6,18
empirical_w6,3,1.65,dynamic,3800000127,3800000127,239.69628906249972,0,0.0,True,12,6,18
empirical_w6,3,1.65,dynamic,1600066510,1600066510,398.87255859374886,0,0.0,True,12,6,18
empirical_w6,3,1.65,dynamic,3800001611,3800001611,332.3937988281248,0,0.0,True,12,6,18
empirical_w6,3,1.65,dynamic,3800000110,3800000110,163.36234255170825,4,0.36,True,12,6,18
empirical_w6,3,1.65,myopic,1600066610,1600066610,472.7574157714848,0,0.0,True,12,6,18
empirical_w6,3,1.65,myopic,1600066590,1600066590,399.8057861328117,0,0.0,True,12,6,18
empirical_w6,3,1.65,myopic,3800000120,3800000120,249.34144879261646,4,1.2,True,12,6,18
empirical_w6,3,1.65,myopic,3800001520,3800001520,327.6087036132809,0,0.0,True,12,6,18
empirical_w6,3,1.65,myopic,3800000127,3800000127,239.69628906249972,0,0.0,True,12,6,18
empirical_w6,3,1.65,myopic,1600066510,1600066510,398.87255859374886,0,0.0,True,12,6,18
empirical_w6,3,1.65,myopic,3800001611,3800001611,332.3937988281248,0,0.0,True,12,6,18
empirical_w6,3,1.65,myopic,3800000110,3800000110,163.22556905456386,4,0.36,True,12,6,18
empirical_w6,3,1.7,dynamic,1600066610,1600066610,472.7574157714848,0,0.0,True,12,6,18
empirical_w6,3,1.7,dynamic,1600066590,1600066590,399.8057861328117,0,0.0,True,12,6,18
empirical_w6,3,1.7,dynamic,3800000120,3800000120,262.089974407196,4,2.2,True,12,6,18
empirical_w6,3,1.7,dynamic,3800001520,3800001520,327.6087036132809,0,0.0,True,12,6,18
empirical_w6,3,1.7,dynamic,3800000127,3800000127,239.69628906249972,0,0.0,True,12,6,18
empirical_w6,3,1.7,dynamic,1600066510,1600066510,398.87255859374886,0,0.0,True,12,6,18
empirical_w6,3,1.7,dynamic,3800001611,3800001611,332.3937988281248,0,0.0,True,12,6,18
empirical_w6,3,1.7,dynamic,3800000110,3800000110,164.3748620824814,4,0.36,True,12,6,18
empirical_w6,3,1.7,myopic,1600066610,1600066610,472.7574157714848,0,0.0,True,12,6,18
empirical_w6,3,1.7,myopic,1600066590,1600066590,399.8057861328117,0,0.0,True,12,6,18
empirical_w6,3,1.7,myopic,3800000120,3800000120,262.04401664924626,4,2.2,True,12,6,18
empirical_w6,3,1.7,myopic,3800001520,3800001520,327.6087036132809,0,0.0,True,12,6,18
empirical_w6,3,1.7,myopic,3800000127,3800000127,239.69628906249972,0,0.0,True,12,6,18
empirical_w6,3,1.7,myopic,1600066510,1600066510,398.87255859374886,0,0.0,True,12,6,18
empirical_w6,3,1.7,myopic,3800001611,3800001611,332.3937988281248,0,0.0,True,12,6,18
empirical_w6,3,1.7,myopic,3800000110,3800000110,164.24829022908213,4,0.36,True,12,6,18
empirical_w6,3,1.75,dynamic,1600066610,1600066610,472.7574157714848,0,0.0,True,12,6,18
empirical_w6,3,1.75,dynamic,1600066590,1600066590,399.8057861328117,0,0.0,True,12,6,18
empirical_w6,3,1.75,dynamic,3800000120,3800000120,276.87042431672404,4,2.2,True,12,6,18
empirical_w6,3,1.75,dynamic,3800001520,3800001520,327.6087036132809,0,0.0,True,12,6,18
empirical_w6,3,1.75,dynamic,3800000127,3800000127,239.69628906249972,0,0.0,True,12,6,18
empirical_w6,3,1.75,dynamic,1600066510,1600066510,398.87255859374886,0,0.0,True,12,6,18
empirical_w6,3,1.75,dynamic,3800001611,3800001611,332.3937988281248,0,0.0,True,12,6,18
empirical_w6,3,1.75,dynamic,3800000110,3800000110,165.38738161325458,4,0.36,True,12,6,18
empirical_w6,3,1.75,myopic,1600066610,1600066610,472.7574157714848,0,0.0,True,12,6,18
empirical_w6,3,1.75,myopic,1600066590,1600066590,399.8057861328117,0,0.0,True,12,6,18
empirical_w6,3,1.75,myopic,3800000120,3800000120,276.83993032455453,4,2.2,True,12,6,18
empirical_w6,3,1.75,myopic,3800001520,3800001520,327.6087036132809,0,0.0,True,12,6,18
empirical_w6,3,1.75,myopic,3800000127,3800000127,239.69628906249972,0,0.0,True,12,6,18
empirical_w6,3,1.75,myopic,1600066510,1600066510,398.87255859374886,0,0.0,True,12,6,18
empirical_w6,3,1.75,myopic,3800001611,3800001611,332.3937988281248,0,0.0,True,12,6,18
empirical_w6,3,1.75,myopic,3800000110,3800000110,165.2710114036004,4,0.36,True,12,6,18
empirical_w6,3,1.8,dynamic,1600066610,1600066610,472.7574157714848,0,0.0,True,12,6,18
empirical_w6,3,1.8,dynamic,1600066590,1600066590,399.8057861328117,0,0.0,True,12,6,18
empirical_w6,3,1.8,dynamic,3800000120,3800000120,291.6572777996062,4,2.2,True,12,6,18
empirical_w6,3,1.8,dynamic,3800001520,3800001520,327.6087036132809,0,0.0,True,12,6,18
empirical_w6,3,1.8,dynamic,3800000127,3800000127,239.69628906249972,0,0.0,True,12,6,18
empirical_w6,3,1.8,dynamic,1600066510,1600066510,398.87255859374886,0,0.0,True,12,6,18
empirical_w6,3,1.8,dynamic,3800001611,3800001611,332.3937988281248,0,0.0,True,12,6,18
empirical_w6,3,1.8,dynamic,3800000110,3800000110,166.39990114402775,4,0.36,True,12,6,18
empirical_w6,3,1.8,myopic,1600066610,1600066610,472.7574157714848,0,0.0,True,12,6,18
empirical_w6,3,1.8,myopic,1600066590,1600066590,399.8057861328117,0,0.0,True,12,6,18
empirical_w6,3,1.8,myopic,3800000120,3800000120,291.6358439998628,4,2.2,True,12,6,18
empirical_w6,3,1.8,myopic,3800001520,3800001520,327.6087036132809,0,0.0,True,12,6,18
empirical_w6,3,1.8,myopic,3800000127,3800000127,239.69628906249972,0,0.0,True,12,6,18
empirical_w6,3,1.8,myopic,1600066510,1600066510,398.87255859374886,0,0.0,True,12,6,18
empirical_w6,3,1.8,myopic,3800001611,3800001611,332.3937988281248,0,0.0,True,12,6,18
empirical_w6,3,1.8,myopic,3800000110,3800000110,166.29373257811866,4,0.36,True,12,6,18
empirical_w6,3,1.85,dynamic,1600066610,1600066610,472.7574157714848,0,0.0,True,12,6,18
empirical_w6,3,1.85,dynamic,1600066590,1600066590,399.8057861328117,0,0.0,True,12,6,18
empirical_w6,3,1.85,dynamic,3800000120,3800000120,306.45137225786823,4,2.2,True,12,6,18
empirical_w6,3,1.85,dynamic,3800001520,3800001520,327.6087036132809,0,0.0,True,12,6,18
empirical_w6,3,1.85,dynamic,3800000127,3800000127,239.69628906249972,0,0.0,True,12,6,18
empirical_w6,3,1.85,dynamic,1600066510,1600066510,398.87255859374886,0,0.0,True,12,6,18
empirical_w6,3,1.85,dynamic,3800001611,3800001611,332.3937988281248,0,0.0,True,12,6,18
empirical_w6,3,1.85,dynamic,3800000110,3800000110,167.41383048220473,4,0.36,True,12,6,18
empirical_w6,3,1.85,myopic,1600066610,1600066610,472.7574157714848,0,0.0,True,12,6,18
empirical_w6,3,1.85,myopic,1600066590,1600066590,399.8057861328117,0,0.0,True,12,6,18
empirical_w6,3,1.85,myopic,3800000120,3800000120,306.43175767517096,4,2.2,True,12,6,18
empirical_w6,3,1.85,myopic,3800001520,3800001520,327.6087036132809,0,0.0,True,12,6,18
empirical_w6,3,1.85,myopic,3800000127,3800000127,239.69628906249972,0,0.0,True,12,6,18
empirical_w6,3,1.85,myopic,1600066510,1600066510,391.567710492611,4,1.0,False,12,6,18
empirical_w6,3,1.85,myopic,3800001611,3800001611,332.3937988281248,0,0.0,True,12,6,18
empirical_w6,3,1.85,myopic,3800000110,3800000110,167.31645375263693,4,0.36,True,12,6,18
empirical_w6,3,1.9,dynamic,1600066610,1600066610,472.7574157714848,0,0.0,True,12,6,18
empirical_w6,3,1.9,dynamic,1600066590,1600066590,399.8057861328117,0,0.0,True,12,6,18
empirical_w6,3,1.9,dynamic,3800000120,3800000120,321.24684908548954,4,2.2,True,12,6,18
empirical_w6,3,1.9,dynamic,3800001520,3800001520,327.6087036132809,0,0.0,True,12,6,18
empirical_w6,3,1.9,dynamic,3800000127,3800000127,239.69628906249972,0,0.0,True,12,6,18
empirical_w6,3,1.9,dynamic,1600066510,1600066510,398.9515371443431,1,0.5,True,12,6,18
empirical_w6,3,1.9,dynamic,3800001611,3800001611,332.3937988281248,0,0.0,True,12,6,18
empirical_w6,3,1.9,dynamic,3800000110,3800000110,168.42928449066477,4,0.36,True,12,6,18
empirical_w6,3,1.9,myopic,1600066610,1600066610,472.7574157714848,0,0.0,True,12,6,18
empirical_w6,3,1.9,myopic,1600066590,1600066590,399.8057861328117,0,0.0,True,12,6,18
empirical_w6,3,1.9,myopic,3800000120,3800000120,321.2276713504792,4,2.2,True,12,6,18
empirical_w6,3,1.9,myopic,3800001520,3800001520,327.6087036132809,0,0.0,True,12,6,18
empirical_w6,3,1.9,myopic,3800000127,3800000127,239.69628906249972,0,0.0,True,12,6,18
empirical_w6,3,1.9,myopic,1600066510,1600066510,397.6741471004484,4,2.0,True,12,6,18
empirical_w6,3,1.9,myopic,3800001611,3800001611,332.3937988281248,0,0.0,True,12,6,18
empirical_w6,3,1.9,myopic,3800000110,3800000110,168.3391749271552,4,0.36,True,12,6,18
empirical_w6,3,1.95,dynamic,1600066610,1600066610,472.7574157714848,0,0.0,True,12,6,18
empirical_w6,3,1.95,dynamic,1600066590,1600066590,399.8057861328117,0,0.0,True,12,6,18
empirical_w6,3,1.95,dynamic,3800000120,3800000120,336.0423259131111,4,2.2,True,12,6,18
empirical_w6,3,1.95,dynamic,3800001520,3800001520,327.6087036132809,0,0.0,True,12,6,18
empirical_w6,3,1.95,dynamic,3800000127,3800000127,239.69628906249972,0,0.0,True,12,6,18
empirical_w6,3,1.95,dynamic,1600066510,1600066510,412.19218051751454,4,2.0,True,12,6,18
empirical_w6,3,1.95,dynamic,3800001611,3800001611,332.3937988281248,0,0.0,True,12,6,18
empirical_w6,3,1.95,dynamic,3800000110,3800000110,169.44610831058023,4,0.36,True,12,6,18
empirical_w6,3,1.95,myopic,1600066610,1600066610,472.7574157714848,0,0.0,True,12,6,18
empirical_w6,3,1.95,myopic,1600066590,1600066590,399.8057861328117,0,0.0,True,12,6,18
empirical_w6,3,1.95,myopic,3800000120,3800000120,336.0235850257874,4,2.2,True,12,6,18
empirical_w6,3,1.95,myopic,3800001520,3800001520,327.6087036132809,0,0.0,True,12,6,18
empirical_w6,3,1.95,myopic,3800000127,3800000127,239.69628906249972,0,0.0,True,12,6,18
empirical_w6,3,1.95,myopic,1600066510,1600066510,411.87796229521416,4,2.0,True,12,6,18
empirical_w6,3,1.95,myopic,3800001611,3800001611,332.3937988281248,0,0.0,True,12,6,18
empirical_w6,3,1.95,myopic,3800000110,3800000110,169.36189610167347,4,0.36,True,12,6,18
empirical_w6,3,2.0,dynamic,1600066610,1600066610,472.7574157714848,0,0.0,True,12,6,18
empirical_w6,3,2.0,dynamic,1600066590,1600066590,399.8057861328117,0,0.0,True,12,6,18
empirical_w6,3,2.0,dynamic,3800000120,3800000120,350.8378027407325,4,2.2,True,12,6,18
empirical_w6,3,2.0,dynamic,3800001520,3800001520,327.6087036132809,0,0.0,True,12,6,18
empirical_w6,3,2.0,dynamic,3800000127,3800000127,239.69628906249972,0,0.0,True,12,6,18
empirical_w6,3,2.0,dynamic,1600066510,1600066510,426.3777114868161,4,2.0,True,12,6,18
empirical_w6,3,2.0,dynamic,3800001611,3800001611,332.3937988281248,0,0.0,True,12,6,18
empirical_w6,3,2.0,dynamic,3800000110,3800000110,170.4633102210363,4,0.36,True,12,6,18
empirical_w6,3,2.0,myopic,1600066610,1600066610,472.7574157714848,0,0.0,True,12,6,18
empirical_w6,3,2.0,myopic,1600066590,1600066590,399.8057861328117,0,0.0,True,12,6,18
empirical_w6,3,2.0,myopic,3800000120,3800000120,350.81949870109565,4,2.2,True,12,6,18
empirical_w6,3,2.0,myopic,3800001520,3800001520,327.6087036132809,0,0.0,True,12,6,18
empirical_w6,3,2.0,myopic,3800000127,3800000127,239.69628906249972,0,0.0,True,12,6,18
empirical_w6,3,2.0,myopic,1600066510,1600066510,426.0817774899799,4,2.0,True,12,6,18
empirical_w6,3,2.0,myopic,3800001611,3800001611,332.3937988281248,0,0.0,True,12,6,18
empirical_w6,3,2.0,myopic,3800000110,3800000110,170.38461727619173,4,0.36,True,12,6,18
empirical_w6,3,2.05,dynamic,1600066610,1600066610,472.7574157714848,0,0.0,True,12,6,18
empirical_w6,3,2.05,dynamic,1600066590,1600066590,399.8057861328117,0,0.0,True,12,6,18
empirical_w6,3,2.05,dynamic,3800000120,3800000120,365.63327956835394,4,2.2,True,12,6,18
empirical_w6,3,2.05,dynamic,3800001520,3800001520,327.6087036132809,0,0.0,True,12,6,18
empirical_w6,3,2.05,dynamic,3800000127,3800000127,239.69628906249972,0,0.0,True,12,6,18
empirical_w6,3,2.05,dynamic,1600066510,1600066510,440.5713547798791,4,2.0,True,12,6,18
empirical_w6,3,2.05,dynamic,3800001611,3800001611,332.3937988281248,0,0.0,True,12,6,18
empirical_w6,3,2.05,dynamic,3800000110,3800000110,171.4819551761548,4,0.36,True,12,6,18
empirical_w6,3,2.05,myopic,1600066610,1600066610,472.7574157714848,0,0.0,True,12,6,18
empirical_w6,3,2.05,myopic,1600066590,1600066590,399.8057861328117,0,0.0,True,12,6,18
empirical_w6,3,2.05,myopic,3800000120,3800000120,365.6154123764038,4,2.2,True,12,6,18
empirical_w6,3,2.05,myopic,3800001520,3800001520,327.6087036132809,0,0.0,True,12,6,18
empirical_w6,3,2.05,myopic,3800000127,3800000127,239.69628906249972,0,0.0,True,12,6,18
empirical_w6,3,2.05,myopic,1600066510,1600066510,440.28559268474555,4,2.0,True,12,6,18
empirical_w6,3,2.05,myopic,3800001611,3800001611,332.3937988281248,0,0.0,True,12,6,18
empirical_w6,3,2.05,myopic,3800000110,3800000110,171.40733845071,4,0.36,True,12,6,18
empirical_w6,3,2.1,dynamic,1600066610,1600066610,472.7574157714848,0,0.0,True,12,6,18
empirical_w6,3,2.1,dynamic,1600066590,1600066590,399.8057861328117,0,0.0,True,12,6,18
empirical_w6,3,2.1,dynamic,3800000120,3800000120,380.4287563959755,4,2.2,True,12,6,18
empirical_w6,3,2.1,dynamic,3800001520,3800001520,327.6087036132809,0,0.0,True,12,6,18
empirical_w6,3,2.1,dynamic,3800000127,3800000127,239.69628906249972,0,0.0,True,12,6,18
empirical_w6,3,2.1,dynamic,1600066510,1600066510,454.79272727902725,4,2.0,True,12,6,18
empirical_w6,3,2.1,dynamic,3800001611,3800001611,332.3937988281248,0,0.0,True,12,6,18
empirical_w6,3,2.1,dynamic,3800000110,3800000110,172.5006001312733,4,0.36,True,12,6,18
empirical_w6,3,2.1,myopic,1600066610,1600066610,472.7574157714848,0,0.0,True,12,6,18
empirical_w6,3,2.1,myopic,1600066590,1600066590,399.8057861328117,0,0.0,True,12,6,18
empirical_w6,3,2.1,myopic,3800000120,3800000120,380.4113260517121,4,2.2,True,12,6,18
empirical_w6,3,2.1,myopic,3800001520,3800001520,327.6087036132809,0,0.0,True,12,6,18
empirical_w6,3,2.1,myopic,3800000127,3800000127,239.69628906249972,0,0.0,True,12,6,18
empirical_w6,3,2.1,myopic,1600066510,1600066510,454.4894078795114,4,2.0,True,12,6,18
empirical_w6,3,2.1,myopic,3800001611,3800001611,332.3937988281248,0,0.0,True,12,6,18
empirical_w6,3,2.1,myopic,3800000110,3800000110,172.43005962522827,4,0.36,True,12,6,18
empirical_w6,3,2.15,dynamic,1600066610,1600066610,472.7574157714848,0,0.0,True,12,6,18
empirical_w6,3,2.15,dynamic,1600066590,1600066590,399.8057861328117,0,0.0,True,12,6,18
empirical_w6,3,2.15,dynamic,3800000120,3800000120,395.2242332235968,4,2.2,True,12,6,18
empirical_w6,3,2.15,dynamic,3800001520,3800001520,327.6087036132809,0,0.0,True,12,6,18
empirical_w6,3,2.15,dynamic,3800000127,3800000127,239.69628906249972,0,0.0,True,12,6,18
empirical_w6,3,2.15,dynamic,1600066510,1600066510,469.0140997781752,4,2.0,True,12,6,18
empirical_w6,3,2.15,dynamic,3800001611,3800001611,332.3937988281248,0,0.0,True,12,6,18
empirical_w6,3,2.15,dynamic,3800000110,3800000110,173.51924508639178,4,0.36,True,12,6,18
empirical_w6,3,2.15,myopic,1600066610,1600066610,472.7574157714848,0,0.0,True,12,6,18
empirical_w6,3,2.15,myopic,1600066590,1600066590,399.8057861328117,0,0.0,True,12,6,18
empirical_w6,3,2.15,myopic,3800000120,3800000120,395.20723972702035,4,2.2,True,12,6,18
empirical_w6,3,2.15,myopic,3800001520,3800001520,327.6087036132809,0,0.0,True,12,6,18
empirical_w6,3,2.15,myopic,3800000127,3800000127,233.86215011843035,4,2.0,True,12,6,18
empirical_w6,3,2.15,myopic,1600066510,1600066510,468.69322307427706,4,2.0,True,12,6,18
empirical_w6,3,2.15,myopic,3800001611,3800001611,332.3937988281248,0,0.0,True,12,6,18
empirical_w6,3,2.15,myopic,3800000110,3800000110,173.45278079974653,4,0.36,True,12,6,18
empirical_w6,3,2.2,dynamic,1600066610,1600066610,472.7574157714848,0,0.0,True,12,6,18
empirical_w6,3,2.2,dynamic,1600066590,1600066590,399.8057861328117,0,0.0,True,12,6,18
empirical_w6,3,2.2,dynamic,3800000120,3800000120,410.01971005121834,4,2.2,True,12,6,18
empirical_w6,3,2.2,dynamic,3800001520,3800001520,327.6087036132809,0,0.0,True,12,6,18
empirical_w6,3,2.2,dynamic,3800000127,3800000127,241.16720283178492,4,2.0,True,12,6,18
empirical_w6,3,2.2,dynamic,1600066510,1600066510,483.23547227732337,4,2.0,True,12,6,18
empirical_w6,3,2.2,dynamic,3800001611,3800001611,332.3937988281248,0,0.0,True,12,6,18
empirical_w6,3,2.2,dynamic,3800000110,3800000110,174.5378900415103,4,0.36,True,12,6,18
empirical_w6,3,2.2,myopic,1600066610,1600066610,472.7574157714848,0,0.0,True,12,6,18
empirical_w6,3,2.2,myopic,1600066590,1600066590,399.8057861328117,0,0.0,True,12,6,18
empirical_w6,3,2.2,myopic,3800000120,3800000120,410.0031534023286,4,2.2,True,12,6,18
empirical_w6,3,2.2,myopic,3800001520,3800001520,327.6087036132809,0,0.0,True,12,6,18
empirical_w6,3,2.2,myopic,3800000127,3800000127,241.08688938721014,4,2.0,True,12,6,18
empirical_w6,3,2.2,myopic,1600066510,1600066510,482.8970382690428,4,2.0,True,12,6,18
empirical_w6,3,2.2,myopic,3800001611,3800001611,332.3937988281248,0,0.0,True,12,6,18
empirical_w6,3,2.2,myopic,3800000110,3800000110,174.47550197426483,4,0.36,True,12,6,18
empirical_w6,3,2.24,dynamic,1600066610,1600066610,472.7574157714848,0,0.0,True,12,6,18
empirical_w6,3,2.24,dynamic,1600066590,1600066590,399.8057861328117,0,0.0,True,12,6,18
empirical_w6,3,2.24,dynamic,3800000120,3800000120,421.8560915133155,4,2.2,True,12,6,18
empirical_w6,3,2.24,dynamic,3800001520,3800001520,327.6087036132809,0,0.0,True,12,6,18
empirical_w6,3,2.24,dynamic,3800000127,3800000127,246.96550873696808,4,2.0,True,12,6,18
empirical_w6,3,2.24,dynamic,1600066510,1600066510,494.61257027664186,4,2.0,True,12,6,18
empirical_w6,3,2.24,dynamic,3800001611,3800001611,332.3937988281248,0,0.0,True,12,6,18
empirical_w6,3,2.24,dynamic,3800000110,3800000110,175.33288217417396,4,0.36,True,12,6,18
empirical_w6,3,2.24,myopic,1600066610,1600066610,472.7574157714848,0,0.0,True,12,6,18
empirical_w6,3,2.24,myopic,1600066590,1600066590,399.8057861328117,0,0.0,True,12,6,18
empirical_w6,3,2.24,myopic,3800000120,3800000120,421.83988434257526,4,2.2,True,12,6,18
empirical_w6,3,2.24,myopic,3800001520,3800001520,327.6087036132809,0,0.0,True,12,6,18
empirical_w6,3,2.24,myopic,3800000127,3800000127,246.86668080223393,4,2.0,True,12,6,18
empirical_w6,3,2.24,myopic,1600066510,1600066510,494.26009042485543,4,2.0,True,12,6,18
empirical_w6,3,2.24,myopic,3800001611,3800001611,332.3937988281248,0,0.0,True,12,6,18
empirical_w6,3,2.24,myopic,3800000110,3800000110,175.29367891387943,4,0.36,True,12,6,18
empirical_w6,3,2.25,dynamic,1600066610,1600066610,472.7574157714848,0,0.0,True,12,6,18
empirical_w6,3,2.25,dynamic,1600066590,1600066590,399.8057861328117,0,0.0,True,12,6,18
empirical_w6,3,2.25,dynamic,3800000120,3800000120,424.81518687883977,4,2.2,True,12,6,18
empirical_w6,3,2.25,dynamic,3800001520,3800001520,327.6087036132809,0,0.0,True,12,6,18
empirical_w6,3,2.25,dynamic,3800000127,3800000127,248.41638903876142,4,2.0,True,12,6,18
empirical_w6,3,2.25,dynamic,1600066510,1600066510,497.4568447764713,4,2.0,True,12,6,18
empirical_w6,3,2.25,dynamic,3800001611,3800001611,332.3937988281248,0,0.0,True,12,6,18
empirical_w6,3,2.25,dynamic,3800000110,3800000110,175.53614672104516,4,0.36,True,12,6,18
empirical_w6,3,2.25,myopic,1600066610,1600066610,472.7574157714848,0,0.0,True,12,6,18
empirical_w6,3,2.25,myopic,1600066590,1600066590,399.8057861328117,0,0.0,True,12,6,18
empirical_w6,3,2.25,myopic,3800000120,3800000120,424.7990670776368,4,2.2,True,12,6,18
empirical_w6,3,2.25,myopic,3800001520,3800001520,327.6087036132809,0,0.0,True,12,6,18
empirical_w6,3,2.25,myopic,3800000127,3800000127,248.2884442186356,4,2.0,True,12,6,18
empirical_w6,3,2.25,myopic,1600066510,1600066510,497.10085346380856,4,2.0,True,12,6,18
empirical_w6,3,2.25,myopic,3800001611,3800001611,332.3937988281248,0,0.0,True,12,6,18
empirical_w6,3,2.25,myopic,3800000110,3800000110,175.5014919080337,4,0.36,True,12,6,18
empirical_w6,3,2.3,dynamic,1600066610,1600066610,472.7574157714848,0,0.0,True,12,6,18
empirical_w6,3,2.3,dynamic,1600066590,1600066590,399.8057861328117,0,0.0,True,12,6,18
empirical_w6,3,2.3,dynamic,3800000120,3800000120,439.6106637064612,4,2.2,True,12,6,18
empirical_w6,3,2.3,dynamic,3800001520,3800001520,327.6087036132809,0,0.0,True,12,6,18
empirical_w6,3,2.3,dynamic,3800000127,3800000127,255.67852071285247,4,2.0,True,12,6,18
empirical_w6,3,2.3,dynamic,1600066510,1600066510,511.6782172756194,4,2.0,True,12,6,18
empirical_w6,3,2.3,dynamic,3800001611,3800001611,332.3937988281248,0,0.0,True,12,6,18
empirical_w6,3,2.3,dynamic,3800000110,3800000110,176.55246945540108,4,0.36,True,12,6,18
empirical_w6,3,2.3,myopic,1600066610,1600066610,472.7574157714848,0,0.0,True,12,6,18
empirical_w6,3,2.3,myopic,1600066590,1600066590,399.8057861328117,0,0.0,True,12,6,18
empirical_w6,3,2.3,myopic,3800000120,3800000120,439.59498075294493,4,2.2,True,12,6,18
empirical_w6,3,2.3,myopic,3800001520,3800001520,327.6087036132809,0,0.0,True,12,6,18
empirical_w6,3,2.3,myopic,3800000127,3800000127,255.54948873647058,4,2.0,True,12,6,18
empirical_w6,3,2.3,myopic,1600066510,1600066510,511.3046686585742,4,2.0,True,12,6,18
empirical_w6,3,2.3,myopic,3800001611,3800001611,332.3937988281248,0,0.0,True,12,6,18
empirical_w6,3,2.3,myopic,3800000110,3800000110,176.5190994711717,4,0.36,True,12,6,18
empirical_w6,3,2.35,dynamic,1600066610,1600066610,472.7574157714848,0,0.0,True,12,6,18
empirical_w6,3,2.35,dynamic,1600066590,1600066590,399.8057861328117,0,0.0,True,12,6,18
empirical_w6,3,2.35,dynamic,3800000120,3800000120,454.40614053408274,4,2.2,True,12,6,18
empirical_w6,3,2.35,dynamic,3800001520,3800001520,327.6087036132809,0,0.0,True,12,6,18
empirical_w6,3,2.35,dynamic,3800000127,3800000127,262.95034756024677,4,2.0,True,12,6,18
empirical_w6,3,2.35,dynamic,1600066510,1600066510,525.8995897747675,4,2.0,True,12,6,18
empirical_w6,3,2.35,dynamic,3800001611,3800001611,332.3937988281248,0,0.0,True,12,6,18
empirical_w6,3,2.35,dynamic,3800000110,3800000110,177.568792189757,4,0.36,True,12,6,18
empirical_w6,3,2.35,myopic,1600066610,1600066610,472.7574157714848,0,0.0,True,12,6,18
empirical_w6,3,2.35,myopic,1600066590,1600066590,399.8057861328117,0,0.0,True,12,6,18
empirical_w6,3,2.35,myopic,3800000120,3800000120,454.3908944282533,4,2.2,True,12,6,18
empirical_w6,3,2.35,myopic,3800001520,3800001520,327.6087036132809,0,0.0,True,12,6,18
empirical_w6,3,2.35,myopic,3800000127,3800000127,262.8105332543056,4,2.0,True,12,6,18
empirical_w6,3,2.35,myopic,1600066510,1600066510,525.50848385334,4,2.0,True,12,6,18
empirical_w6,3,2.35,myopic,3800001611,3800001611,332.3937988281248,0,0.0,True,12,6,18
empirical_w6,3,2.35,myopic,3800000110,3800000110,177.5367070343097,4,0.36,True,12,6,18
empirical_w6,3,2.4,dynamic,1600066610,1600066610,472.7574157714848,0,0.0,True,12,6,18
empirical_w6,3,2.4,dynamic,1600066590,1600066590,399.8057861328117,0,0.0,True,12,6,18
empirical_w6,3,2.4,dynamic,3800000120,3800000120,469.20161736170405,4,2.2,True,12,6,18
empirical_w6,3,2.4,dynamic,3800001520,3800001520,327.6087036132809,0,0.0,True,12,6,18
empirical_w6,3,2.4,dynamic,3800000127,3800000127,270.2221744076411,4,2.0,True,12,6,18
empirical_w6,3,2.4,dynamic,1600066510,1600066510,540.1209622739154,4,2.0,True,12,6,18
empirical_w6,3,2.4,dynamic,3800001611,3800001611,332.3937988281248,0,0.0,True,12,6,18
empirical_w6,3,2.4,dynamic,3800000110,3800000110,178.58511492411293,4,0.36,True,12,6,18
empirical_w6,3,2.4,myopic,1600066610,1600066610,472.7574157714848,0,0.0,True,12,6,18
empirical_w6,3,2.4,myopic,1600066590,1600066590,399.8057861328117,0,0.0,True,12,6,18
empirical_w6,3,2.4,myopic,3800000120,3800000120,469.1868081035615,4,2.2,True,12,6,18
empirical_w6,3,2.4,myopic,3800001520,3800001520,327.6087036132809,0,0.0,True,12,6,18
empirical_w6,3,2.4,myopic,3800000127,3800000127,270.0715777721406,4,2.0,True,12,6,18
empirical_w6,3,2.4,myopic,1600066510,1600066510,539.7122990481057,4,2.0,True,12,6,18
empirical_w6,3,2.4,myopic,3800001611,3800001611,332.3937988281248,0,0.0,True,12,6,18
empirical_w6,3,2.4,myopic,3800000110,3800000110,178.55431459744773,4,0.36,True,12,6,18
empirical_w6,3,2.45,dynamic,1600066610,1600066610,472.7574157714848,0,0.0,True,12,6,18
empirical_w6,3,2.45,dynamic,1600066590,1600066590,399.8057861328117,0,0.0,True,12,6,18
empirical_w6,3,2.45,dynamic,3800000120,3800000120,483.9970941893256,4,2.2,True,12,6,18
empirical_w6,3,2.45,dynamic,3800001520,3800001520,327.6087036132809,0,0.0,True,12,6,18
empirical_w6,3,2.45,dynamic,3800000127,3800000127,277.4940012550354,4,2.0,True,12,6,18
empirical_w6,3,2.45,dynamic,1600066510,1600066510,554.3423347730636,4,2.0,True,12,6,18
empirical_w6,3,2.45,dynamic,3800001611,3800001611,332.3937988281248,0,0.0,True,12,6,18
empirical_w6,3,2.45,dynamic,3800000110,3800000110,179.60143765846885,4,0.36,True,12,6,18
empirical_w6,3,2.45,myopic,1600066610,1600066610,472.7574157714848,0,0.0,True,12,6,18
empirical_w6,3,2.45,myopic,1600066590,1600066590,399.8057861328117,0,0.0,True,12,6,18
empirical_w6,3,2.45,myopic,3800000120,3800000120,483.98272177886975,4,2.2,True,12,6,18
empirical_w6,3,2.45,myopic,3800001520,3800001520,327.6087036132809,0,0.0,True,12,6,18
empirical_w6,3,2.45,myopic,3800000127,3800000127,277.3326222899756,4,2.0,True,12,6,18
empirical_w6,3,2.45,myopic,1600066510,1600066510,553.9161142428715,4,2.0,True,12,6,18
empirical_w6,3,2.45,myopic,3800001611,3800001611,308.30086236270273,4,1.6,True,12,6,18
empirical_w6,3,2.45,myopic,3800000110,3800000110,179.57192216058573,4,0.36,True,12,6,18
empirical_w6,3,2.5,dynamic,1600066610,1600066610,472.7574157714848,0,0.0,True,12,6,18
empirical_w6,3,2.5,dynamic,1600066590,1600066590,399.8057861328117,0,0.0,True,12,6,18
empirical_w6,3,2.5,dynamic,3800000120,3800000120,498.792571016947,4,2.2,True,12,6,18
empirical_w6,3,2.5,dynamic,3800001520,3800001520,327.6087036132809,0,0.0,True,12,6,18
empirical_w6,3,2.5,dynamic,3800000127,3800000127,284.76582810242974,4,2.0,True,12,6,18
empirical_w6,3,2.5,dynamic,1600066510,1600066510,568.5637072722116,4,2.0,True,12,6,18
empirical_w6,3,2.5,dynamic,3800001611,3800001611,332.3937988281248,0,0.0,True,12,6,18
empirical_w6,3,2.5,dynamic,3800000110,3800000110,180.61776039282478,4,0.36,True,12,6,18
empirical_w6,3,2.5,myopic,1600066610,1600066610,472.7574157714848,0,0.0,True,12,6,18
empirical_w6,3,2.5,myopic,1600066590,1600066590,399.8057861328117,0,0.0,True,12,6,18
empirical_w6,3,2.5,myopic,3800000120,3800000120,498.7786354541779,4,2.2,True,12,6,18
empirical_w6,3,2.5,myopic,3800001520,3800001520,327.6087036132809,0,0.0,True,12,6,18
empirical_w6,3,2.5,myopic,3800000127,3800000127,284.59366680781056,4,2.0,True,12,6,18
empirical_w6,3,2.5,myopic,1600066510,1600066510,568.1199294376372,4,2.0,True,12,6,18
empirical_w6,3,2.5,myopic,3800001611,3800001611,313.71613926728566,4,1.6,True,12,6,18
empirical_w6,3,2.5,myopic,3800000110,3800000110,180.58952972372373,4,0.36,True,12,6,18
empirical_w6,3,2.55,dynamic,1600066610,1600066610,472.7574157714848,0,0.0,True,12,6,18
empirical_w6,3,2.55,dynamic,1600066590,1600066590,399.8057861328117,0,0.0,True,12,6,18
empirical_w6,3,2.55,dynamic,3800000120,3800000120,513.5880478445685,4,2.2,True,12,6,18
empirical_w6,3,2.55,dynamic,3800001520,3800001520,327.6087036132809,0,0.0,True,12,6,18
empirical_w6,3,2.55,dynamic,3800000127,3800000127,292.03765494982406,4,2.0,True,12,6,18
empirical_w6,3,2.55,dynamic,1600066510,1600066510,582.7850797713595,4,2.0,True,12,6,18
empirical_w6,3,2.55,dynamic,3800001611,3800001611,332.3937988281248,0,0.0,True,12,6,18
empirical_w6,3,2.55,dynamic,3800000110,3800000110,181.63431643422442,4,0.36,True,12,6,18
empirical_w6,3,2.55,myopic,1600066610,1600066610,472.7574157714848,0,0.0,True,12,6,18
empirical_w6,3,2.55,myopic,1600066590,1600066590,391.0540022163391,4,2.0,True,12,6,18
empirical_w6,3,2.55,myopic,3800000120,3800000120,513.5745491294861,4,2.2,True,12,6,18
empirical_w6,3,2.55,myopic,3800001520,3800001520,325.74110035383706,4,0.16,True,12,6,18
empirical_w6,3,2.55,myopic,3800000127,3800000127,291.85471132564544,4,2.0,True,12,6,18
empirical_w6,3,2.55,myopic,1600066510,1600066510,582.3237446324028,4,2.0,True,12,6,18
empirical_w6,3,2.55,myopic,3800001611,3800001611,319.13141617186864,4,1.6,True,12,6,18
empirical_w6,3,2.55,myopic,3800000110,3800000110,181.60713728686173,4,0.36,True,12,6,18
empirical_w6,3,2.6,dynamic,1600066610,1600066610,472.7574157714848,0,0.0,True,12,6,18
empirical_w6,3,2.6,dynamic,1600066590,1600066590,401.7714717696508,4,2.0,True,12,6,18
empirical_w6,3,2.6,dynamic,3800000120,3800000120,528.38352467219,4,2.2,True,12,6,18
empirical_w6,3,2.6,dynamic,3800001520,3800001520,327.6087036132809,0,0.0,True,12,6,18
empirical_w6,3,2.6,dynamic,3800000127,3800000127,299.3094817972184,4,2.0,True,12,6,18
empirical_w6,3,2.6,dynamic,1600066510,1600066510,597.0064522705077,4,2.0,True,12,6,18
empirical_w6,3,2.6,dynamic,3800001611,3800001611,332.3937988281248,0,0.0,True,12,6,18
empirical_w6,3,2.6,dynamic,3800000110,3800000110,182.62474484999976,4,0.36,True,12,6,18
empirical_w6,3,2.6,myopic,1600066610,1600066610,472.7574157714848,0,0.0,True,12,6,18
empirical_w6,3,2.6,myopic,1600066590,1600066590,401.5356271800995,4,2.0,True,12,6,18
empirical_w6,3,2.6,myopic,3800000120,3800000120,528.3704628047944,4,2.2,True,12,6,18
empirical_w6,3,2.6,myopic,3800001520,3800001520,326.08391155767447,4,0.16,True,12,6,18
empirical_w6,3,2.6,myopic,3800000127,3800000127,299.11575584348054,4,2.0,True,12,6,18
empirical_w6,3,2.6,myopic,1600066510,1600066510,596.5275598271686,4,2.0,True,12,6,18
empirical_w6,3,2.6,myopic,3800001611,3800001611,324.5466930764516,4,1.6,True,12,6,18
empirical_w6,3,2.6,myopic,3800000110,3800000110,182.62474484999976,4,0.36,True,12,6,18
empirical_w6,3,2.65,dynamic,1600066610,1600066610,472.7574157714848,0,0.0,True,12,6,18
empirical_w6,3,2.65,dynamic,1600066590,1600066590,412.2086826734541,4,2.0,True,12,6,18
empirical_w6,3,2.65,dynamic,3800000120,3800000120,543.1790014998113,4,2.2,True,12,6,18
empirical_w6,3,2.65,dynamic,3800001520,3800001520,327.6087036132809,0,0.0,True,12,6,18
empirical_w6,3,2.65,dynamic,3800000127,3800000127,306.5813086446127,4,2.0,True,12,6,18
empirical_w6,3,2.65,dynamic,1600066510,1600066510,611.2278247696556,4,2.0,True,12,6,18
empirical_w6,3,2.65,dynamic,3800001611,3800001611,332.3937988281248,0,0.0,True,12,6,18
empirical_w6,3,2.65,dynamic,3800000110,3800000110,183.64235241313776,4,0.36,True,12,6,18
empirical_w6,3,2.65,myopic,1600066610,1600066610,472.2764475564758,4,2.0,True,12,6,18
empirical_w6,3,2.65,myopic,1600066590,1600066590,412.0172521438599,4,2.0,True,12,6,18
empirical_w6,3,2.65,myopic,3800000120,3800000120,543.1663764801026,4,2.2,True,12,6,18
empirical_w6,3,2.65,myopic,3800001520,3800001520,326.4267227615118,4,0.16,True,12,6,18
empirical_w6,3,2.65,myopic,3800000127,3800000127,306.3768003613154,4,2.0,True,12,6,18
empirical_w6,3,2.65,myopic,1600066510,1600066510,610.7313750219344,4,2.0,True,12,6,18
empirical_w6,3,2.65,myopic,3800001611,3800001611,329.9619699810346,4,1.6,True,12,6,18
empirical_w6,3,2.65,myopic,3800000110,3800000110,183.64235241313776,4,0.36,True,12,6,18
empirical_w6,3,2.7,dynamic,1600066610,1600066610,483.1016962050398,4,2.0,True,12,6,18
empirical_w6,3,2.7,dynamic,1600066590,1600066590,422.6299054841995,4,2.0,True,12,6,18
empirical_w6,3,2.7,dynamic,3800000120,3800000120,557.9622901554109,4,2.2,True,12,6,18
empirical_w6,3,2.7,dynamic,3800001520,3800001520,327.6087036132809,0,0.0,True,12,6,18
empirical_w6,3,2.7,dynamic,3800000127,3800000127,313.769789176186,4,2.0,True,12,6,18
empirical_w6,3,2.7,dynamic,1600066510,1600066510,625.4491972688038,4,2.0,True,12,6,18
empirical_w6,3,2.7,dynamic,3800001611,3800001611,335.52920962071414,4,1.6,True,12,6,18
empirical_w6,3,2.7,dynamic,3800000110,3800000110,184.65995997627576,4,0.36,True,12,6,18
empirical_w6,3,2.7,myopic,1600066610,1600066610,483.0845667536855,4,2.0,True,12,6,18
empirical_w6,3,2.7,myopic,1600066590,1600066590,422.4988771076203,4,2.0,True,12,6,18
empirical_w6,3,2.7,myopic,3800000120,3800000120,557.9622901554109,4,2.2,True,12,6,18
empirical_w6,3,2.7,myopic,3800001520,3800001520,326.76953396534924,4,0.16,True,12,6,18
empirical_w6,3,2.7,myopic,3800000127,3800000127,313.6378448791505,4,2.0,True,12,6,18
empirical_w6,3,2.7,myopic,1600066510,1600066510,624.9351902167001,4,2.0,True,12,6,18
empirical_w6,3,2.7,myopic,3800001611,3800001611,335.3772468856176,4,1.6,True,12,6,18
empirical_w6,3,2.7,myopic,3800000110,3800000110,184.65995997627576,4,0.36,True,12,6,18
empirical_w6,3,2.75,dynamic,1600066610,1600066610,493.96412756592025,4,2.0,True,12,6,18
empirical_w6,3,2.75,dynamic,1600066590,1600066590,433.0591223414739,4,2.0,True,12,6,18
empirical_w6,3,2.75,dynamic,3800000120,3800000120,572.758203830719,4,2.2,True,12,6,18
empirical_w6,3,2.75,dynamic,3800001520,3800001520,327.6087036132809,0,0.0,True,12,6,18
empirical_w6,3,2.75,dynamic,3800000127,3800000127,321.03992788334693,4,2.0,True,12,6,18
empirical_w6,3,2.75,dynamic,1600066510,1600066510,639.670569767952,4,2.0,True,12,6,18
empirical_w6,3,2.75,dynamic,3800001611,3800001611,340.95920331957444,4,1.6,True,12,6,18
empirical_w6,3,2.75,dynamic,3800000110,3800000110,185.67756753941376,4,0.36,True,12,6,18
empirical_w6,3,2.75,myopic,1600066610,1600066610,493.96412756592025,4,2.0,True,12,6,18
empirical_w6,3,2.75,myopic,1600066590,1600066590,432.98050207138056,4,2.0,True,12,6,18
empirical_w6,3,2.75,myopic,3800000120,3800000120,572.758203830719,4,2.2,True,12,6,18
empirical_w6,3,2.75,myopic,3800001520,3800001520,327.11234516918665,4,0.16,True,12,6,18
empirical_w6,3,2.75,myopic,3800000127,3800000127,320.8988893969854,4,2.0,True,12,6,18
empirical_w6,3,2.75,myopic,1600066510,1600066510,639.1390054114657,4,2.0,True,12,6,18
empirical_w6,3,2.75,myopic,3800001611,3800001611,340.79252379020056,4,1.6,True,12,6,18
empirical_w6,3,2.75,myopic,3800000110,3800000110,185.63777222871784,4,0.36,True,12,6,18
empirical_w6,3,2.8,dynamic,1600066610,1600066610,504.8265589268007,4,2.0,True,12,6,18
empirical_w6,3,2.8,dynamic,1600066590,1600066590,443.48833919874824,4,2.0,True,12,6,18
empirical_w6,3,2.8,dynamic,3800000120,3800000120,587.5541175060273,4,2.2,True,12,6,18
empirical_w6,3,2.8,dynamic,3800001520,3800001520,327.6087036132809,0,0.0,True,12,6,18
empirical_w6,3,2.8,dynamic,3800000127,3800000127,328.31006659050786,4,2.0,True,12,6,18
empirical_w6,3,2.8,dynamic,1600066510,1600066510,653.8919422670999,4,2.0,True,12,6,18
empirical_w6,3,2.8,dynamic,3800001611,3800001611,346.38928319965305,4,1.6,True,12,6,18
empirical_w6,3,2.8,dynamic,3800000110,3800000110,186.6951751025518,4,0.36,True,12,6,18
empirical_w6,3,2.8,myopic,1600066610,1600066610,504.8265589268007,4,2.0,True,12,6,18
empirical_w6,3,2.8,myopic,1600066590,1600066590,443.46212703514095,4,2.0,True,12,6,18
empirical_w6,3,2.8,myopic,3800000120,3800000120,587.5541175060273,4,2.2,True,12,6,18
empirical_w6,3,2.8,myopic,3800001520,3800001520,321.1375787328084,4,0.76,False,12,6,18
empirical_w6,3,2.8,myopic,3800000127,3800000127,328.1599339148204,4,2.0,True,12,6,18
empirical_w6,3,2.8,myopic,1600066510,1600066510,653.3428206062315,4,2.0,True,12,6,18
empirical_w6,3,2.8,myopic,3800001611,3800001611,346.2078006947835,4,1.6,True,12,6,18
empirical_w6,3,2.8,myopic,3800000110,3800000110,186.65029175949098,4,0.36,True,12,6,18
empirical_w6,3,2.85,dynamic,1600066610,1600066610,515.6889902876813,4,2.0,True,12,6,18
empirical_w6,3,2.85,dynamic,1600066590,1600066590,453.9175560560226,4,2.0,True,12,6,18
empirical_w6,3,2.85,dynamic,3800000120,3800000120,602.3500311813356,4,2.2,True,12,6,18
empirical_w6,3,2.85,dynamic,3800001520,3800001520,327.72054184647396,3,0.12,True,12,6,18
empirical_w6,3,2.85,dynamic,3800000127,3800000127,335.58020529766884,4,2.0,True,12,6,18
empirical_w6,3,2.85,dynamic,1600066510,1600066510,668.1133147662481,4,2.0,True,12,6,18
empirical_w6,3,2.85,dynamic,3800001611,3800001611,351.8193630797317,4,1.6,True,12,6,18
empirical_w6,3,2.85,dynamic,3800000110,3800000110,187.7127826656898,4,0.36,True,12,6,18
empirical_w6,3,2.85,myopic,1600066610,1600066610,515.6889902876813,4,2.0,True,12,6,18
empirical_w6,3,2.85,myopic,1600066590,1600066590,453.94375199890135,4,2.0,True,12,6,18
empirical_w6,3,2.85,myopic,3800000120,3800000120,602.3500311813356,4,2.2,True,12,6,18
empirical_w6,3,2.85,myopic,3800001520,3800001520,312.15914686107647,4,1.96,True,12,6,18
empirical_w6,3,2.85,myopic,3800000127,3800000127,335.4209784326554,4,2.0,True,12,6,18
empirical_w6,3,2.85,myopic,1600066510,1600066510,667.5466358009973,4,2.0,True,12,6,18
empirical_w6,3,2.85,myopic,3800001611,3800001611,351.6230775993665,4,1.6,True,12,6,18
empirical_w6,3,2.85,myopic,3800000110,3800000110,187.66281129026416,4,0.36,True,12,6,18
empirical_w6,3,2.9,dynamic,1600066610,1600066610,526.5514216485619,4,2.0,True,12,6,18
empirical_w6,3,2.9,dynamic,1600066590,1600066590,464.42537696266174,4,2.0,True,12,6,18
empirical_w6,3,2.9,dynamic,3800000120,3800000120,617.1459448566437,4,2.2,True,12,6,18
empirical_w6,3,2.9,dynamic,3800001520,3800001520,327.9789834468364,3,0.12,True,12,6,18
empirical_w6,3,2.9,dynamic,3800000127,3800000127,342.85034400482976,4,2.0,True,12,6,18
empirical_w6,3,2.9,dynamic,1600066510,1600066510,682.334687265396,4,2.0,True,12,6,18
empirical_w6,3,2.9,dynamic,3800001611,3800001611,357.2494429598103,4,1.6,True,12,6,18
empirical_w6,3,2.9,dynamic,3800000110,3800000110,188.67533082103733,4,0.36,True,12,6,18
empirical_w6,3,2.9,myopic,1600066610,1600066610,526.5514216485619,4,2.0,True,12,6,18
empirical_w6,3,2.9,myopic,1600066590,1600066590,464.42537696266174,4,2.0,True,12,6,18
empirical_w6,3,2.9,myopic,3800000120,3800000120,617.1459448566437,4,2.2,True,12,6,18
empirical_w6,3,2.9,myopic,3800001520,3800001520,322.4829706503551,4,1.96,True,12,6,18
empirical_w6,3,2.9,myopic,3800000127,3800000127,342.68202295049036,4,2.0,True,12,6,18
empirical_w6,3,2.9,myopic,1600066510,1600066510,681.7504509957629,4,2.0,True,12,6,18
empirical_w6,3,2.9,myopic,3800001611,3800001611,357.03835450394945,4,1.6,True,12,6,18
empirical_w6,3,2.9,myopic,3800000110,3800000110,188.67533082103733,4,0.36,True,12,6,18
empirical_w6,3,2.95,dynamic,1600066610,1600066610,537.4138530094425,4,2.0,True,12,6,18
empirical_w6,3,2.95,dynamic,1600066590,1600066590,474.90700192642214,4,2.0,True,12,6,18
empirical_w6,3,2.95,dynamic,3800000120,3800000120,631.941858531952,4,2.2,True,12,6,18
empirical_w6,3,2.95,dynamic,3800001520,3800001520,332.8067944396339,4,1.96,True,12,6,18
empirical_w6,3,2.95,dynamic,3800000127,3800000127,349.94306746832535,4,2.0,True,12,6,18
empirical_w6,3,2.95,dynamic,1600066510,1600066510,696.3708437789281,4,2.0,True,12,6,18
empirical_w6,3,2.95,dynamic,3800001611,3800001611,362.679522839889,4,1.6,True,12,6,18
empirical_w6,3,2.95,dynamic,3800000110,3800000110,189.68785035181048,4,0.36,True,12,6,18
empirical_w6,3,2.95,myopic,1600066610,1600066610,537.4138530094425,4,2.0,True,12,6,18
empirical_w6,3,2.95,myopic,1600066590,1600066590,474.90700192642214,4,2.0,True,12,6,18
empirical_w6,3,2.95,myopic,3800000120,3800000120,631.941858531952,4,2.2,True,12,6,18
empirical_w6,3,2.95,myopic,3800001520,3800001520,332.8067944396339,4,1.96,True,12,6,18
empirical_w6,3,2.95,myopic,3800000127,3800000127,349.94306746832535,4,2.0,True,12,6,18
empirical_w6,3,2.95,myopic,1600066510,1600066510,695.9542661905288,4,2.0,True,12,6,18
empirical_w6,3,2.95,myopic,3800001611,3800001611,362.4536314085325,4,1.6,True,12,6,18
empirical_w6,3,2.95,myopic,3800000110,3800000110,189.68785035181048,4,0.36,True,12,6,18
empirical_w6,3,3.0,dynamic,1600066610,1600066610,548.276284370323,4,2.0,True,12,6,18
empirical_w6,3,3.0,dynamic,1600066590,1600066590,485.38862689018254,4,2.0,True,12,6,18
empirical_w6,3,3.0,dynamic,3800000120,3800000120,646.7377722072603,4,2.2,True,12,6,18
empirical_w6,3,3.0,dynamic,3800001520,3800001520,343.13061822891245,4,1.96,True,12,6,18
empirical_w6,3,3.0,dynamic,3800000127,3800000127,357.20411198616034,4,2.0,True,12,6,18
empirical_w6,3,3.0,dynamic,1600066510,1600066510,710.5905484263102,4,2.0,True,12,6,18
empirical_w6,3,3.0,dynamic,3800001611,3800001611,368.1096027199676,4,1.6,True,12,6,18
empirical_w6,3,3.0,dynamic,3800000110,3800000110,190.70036988258363,4,0.36,True,12,6,18
empirical_w6,3,3.0,myopic,1600066610,1600066610,548.276284370323,4,2.0,True,12,6,18
empirical_w6,3,3.0,myopic,1600066590,1600066590,485.38862689018254,4,2.0,True,12,6,18
empirical_w6,3,3.0,myopic,3800000120,3800000120,646.7377722072603,4,2.2,True,12,6,18
empirical_w6,3,3.0,myopic,3800001520,3800001520,343.13061822891245,4,1.96,True,12,6,18
empirical_w6,3,3.0,myopic,3800000127,3800000127,357.20411198616034,4,2.0,True,12,6,18
empirical_w6,3,3.0,myopic,1600066510,1600066510,710.1580813852944,4,2.0,True,12,6,18
empirical_w6,3,3.0,myopic,3800001611,3800001611,367.86890831311547,4,1.6,True,12,6,18
empirical_w6,3,3.0,myopic,3800000110,3800000110,190.70036988258363,4,0.36,True,12,6,18
empirical_w6,3,3.05,dynamic,1600066610,1600066610,559.1387157312034,4,2.0,True,12,6,18
empirical_w6,3,3.05,dynamic,1600066590,1600066590,495.8702518539428,4,2.0,True,12,6,18
empirical_w6,3,3.05,dynamic,3800000120,3800000120,661.5336858825684,4,2.2,True,12,6,18
empirical_w6,3,3.05,dynamic,3800001520,3800001520,353.4544420181911,4,1.96,True,12,6,18
empirical_w6,3,3.05,dynamic,3800000127,3800000127,364.46515650399533,4,2.0,True,12,6,18
empirical_w6,3,3.05,dynamic,1600066510,1600066510,724.8102530736923,4,2.0,True,12,6,18
empirical_w6,3,3.05,dynamic,3800001611,3800001611,373.54213650894167,4,1.6,True,12,6,18
empirical_w6,3,3.05,dynamic,3800000110,3800000110,191.7128894133568,4,0.36,True,12,6,18
empirical_w6,3,3.05,myopic,1600066610,1600066610,559.1387157312034,4,2.0,True,12,6,18
empirical_w6,3,3.05,myopic,1600066590,1600066590,495.8702518539428,4,2.0,True,12,6,18
empirical_w6,3,3.05,myopic,3800000120,3800000120,661.5336858825684,4,2.2,True,12,6,18
empirical_w6,3,3.05,myopic,3800001520,3800001520,353.4544420181911,4,1.96,True,12,6,18
empirical_w6,3,3.05,myopic,3800000127,3800000127,364.46515650399533,4,2.0,True,12,6,18
empirical_w6,3,3.05,myopic,1600066510,1600066510,724.36189658006,4,2.0,True,12,6,18
empirical_w6,3,3.05,myopic,3800001611,3800001611,373.2841852176984,4,1.6,True,12,6,18
empirical_w6,3,3.05,myopic,3800000110,3800000110,191.7128894133568,4,0.36,True,12,6,18
empirical_w6,3,3.1,dynamic,1600066610,1600066610,570.001147092084,4,2.0,True,12,6,18
empirical_w6,3,3.1,dynamic,1600066590,1600066590,506.3518768177032,4,2.0,True,12,6,18
empirical_w6,3,3.1,dynamic,3800000120,3800000120,676.3295995578767,4,2.2,True,12,6,18
empirical_w6,3,3.1,dynamic,3800001520,3800001520,363.7782658074698,4,1.96,True,12,6,18
empirical_w6,3,3.1,dynamic,3800000127,3800000127,371.7262010218303,4,2.0,True,12,6,18
empirical_w6,3,3.1,dynamic,1600066510,1600066510,739.0299577210744,4,2.0,True,12,6,18
empirical_w6,3,3.1,dynamic,3800001611,3800001611,378.97564441188183,4,1.6,True,12,6,18
empirical_w6,3,3.1,dynamic,3800000110,3800000110,192.72540894412998,4,0.36,True,12,6,18
empirical_w6,3,3.1,myopic,1600066610,1600066610,570.001147092084,4,2.0,True,12,6,18
empirical_w6,3,3.1,myopic,1600066590,1600066590,506.3518768177032,4,2.0,True,12,6,18
empirical_w6,3,3.1,myopic,3800000120,3800000120,676.3295995578767,4,2.2,True,12,6,18
empirical_w6,3,3.1,myopic,3800001520,3800001520,363.7782658074698,4,1.96,True,12,6,18
empirical_w6,3,3.1,myopic,3800000127,3800000127,371.7262010218303,4,2.0,True,12,6,18
empirical_w6,3,3.1,myopic,1600066510,1600066510,738.5657117748259,4,2.0,True,12,6,18
empirical_w6,3,3.1,myopic,3800001611,3800001611,378.69946212228143,4,1.6,True,12,6,18
empirical_w6,3,3.1,myopic,3800000110,3800000110,192.72540894412998,4,0.36,True,12,6,18
empirical_w6,3,3.15,dynamic,1600066610,1600066610,580.8635784529646,4,2.0,True,12,6,18
empirical_w6,3,3.15,dynamic,1600066590,1600066590,516.8335017814636,4,2.0,True,12,6,18
empirical_w6,3,3.15,dynamic,3800000120,3800000120,691.1255132331848,4,2.2,True,12,6,18
empirical_w6,3,3.15,dynamic,3800001520,3800001520,374.10208959674844,4,1.96,True,12,6,18
empirical_w6,3,3.15,dynamic,3800000127,3800000127,378.9872455396653,4,2.0,True,12,6,18
empirical_w6,3,3.15,dynamic,1600066510,1600066510,753.2496623684565,4,2.0,True,12,6,18
empirical_w6,3,3.15,dynamic,3800001611,3800001611,384.4091523148219,4,1.6,True,12,6,18
empirical_w6,3,3.15,dynamic,3800000110,3800000110,193.73792847490313,4,0.36,True,12,6,18
empirical_w6,3,3.15,myopic,1600066610,1600066610,580.8635784529646,4,2.0,True,12,6,18
empirical_w6,3,3.15,myopic,1600066590,1600066590,516.8335017814636,4,2.0,True,12,6,18
empirical_w6,3,3.15,myopic,3800000120,3800000120,691.1255132331848,4,2.2,True,12,6,18
empirical_w6,3,3.15,myopic,3800001520,3800001520,374.10208959674844,4,1.96,True,12,6,18
empirical_w6,3,3.15,myopic,3800000127,3800000127,378.9872455396653,4,2.0,True,12,6,18
empirical_w6,3,3.15,myopic,1600066510,1600066510,752.7695269695915,4,2.0,True,12,6,18
empirical_w6,3,3.15,myopic,3800001611,3800001611,384.11473902686436,4,1.6,True,12,6,18
empirical_w6,3,3.15,myopic,3800000110,3800000110,193.73792847490313,4,0.36,True,12,6,18
empirical_w6,3,3.2,dynamic,1600066610,1600066610,591.7260098138452,4,2.0,True,12,6,18
empirical_w6,3,3.2,dynamic,1600066590,1600066590,527.315126745224,4,2.0,True,12,6,18
empirical_w6,3,3.2,dynamic,3800000120,3800000120,705.9214269084931,4,2.2,True,12,6,18
empirical_w6,3,3.2,dynamic,3800001520,3800001520,384.4259133860272,4,1.96,True,12,6,18
empirical_w6,3,3.2,dynamic,3800000127,3800000127,386.2482900575003,4,2.0,True,12,6,18
empirical_w6,3,3.2,dynamic,1600066510,1600066510,767.4693670158387,4,2.0,True,12,6,18
empirical_w6,3,3.2,dynamic,3800001611,3800001611,389.84266021776205,4,1.6,True,12,6,18
empirical_w6,3,3.2,dynamic,3800000110,3800000110,194.7504480056763,4,0.36,True,12,6,18
empirical_w6,3,3.2,myopic,1600066610,1600066610,591.7260098138452,4,2.0,True,12,6,18
empirical_w6,3,3.2,myopic,1600066590,1600066590,527.315126745224,4,2.0,True,12,6,18
empirical_w6,3,3.2,myopic,3800000120,3800000120,705.9214269084931,4,2.2,True,12,6,18
empirical_w6,3,3.2,myopic,3800001520,3800001520,384.4259133860272,4,1.96,True,12,6,18
empirical_w6,3,3.2,myopic,3800000127,3800000127,386.2482900575003,4,2.0,True,12,6,18
empirical_w6,3,3.2,myopic,1600066510,1600066510,766.9733421643573,4,2.0,True,12,6,18
empirical_w6,3,3.2,myopic,3800001611,3800001611,389.5300159314474,4,1.6,True,12,6,18
empirical_w6,3,3.2,myopic,3800000110,3800000110,194.7504480056763,4,0.36,True,12,6,18
empirical_w6,8,1.2,dynamic,1600066610,1600066610,472.7574157714848,0,0.0,True,12,6,18
empirical_w6,8,1.2,dynamic,1600066590,1600066590,399.8057861328117,0,0.0,True,12,6,18
empirical_w6,8,1.2,dynamic,3800000120,3800000120,249.29017639160062,0,0.0,True,12,6,18
empirical_w6,8,1.2,dynamic,3800001520,3800001520,327.6087036132809,0,0.0,True,12,6,18
empirical_w6,8,1.2,dynamic,3800000127,3800000127,239.69628906249972,0,0.0,True,12,6,18
empirical_w6,8,1.2,dynamic,1600066510,1600066510,398.87255859374886,0,0.0,True,12,6,18
empirical_w6,8,1.2,dynamic,3800001611,3800001611,332.3937988281248,0,0.0,True,12,6,18
empirical_w6,8,1.2,dynamic,3800000110,3800000110,161.52136230468736,0,0.0,True,12,6,18
empirical_w6,8,1.2,myopic,1600066610,1600066610,472.7574157714848,0,0.0,True,12,6,18
empirical_w6,8,1.2,myopic,1600066590,1600066590,399.8057861328117,0,0.0,True,12,6,18
empirical_w6,8,1.2,myopic,3800000120,3800000120,249.29017639160062,0,0.0,True,12,6,18
empirical_w6,8,1.2,myopic,3800001520,3800001520,327.6087036132809,0,0.0,True,12,6,18
empirical_w6,8,1.2,myopic,3800000127,3800000127,239.69628906249972,0,0.0,True,12,6,18
empirical_w6,8,1.2,myopic,1600066510,1600066510,398.87255859374886,0,0.0,True,12,6,18
empirical_w6,8,1.2,myopic,3800001611,3800001611,332.3937988281248,0,0.0,True,12,6,18
empirical_w6,8,1.2,myopic,3800000110,3800000110,161.52136230468736,0,0.0,True,12,6,18
empirical_w6,8,1.25,dynamic,1600066610,1600066610,472.7574157714848,0,0.0,True,12,6,18
empirical_w6,8,1.25,dynamic,1600066590,1600066590,399.8057861328117,0,0.0,True,12,6,18
empirical_w6,8,1.25,dynamic,3800000120,3800000120,249.29017639160062,0,0.0,True,12,6,18
empirical_w6,8,1.25,dynamic,3800001520,3800001520,327.6087036132809,0,0.0,True,12,6,18
empirical_w6,8,1.25,dynamic,3800000127,3800000127,239.69628906249972,0,0.0,True,12,6,18
empirical_w6,8,1.25,dynamic,1600066510,1600066510,398.87255859374886,0,0.0,True,12,6,18
empirical_w6,8,1.25,dynamic,3800001611,3800001611,332.3937988281248,0,0.0,True,12,6,18
empirical_w6,8,1.25,dynamic,3800000110,3800000110,161.52136230468736,0,0.0,True,12,6,18
empirical_w6,8,1.25,myopic,1600066610,1600066610,472.7574157714848,0,0.0,True,12,6,18
empirical_w6,8,1.25,myopic,1600066590,1600066590,399.8057861328117,0,0.0,True,12,6,18
empirical_w6,8,1.25,myopic,3800000120,3800000120,249.29017639160062,0,0.0,True,12,6,18
empirical_w6,8,1.25,myopic,3800001520,3800001520,327.6087036132809,0,0.0,True,12,6,18
empirical_w6,8,1.25,myopic,3800000127,3800000127,239.69628906249972,0,0.0,True,12,6,18
empirical_w6,8,1.25,myopic,1600066510,1600066510,398.87255859374886,0,0.0,True,12,6,18
empirical_w6,8,1.25,myopic,3800001611,3800001611,332.3937988281248,0,0.0,True,12,6,18
empirical_w6,8,1.25,myopic,3800000110,3800000110,161.52136230468736,0,0.0,True,12,6,18
empirical_w6,8,1.3,dynamic,1600066610,1600066610,472.7574157714848,0,0.0,True,12,6,18
empirical_w6,8,1.3,dynamic,1600066590,1600066590,399.8057861328117,0,0.0,True,12,6,18
empirical_w6,8,1.3,dynamic,3800000120,3800000120,249.29017639160062,0,0.0,True,12,6,18
empirical_w6,8,1.3,dynamic,3800001520,3800001520,327.6087036132809,0,0.0,True,12,6,18
empirical_w6,8,1.3,dynamic,3800000127,3800000127,239.69628906249972,0,0.0,True,12,6,18
empirical_w6,8,1.3,dynamic,1600066510,1600066510,398.87255859374886,0,0.0,True,12,6,18
empirical_w6,8,1.3,dynamic,3800001611,3800001611,332.3937988281248,0,0.0,True,12,6,18
empirical_w6,8,1.3,dynamic,3800000110,3800000110,161.52136230468736,0,0.0,True,12,6,18
empirical_w6,8,1.3,myopic,1600066610,1600066610,472.7574157714848,0,0.0,True,12,6,18
empirical_w6,8,1.3,myopic,1600066590,1600066590,399.8057861328117,0,0.0,True,12,6,18
empirical_w6,8,1.3,myopic,3800000120,3800000120,249.29017639160062,0,0.0,True,12,6,18
empirical_w6,8,1.3,myopic,3800001520,3800001520,327.6087036132809,0,0.0,True,12,6,18
empirical_w6,8,1.3,myopic,3800000127,3800000127,239.69628906249972,0,0.0,True,12,6,18
empirical_w6,8,1.3,myopic,1600066510,1600066510,398.87255859374886,0,0.0,True,12,6,18
empirical_w6,8,1.3,myopic,3800001611,3800001611,332.3937988281248,0,0.0,True,12,6,18
empirical_w6,8,1.3,myopic,3800000110,3800000110,161.52136230468736,0,0.0,True,12,6,18
empirical_w6,8,1.35,dynamic,1600066610,1600066610,472.7574157714848,0,0.0,True,12,6,18
empirical_w6,8,1.35,dynamic,1600066590,1600066590,399.8057861328117,0,0.0,True,12,6,18
empirical_w6,8,1.35,dynamic,3800000120,3800000120,249.29017639160062,0,0.0,True,12,6,18
empirical_w6,8,1.35,dynamic,3800001520,3800001520,327.6087036132809,0,0.0,True,12,6,18
empirical_w6,8,1.35,dynamic,3800000127,3800000127,239.69628906249972,0,0.0,True,12,6,18
empirical_w6,8,1.35,dynamic,1600066510,1600066510,398.87255859374886,0,0.0,True,12,6,18
empirical_w6,8,1.35,dynamic,3800001611,3800001611,332.3937988281248,0,0.0,True,12,6,18
empirical_w6,8,1.35,dynamic,3800000110,3800000110,161.52136230468736,0,0.0,True,12,6,18
empirical_w6,8,1.35,myopic,1600066610,1600066610,472.7574157714848,0,0.0,True,12,6,18
empirical_w6,8,1.35,myopic,1600066590,1600066590,399.8057861328117,0,0.0,True,12,6,18
empirical_w6,8,1.35,myopic,3800000120,3800000120,249.29017639160062,0,0.0,True,12,6,18
empirical_w6,8,1.35,myopic,3800001520,3800001520,327.6087036132809,0,0.0,True,12,6,18
empirical_w6,8,1.35,myopic,3800000127,3800000127,239.69628906249972,0,0.0,True,12,6,18
empirical_w6,8,1.35,myopic,1600066510,1600066510,398.87255859374886,0,0.0,True,12,6,18
empirical_w6,8,1.35,myopic,3800001611,3800001611,332.3937988281248,0,0.0,True,12,6,18
empirical_w6,8,1.35,myopic,3800000110,3800000110,161.52136230468736,0,0.0,True,12,6,18
empirical_w6,8,1.4,dynamic,1600066610,1600066610,472.7574157714848,0,0.0,True,12,6,18
empirical_w6,8,1.4,dynamic,1600066590,1600066590,399.8057861328117,0,0.0,True,12,6,18
empirical_w6,8,1.4,dynamic,3800000120,3800000120,249.29017639160062,0,0.0,True,12,6,18
empirical_w6,8,1.4,dynamic,3800001520,3800001520,327.6087036132809,0,0.0,True,12,6,18
empirical_w6,8,1.4,dynamic,3800000127,3800000127,239.69628906249972,0,0.0,True,12,6,18
empirical_w6,8,1.4,dynamic,1600066510,1600066510,398.87255859374886,0,0.0,True,12,6,18
empirical_w6,8,1.4,dynamic,3800001611,3800001611,332.3937988281248,0,0.0,True,12,6,18
empirical_w6,8,1.4,dynamic,3800000110,3800000110,161.52136230468736,0,0.0,True,12,6,18
empirical_w6,8,1.4,myopic,1600066610,1600066610,472.7574157714848,0,0.0,True,12,6,18
empirical_w6,8,1.4,myopic,1600066590,1600066590,399.8057861328117,0,0.0,True,12,6,18
empirical_w6,8,1.4,myopic,3800000120,3800000120,249.29017639160062,0,0.0,True,12,6,18
empirical_w6,8,1.4,myopic,3800001520,3800001520,327.6087036132809,0,0.0,True,12,6,18
empirical_w6,8,1.4,myopic,3800000127,3800000127,239.69628906249972,0,0.0,True,12,6,18
empirical_w6,8,1.4,myopic,1600066510,1600066510,398.87255859374886,0,0.0,True,12,6,18
empirical_w6,8,1.4,myopic,3800001611,3800001611,332.3937988281248,0,0.0,True,12,6,18
empirical_w6,8,1.4,myopic,3800000110,3800000110,158.11196318197253,4,0.36,True,12,6,18
empirical_w6,8,1.45,dynamic,1600066610,1600066610,472.7574157714848,0,0.0,True,12,6,18
empirical_w6,8,1.45,dynamic,1600066590,1600066590,399.8057861328117,0,0.0,True,12,6,18
empirical_w6,8,1.45,dynamic,3800000120,3800000120,249.29017639160062,0,0.0,True,12,6,18
empirical_w6,8,1.45,dynamic,3800001520,3800001520,327.6087036132809,0,0.0,True,12,6,18
empirical_w6,8,1.45,dynamic,3800000127,3800000127,239.69628906249972,0,0.0,True,12,6,18
empirical_w6,8,1.45,dynamic,1600066510,1600066510,398.87255859374886,0,0.0,True,12,6,18
empirical_w6,8,1.45,dynamic,3800001611,3800001611,332.3937988281248,0,0.0,True,12,6,18
empirical_w6,8,1.45,dynamic,3800000110,3800000110,161.52136230468736,0,0.0,True,12,6,18
empirical_w6,8,1.45,myopic,1600066610,1600066610,472.7574157714848,0,0.0,True,12,6,18
empirical_w6,8,1.45,myopic,1600066590,1600066590,399.8057861328117,0,0.0,True,12,6,18
empirical_w6,8,1.45,myopic,3800000120,3800000120,249.29017639160062,0,0.0,True,12,6,18
empirical_w6,8,1.45,myopic,3800001520,3800001520,327.6087036132809,0,0.0,True,12,6,18
empirical_w6,8,1.45,myopic,3800000127,3800000127,239.69628906249972,0,0.0,True,12,6,18
empirical_w6,8,1.45,myopic,1600066510,1600066510,398.87255859374886,0,0.0,True,12,6,18
empirical_w6,8,1.45,myopic,3800001611,3800001611,332.3937988281248,0,0.0,True,12,6,18
empirical_w6,8,1.45,myopic,3800000110,3800000110,159.1346843564908,4,0.36,True,12,6,18
empirical_w6,8,1.5,dynamic,1600066610,1600066610,472.7574157714848,0,0.0,True,12,6,18
empirical_w6,8,1.5,dynamic,1600066590,1600066590,399.8057861328117,0,0.0,True,12,6,18
empirical_w6,8,1.5,dynamic,3800000120,3800000120,249.29017639160062,0,0.0,True,12,6,18
empirical_w6,8,1.5,dynamic,3800001520,3800001520,327.6087036132809,0,0.0,True,12,6,18
empirical_w6,8,1.5,dynamic,3800000127,3800000127,239.69628906249972,0,0.0,True,12,6,18
empirical_w6,8,1.5,dynamic,1600066510,1600066510,398.87255859374886,0,0.0,True,12,6,18
empirical_w6,8,1.5,dynamic,3800001611,3800001611,332.3937988281248,0,0.0,True,12,6,18
empirical_w6,8,1.5,dynamic,3800000110,3800000110,161.52136230468736,0,0.0,True,12,6,18
empirical_w6,8,1.5,myopic,1600066610,1600066610,472.7574157714848,0,0.0,True,12,6,18
empirical_w6,8,1.5,myopic,1600066590,1600066590,399.8057861328117,0,0.0,True,12,6,18
empirical_w6,8,1.5,myopic,3800000120,3800000120,249.29017639160062,0,0.0,True,12,6,18
empirical_w6,8,1.5,myopic,3800001520,3800001520,327.6087036132809,0,0.0,True,12,6,18
empirical_w6,8,1.5,myopic,3800000127,3800000127,239.69628906249972,0,0.0,True,12,6,18
empirical_w6,8,1.5,myopic,1600066510,1600066510,398.87255859374886,0,0.0,True,12,6,18
empirical_w6,8,1.5,myopic,3800001611,3800001611,332.3937988281248,0,0.0,True,12,6,18
empirical_w6,8,1.5,myopic,3800000110,3800000110,160.15740553100906,4,0.36,True,12,6,18
empirical_w6,8,1.55,dynamic,1600066610,1600066610,472.7574157714848,0,0.0,True,12,6,18
empirical_w6,8,1.55,dynamic,1600066590,1600066590,399.8057861328117,0,0.0,True,12,6,18
empirical_w6,8,1.55,dynamic,3800000120,3800000120,249.29017639160062,0,0.0,True,12,6,18
empirical_w6,8,1.55,dynamic,3800001520,3800001520,327.6087036132809,0,0.0,True,12,6,18
empirical_w6,8,1.55,dynamic,3800000127,3800000127,239.69628906249972,0,0.0,True,12,6,18
empirical_w6,8,1.55,dynamic,1600066510,1600066510,398.87255859374886,0,0.0,True,12,6,18
empirical_w6,8,1.55,dynamic,3800001611,3800001611,332.3937988281248,0,0.0,True,12,6,18
empirical_w6,8,1.55,dynamic,3800000110,3800000110,161.57857807493212,1,0.09,True,12,6,18
empirical_w6,8,1.55,myopic,1600066610,1600066610,472.7574157714848,0,0.0,True,12,6,18
empirical_w6,8,1.55,myopic,1600066590,1600066590,399.8057861328117,0,0.0,True,12,6,18
empirical_w6,8,1.55,myopic,3800000120,3800000120,249.29017639160062,0,0.0,True,12,6,18
empirical_w6,8,1.55,myopic,3800001520,3800001520,327.6087036132809,0,0.0,True,12,6,18
empirical_w6,8,1.55,myopic,3800000127,3800000127,239.69628906249972,0,0.0,True,12,6,18
empirical_w6,8,1.55,myopic,1600066510,1600066510,398.87255859374886,0,0.0,True,12,6,18
empirical_w6,8,1.55,myopic,3800001611,3800001611,332.3937988281248,0,0.0,True,12,6,18
empirical_w6,8,1.55,myopic,3800000110,3800000110,161.18012670552733,4,0.36,True,12,6,18
empirical_w6,8,1.6,dynamic,1600066610,1600066610,472.7574157714848,0,0.0,True,12,6,18
empirical_w6,8,1.6,dynamic,1600066590,1600066590,399.8057861328117,0,0.0,True,12,6,18
empirical_w6,8,1.6,dynamic,3800000120,3800000120,249.29017639160062,0,0.0,True,12,6,18
empirical_w6,8,1.6,dynamic,3800001520,3800001520,327.6087036132809,0,0.0,True,12,6,18
empirical_w6,8,1.6,dynamic,3800000127,3800000127,239.69628906249972,0,0.0,True,12,6,18
empirical_w6,8,1.6,dynamic,1600066510,1600066510,398.87255859374886,0,0.0,True,12,6,18
empirical_w6,8,1.6,dynamic,3800001611,3800001611,332.3937988281248,0,0.0,True,12,6,18
empirical_w6,8,1.6,dynamic,3800000110,3800000110,162.3498230209351,4,0.36,True,12,6,18
empirical_w6,8,1.6,myopic,1600066610,1600066610,472.7574157714848,0,0.0,True,12,6,18
empirical_w6,8,1.6,myopic,1600066590,1600066590,399.8057861328117,0,0.0,True,12,6,18
empirical_w6,8,1.6,myopic,3800000120,3800000120,249.29017639160062,0,0.0,True,12,6,18
empirical_w6,8,1.6,myopic,3800001520,3800001520,327.6087036132809,0,0.0,True,12,6,18
empirical_w6,8,1.6,myopic,3800000127,3800000127,239.69628906249972,0,0.0,True,12,6,18
empirical_w6,8,1.6,myopic,1600066510,1600066510,398.87255859374886,0,0.0,True,12,6,18
empirical_w6,8,1.6,myopic,3800001611,3800001611,332.3937988281248,0,0.0,True,12,6,18
empirical_w6,8,1.6,myopic,3800000110,3800000110,162.2028478800456,4,0.36,True,12,6,18
empirical_w6,8,1.65,dynamic,1600066610,1600066610,472.7574157714848,0,0.0,True,12,6,18
empirical_w6,8,1.65,dynamic,1600066590,1600066590,399.8057861328117,0,0.0,True,12,6,18
empirical_w6,8,1.65,dynamic,3800000120,3800000120,249.4082453476587,3,0.8999999999999999,True,12,6,18
empirical_w6,8,1.65,dynamic,3800001520,3800001520,327.6087036132809,0,0.0,True,12,6,18
empirical_w6,8,1.65,dynamic,3800000127,3800000127,239.69628906249972,0,0.0,True,12,6,18
empirical_w6,8,1.65,dynamic,1600066510,1600066510,398.87255859374886,0,0.0,True,12,6,18
empirical_w6,8,1.65,dynamic,3800001611,3800001611,332.3937988281248,0,0.0,True,12,6,18
empirical_w6,8,1.65,dynamic,3800000110,3800000110,163.36234255170825,4,0.36,True,12,6,18
empirical_w6,8,1.65,myopic,1600066610,1600066610,472.7574157714848,0,0.0,True,12,6,18
empirical_w6,8,1.65,myopic,1600066590,1600066590,399.8057861328117,0,0.0,True,12,6,18
empirical_w6,8,1.65,myopic,3800000120,3800000120,249.34144879261646,4,1.2,True,12,6,18
empirical_w6,8,1.65,myopic,3800001520,3800001520,327.6087036132809,0,0.0,True,12,6,18
empirical_w6,8,1.65,myopic,3800000127,3800000127,239.69628906249972,0,0.0,True,12,6,18
empirical_w6,8,1.65,myopic,1600066510,1600066510,398.87255859374886,0,0.0,True,12,6,18
empirical_w6,8,1.65,myopic,3800001611,3800001611,332.3937988281248,0,0.0,True,12,6,18
empirical_w6,8,1.65,myopic,3800000110,3800000110,163.22556905456386,4,0.36,True,12,6,18
empirical_w6,8,1.7,dynamic,1600066610,1600066610,472.7574157714848,0,0.0,True,12,6,18
empirical_w6,8,1.7,dynamic,1600066590,1600066590,399.8057861328117,0,0.0,True,12,6,18
empirical_w6,8,1.7,dynamic,3800000120,3800000120,262.089974407196,4,2.2,True,12,6,18
empirical_w6,8,1.7,dynamic,3800001520,3800001520,327.6087036132809,0,0.0,True,12,6,18
empirical_w6,8,1.7,dynamic,3800000127,3800000127,239.69628906249972,0,0.0,True,12,6,18
empirical_w6,8,1.7,dynamic,1600066510,1600066510,398.87255859374886,0,0.0,True,12,6,18
empirical_w6,8,1.7,dynamic,3800001611,3800001611,332.3937988281248,0,0.0,True,12,6,18
empirical_w6,8,1.7,dynamic,3800000110,3800000110,164.3748620824814,4,0.36,True,12,6,18
empirical_w6,8,1.7,myopic,1600066610,1600066610,472.7574157714848,0,0.0,True,12,6,18
empirical_w6,8,1.7,myopic,1600066590,1600066590,399.8057861328117,0,0.0,True,12,6,18
empirical_w6,8,1.7,myopic,3800000120,3800000120,262.04401664924626,4,2.2,True,12,6,18
empirical_w6,8,1.7,myopic,3800001520,3800001520,327.6087036132809,0,0.0,True,12,6,18
empirical_w6,8,1.7,myopic,3800000127,3800000127,239.69628906249972,0,0.0,True,12,6,18
empirical_w6,8,1.7,myopic,1600066510,1600066510,398.87255859374886,0,0.0,True,12,6,18
empirical_w6,8,1.7,myopic,3800001611,3800001611,332.3937988281248,0,0.0,True,12,6,18
empirical_w6,8,1.7,myopic,3800000110,3800000110,164.24829022908213,4,0.36,True,12,6,18
empirical_w6,8,1.75,dynamic,1600066610,1600066610,472.7574157714848,0,0.0,True,12,6,18
empirical_w6,8,1.75,dynamic,1600066590,1600066590,399.8057861328117,0,0.0,True,12,6,18
empirical_w6,8,1.75,dynamic,3800000120,3800000120,276.87042431672404,4,2.2,True,12,6,18
empirical_w6,8,1.75,dynamic,3800001520,3800001520,327.6087036132809,0,0.0,True,12,6,18
empirical_w6,8,1.75,dynamic,3800000127,3800000127,239.69628906249972,0,0.0,True,12,6,18
empirical_w6,8,1.75,dynamic,1600066510,1600066510,398.87255859374886,0,0.0,True,12,6,18
empirical_w6,8,1.75,dynamic,3800001611,3800001611,332.3937988281248,0,0.0,True,12,6,18
empirical_w6,8,1.75,dynamic,3800000110,3800000110,165.38738161325458,4,0.36,True,12,6,18
empirical_w6,8,1.75,myopic,1600066610,1600066610,472.7574157714848,0,0.0,True,12,6,18
empirical_w6,8,1.75,myopic,1600066590,1600066590,399.8057861328117,0,0.0,True,12,6,18
empirical_w6,8,1.75,myopic,3800000120,3800000120,276.83993032455453,4,2.2,True,12,6,18
empirical_w6,8,1.75,myopic,3800001520,3800001520,327.6087036132809,0,0.0,True,12,6,18
empirical_w6,8,1.75,myopic,3800000127,3800000127,239.69628906249972,0,0.0,True,12,6,18
empirical_w6,8,1.75,myopic,1600066510,1600066510,398.87255859374886,0,0.0,True,12,6,18
empirical_w6,8,1.75,myopic,3800001611,3800001611,332.3937988281248,0,0.0,True,12,6,18
empirical_w6,8,1.75,myopic,3800000110,3800000110,165.2710114036004,4,0.36,True,12,6,18
empirical_w6,8,1.8,dynamic,1600066610,1600066610,472.7574157714848,0,0.0,True,12,6,18
empirical_w6,8,1.8,dynamic,1600066590,1600066590,399.8057861328117,0,0.0,True,12,6,18
empirical_w6,8,1.8,dynamic,3800000120,3800000120,291.6572777996062,4,2.2,True,12,6,18
empirical_w6,8,1.8,dynamic,3800001520,3800001520,327.6087036132809,0,0.0,True,12,6,18
empirical_w6,8,1.8,dynamic,3800000127,3800000127,239.69628906249972,0,0.0,True,12,6,18
empirical_w6,8,1.8,dynamic,1600066510,1600066510,398.87255859374886,0,0.0,True,12,6,18
empirical_w6,8,1.8,dynamic,3800001611,3800001611,332.3937988281248,0,0.0,True,12,6,18
empirical_w6,8,1.8,dynamic,3800000110,3800000110,166.39990114402775,4,0.36,True,12,6,18
empirical_w6,8,1.8,myopic,1600066610,1600066610,472.7574157714848,0,0.0,True,12,6,18
empirical_w6,8,1.8,myopic,1600066590,1600066590,399.8057861328117,0,0.0,True,12,6,18
empirical_w6,8,1.8,myopic,3800000120,3800000120,291.6358439998628,4,2.2,True,12,6,18
empirical_w6,8,1.8,myopic,3800001520,3800001520,327.6087036132809,0,0.0,True,12,6,18
empirical_w6,8,1.8,myopic,3800000127,3800000127,239.69628906249972,0,0.0,True,12,6,18
empirical_w6,8,1.8,myopic,1600066510,1600066510,398.87255859374886,0,0.0,True,12,6,18
empirical_w6,8,1.8,myopic,3800001611,3800001611,332.3937988281248,0,0.0,True,12,6,18
empirical_w6,8,1.8,myopic,3800000110,3800000110,166.29373257811866,4,0.36,True,12,6,18
empirical_w6,8,1.85,dynamic,1600066610,1600066610,472.7574157714848,0,0.0,True,12,6,18
empirical_w6,8,1.85,dynamic,1600066590,1600066590,399.8057861328117,0,0.0,True,12,6,18
empirical_w6,8,1.85,dynamic,3800000120,3800000120,306.45137225786823,4,2.2,True,12,6,18
empirical_w6,8,1.85,dynamic,3800001520,3800001520,327.6087036132809,0,0.0,True,12,6,18
empirical_w6,8,1.85,dynamic,3800000127,3800000127,239.69628906249972,0,0.0,True,12,6,18
empirical_w6,8,1.85,dynamic,1600066510,1600066510,398.87255859374886,0,0.0,True,12,6,18
empirical_w6,8,1.85,dynamic,3800001611,3800001611,332.3937988281248,0,0.0,True,12,6,18
empirical_w6,8,1.85,dynamic,3800000110,3800000110,167.41383048220473,4,0.36,True,12,6,18
empirical_w6,8,1.85,myopic,1600066610,1600066610,472.7574157714848,0,0.0,True,12,6,18
empirical_w6,8,1.85,myopic,1600066590,1600066590,399.8057861328117,0,0.0,True,12,6,18
empirical_w6,8,1.85,myopic,3800000120,3800000120,306.43175767517096,4,2.2,True,12,6,18
empirical_w6,8,1.85,myopic,3800001520,3800001520,327.6087036132809,0,0.0,True,12,6,18
empirical_w6,8,1.85,myopic,3800000127,3800000127,239.69628906249972,0,0.0,True,12,6,18
empirical_w6,8,1.85,myopic,1600066510,1600066510,391.567710492611,4,1.0,False,12,6,18
empirical_w6,8,1.85,myopic,3800001611,3800001611,332.3937988281248,0,0.0,True,12,6,18
empirical_w6,8,1.85,myopic,3800000110,3800000110,167.31645375263693,4,0.36,True,12,6,18
empirical_w6,8,1.9,dynamic,1600066610,1600066610,472.7574157714848,0,0.0,True,12,6,18
empirical_w6,8,1.9,dynamic,1600066590,1600066590,399.8057861328117,0,0.0,True,12,6,18
empirical_w6,8,1.9,dynamic,3800000120,3800000120,321.24684908548954,4,2.2,True,12,6,18
empirical_w6,8,1.9,dynamic,3800001520,3800001520,327.6087036132809,0,0.0,True,12,6,18
empirical_w6,8,1.9,dynamic,3800000127,3800000127,239.69628906249972,0,0.0,True,12,6,18
empirical_w6,8,1.9,dynamic,1600066510,1600066510,398.9515371443431,1,0.5,True,12,6,18
empirical_w6,8,1.9,dynamic,3800001611,3800001611,332.3937988281248,0,0.0,True,12,6,18
empirical_w6,8,1.9,dynamic,3800000110,3800000110,168.42928449066477,4,0.36,True,12,6,18
empirical_w6,8,1.9,myopic,1600066610,1600066610,472.7574157714848,0,0.0,True,12,6,18
empirical_w6,8,1.9,myopic,1600066590,1600066590,399.8057861328117,0,0.0,True,12,6,18
empirical_w6,8,1.9,myopic,3800000120,3800000120,321.2276713504792,4,2.2,True,12,6,18
empirical_w6,8,1.9,myopic,3800001520,3800001520,327.6087036132809,0,0.0,True,12,6,18
empirical_w6,8,1.9,myopic,3800000127,3800000127,239.69628906249972,0,0.0,True,12,6,18
empirical_w6,8,1.9,myopic,1600066510,1600066510,397.6741471004484,4,2.0,True,12,6,18
empirical_w6,8,1.9,myopic,3800001611,3800001611,332.3937988281248,0,0.0,True,12,6,18
empirical_w6,8,1.9,myopic,3800000110,3800000110,168.3391749271552,4,0.36,True,12,6,18
empirical_w6,8,1.95,dynamic,1600066610,1600066610,472.7574157714848,0,0.0,True,12,6,18
empirical_w6,8,1.95,dynamic,1600066590,1600066590,399.8057861328117,0,0.0,True,12,6,18
empirical_w6,8,1.95,dynamic,3800000120,3800000120,336.0423259131111,4,2.2,True,12,6,18
empirical_w6,8,1.95,dynamic,3800001520,3800001520,327.6087036132809,0,0.0,True,12,6,18
empirical_w6,8,1.95,dynamic,3800000127,3800000127,239.69628906249972,0,0.0,True,12,6,18
empirical_w6,8,1.95,dynamic,1600066510,1600066510,412.19218051751454,4,2.0,True,12,6,18
empirical_w6,8,1.95,dynamic,3800001611,3800001611,332.3937988281248,0,0.0,True,12,6,18
empirical_w6,8,1.95,dynamic,3800000110,3800000110,169.44610831058023,4,0.36,True,12,6,18
empirical_w6,8,1.95,myopic,1600066610,1600066610,472.7574157714848,0,0.0,True,12,6,18
empirical_w6,8,1.95,myopic,1600066590,1600066590,399.8057861328117,0,0.0,True,12,6,18
empirical_w6,8,1.95,myopic,3800000120,3800000120,336.0235850257874,4,2.2,True,12,6,18
empirical_w6,8,1.95,myopic,3800001520,3800001520,327.6087036132809,0,0.0,True,12,6,18
empirical_w6,8,1.95,myopic,3800000127,3800000127,239.69628906249972,0,0.0,True,12,6,18
empirical_w6,8,1.95,myopic,1600066510,1600066510,411.87796229521416,4,2.0,True,12,6,18
empirical_w6,8,1.95,myopic,3800001611,3800001611,332.3937988281248,0,0.0,True,12,6,18
empirical_w6,8,1.95,myopic,3800000110,3800000110,169.36189610167347,4,0.36,True,12,6,18
empirical_w6,8,2.0,dynamic,1600066610,1600066610,472.7574157714848,0,0.0,True,12,6,18
empirical_w6,8,2.0,dynamic,1600066590,1600066590,399.8057861328117,0,0.0,True,12,6,18
empirical_w6,8,2.0,dynamic,3800000120,3800000120,350.8378027407325,4,2.2,True,12,6,18
empirical_w6,8,2.0,dynamic,3800001520,3800001520,327.6087036132809,0,0.0,True,12,6,18
empirical_w6,8,2.0,dynamic,3800000127,3800000127,239.69628906249972,0,0.0,True,12,6,18
empirical_w6,8,2.0,dynamic,1600066510,1600066510,426.3777114868161,4,2.0,True,12,6,18
empirical_w6,8,2.0,dynamic,3800001611,3800001611,332.3937988281248,0,0.0,True,12,6,18
empirical_w6,8,2.0,dynamic,3800000110,3800000110,170.4633102210363,4,0.36,True,12,6,18
empirical_w6,8,2.0,myopic,1600066610,1600066610,472.7574157714848,0,0.0,True,12,6,18
empirical_w6,8,2.0,myopic,1600066590,1600066590,399.8057861328117,0,0.0,True,12,6,18
empirical_w6,8,2.0,myopic,3800000120,3800000120,350.81949870109565,4,2.2,True,12,6,18
empirical_w6,8,2.0,myopic,3800001520,3800001520,327.6087036132809,0,0.0,True,12,6,18
empirical_w6,8,2.0,myopic,3800000127,3800000127,239.69628906249972,0,0.0,True,12,6,18
empirical_w6,8,2.0,myopic,1600066510,1600066510,426.0817774899799,4,2.0,True,12,6,18
empirical_w6,8,2.0,myopic,3800001611,3800001611,332.3937988281248,0,0.0,True,12,6,18
empirical_w6,8,2.0,myopic,3800000110,3800000110,170.38461727619173,4,0.36,True,12,6,18
empirical_w6,8,2.05,dynamic,1600066610,1600066610,472.7574157714848,0,0.0,True,12,6,18
empirical_w6,8,2.05,dynamic,1600066590,1600066590,399.8057861328117,0,0.0,True,12,6,18
empirical_w6,8,2.05,dynamic,3800000120,3800000120,365.63327956835394,4,2.2,True,12,6,18
empirical_w6,8,2.05,dynamic,3800001520,3800001520,327.6087036132809,0,0.0,True,12,6,18
empirical_w6,8,2.05,dynamic,3800000127,3800000127,239.69628906249972,0,0.0,True,12,6,18
empirical_w6,8,2.05,dynamic,1600066510,1600066510,440.5713547798791,4,2.0,True,12,6,18
empirical_w6,8,2.05,dynamic,3800001611,3800001611,332.3937988281248,0,0.0,True,12,6,18
empirical_w6,8,2.05,dynamic,3800000110,3800000110,171.4819551761548,4,0.36,True,12,6,18
empirical_w6,8,2.05,myopic,1600066610,1600066610,472.7574157714848,0,0.0,True,12,6,18
empirical_w6,8,2.05,myopic,1600066590,1600066590,399.8057861328117,0,0.0,True,12,6,18
empirical_w6,8,2.05,myopic,3800000120,3800000120,365.6154123764038,4,2.2,True,12,6,18
empirical_w6,8,2.05,myopic,3800001520,3800001520,327.6087036132809,0,0.0,True,12,6,18
empirical_w6,8,2.05,myopic,3800000127,3800000127,239.69628906249972,0,0.0,True,12,6,18
empirical_w6,8,2.05,myopic,1600066510,1600066510,440.28559268474555,4,2.0,True,12,6,18
empirical_w6,8,2.05,myopic,3800001611,3800001611,332.3937988281248,0,0.0,True,12,6,18
empirical_w6,8,2.05,myopic,3800000110,3800000110,171.40733845071,4,0.36,True,12,6,18
empirical_w6,8,2.1,dynamic,1600066610,1600066610,472.7574157714848,0,0.0,True,12,6,18
empirical_w6,8,2.1,dynamic,1600066590,1600066590,399.8057861328117,0,0.0,True,12,6,18
empirical_w6,8,2.1,dynamic,3800000120,3800000120,380.4287563959755,4,2.2,True,12,6,18
empirical_w6,8,2.1,dynamic,3800001520,3800001520,327.6087036132809,0,0.0,True,12,6,18
empirical_w6,8,2.1,dynamic,3800000127,3800000127,239.69628906249972,0,0.0,True,12,6,18
empirical_w6,8,2.1,dynamic,1600066510,1600066510,454.79272727902725,4,2.0,True,12,6,18
empirical_w6,8,2.1,dynamic,3800001611,3800001611,332.3937988281248,0,0.0,True,12,6,18
empirical_w6,8,2.1,dynamic,3800000110,3800000110,172.5006001312733,4,0.36,True,12,6,18
empirical_w6,8,2.1,myopic,1600066610,1600066610,472.7574157714848,0,0.0,True,12,6,18
empirical_w6,8,2.1,myopic,1600066590,1600066590,399.8057861328117,0,0.0,True,12,6,18
empirical_w6,8,2.1,myopic,3800000120,3800000120,380.4113260517121,4,2.2,True,12,6,18
empirical_w6,8,2.1,myopic,3800001520,3800001520,327.6087036132809,0,0.0,True,12,6,18
empirical_w6,8,2.1,myopic,3800000127,3800000127,239.69628906249972,0,0.0,True,12,6,18
empirical_w6,8,2.1,myopic,1600066510,1600066510,454.4894078795114,4,2.0,True,12,6,18
empirical_w6,8,2.1,myopic,3800001611,3800001611,332.3937988281248,0,0.0,True,12,6,18
empirical_w6,8,2.1,myopic,3800000110,3800000110,172.43005962522827,4,0.36,True,12,6,18
empirical_w6,8,2.15,dynamic,1600066610,1600066610,472.7574157714848,0,0.0,True,12,6,18
empirical_w6,8,2.15,dynamic,1600066590,1600066590,399.8057861328117,0,0.0,True,12,6,18
empirical_w6,8,2.15,dynamic,3800000120,3800000120,395.2242332235968,4,2.2,True,12,6,18
empirical_w6,8,2.15,dynamic,3800001520,3800001520,327.6087036132809,0,0.0,True,12,6,18
empirical_w6,8,2.15,dynamic,3800000127,3800000127,239.69628906249972,0,0.0,True,12,6,18
empirical_w6,8,2.15,dynamic,1600066510,1600066510,469.0140997781752,4,2.0,True,12,6,18
empirical_w6,8,2.15,dynamic,3800001611,3800001611,332.3937988281248,0,0.0,True,12,6,18
empirical_w6,8,2.15,dynamic,3800000110,3800000110,173.51924508639178,4,0.36,True,12,6,18
empirical_w6,8,2.15,myopic,1600066610,1600066610,472.7574157714848,0,0.0,True,12,6,18
empirical_w6,8,2.15,myopic,1600066590,1600066590,399.8057861328117,0,0.0,True,12,6,18
empirical_w6,8,2.15,myopic,3800000120,3800000120,395.20723972702035,4,2.2,True,12,6,18
empirical_w6,8,2.15,myopic,3800001520,3800001520,327.6087036132809,0,0.0,True,12,6,18
empirical_w6,8,2.15,myopic,3800000127,3800000127,233.7663551829656,4,2.0,True,12,6,18
empirical_w6,8,2.15,myopic,1600066510,1600066510,468.69322307427706,4,2.0,True,12,6,18
empirical_w6,8,2.15,myopic,3800001611,3800001611,332.3937988281248,0,0.0,True,12,6,18
empirical_w6,8,2.15,myopic,3800000110,3800000110,173.45278079974653,4,0.36,True,12,6,18
empirical_w6,8,2.2,dynamic,1600066610,1600066610,472.7574157714848,0,0.0,True,12,6,18
empirical_w6,8,2.2,dynamic,1600066590,1600066590,399.8057861328117,0,0.0,True,12,6,18
empirical_w6,8,2.2,dynamic,3800000120,3800000120,410.01971005121834,4,2.2,True,12,6,18
empirical_w6,8,2.2,dynamic,3800001520,3800001520,327.6087036132809,0,0.0,True,12,6,18
empirical_w6,8,2.2,dynamic,3800000127,3800000127,241.16720283178492,4,2.0,True,12,6,18
empirical_w6,8,2.2,dynamic,1600066510,1600066510,483.23547227732337,4,2.0,True,12,6,18
empirical_w6,8,2.2,dynamic,3800001611,3800001611,332.3937988281248,0,0.0,True,12,6,18
empirical_w6,8,2.2,dynamic,3800000110,3800000110,174.5378900415103,4,0.36,True,12,6,18
empirical_w6,8,2.2,myopic,1600066610,1600066610,472.7574157714848,0,0.0,True,12,6,18
empirical_w6,8,2.2,myopic,1600066590,1600066590,399.8057861328117,0,0.0,True,12,6,18
empirical_w6,8,2.2,myopic,3800000120,3800000120,410.0031534023286,4,2.2,True,12,6,18
empirical_w6,8,2.2,myopic,3800001520,3800001520,327.6087036132809,0,0.0,True,12,6,18
empirical_w6,8,2.2,myopic,3800000127,3800000127,241.02739970080066,4,2.0,True,12,6,18
empirical_w6,8,2.2,myopic,1600066510,1600066510,482.8970382690428,4,2.0,True,12,6,18
empirical_w6,8,2.2,myopic,3800001611,3800001611,332.3937988281248,0,0.0,True,12,6,18
empirical_w6,8,2.2,myopic,3800000110,3800000110,174.47550197426483,4,0.36,True,12,6,18
empirical_w6,8,2.24,dynamic,1600066610,1600066610,472.7574157714848,0,0.0,True,12,6,18
empirical_w6,8,2.24,dynamic,1600066590,1600066590,399.8057861328117,0,0.0,True,12,6,18
empirical_w6,8,2.24,dynamic,3800000120,3800000120,421.8560915133155,4,2.2,True,12,6,18
empirical_w6,8,2.24,dynamic,3800001520,3800001520,327.6087036132809,0,0.0,True,12,6,18
empirical_w6,8,2.24,dynamic,3800000127,3800000127,246.96550873696808,4,2.0,True,12,6,18
empirical_w6,8,2.24,dynamic,1600066510,1600066510,494.61257027664186,4,2.0,True,12,6,18
empirical_w6,8,2.24,dynamic,3800001611,3800001611,332.3937988281248,0,0.0,True,12,6,18
empirical_w6,8,2.24,dynamic,3800000110,3800000110,175.3528060056051,4,0.36,True,12,6,18
empirical_w6,8,2.24,myopic,1600066610,1600066610,472.7574157714848,0,0.0,True,12,6,18
empirical_w6,8,2.24,myopic,1600066590,1600066590,399.8057861328117,0,0.0,True,12,6,18
empirical_w6,8,2.24,myopic,3800000120,3800000120,421.83988434257526,4,2.2,True,12,6,18
empirical_w6,8,2.24,myopic,3800001520,3800001520,327.6087036132809,0,0.0,True,12,6,18
empirical_w6,8,2.24,myopic,3800000127,3800000127,246.83623531506865,4,2.0,True,12,6,18
empirical_w6,8,2.24,myopic,1600066510,1600066510,494.26009042485543,4,2.0,True,12,6,18
empirical_w6,8,2.24,myopic,3800001611,3800001611,332.3937988281248,0,0.0,True,12,6,18
empirical_w6,8,2.24,myopic,3800000110,3800000110,175.29367891387943,4,0.36,True,12,6,18
empirical_w6,8,2.25,dynamic,1600066610,1600066610,472.7574157714848,0,0.0,True,12,6,18
empirical_w6,8,2.25,dynamic,1600066590,1600066590,399.8057861328117,0,0.0,True,12,6,18
empirical_w6,8,2.25,dynamic,3800000120,3800000120,424.81518687883977,4,2.2,True,12,6,18
empirical_w6,8,2.25,dynamic,3800001520,3800001520,327.6087036132809,0,0.0,True,12,6,18
empirical_w6,8,2.25,dynamic,3800000127,3800000127,248.41638903876142,4,2.0,True,12,6,18
empirical_w6,8,2.25,dynamic,1600066510,1600066510,497.4568447764713,4,2.0,True,12,6,18
empirical_w6,8,2.25,dynamic,3800001611,3800001611,332.3937988281248,0,0.0,True,12,6,18
empirical_w6,8,2.25,dynamic,3800000110,3800000110,175.55653499662878,4,0.36,True,12,6,18
empirical_w6,8,2.25,myopic,1600066610,1600066610,472.7574157714848,0,0.0,True,12,6,18
empirical_w6,8,2.25,myopic,1600066590,1600066590,399.8057861328117,0,0.0,True,12,6,18
empirical_w6,8,2.25,myopic,3800000120,3800000120,424.7990670776368,4,2.2,True,12,6,18
empirical_w6,8,2.25,myopic,3800001520,3800001520,327.6087036132809,0,0.0,True,12,6,18
empirical_w6,8,2.25,myopic,3800000127,3800000127,248.2884442186356,4,2.0,True,12,6,18
empirical_w6,8,2.25,myopic,1600066510,1600066510,497.10085346380856,4,2.0,True,12,6,18
empirical_w6,8,2.25,myopic,3800001611,3800001611,332.3937988281248,0,0.0,True,12,6,18
empirical_w6,8,2.25,myopic,3800000110,3800000110,175.49822314878307,4,0.36,True,12,6,18
empirical_w6,8,2.3,dynamic,1600066610,1600066610,472.7574157714848,0,0.0,True,12,6,18
empirical_w6,8,2.3,dynamic,1600066590,1600066590,399.8057861328117,0,0.0,True,12,6,18
empirical_w6,8,2.3,dynamic,3800000120,3800000120,439.6106637064612,4,2.2,True,12,6,18
empirical_w6,8,2.3,dynamic,3800001520,3800001520,327.6087036132809,0,0.0,True,12,6,18
empirical_w6,8,2.3,dynamic,3800000127,3800000127,255.67852071285247,4,2.0,True,12,6,18
empirical_w6,8,2.3,dynamic,1600066510,1600066510,511.6782172756194,4,2.0,True,12,6,18
empirical_w6,8,2.3,dynamic,3800001611,3800001611,332.3937988281248,0,0.0,True,12,6,18
empirical_w6,8,2.3,dynamic,3800000110,3800000110,176.57584855747226,4,0.36,True,12,6,18
empirical_w6,8,2.3,myopic,1600066610,1600066610,472.7574157714848,0,0.0,True,12,6,18
empirical_w6,8,2.3,myopic,1600066590,1600066590,399.8057861328117,0,0.0,True,12,6,18
empirical_w6,8,2.3,myopic,3800000120,3800000120,439.59498075294493,4,2.2,True,12,6,18
empirical_w6,8,2.3,myopic,3800001520,3800001520,327.6087036132809,0,0.0,True,12,6,18
empirical_w6,8,2.3,myopic,3800000127,3800000127,255.54948873647058,4,2.0,True,12,6,18
empirical_w6,8,2.3,myopic,1600066510,1600066510,511.3046686585742,4,2.0,True,12,6,18
empirical_w6,8,2.3,myopic,3800001611,3800001611,332.3937988281248,0,0.0,True,12,6,18
empirical_w6,8,2.3,myopic,3800000110,3800000110,176.52094432330134,4,0.36,True,12,6,18
empirical_w6,8,2.35,dynamic,1600066610,1600066610,472.7574157714848,0,0.0,True,12,6,18
empirical_w6,8,2.35,dynamic,1600066590,1600066590,399.8057861328117,0,0.0,True,12,6,18
empirical_w6,8,2.35,dynamic,3800000120,3800000120,454.40614053408274,4,2.2,True,12,6,18
empirical_w6,8,2.35,dynamic,3800001520,3800001520,327.6087036132809,0,0.0,True,12,6,18
empirical_w6,8,2.35,dynamic,3800000127,3800000127,262.95034756024677,4,2.0,True,12,6,18
empirical_w6,8,2.35,dynamic,1600066510,1600066510,525.8995897747675,4,2.0,True,12,6,18
empirical_w6,8,2.35,dynamic,3800001611,3800001611,332.3937988281248,0,0.0,True,12,6,18
empirical_w6,8,2.35,dynamic,3800000110,3800000110,177.5970083314578,4,0.36,True,12,6,18
empirical_w6,8,2.35,myopic,1600066610,1600066610,472.7574157714848,0,0.0,True,12,6,18
empirical_w6,8,2.35,myopic,1600066590,1600066590,399.8057861328117,0,0.0,True,12,6,18
empirical_w6,8,2.35,myopic,3800000120,3800000120,454.3908944282533,4,2.2,True,12,6,18
empirical_w6,8,2.35,myopic,3800001520,3800001520,327.6087036132809,0,0.0,True,12,6,18
empirical_w6,8,2.35,myopic,3800000127,3800000127,262.8105332543056,4,2.0,True,12,6,18
empirical_w6,8,2.35,myopic,1600066510,1600066510,525.50848385334,4,2.0,True,12,6,18
empirical_w6,8,2.35,myopic,3800001611,3800001611,332.3937988281248,0,0.0,True,12,6,18
empirical_w6,8,2.35,myopic,3800000110,3800000110,177.5436654978196,4,0.36,True,12,6,18
empirical_w6,8,2.4,dynamic,1600066610,1600066610,472.7574157714848,0,0.0,True,12,6,18
empirical_w6,8,2.4,dynamic,1600066590,1600066590,399.8057861328117,0,0.0,True,12,6,18
empirical_w6,8,2.4,dynamic,3800000120,3800000120,469.20161736170405,4,2.2,True,12,6,18
empirical_w6,8,2.4,dynamic,3800001520,3800001520,327.6087036132809,0,0.0,True,12,6,18
empirical_w6,8,2.4,dynamic,3800000127,3800000127,270.2221744076411,4,2.0,True,12,6,18
empirical_w6,8,2.4,dynamic,1600066510,1600066510,540.1209622739154,4,2.0,True,12,6,18
empirical_w6,8,2.4,dynamic,3800001611,3800001611,332.3937988281248,0,0.0,True,12,6,18
empirical_w6,8,2.4,dynamic,3800000110,3800000110,178.61816810544335,4,0.36,True,12,6,18
empirical_w6,8,2.4,myopic,1600066610,1600066610,472.7574157714848,0,0.0,True,12,6,18
empirical_w6,8,2.4,myopic,1600066590,1600066590,399.8057861328117,0,0.0,True,12,6,18
empirical_w6,8,2.4,myopic,3800000120,3800000120,469.1868081035615,4,2.2,True,12,6,18
empirical_w6,8,2.4,myopic,3800001520,3800001520,327.6087036132809,0,0.0,True,12,6,18
empirical_w6,8,2.4,myopic,3800000127,3800000127,270.0715777721406,4,2.0,True,12,6,18
empirical_w6,8,2.4,myopic,1600066510,1600066510,539.7122990481057,4,2.0,True,12,6,18
empirical_w6,8,2.4,myopic,3800001611,3800001611,332.3937988281248,0,0.0,True,12,6,18
empirical_w6,8,2.4,myopic,3800000110,3800000110,178.56638667233787,4,0.36,True,12,6,18
empirical_w6,8,2.45,dynamic,1600066610,1600066610,472.7574157714848,0,0.0,True,12,6,18
empirical_w6,8,2.45,dynamic,1600066590,1600066590,399.8057861328117,0,0.0,True,12,6,18
empirical_w6,8,2.45,dynamic,3800000120,3800000120,483.9970941893256,4,2.2,True,12,6,18
empirical_w6,8,2.45,dynamic,3800001520,3800001520,327.6087036132809,0,0.0,True,12,6,18
empirical_w6,8,2.45,dynamic,3800000127,3800000127,277.4940012550354,4,2.0,True,12,6,18
empirical_w6,8,2.45,dynamic,1600066510,1600066510,554.3423347730636,4,2.0,True,12,6,18
empirical_w6,8,2.45,dynamic,3800001611,3800001611,332.3937988281248,0,0.0,True,12,6,18
empirical_w6,8,2.45,dynamic,3800000110,3800000110,179.6393278794289,4,0.36,True,12,6,18
empirical_w6,8,2.45,myopic,1600066610,1600066610,472.7574157714848,0,0.0,True,12,6,18
empirical_w6,8,2.45,myopic,1600066590,1600066590,399.8057861328117,0,0.0,True,12,6,18
empirical_w6,8,2.45,myopic,3800000120,3800000120,483.98272177886975,4,2.2,True,12,6,18
empirical_w6,8,2.45,myopic,3800001520,3800001520,327.6087036132809,0,0.0,True,12,6,18
empirical_w6,8,2.45,myopic,3800000127,3800000127,277.3326222899756,4,2.0,True,12,6,18
empirical_w6,8,2.45,myopic,1600066510,1600066510,553.9161142428715,4,2.0,True,12,6,18
empirical_w6,8,2.45,myopic,3800001611,3800001611,308.11490171647074,4,1.6,True,12,6,18
empirical_w6,8,2.45,myopic,3800000110,3800000110,179.58910784685617,4,0.36,True,12,6,18
empirical_w6,8,2.5,dynamic,1600066610,1600066610,472.7574157714848,0,0.0,True,12,6,18
empirical_w6,8,2.5,dynamic,1600066590,1600066590,399.8057861328117,0,0.0,True,12,6,18
empirical_w6,8,2.5,dynamic,3800000120,3800000120,498.792571016947,4,2.2,True,12,6,18
empirical_w6,8,2.5,dynamic,3800001520,3800001520,327.6087036132809,0,0.0,True,12,6,18
empirical_w6,8,2.5,dynamic,3800000127,3800000127,284.76582810242974,4,2.0,True,12,6,18
empirical_w6,8,2.5,dynamic,1600066510,1600066510,568.5637072722116,4,2.0,True,12,6,18
empirical_w6,8,2.5,dynamic,3800001611,3800001611,332.3937988281248,0,0.0,True,12,6,18
empirical_w6,8,2.5,dynamic,3800000110,3800000110,180.66048765341444,4,0.36,True,12,6,18
empirical_w6,8,2.5,myopic,1600066610,1600066610,472.7574157714848,0,0.0,True,12,6,18
empirical_w6,8,2.5,myopic,1600066590,1600066590,399.8057861328117,0,0.0,True,12,6,18
empirical_w6,8,2.5,myopic,3800000120,3800000120,498.7786354541779,4,2.2,True,12,6,18
empirical_w6,8,2.5,myopic,3800001520,3800001520,327.6087036132809,0,0.0,True,12,6,18
empirical_w6,8,2.5,myopic,3800000127,3800000127,284.59366680781056,4,2.0,True,12,6,18
empirical_w6,8,2.5,myopic,1600066510,1600066510,568.1199294376372,4,2.0,True,12,6,18
empirical_w6,8,2.5,myopic,3800001611,3800001611,313.5573910677433,4,1.6,True,12,6,18
empirical_w6,8,2.5,myopic,3800000110,3800000110,180.6118290213744,4,0.36,True,12,6,18
empirical_w6,8,2.55,dynamic,1600066610,1600066610,472.7574157714848,0,0.0,True,12,6,18
empirical_w6,8,2.55,dynamic,1600066590,1600066590,399.8057861328117,0,0.0,True,12,6,18
empirical_w6,8,2.55,dynamic,3800000120,3800000120,513.5880478445685,4,2.2,True,12,6,18
empirical_w6,8,2.55,dynamic,3800001520,3800001520,327.6087036132809,0,0.0,True,12,6,18
empirical_w6,8,2.55,dynamic,3800000127,3800000127,292.03765494982406,4,2.0,True,12,6,18
empirical_w6,8,2.55,dynamic,1600066510,1600066510,582.7850797713595,4,2.0,True,12,6,18
empirical_w6,8,2.55,dynamic,3800001611,3800001611,332.3937988281248,0,0.0,True,12,6,18
empirical_w6,8,2.55,dynamic,3800000110,3800000110,181.68164742739998,4,0.36,True,12,6,18
empirical_w6,8,2.55,myopic,1600066610,1600066610,472.7574157714848,0,0.0,True,12,6,18
empirical_w6,8,2.55,myopic,1600066590,1600066590,390.79488839817043,4,2.0,True,12,6,18
empirical_w6,8,2.55,myopic,3800000120,3800000120,513.5745491294861,4,2.2,True,12,6,18
empirical_w6,8,2.55,myopic,3800001520,3800001520,325.64632331418994,4,0.16,True,12,6,18
empirical_w6,8,2.55,myopic,3800000127,3800000127,291.85471132564544,4,2.0,True,12,6,18
empirical_w6,8,2.55,myopic,1600066510,1600066510,582.3237446324028,4,2.0,True,12,6,18
empirical_w6,8,2.55,myopic,3800001611,3800001611,318.9998804190159,4,1.6,True,12,6,18
empirical_w6,8,2.55,myopic,3800000110,3800000110,181.63455019589267,4,0.36,True,12,6,18
empirical_w6,8,2.6,dynamic,1600066610,1600066610,472.7574157714848,0,0.0,True,12,6,18
empirical_w6,8,2.6,dynamic,1600066590,1600066590,401.7714717696508,4,2.0,True,12,6,18
empirical_w6,8,2.6,dynamic,3800000120,3800000120,528.38352467219,4,2.2,True,12,6,18
empirical_w6,8,2.6,dynamic,3800001520,3800001520,327.6087036132809,0,0.0,True,12,6,18
empirical_w6,8,2.6,dynamic,3800000127,3800000127,299.3094817972184,4,2.0,True,12,6,18
empirical_w6,8,2.6,dynamic,1600066510,1600066510,597.0064522705077,4,2.0,True,12,6,18
empirical_w6,8,2.6,dynamic,3800001611,3800001611,332.3937988281248,0,0.0,True,12,6,18
empirical_w6,8,2.6,dynamic,3800000110,3800000110,182.70280720138555,4,0.36,True,12,6,18
empirical_w6,8,2.6,myopic,1600066610,1600066610,472.7574157714848,0,0.0,True,12,6,18
empirical_w6,8,2.6,myopic,1600066590,1600066590,401.32918486499784,4,2.0,True,12,6,18
empirical_w6,8,2.6,myopic,3800000120,3800000120,528.3704628047944,4,2.2,True,12,6,18
empirical_w6,8,2.6,myopic,3800001520,3800001520,325.9925885130565,4,0.16,True,12,6,18
empirical_w6,8,2.6,myopic,3800000127,3800000127,299.11575584348054,4,2.0,True,12,6,18
empirical_w6,8,2.6,myopic,1600066510,1600066510,596.5275598271686,4,2.0,True,12,6,18
empirical_w6,8,2.6,myopic,3800001611,3800001611,324.4423697702885,4,1.6,True,12,6,18
empirical_w6,8,2.6,myopic,3800000110,3800000110,182.65727137041097,4,0.36,True,12,6,18
empirical_w6,8,2.65,dynamic,1600066610,1600066610,472.7574157714848,0,0.0,True,12,6,18
empirical_w6,8,2.65,dynamic,1600066590,1600066590,412.2086826734541,4,2.0,True,12,6,18
empirical_w6,8,2.65,dynamic,3800000120,3800000120,543.1790014998113,4,2.2,True,12,6,18
empirical_w6,8,2.65,dynamic,3800001520,3800001520,327.6087036132809,0,0.0,True,12,6,18
empirical_w6,8,2.65,dynamic,3800000127,3800000127,306.5813086446127,4,2.0,True,12,6,18
empirical_w6,8,2.65,dynamic,1600066510,1600066510,611.2278247696556,4,2.0,True,12,6,18
empirical_w6,8,2.65,dynamic,3800001611,3800001611,332.3937988281248,0,0.0,True,12,6,18
empirical_w6,8,2.65,dynamic,3800000110,3800000110,183.72396697537107,4,0.36,True,12,6,18
empirical_w6,8,2.65,myopic,1600066610,1600066610,472.21394013208595,4,2.0,True,12,6,18
empirical_w6,8,2.65,myopic,1600066590,1600066590,411.86348133182526,4,2.0,True,12,6,18
empirical_w6,8,2.65,myopic,3800000120,3800000120,543.1663764801026,4,2.2,True,12,6,18
empirical_w6,8,2.65,myopic,3800001520,3800001520,326.33885371192304,4,0.16,True,12,6,18
empirical_w6,8,2.65,myopic,3800000127,3800000127,306.3768003613154,4,2.0,True,12,6,18
empirical_w6,8,2.65,myopic,1600066510,1600066510,610.7313750219344,4,2.0,True,12,6,18
empirical_w6,8,2.65,myopic,3800001611,3800001611,329.8848591215611,4,1.6,True,12,6,18
empirical_w6,8,2.65,myopic,3800000110,3800000110,183.6799925449292,4,0.36,True,12,6,18
empirical_w6,8,2.7,dynamic,1600066610,1600066610,483.18349768618765,4,2.0,True,12,6,18
empirical_w6,8,2.7,dynamic,1600066590,1600066590,422.70398383204156,4,2.0,True,12,6,18
empirical_w6,8,2.7,dynamic,3800000120,3800000120,557.9744783274328,4,2.2,True,12,6,18
empirical_w6,8,2.7,dynamic,3800001520,3800001520,327.6087036132809,0,0.0,True,12,6,18
empirical_w6,8,2.7,dynamic,3800000127,3800000127,313.853135492007,4,2.0,True,12,6,18
empirical_w6,8,2.7,dynamic,1600066510,1600066510,625.4491972688038,4,2.0,True,12,6,18
empirical_w6,8,2.7,dynamic,3800001611,3800001611,335.59921450830126,4,1.6,True,12,6,18
empirical_w6,8,2.7,dynamic,3800000110,3800000110,184.74512674935664,4,0.36,True,12,6,18
empirical_w6,8,2.7,myopic,1600066610,1600066610,483.13095656961656,4,2.0,True,12,6,18
empirical_w6,8,2.7,myopic,1600066590,1600066590,422.39777779865267,4,2.0,True,12,6,18
empirical_w6,8,2.7,myopic,3800000120,3800000120,557.9622901554109,4,2.2,True,12,6,18
empirical_w6,8,2.7,myopic,3800001520,3800001520,326.6851189107895,4,0.16,True,12,6,18
empirical_w6,8,2.7,myopic,3800000127,3800000127,313.6378448791505,4,2.0,True,12,6,18
empirical_w6,8,2.7,myopic,1600066510,1600066510,624.9351902167001,4,2.0,True,12,6,18
empirical_w6,8,2.7,myopic,3800001611,3800001611,335.32734847283365,4,1.6,True,12,6,18
empirical_w6,8,2.7,myopic,3800000110,3800000110,184.7027137194475,4,0.36,True,12,6,18
empirical_w6,8,2.75,dynamic,1600066610,1600066610,494.091450045705,4,2.0,True,12,6,18
empirical_w6,8,2.75,dynamic,1600066590,1600066590,433.2192648855846,4,2.0,True,12,6,18
empirical_w6,8,2.75,dynamic,3800000120,3800000120,572.7699551550543,4,2.2,True,12,6,18
empirical_w6,8,2.75,dynamic,3800001520,3800001520,327.6087036132809,0,0.0,True,12,6,18
empirical_w6,8,2.75,dynamic,3800000127,3800000127,321.12496233940124,4,2.0,True,12,6,18
empirical_w6,8,2.75,dynamic,1600066510,1600066510,639.670569767952,4,2.0,True,12,6,18
empirical_w6,8,2.75,dynamic,3800001611,3800001611,341.0608893803817,4,1.6,True,12,6,18
empirical_w6,8,2.75,dynamic,3800000110,3800000110,185.76628652334216,4,0.36,True,12,6,18
empirical_w6,8,2.75,myopic,1600066610,1600066610,494.04797300714705,4,2.0,True,12,6,18
empirical_w6,8,2.75,myopic,1600066590,1600066590,432.9320742654801,4,2.0,True,12,6,18
empirical_w6,8,2.75,myopic,3800000120,3800000120,572.758203830719,4,2.2,True,12,6,18
empirical_w6,8,2.75,myopic,3800001520,3800001520,327.0313841096561,4,0.16,True,12,6,18
empirical_w6,8,2.75,myopic,3800000127,3800000127,320.8988893969854,4,2.0,True,12,6,18
empirical_w6,8,2.75,myopic,1600066510,1600066510,639.1390054114657,4,2.0,True,12,6,18
empirical_w6,8,2.75,myopic,3800001611,3800001611,340.7698378241062,4,1.6,True,12,6,18
empirical_w6,8,2.75,myopic,3800000110,3800000110,185.72543489396574,4,0.36,True,12,6,18
empirical_w6,8,2.8,dynamic,1600066610,1600066610,505.00364496624474,4,2.0,True,12,6,18
empirical_w6,8,2.8,dynamic,1600066590,1600066590,443.7369352909723,4,2.0,True,12,6,18
empirical_w6,8,2.8,dynamic,3800000120,3800000120,587.5654319826757,4,2.2,True,12,6,18
empirical_w6,8,2.8,dynamic,3800001520,3800001520,327.62181574885057,1,0.04,True,12,6,18
empirical_w6,8,2.8,dynamic,3800000127,3800000127,328.39678918679556,4,2.0,True,12,6,18
empirical_w6,8,2.8,dynamic,1600066510,1600066510,653.8919422670999,4,2.0,True,12,6,18
empirical_w6,8,2.8,dynamic,3800001611,3800001611,346.52751193265124,4,1.6,True,12,6,18
empirical_w6,8,2.8,dynamic,3800000110,3800000110,186.7874462973277,4,0.36,True,12,6,18
empirical_w6,8,2.8,myopic,1600066610,1600066610,504.96498944467754,4,2.0,True,12,6,18
empirical_w6,8,2.8,myopic,1600066590,1600066590,443.4663707323074,4,2.0,True,12,6,18
empirical_w6,8,2.8,myopic,3800000120,3800000120,587.5541175060273,4,2.2,True,12,6,18
empirical_w6,8,2.8,myopic,3800001520,3800001520,320.72790800221765,4,0.76,False,12,6,18
empirical_w6,8,2.8,myopic,3800000127,3800000127,328.1599339148204,4,2.0,True,12,6,18
empirical_w6,8,2.8,myopic,1600066510,1600066510,653.3428206062315,4,2.0,True,12,6,18
empirical_w6,8,2.8,myopic,3800001611,3800001611,346.2123271753788,4,1.6,True,12,6,18
empirical_w6,8,2.8,myopic,3800000110,3800000110,186.748156068484,4,0.36,True,12,6,18
empirical_w6,8,2.85,dynamic,1600066610,1600066610,515.9163096540374,4,2.0,True,12,6,18
empirical_w6,8,2.85,dynamic,1600066590,1600066590,454.27759114360805,4,2.0,True,12,6,18
empirical_w6,8,2.85,dynamic,3800000120,3800000120,602.3609088102972,4,2.2,True,12,6,18
empirical_w6,8,2.85,dynamic,3800001520,3800001520,327.7979675768614,4,0.16,True,12,6,18
empirical_w6,8,2.85,dynamic,3800000127,3800000127,335.6686160341899,4,2.0,True,12,6,18
empirical_w6,8,2.85,dynamic,1600066510,1600066510,668.1133147662481,4,2.0,True,12,6,18
empirical_w6,8,2.85,dynamic,3800001611,3800001611,352.00177640100327,4,1.6,True,12,6,18
empirical_w6,8,2.85,dynamic,3800000110,3800000110,187.80860607131325,4,0.36,True,12,6,18
empirical_w6,8,2.85,myopic,1600066610,1600066610,515.8820058822081,4,2.0,True,12,6,18
empirical_w6,8,2.85,myopic,1600066590,1600066590,454.0006671991348,4,2.0,True,12,6,18
empirical_w6,8,2.85,myopic,3800000120,3800000120,602.3500311813356,4,2.2,True,12,6,18
empirical_w6,8,2.85,myopic,3800001520,3800001520,311.1890859626133,4,1.96,True,12,6,18
empirical_w6,8,2.85,myopic,3800000127,3800000127,335.4209784326554,4,2.0,True,12,6,18
empirical_w6,8,2.85,myopic,1600066510,1600066510,667.5466358009973,4,2.0,True,12,6,18
empirical_w6,8,2.85,myopic,3800001611,3800001611,351.6548165266514,4,1.6,True,12,6,18
empirical_w6,8,2.85,myopic,3800000110,3800000110,187.7708772430023,4,0.36,True,12,6,18
empirical_w6,8,2.9,dynamic,1600066610,1600066610,526.8308168648482,4,2.0,True,12,6,18
empirical_w6,8,2.9,dynamic,1600066590,1600066590,464.8182469962438,4,2.0,True,12,6,18
empirical_w6,8,2.9,dynamic,3800000120,3800000120,617.1563856379186,4,2.2,True,12,6,18
empirical_w6,8,2.9,dynamic,3800001520,3800001520,328.14077878069884,4,0.16,True,12,6,18
empirical_w6,8,2.9,dynamic,3800000127,3800000127,342.9404428815842,4,2.0,True,12,6,18
empirical_w6,8,2.9,dynamic,1600066510,1600066510,682.334687265396,4,2.0,True,12,6,18
empirical_w6,8,2.9,dynamic,3800001611,3800001611,357.47604086935524,4,1.6,True,12,6,18
empirical_w6,8,2.9,dynamic,3800000110,3800000110,188.8297658452988,4,0.36,True,12,6,18
empirical_w6,8,2.9,myopic,1600066610,1600066610,526.7990223197386,4,2.0,True,12,6,18
empirical_w6,8,2.9,myopic,1600066590,1600066590,464.5349636659622,4,2.0,True,12,6,18
empirical_w6,8,2.9,myopic,3800000120,3800000120,617.1459448566437,4,2.2,True,12,6,18
empirical_w6,8,2.9,myopic,3800001520,3800001520,321.6169274959563,4,1.96,True,12,6,18
empirical_w6,8,2.9,myopic,3800000127,3800000127,342.68202295049036,4,2.0,True,12,6,18
empirical_w6,8,2.9,myopic,1600066510,1600066510,681.7504509957629,4,2.0,True,12,6,18
empirical_w6,8,2.9,myopic,3800001611,3800001611,357.097305877924,4,1.6,True,12,6,18
empirical_w6,8,2.9,myopic,3800000110,3800000110,188.79359841752054,4,0.36,True,12,6,18
empirical_w6,8,2.95,dynamic,1600066610,1600066610,537.7495076553425,4,2.0,True,12,6,18
empirical_w6,8,2.95,dynamic,1600066590,1600066590,475.3589028488795,4,2.0,True,12,6,18
empirical_w6,8,2.95,dynamic,3800000120,3800000120,631.9518624655401,4,2.2,True,12,6,18
empirical_w6,8,2.95,dynamic,3800001520,3800001520,332.8067944396339,4,1.96,True,12,6,18
empirical_w6,8,2.95,dynamic,3800000127,3800000127,350.2122697289785,4,2.0,True,12,6,18
empirical_w6,8,2.95,dynamic,1600066510,1600066510,696.5560597645442,4,2.0,True,12,6,18
empirical_w6,8,2.95,dynamic,3800001611,3800001611,362.9503053377073,4,1.6,True,12,6,18
empirical_w6,8,2.95,dynamic,3800000110,3800000110,189.85092561928434,4,0.36,True,12,6,18
empirical_w6,8,2.95,myopic,1600066610,1600066610,537.7160387572692,4,2.0,True,12,6,18
empirical_w6,8,2.95,myopic,1600066590,1600066590,475.0692601327896,4,2.0,True,12,6,18
empirical_w6,8,2.95,myopic,3800000120,3800000120,631.941858531952,4,2.2,True,12,6,18
empirical_w6,8,2.95,myopic,3800001520,3800001520,332.0447690292993,4,1.96,True,12,6,18
empirical_w6,8,2.95,myopic,3800000127,3800000127,349.94306746832535,4,2.0,True,12,6,18
empirical_w6,8,2.95,myopic,1600066510,1600066510,695.9542661905288,4,2.0,True,12,6,18
empirical_w6,8,2.95,myopic,3800001611,3800001611,362.5397952291966,4,1.6,True,12,6,18
empirical_w6,8,2.95,myopic,3800000110,3800000110,189.81631959203884,4,0.36,True,12,6,18
empirical_w6,8,3.0,dynamic,1600066610,1600066610,548.6681984458368,4,2.0,True,12,6,18
empirical_w6,8,3.0,dynamic,1600066590,1600066590,485.8995587015152,4,2.0,True,12,6,18
empirical_w6,8,3.0,dynamic,3800000120,3800000120,646.7473392931615,4,2.2,True,12,6,18
empirical_w6,8,3.0,dynamic,3800001520,3800001520,343.151688308716,4,1.96,True,12,6,18
empirical_w6,8,3.0,dynamic,3800000127,3800000127,357.48409657637285,4,2.0,True,12,6,18
empirical_w6,8,3.0,dynamic,1600066510,1600066510,710.7774322636922,4,2.0,True,12,6,18
empirical_w6,8,3.0,dynamic,3800001611,3800001611,368.42456980605925,4,1.6,True,12,6,18
empirical_w6,8,3.0,dynamic,3800000110,3800000110,190.8721924432119,4,0.36,True,12,6,18
empirical_w6,8,3.0,myopic,1600066610,1600066610,548.6330551947997,4,2.0,True,12,6,18
empirical_w6,8,3.0,myopic,1600066590,1600066590,485.60355659961704,4,2.0,True,12,6,18
empirical_w6,8,3.0,myopic,3800000120,3800000120,646.7377722072603,4,2.2,True,12,6,18
empirical_w6,8,3.0,myopic,3800001520,3800001520,342.4726105626423,4,1.96,True,12,6,18
empirical_w6,8,3.0,myopic,3800000127,3800000127,357.20411198616034,4,2.0,True,12,6,18
empirical_w6,8,3.0,myopic,1600066510,1600066510,710.1580813852944,4,2.0,True,12,6,18
empirical_w6,8,3.0,myopic,3800001611,3800001611,367.9822845804692,4,1.6,True,12,6,18
empirical_w6,8,3.0,myopic,3800000110,3800000110,190.8390407665571,4,0.36,True,12,6,18
empirical_w6,8,3.05,dynamic,1600066610,1600066610,559.586889236331,4,2.0,True,12,6,18
empirical_w6,8,3.05,dynamic,1600066590,1600066590,496.4402145541508,4,2.0,True,12,6,18
empirical_w6,8,3.05,dynamic,3800000120,3800000120,661.542816120783,4,2.2,True,12,6,18
empirical_w6,8,3.05,dynamic,3800001520,3800001520,353.5616571528117,4,1.96,True,12,6,18
empirical_w6,8,3.05,dynamic,3800000127,3800000127,364.75592342376706,4,2.0,True,12,6,18
empirical_w6,8,3.05,dynamic,1600066510,1600066510,724.9988047628401,4,2.0,True,12,6,18
empirical_w6,8,3.05,dynamic,3800001611,3800001611,373.89883427441123,4,1.6,True,12,6,18
empirical_w6,8,3.05,dynamic,3800000110,3800000110,191.89405643002195,4,0.36,True,12,6,18
empirical_w6,8,3.05,myopic,1600066610,1600066610,559.5500716323302,4,2.0,True,12,6,18
empirical_w6,8,3.05,myopic,1600066590,1600066590,496.13785306644434,4,2.0,True,12,6,18
empirical_w6,8,3.05,myopic,3800000120,3800000120,661.5336858825684,4,2.2,True,12,6,18
empirical_w6,8,3.05,myopic,3800001520,3800001520,352.90045209598526,4,1.96,True,12,6,18
empirical_w6,8,3.05,myopic,3800000127,3800000127,364.46515650399533,4,2.0,True,12,6,18
empirical_w6,8,3.05,myopic,1600066510,1600066510,724.36189658006,4,2.0,True,12,6,18
empirical_w6,8,3.05,myopic,3800001611,3800001611,373.4247739317417,4,1.6,True,12,6,18
empirical_w6,8,3.05,myopic,3800000110,3800000110,191.86176194107534,4,0.36,True,12,6,18
empirical_w6,8,3.1,dynamic,1600066610,1600066610,570.5055800268253,4,2.0,True,12,6,18
empirical_w6,8,3.1,dynamic,1600066590,1600066590,506.98087040678666,4,2.0,True,12,6,18
empirical_w6,8,3.1,dynamic,3800000120,3800000120,676.3382929484045,4,2.2,True,12,6,18
empirical_w6,8,3.1,dynamic,3800001520,3800001520,364.0079013201396,4,1.96,True,12,6,18
empirical_w6,8,3.1,dynamic,3800000127,3800000127,372.0277502711615,4,2.0,True,12,6,18
empirical_w6,8,3.1,dynamic,1600066510,1600066510,739.2201772619883,4,2.0,True,12,6,18
empirical_w6,8,3.1,dynamic,3800001611,3800001611,379.37309874276326,4,1.6,True,12,6,18
empirical_w6,8,3.1,dynamic,3800000110,3800000110,192.915920416832,4,0.36,True,12,6,18
empirical_w6,8,3.1,myopic,1600066610,1600066610,570.4670880698608,4,2.0,True,12,6,18
empirical_w6,8,3.1,myopic,1600066590,1600066590,506.67214953327186,4,2.0,True,12,6,18
empirical_w6,8,3.1,myopic,3800000120,3800000120,676.3295995578767,4,2.2,True,12,6,18
empirical_w6,8,3.1,myopic,3800001520,3800001520,363.32829362932824,4,1.96,True,12,6,18
empirical_w6,8,3.1,myopic,3800000127,3800000127,371.7262010218303,4,2.0,True,12,6,18
empirical_w6,8,3.1,myopic,1600066510,1600066510,738.5657117748259,4,2.0,True,12,6,18
empirical_w6,8,3.1,myopic,3800001611,3800001611,378.8672632830143,4,1.6,True,12,6,18
empirical_w6,8,3.1,myopic,3800000110,3800000110,192.88448311559364,4,0.36,True,12,6,18
empirical_w6,8,3.15,dynamic,1600066610,1600066610,581.4242708173196,4,2.0,True,12,6,18
empirical_w6,8,3.15,dynamic,1600066590,1600066590,517.5215262594222,4,2.0,True,12,6,18
empirical_w6,8,3.15,dynamic,3800000120,3800000120,691.1337697760258,4,2.2,True,12,6,18
empirical_w6,8,3.15,dynamic,3800001520,3800001520,374.4541454874674,4,1.96,True,12,6,18
empirical_w6,8,3.15,dynamic,3800000127,3800000127,379.2995771185557,4,2.0,True,12,6,18
empirical_w6,8,3.15,dynamic,1600066510,1600066510,753.4415497611362,4,2.0,True,12,6,18
empirical_w6,8,3.15,dynamic,3800001611,3800001611,384.84736321111524,4,1.6,True,12,6,18
empirical_w6,8,3.15,dynamic,3800000110,3800000110,193.93778440364204,4,0.36,True,12,6,18
empirical_w6,8,3.15,myopic,1600066610,1600066610,581.3841045073913,4,2.0,True,12,6,18
empirical_w6,8,3.15,myopic,1600066590,1600066590,517.2064460000992,4,2.0,True,12,6,18
empirical_w6,8,3.15,myopic,3800000120,3800000120,691.1255132331848,4,2.2,True,12,6,18
empirical_w6,8,3.15,myopic,3800001520,3800001520,373.7561351626712,4,1.96,True,12,6,18
empirical_w6,8,3.15,myopic,3800000127,3800000127,378.9872455396653,4,2.0,True,12,6,18
empirical_w6,8,3.15,myopic,1600066510,1600066510,752.7695269695915,4,2.0,True,12,6,18
empirical_w6,8,3.15,myopic,3800001611,3800001611,384.3097526342869,4,1.6,True,12,6,18
empirical_w6,8,3.15,myopic,3800000110,3800000110,193.9072042901119,4,0.36,True,12,6,18
empirical_w6,8,3.2,dynamic,1600066610,1600066610,592.3429616078139,4,2.0,True,12,6,18
empirical_w6,8,3.2,dynamic,1600066590,1600066590,528.062182112058,4,2.0,True,12,6,18
empirical_w6,8,3.2,dynamic,3800000120,3800000120,705.9292466036474,4,2.2,True,12,6,18
empirical_w6,8,3.2,dynamic,3800001520,3800001520,384.9003896547954,4,1.96,True,12,6,18
empirical_w6,8,3.2,dynamic,3800000127,3800000127,386.57140396595,4,2.0,True,12,6,18
empirical_w6,8,3.2,dynamic,1600066510,1600066510,767.6629222602844,4,2.0,True,12,6,18
empirical_w6,8,3.2,dynamic,3800001611,3800001611,390.32162767946727,4,1.6,True,12,6,18
empirical_w6,8,3.2,dynamic,3800000110,3800000110,194.9596483904521,4,0.36,True,12,6,18
empirical_w6,8,3.2,myopic,1600066610,1600066610,592.3011209449218,4,2.0,True,12,6,18
empirical_w6,8,3.2,myopic,1600066590,1600066590,527.7407424669266,4,2.0,True,12,6,18
empirical_w6,8,3.2,myopic,3800000120,3800000120,705.9214269084931,4,2.2,True,12,6,18
empirical_w6,8,3.2,myopic,3800001520,3800001520,384.1839766960143,4,1.96,True,12,6,18
empirical_w6,8,3.2,myopic,3800000127,3800000127,386.2482900575003,4,2.0,True,12,6,18
empirical_w6,8,3.2,myopic,1600066510,1600066510,766.9733421643573,4,2.0,True,12,6,18
empirical_w6,8,3.2,myopic,3800001611,3800001611,389.7522419855595,4,1.6,True,12,6,18
empirical_w6,8,3.2,myopic,3800000110,3800000110,194.92992546463017,4,0.36,True,12,6,18
common_0_30_w6,1,1.2,dynamic,1600066610,1600066610,472.7574157714848,0,0.0,True,12,6,18
common_0_30_w6,1,1.2,dynamic,1600066590,1600066590,399.8057861328117,0,0.0,True,12,6,18
common_0_30_w6,1,1.2,dynamic,3800000120,3800000120,249.29017639160062,0,0.0,True,12,6,18
common_0_30_w6,1,1.2,dynamic,3800001520,3800001520,327.6087036132809,0,0.0,True,12,6,18
common_0_30_w6,1,1.2,dynamic,3800000127,3800000127,239.69628906249972,0,0.0,True,12,6,18
common_0_30_w6,1,1.2,dynamic,1600066510,1600066510,398.87255859374886,0,0.0,True,12,6,18
common_0_30_w6,1,1.2,dynamic,3800001611,3800001611,332.3937988281248,0,0.0,True,12,6,18
common_0_30_w6,1,1.2,dynamic,3800000110,3800000110,161.52136230468736,0,0.0,True,12,6,18
common_0_30_w6,1,1.2,myopic,1600066610,1600066610,472.7574157714848,0,0.0,True,12,6,18
common_0_30_w6,1,1.2,myopic,1600066590,1600066590,399.8057861328117,0,0.0,True,12,6,18
common_0_30_w6,1,1.2,myopic,3800000120,3800000120,249.29017639160062,0,0.0,True,12,6,18
common_0_30_w6,1,1.2,myopic,3800001520,3800001520,327.6087036132809,0,0.0,True,12,6,18
common_0_30_w6,1,1.2,myopic,3800000127,3800000127,239.69628906249972,0,0.0,True,12,6,18
common_0_30_w6,1,1.2,myopic,1600066510,1600066510,398.87255859374886,0,0.0,True,12,6,18
common_0_30_w6,1,1.2,myopic,3800001611,3800001611,332.3937988281248,0,0.0,True,12,6,18
common_0_30_w6,1,1.2,myopic,3800000110,3800000110,161.52136230468736,0,0.0,True,12,6,18
common_0_30_w6,1,1.25,dynamic,1600066610,1600066610,472.7574157714848,0,0.0,True,12,6,18
common_0_30_w6,1,1.25,dynamic,1600066590,1600066590,399.8057861328117,0,0.0,True,12,6,18
common_0_30_w6,1,1.25,dynamic,3800000120,3800000120,249.29017639160062,0,0.0,True,12,6,18
common_0_30_w6,1,1.25,dynamic,3800001520,3800001520,327.6087036132809,0,0.0,True,12,6,18
common_0_30_w6,1,1.25,dynamic,3800000127,3800000127,239.69628906249972,0,0.0,True,12,6,18
common_0_30_w6,1,1.25,dynamic,1600066510,1600066510,398.87255859374886,0,0.0,True,12,6,18
common_0_30_w6,1,1.25,dynamic,3800001611,3800001611,332.3937988281248,0,0.0,True,12,6,18
common_0_30_w6,1,1.25,dynamic,3800000110,3800000110,161.52136230468736,0,0.0,True,12,6,18
common_0_30_w6,1,1.25,myopic,1600066610,1600066610,472.7574157714848,0,0.0,True,12,6,18
common_0_30_w6,1,1.25,myopic,1600066590,1600066590,399.8057861328117,0,0.0,True,12,6,18
common_0_30_w6,1,1.25,myopic,3800000120,3800000120,249.29017639160062,0,0.0,True,12,6,18
common_0_30_w6,1,1.25,myopic,3800001520,3800001520,327.6087036132809,0,0.0,True,12,6,18
common_0_30_w6,1,1.25,myopic,3800000127,3800000127,239.69628906249972,0,0.0,True,12,6,18
common_0_30_w6,1,1.25,myopic,1600066510,1600066510,398.87255859374886,0,0.0,True,12,6,18
common_0_30_w6,1,1.25,myopic,3800001611,3800001611,332.3937988281248,0,0.0,True,12,6,18
common_0_30_w6,1,1.25,myopic,3800000110,3800000110,161.52136230468736,0,0.0,True,12,6,18
common_0_30_w6,1,1.3,dynamic,1600066610,1600066610,472.7574157714848,0,0.0,True,12,6,18
common_0_30_w6,1,1.3,dynamic,1600066590,1600066590,399.8057861328117,0,0.0,True,12,6,18
common_0_30_w6,1,1.3,dynamic,3800000120,3800000120,249.29017639160062,0,0.0,True,12,6,18
common_0_30_w6,1,1.3,dynamic,3800001520,3800001520,327.6087036132809,0,0.0,True,12,6,18
common_0_30_w6,1,1.3,dynamic,3800000127,3800000127,239.69628906249972,0,0.0,True,12,6,18
common_0_30_w6,1,1.3,dynamic,1600066510,1600066510,398.87255859374886,0,0.0,True,12,6,18
common_0_30_w6,1,1.3,dynamic,3800001611,3800001611,332.3937988281248,0,0.0,True,12,6,18
common_0_30_w6,1,1.3,dynamic,3800000110,3800000110,161.52136230468736,0,0.0,True,12,6,18
common_0_30_w6,1,1.3,myopic,1600066610,1600066610,472.7574157714848,0,0.0,True,12,6,18
common_0_30_w6,1,1.3,myopic,1600066590,1600066590,399.8057861328117,0,0.0,True,12,6,18
common_0_30_w6,1,1.3,myopic,3800000120,3800000120,249.29017639160062,0,0.0,True,12,6,18
common_0_30_w6,1,1.3,myopic,3800001520,3800001520,327.6087036132809,0,0.0,True,12,6,18
common_0_30_w6,1,1.3,myopic,3800000127,3800000127,239.69628906249972,0,0.0,True,12,6,18
common_0_30_w6,1,1.3,myopic,1600066510,1600066510,398.87255859374886,0,0.0,True,12,6,18
common_0_30_w6,1,1.3,myopic,3800001611,3800001611,332.3937988281248,0,0.0,True,12,6,18
common_0_30_w6,1,1.3,myopic,3800000110,3800000110,161.52136230468736,0,0.0,True,12,6,18
common_0_30_w6,1,1.35,dynamic,1600066610,1600066610,472.7574157714848,0,0.0,True,12,6,18
common_0_30_w6,1,1.35,dynamic,1600066590,1600066590,399.8057861328117,0,0.0,True,12,6,18
common_0_30_w6,1,1.35,dynamic,3800000120,3800000120,249.29017639160062,0,0.0,True,12,6,18
common_0_30_w6,1,1.35,dynamic,3800001520,3800001520,327.6087036132809,0,0.0,True,12,6,18
common_0_30_w6,1,1.35,dynamic,3800000127,3800000127,239.69628906249972,0,0.0,True,12,6,18
common_0_30_w6,1,1.35,dynamic,1600066510,1600066510,398.87255859374886,0,0.0,True,12,6,18
common_0_30_w6,1,1.35,dynamic,3800001611,3800001611,332.3937988281248,0,0.0,True,12,6,18
common_0_30_w6,1,1.35,dynamic,3800000110,3800000110,161.52136230468736,0,0.0,True,12,6,18
common_0_30_w6,1,1.35,myopic,1600066610,1600066610,472.7574157714848,0,0.0,True,12,6,18
common_0_30_w6,1,1.35,myopic,1600066590,1600066590,399.8057861328117,0,0.0,True,12,6,18
common_0_30_w6,1,1.35,myopic,3800000120,3800000120,249.29017639160062,0,0.0,True,12,6,18
common_0_30_w6,1,1.35,myopic,3800001520,3800001520,327.6087036132809,0,0.0,True,12,6,18
common_0_30_w6,1,1.35,myopic,3800000127,3800000127,239.69628906249972,0,0.0,True,12,6,18
common_0_30_w6,1,1.35,myopic,1600066510,1600066510,398.87255859374886,0,0.0,True,12,6,18
common_0_30_w6,1,1.35,myopic,3800001611,3800001611,332.3937988281248,0,0.0,True,12,6,18
common_0_30_w6,1,1.35,myopic,3800000110,3800000110,161.52136230468736,0,0.0,True,12,6,18
common_0_30_w6,1,1.4,dynamic,1600066610,1600066610,472.7574157714848,0,0.0,True,12,6,18
common_0_30_w6,1,1.4,dynamic,1600066590,1600066590,399.8057861328117,0,0.0,True,12,6,18
common_0_30_w6,1,1.4,dynamic,3800000120,3800000120,249.29017639160062,0,0.0,True,12,6,18
common_0_30_w6,1,1.4,dynamic,3800001520,3800001520,327.6087036132809,0,0.0,True,12,6,18
common_0_30_w6,1,1.4,dynamic,3800000127,3800000127,239.69628906249972,0,0.0,True,12,6,18
common_0_30_w6,1,1.4,dynamic,1600066510,1600066510,398.87255859374886,0,0.0,True,12,6,18
common_0_30_w6,1,1.4,dynamic,3800001611,3800001611,332.3937988281248,0,0.0,True,12,6,18
common_0_30_w6,1,1.4,dynamic,3800000110,3800000110,161.52136230468736,0,0.0,True,12,6,18
common_0_30_w6,1,1.4,myopic,1600066610,1600066610,472.7574157714848,0,0.0,True,12,6,18
common_0_30_w6,1,1.4,myopic,1600066590,1600066590,399.8057861328117,0,0.0,True,12,6,18
common_0_30_w6,1,1.4,myopic,3800000120,3800000120,249.29017639160062,0,0.0,True,12,6,18
common_0_30_w6,1,1.4,myopic,3800001520,3800001520,327.6087036132809,0,0.0,True,12,6,18
common_0_30_w6,1,1.4,myopic,3800000127,3800000127,239.69628906249972,0,0.0,True,12,6,18
common_0_30_w6,1,1.4,myopic,1600066510,1600066510,398.87255859374886,0,0.0,True,12,6,18
common_0_30_w6,1,1.4,myopic,3800001611,3800001611,332.3937988281248,0,0.0,True,12,6,18
common_0_30_w6,1,1.4,myopic,3800000110,3800000110,151.4645693150088,4,1.2,False,12,6,18
common_0_30_w6,1,1.45,dynamic,1600066610,1600066610,472.7574157714848,0,0.0,True,12,6,18
common_0_30_w6,1,1.45,dynamic,1600066590,1600066590,399.8057861328117,0,0.0,True,12,6,18
common_0_30_w6,1,1.45,dynamic,3800000120,3800000120,249.29017639160062,0,0.0,True,12,6,18
common_0_30_w6,1,1.45,dynamic,3800001520,3800001520,327.6087036132809,0,0.0,True,12,6,18
common_0_30_w6,1,1.45,dynamic,3800000127,3800000127,239.69628906249972,0,0.0,True,12,6,18
common_0_30_w6,1,1.45,dynamic,1600066510,1600066510,398.87255859374886,0,0.0,True,12,6,18
common_0_30_w6,1,1.45,dynamic,3800001611,3800001611,332.3937988281248,0,0.0,True,12,6,18
common_0_30_w6,1,1.45,dynamic,3800000110,3800000110,161.52136230468736,0,0.0,True,12,6,18
common_0_30_w6,1,1.45,myopic,1600066610,1600066610,472.7574157714848,0,0.0,True,12,6,18
common_0_30_w6,1,1.45,myopic,1600066590,1600066590,399.8057861328117,0,0.0,True,12,6,18
common_0_30_w6,1,1.45,myopic,3800000120,3800000120,249.29017639160062,0,0.0,True,12,6,18
common_0_30_w6,1,1.45,myopic,3800001520,3800001520,327.6087036132809,0,0.0,True,12,6,18
common_0_30_w6,1,1.45,myopic,3800000127,3800000127,239.69628906249972,0,0.0,True,12,6,18
common_0_30_w6,1,1.45,myopic,1600066510,1600066510,398.87255859374886,0,0.0,True,12,6,18
common_0_30_w6,1,1.45,myopic,3800001611,3800001611,332.3937988281248,0,0.0,True,12,6,18
common_0_30_w6,1,1.45,myopic,3800000110,3800000110,156.27945499902216,4,1.2,False,12,6,18
common_0_30_w6,1,1.5,dynamic,1600066610,1600066610,472.7574157714848,0,0.0,True,12,6,18
common_0_30_w6,1,1.5,dynamic,1600066590,1600066590,399.8057861328117,0,0.0,True,12,6,18
common_0_30_w6,1,1.5,dynamic,3800000120,3800000120,249.29017639160062,0,0.0,True,12,6,18
common_0_30_w6,1,1.5,dynamic,3800001520,3800001520,327.6087036132809,0,0.0,True,12,6,18
common_0_30_w6,1,1.5,dynamic,3800000127,3800000127,239.69628906249972,0,0.0,True,12,6,18
common_0_30_w6,1,1.5,dynamic,1600066510,1600066510,398.87255859374886,0,0.0,True,12,6,18
common_0_30_w6,1,1.5,dynamic,3800001611,3800001611,332.3937988281248,0,0.0,True,12,6,18
common_0_30_w6,1,1.5,dynamic,3800000110,3800000110,161.92442533254626,2,0.6,False,12,6,18
common_0_30_w6,1,1.5,myopic,1600066610,1600066610,472.7574157714848,0,0.0,True,12,6,18
common_0_30_w6,1,1.5,myopic,1600066590,1600066590,399.8057861328117,0,0.0,True,12,6,18
common_0_30_w6,1,1.5,myopic,3800000120,3800000120,249.29017639160062,0,0.0,True,12,6,18
common_0_30_w6,1,1.5,myopic,3800001520,3800001520,327.6087036132809,0,0.0,True,12,6,18
common_0_30_w6,1,1.5,myopic,3800000127,3800000127,239.69628906249972,0,0.0,True,12,6,18
common_0_30_w6,1,1.5,myopic,1600066510,1600066510,398.87255859374886,0,0.0,True,12,6,18
common_0_30_w6,1,1.5,myopic,3800001611,3800001611,332.3937988281248,0,0.0,True,12,6,18
common_0_30_w6,1,1.5,myopic,3800000110,3800000110,161.09434068303554,4,1.2,False,12,6,18
common_0_30_w6,1,1.55,dynamic,1600066610,1600066610,472.7574157714848,0,0.0,True,12,6,18
common_0_30_w6,1,1.55,dynamic,1600066590,1600066590,399.8057861328117,0,0.0,True,12,6,18
common_0_30_w6,1,1.55,dynamic,3800000120,3800000120,249.29017639160062,0,0.0,True,12,6,18
common_0_30_w6,1,1.55,dynamic,3800001520,3800001520,327.6087036132809,0,0.0,True,12,6,18
common_0_30_w6,1,1.55,dynamic,3800000127,3800000127,239.69628906249972,0,0.0,True,12,6,18
common_0_30_w6,1,1.55,dynamic,1600066510,1600066510,398.87255859374886,0,0.0,True,12,6,18
common_0_30_w6,1,1.55,dynamic,3800001611,3800001611,332.3937988281248,0,0.0,True,12,6,18
common_0_30_w6,1,1.55,dynamic,3800000110,3800000110,166.33927937197686,4,1.2,False,12,6,18
common_0_30_w6,1,1.55,myopic,1600066610,1600066610,472.7574157714848,0,0.0,True,12,6,18
common_0_30_w6,1,1.55,myopic,1600066590,1600066590,399.8057861328117,0,0.0,True,12,6,18
common_0_30_w6,1,1.55,myopic,3800000120,3800000120,249.29017639160062,0,0.0,True,12,6,18
common_0_30_w6,1,1.55,myopic,3800001520,3800001520,327.6087036132809,0,0.0,True,12,6,18
common_0_30_w6,1,1.55,myopic,3800000127,3800000127,239.69628906249972,0,0.0,True,12,6,18
common_0_30_w6,1,1.55,myopic,1600066510,1600066510,398.87255859374886,0,0.0,True,12,6,18
common_0_30_w6,1,1.55,myopic,3800001611,3800001611,332.3937988281248,0,0.0,True,12,6,18
common_0_30_w6,1,1.55,myopic,3800000110,3800000110,165.9092263670489,4,1.2,False,12,6,18
common_0_30_w6,1,1.6,dynamic,1600066610,1600066610,472.7574157714848,0,0.0,True,12,6,18
common_0_30_w6,1,1.6,dynamic,1600066590,1600066590,399.8057861328117,0,0.0,True,12,6,18
common_0_30_w6,1,1.6,dynamic,3800000120,3800000120,249.29017639160062,0,0.0,True,12,6,18
common_0_30_w6,1,1.6,dynamic,3800001520,3800001520,327.6087036132809,0,0.0,True,12,6,18
common_0_30_w6,1,1.6,dynamic,3800000127,3800000127,239.69628906249972,0,0.0,True,12,6,18
common_0_30_w6,1,1.6,dynamic,1600066510,1600066510,398.87255859374886,0,0.0,True,12,6,18
common_0_30_w6,1,1.6,dynamic,3800001611,3800001611,332.3937988281248,0,0.0,True,12,6,18
common_0_30_w6,1,1.6,dynamic,3800000110,3800000110,171.1226253183683,4,1.2,False,12,6,18
common_0_30_w6,1,1.6,myopic,1600066610,1600066610,472.7574157714848,0,0.0,True,12,6,18
common_0_30_w6,1,1.6,myopic,1600066590,1600066590,399.8057861328117,0,0.0,True,12,6,18
common_0_30_w6,1,1.6,myopic,3800000120,3800000120,249.29017639160062,0,0.0,True,12,6,18
common_0_30_w6,1,1.6,myopic,3800001520,3800001520,327.6087036132809,0,0.0,True,12,6,18
common_0_30_w6,1,1.6,myopic,3800000127,3800000127,239.69628906249972,0,0.0,True,12,6,18
common_0_30_w6,1,1.6,myopic,1600066510,1600066510,398.87255859374886,0,0.0,True,12,6,18
common_0_30_w6,1,1.6,myopic,3800001611,3800001611,332.3937988281248,0,0.0,True,12,6,18
common_0_30_w6,1,1.6,myopic,3800000110,3800000110,170.72411205106226,4,1.2,False,12,6,18
common_0_30_w6,1,1.65,dynamic,1600066610,1600066610,472.7574157714848,0,0.0,True,12,6,18
common_0_30_w6,1,1.65,dynamic,1600066590,1600066590,399.8057861328117,0,0.0,True,12,6,18
common_0_30_w6,1,1.65,dynamic,3800000120,3800000120,249.37757902105648,3,0.8999999999999999,True,12,6,18
common_0_30_w6,1,1.65,dynamic,3800001520,3800001520,327.6087036132809,0,0.0,True,12,6,18
common_0_30_w6,1,1.65,dynamic,3800000127,3800000127,239.69628906249972,0,0.0,True,12,6,18
common_0_30_w6,1,1.65,dynamic,1600066510,1600066510,398.87255859374886,0,0.0,True,12,6,18
common_0_30_w6,1,1.65,dynamic,3800001611,3800001611,332.3937988281248,0,0.0,True,12,6,18
common_0_30_w6,1,1.65,dynamic,3800000110,3800000110,175.92262183500142,4,1.2,False,12,6,18
common_0_30_w6,1,1.65,myopic,1600066610,1600066610,472.7574157714848,0,0.0,True,12,6,18
common_0_30_w6,1,1.65,myopic,1600066590,1600066590,399.8057861328117,0,0.0,True,12,6,18
common_0_30_w6,1,1.65,myopic,3800000120,3800000120,249.37151025104518,4,1.2,True,12,6,18
common_0_30_w6,1,1.65,myopic,3800001520,3800001520,327.6087036132809,0,0.0,True,12,6,18
common_0_30_w6,1,1.65,myopic,3800000127,3800000127,239.69628906249972,0,0.0,True,12,6,18
common_0_30_w6,1,1.65,myopic,1600066510,1600066510,398.87255859374886,0,0.0,True,12,6,18
common_0_30_w6,1,1.65,myopic,3800001611,3800001611,332.3937988281248,0,0.0,True,12,6,18
common_0_30_w6,1,1.65,myopic,3800000110,3800000110,175.5389977350756,4,1.2,False,12,6,18
common_0_30_w6,1,1.7,dynamic,1600066610,1600066610,472.7574157714848,0,0.0,True,12,6,18
common_0_30_w6,1,1.7,dynamic,1600066590,1600066590,399.8057861328117,0,0.0,True,12,6,18
common_0_30_w6,1,1.7,dynamic,3800000120,3800000120,253.5297689253489,4,1.2,True,12,6,18
common_0_30_w6,1,1.7,dynamic,3800001520,3800001520,327.6087036132809,0,0.0,True,12,6,18
common_0_30_w6,1,1.7,dynamic,3800000127,3800000127,239.69628906249972,0,0.0,True,12,6,18
common_0_30_w6,1,1.7,dynamic,1600066510,1600066510,398.87255859374886,0,0.0,True,12,6,18
common_0_30_w6,1,1.7,dynamic,3800001611,3800001611,332.3937988281248,0,0.0,True,12,6,18
common_0_30_w6,1,1.7,dynamic,3800000110,3800000110,180.72801389846018,4,1.2,False,12,6,18
common_0_30_w6,1,1.7,myopic,1600066610,1600066610,472.7574157714848,0,0.0,True,12,6,18
common_0_30_w6,1,1.7,myopic,1600066590,1600066590,399.8057861328117,0,0.0,True,12,6,18
common_0_30_w6,1,1.7,myopic,3800000120,3800000120,253.5297689253489,4,1.2,True,12,6,18
common_0_30_w6,1,1.7,myopic,3800001520,3800001520,327.6087036132809,0,0.0,True,12,6,18
common_0_30_w6,1,1.7,myopic,3800000127,3800000127,239.69628906249972,0,0.0,True,12,6,18
common_0_30_w6,1,1.7,myopic,1600066510,1600066510,398.87255859374886,0,0.0,True,12,6,18
common_0_30_w6,1,1.7,myopic,3800001611,3800001611,332.3937988281248,0,0.0,True,12,6,18
common_0_30_w6,1,1.7,myopic,3800000110,3800000110,180.353883419089,4,1.2,False,12,6,18
common_0_30_w6,1,1.75,dynamic,1600066610,1600066610,472.7574157714848,0,0.0,True,12,6,18
common_0_30_w6,1,1.75,dynamic,1600066590,1600066590,399.8057861328117,0,0.0,True,12,6,18
common_0_30_w6,1,1.75,dynamic,3800000120,3800000120,257.68802759965257,4,1.2,True,12,6,18
common_0_30_w6,1,1.75,dynamic,3800001520,3800001520,327.6087036132809,0,0.0,True,12,6,18
common_0_30_w6,1,1.75,dynamic,3800000127,3800000127,239.69628906249972,0,0.0,True,12,6,18
common_0_30_w6,1,1.75,dynamic,1600066510,1600066510,398.87255859374886,0,0.0,True,12,6,18
common_0_30_w6,1,1.75,dynamic,3800001611,3800001611,332.3937988281248,0,0.0,True,12,6,18
common_0_30_w6,1,1.75,dynamic,3800000110,3800000110,185.53340596191896,4,1.2,False,12,6,18
common_0_30_w6,1,1.75,myopic,1600066610,1600066610,472.7574157714848,0,0.0,True,12,6,18
common_0_30_w6,1,1.75,myopic,1600066590,1600066590,399.8057861328117,0,0.0,True,12,6,18
common_0_30_w6,1,1.75,myopic,3800000120,3800000120,257.68802759965257,4,1.2,True,12,6,18
common_0_30_w6,1,1.75,myopic,3800001520,3800001520,327.6087036132809,0,0.0,True,12,6,18
common_0_30_w6,1,1.75,myopic,3800000127,3800000127,239.69628906249972,0,0.0,True,12,6,18
common_0_30_w6,1,1.75,myopic,1600066510,1600066510,398.87255859374886,0,0.0,True,12,6,18
common_0_30_w6,1,1.75,myopic,3800001611,3800001611,332.3937988281248,0,0.0,True,12,6,18
common_0_30_w6,1,1.75,myopic,3800000110,3800000110,185.16876910310236,4,1.2,False,12,6,18
common_0_30_w6,1,1.8,dynamic,1600066610,1600066610,472.7574157714848,0,0.0,True,12,6,18
common_0_30_w6,1,1.8,dynamic,1600066590,1600066590,399.8057861328117,0,0.0,True,12,6,18
common_0_30_w6,1,1.8,dynamic,3800000120,3800000120,261.88403779411306,4,1.2,True,12,6,18
common_0_30_w6,1,1.8,dynamic,3800001520,3800001520,327.6087036132809,0,0.0,True,12,6,18
common_0_30_w6,1,1.8,dynamic,3800000127,3800000127,239.69628906249972,0,0.0,True,12,6,18
common_0_30_w6,1,1.8,dynamic,1600066510,1600066510,398.87255859374886,0,0.0,True,12,6,18
common_0_30_w6,1,1.8,dynamic,3800001611,3800001611,332.3937988281248,0,0.0,True,12,6,18
common_0_30_w6,1,1.8,dynamic,3800000110,3800000110,190.2329469015449,4,1.2,False,12,6,18
common_0_30_w6,1,1.8,myopic,1600066610,1600066610,472.7574157714848,0,0.0,True,12,6,18
common_0_30_w6,1,1.8,myopic,1600066590,1600066590,399.8057861328117,0,0.0,True,12,6,18
common_0_30_w6,1,1.8,myopic,3800000120,3800000120,261.84628627395625,4,1.2,True,12,6,18
common_0_30_w6,1,1.8,myopic,3800001520,3800001520,327.6087036132809,0,0.0,True,12,6,18
common_0_30_w6,1,1.8,myopic,3800000127,3800000127,239.69628906249972,0,0.0,True,12,6,18
common_0_30_w6,1,1.8,myopic,1600066510,1600066510,398.87255859374886,0,0.0,True,12,6,18
common_0_30_w6,1,1.8,myopic,3800001611,3800001611,332.3937988281248,0,0.0,True,12,6,18
common_0_30_w6,1,1.8,myopic,3800000110,3800000110,189.98365478711574,4,1.2,False,12,6,18
common_0_30_w6,1,1.85,dynamic,1600066610,1600066610,472.7574157714848,0,0.0,True,12,6,18
common_0_30_w6,1,1.85,dynamic,1600066590,1600066590,399.8057861328117,0,0.0,True,12,6,18
common_0_30_w6,1,1.85,dynamic,3800000120,3800000120,266.00454494826,4,1.2,True,12,6,18
common_0_30_w6,1,1.85,dynamic,3800001520,3800001520,327.6087036132809,0,0.0,True,12,6,18
common_0_30_w6,1,1.85,dynamic,3800000127,3800000127,239.69628906249972,0,0.0,True,12,6,18
common_0_30_w6,1,1.85,dynamic,1600066510,1600066510,398.87255859374886,0,0.0,True,12,6,18
common_0_30_w6,1,1.85,dynamic,3800001611,3800001611,332.3937988281248,0,0.0,True,12,6,18
common_0_30_w6,1,1.85,dynamic,3800000110,3800000110,195.15496969805167,4,1.2,False,12,6,18
common_0_30_w6,1,1.85,myopic,1600066610,1600066610,472.7574157714848,0,0.0,True,12,6,18
common_0_30_w6,1,1.85,myopic,1600066590,1600066590,399.8057861328117,0,0.0,True,12,6,18
common_0_30_w6,1,1.85,myopic,3800000120,3800000120,266.00454494826,4,1.2,True,12,6,18
common_0_30_w6,1,1.85,myopic,3800001520,3800001520,327.6087036132809,0,0.0,True,12,6,18
common_0_30_w6,1,1.85,myopic,3800000127,3800000127,239.69628906249972,0,0.0,True,12,6,18
common_0_30_w6,1,1.85,myopic,1600066510,1600066510,390.59590397882465,4,1.2,False,12,6,18
common_0_30_w6,1,1.85,myopic,3800001611,3800001611,332.3937988281248,0,0.0,True,12,6,18
common_0_30_w6,1,1.85,myopic,3800000110,3800000110,194.7985404711291,4,1.2,False,12,6,18
common_0_30_w6,1,1.9,dynamic,1600066610,1600066610,472.7574157714848,0,0.0,True,12,6,18
common_0_30_w6,1,1.9,dynamic,1600066590,1600066590,399.8057861328117,0,0.0,True,12,6,18
common_0_30_w6,1,1.9,dynamic,3800000120,3800000120,270.1628036225636,4,1.2,True,12,6,18
common_0_30_w6,1,1.9,dynamic,3800001520,3800001520,327.6087036132809,0,0.0,True,12,6,18
common_0_30_w6,1,1.9,dynamic,3800000127,3800000127,239.69628906249972,0,0.0,True,12,6,18
common_0_30_w6,1,1.9,dynamic,1600066510,1600066510,398.87255859374886,0,0.0,True,12,6,18
common_0_30_w6,1,1.9,dynamic,3800001611,3800001611,332.3937988281248,0,0.0,True,12,6,18
common_0_30_w6,1,1.9,dynamic,3800000110,3800000110,199.97609519952542,4,1.2,False,12,6,18
common_0_30_w6,1,1.9,myopic,1600066610,1600066610,472.7574157714848,0,0.0,True,12,6,18
common_0_30_w6,1,1.9,myopic,1600066590,1600066590,399.8057861328117,0,0.0,True,12,6,18
common_0_30_w6,1,1.9,myopic,3800000120,3800000120,270.1628036225636,4,1.2,True,12,6,18
common_0_30_w6,1,1.9,myopic,3800001520,3800001520,327.6087036132809,0,0.0,True,12,6,18
common_0_30_w6,1,1.9,myopic,3800000127,3800000127,239.69628906249972,0,0.0,True,12,6,18
common_0_30_w6,1,1.9,myopic,1600066510,1600066510,396.08337144247696,4,1.2,False,12,6,18
common_0_30_w6,1,1.9,myopic,3800001611,3800001611,332.3937988281248,0,0.0,True,12,6,18
common_0_30_w6,1,1.9,myopic,3800000110,3800000110,199.61342615514243,4,1.2,False,12,6,18
common_0_30_w6,1,1.95,dynamic,1600066610,1600066610,472.7574157714848,0,0.0,True,12,6,18
common_0_30_w6,1,1.95,dynamic,1600066590,1600066590,399.8057861328117,0,0.0,True,12,6,18
common_0_30_w6,1,1.95,dynamic,3800000120,3800000120,274.41637543121965,4,1.2,True,12,6,18
common_0_30_w6,1,1.95,dynamic,3800001520,3800001520,327.6087036132809,0,0.0,True,12,6,18
common_0_30_w6,1,1.95,dynamic,3800000127,3800000127,239.69628906249972,0,0.0,True,12,6,18
common_0_30_w6,1,1.95,dynamic,1600066510,1600066510,401.5708389061292,4,1.2,False,12,6,18
common_0_30_w6,1,1.95,dynamic,3800001611,3800001611,332.3937988281248,0,0.0,True,12,6,18
common_0_30_w6,1,1.95,dynamic,3800000110,3800000110,204.43934259263673,4,1.2,False,12,6,18
common_0_30_w6,1,1.95,myopic,1600066610,1600066610,472.7574157714848,0,0.0,True,12,6,18
common_0_30_w6,1,1.95,myopic,1600066590,1600066590,399.8057861328117,0,0.0,True,12,6,18
common_0_30_w6,1,1.95,myopic,3800000120,3800000120,274.32106229686735,4,1.2,True,12,6,18
common_0_30_w6,1,1.95,myopic,3800001520,3800001520,327.6087036132809,0,0.0,True,12,6,18
common_0_30_w6,1,1.95,myopic,3800000127,3800000127,239.69628906249972,0,0.0,True,12,6,18
common_0_30_w6,1,1.95,myopic,1600066510,1600066510,401.5708389061292,4,1.2,False,12,6,18
common_0_30_w6,1,1.95,myopic,3800001611,3800001611,332.3937988281248,0,0.0,True,12,6,18
common_0_30_w6,1,1.95,myopic,3800000110,3800000110,204.4283118391558,4,1.2,False,12,6,18
common_0_30_w6,1,2.0,dynamic,1600066610,1600066610,472.7574157714848,0,0.0,True,12,6,18
common_0_30_w6,1,2.0,dynamic,1600066590,1600066590,399.8057861328117,0,0.0,True,12,6,18
common_0_30_w6,1,2.0,dynamic,3800000120,3800000120,278.59552987098687,4,1.2,True,12,6,18
common_0_30_w6,1,2.0,dynamic,3800001520,3800001520,327.6087036132809,0,0.0,True,12,6,18
common_0_30_w6,1,2.0,dynamic,3800000127,3800000127,239.69628906249972,0,0.0,True,12,6,18
common_0_30_w6,1,2.0,dynamic,1600066510,1600066510,407.0583063697815,4,1.2,False,12,6,18
common_0_30_w6,1,2.0,dynamic,3800001611,3800001611,332.3937988281248,0,0.0,True,12,6,18
common_0_30_w6,1,2.0,dynamic,3800000110,3800000110,209.23015384157497,4,1.2,False,12,6,18
common_0_30_w6,1,2.0,myopic,1600066610,1600066610,472.7574157714848,0,0.0,True,12,6,18
common_0_30_w6,1,2.0,myopic,1600066590,1600066590,399.8057861328117,0,0.0,True,12,6,18
common_0_30_w6,1,2.0,myopic,3800000120,3800000120,278.47932097117103,4,1.2,True,12,6,18
common_0_30_w6,1,2.0,myopic,3800001520,3800001520,327.6087036132809,0,0.0,True,12,6,18
common_0_30_w6,1,2.0,myopic,3800000127,3800000127,239.69628906249972,0,0.0,True,12,6,18
common_0_30_w6,1,2.0,myopic,1600066510,1600066510,407.0583063697815,4,1.2,False,12,6,18
common_0_30_w6,1,2.0,myopic,3800001611,3800001611,332.3937988281248,0,0.0,True,12,6,18
common_0_30_w6,1,2.0,myopic,3800000110,3800000110,209.2431975231692,4,1.2,False,12,6,18
common_0_30_w6,1,2.05,dynamic,1600066610,1600066610,472.7574157714848,0,0.0,True,12,6,18
common_0_30_w6,1,2.05,dynamic,1600066590,1600066590,399.8057861328117,0,0.0,True,12,6,18
common_0_30_w6,1,2.05,dynamic,3800000120,3800000120,282.774684310754,4,1.2,True,12,6,18
common_0_30_w6,1,2.05,dynamic,3800001520,3800001520,327.6087036132809,0,0.0,True,12,6,18
common_0_30_w6,1,2.05,dynamic,3800000127,3800000127,239.69628906249972,0,0.0,True,12,6,18
common_0_30_w6,1,2.05,dynamic,1600066510,1600066510,412.5457738334338,4,1.2,False,12,6,18
common_0_30_w6,1,2.05,dynamic,3800001611,3800001611,332.3937988281248,0,0.0,True,12,6,18
common_0_30_w6,1,2.05,dynamic,3800000110,3800000110,214.0209650905132,4,1.2,False,12,6,18
common_0_30_w6,1,2.05,myopic,1600066610,1600066610,472.7574157714848,0,0.0,True,12,6,18
common_0_30_w6,1,2.05,myopic,1600066590,1600066590,399.8057861328117,0,0.0,True,12,6,18
common_0_30_w6,1,2.05,myopic,3800000120,3800000120,282.6375796454747,4,1.2,True,12,6,18
common_0_30_w6,1,2.05,myopic,3800001520,3800001520,327.6087036132809,0,0.0,True,12,6,18
common_0_30_w6,1,2.05,myopic,3800000127,3800000127,239.69628906249972,0,0.0,True,12,6,18
common_0_30_w6,1,2.05,myopic,1600066510,1600066510,412.5457738334338,4,1.2,False,12,6,18
common_0_30_w6,1,2.05,myopic,3800001611,3800001611,332.3937988281248,0,0.0,True,12,6,18
common_0_30_w6,1,2.05,myopic,3800000110,3800000110,214.05808320718253,4,1.2,False,12,6,18
common_0_30_w6,1,2.1,dynamic,1600066610,1600066610,472.7574157714848,0,0.0,True,12,6,18
common_0_30_w6,1,2.1,dynamic,1600066590,1600066590,399.8057861328117,0,0.0,True,12,6,18
common_0_30_w6,1,2.1,dynamic,3800000120,3800000120,286.95383875052124,4,1.2,True,12,6,18
common_0_30_w6,1,2.1,dynamic,3800001520,3800001520,327.6087036132809,0,0.0,True,12,6,18
common_0_30_w6,1,2.1,dynamic,3800000127,3800000127,239.69628906249972,0,0.0,True,12,6,18
common_0_30_w6,1,2.1,dynamic,1600066510,1600066510,418.0332412970861,4,1.2,False,12,6,18
common_0_30_w6,1,2.1,dynamic,3800001611,3800001611,332.3937988281248,0,0.0,True,12,6,18
common_0_30_w6,1,2.1,dynamic,3800000110,3800000110,218.81177633945146,4,1.2,False,12,6,18
common_0_30_w6,1,2.1,myopic,1600066610,1600066610,472.7574157714848,0,0.0,True,12,6,18
common_0_30_w6,1,2.1,myopic,1600066590,1600066590,399.8057861328117,0,0.0,True,12,6,18
common_0_30_w6,1,2.1,myopic,3800000120,3800000120,286.79583831977845,4,1.2,True,12,6,18
common_0_30_w6,1,2.1,myopic,3800001520,3800001520,327.6087036132809,0,0.0,True,12,6,18
common_0_30_w6,1,2.1,myopic,3800000127,3800000127,239.69628906249972,0,0.0,True,12,6,18
common_0_30_w6,1,2.1,myopic,1600066510,1600066510,418.0332412970861,4,1.2,False,12,6,18
common_0_30_w6,1,2.1,myopic,3800001611,3800001611,332.3937988281248,0,0.0,True,12,6,18
common_0_30_w6,1,2.1,myopic,3800000110,3800000110,218.87296889119594,4,1.2,False,12,6,18
common_0_30_w6,1,2.15,dynamic,1600066610,1600066610,472.7574157714848,0,0.0,True,12,6,18
common_0_30_w6,1,2.15,dynamic,1600066590,1600066590,399.8057861328117,0,0.0,True,12,6,18
common_0_30_w6,1,2.15,dynamic,3800000120,3800000120,291.13299319028846,4,1.2,True,12,6,18
common_0_30_w6,1,2.15,dynamic,3800001520,3800001520,327.6087036132809,0,0.0,True,12,6,18
common_0_30_w6,1,2.15,dynamic,3800000127,3800000127,239.69628906249972,0,0.0,True,12,6,18
common_0_30_w6,1,2.15,dynamic,1600066510,1600066510,423.5207087607384,4,1.2,False,12,6,18
common_0_30_w6,1,2.15,dynamic,3800001611,3800001611,332.3937988281248,0,0.0,True,12,6,18
common_0_30_w6,1,2.15,dynamic,3800000110,3800000110,223.6025875883897,4,1.2,False,12,6,18
common_0_30_w6,1,2.15,myopic,1600066610,1600066610,472.7574157714848,0,0.0,True,12,6,18
common_0_30_w6,1,2.15,myopic,1600066590,1600066590,399.8057861328117,0,0.0,True,12,6,18
common_0_30_w6,1,2.15,myopic,3800000120,3800000120,290.9540969940821,4,1.2,True,12,6,18
common_0_30_w6,1,2.15,myopic,3800001520,3800001520,327.6087036132809,0,0.0,True,12,6,18
common_0_30_w6,1,2.15,myopic,3800000127,3800000127,239.69628906249972,0,0.0,True,12,6,18
common_0_30_w6,1,2.15,myopic,1600066510,1600066510,423.5207087607384,4,1.2,False,12,6,18
common_0_30_w6,1,2.15,myopic,3800001611,3800001611,332.3937988281248,0,0.0,True,12,6,18
common_0_30_w6,1,2.15,myopic,3800000110,3800000110,223.6878545752093,4,1.2,False,12,6,18
common_0_30_w6,1,2.2,dynamic,1600066610,1600066610,472.7574157714848,0,0.0,True,12,6,18
common_0_30_w6,1,2.2,dynamic,1600066590,1600066590,399.8057861328117,0,0.0,True,12,6,18
common_0_30_w6,1,2.2,dynamic,3800000120,3800000120,295.3121476300557,4,1.2,True,12,6,18
common_0_30_w6,1,2.2,dynamic,3800001520,3800001520,327.6087036132809,0,0.0,True,12,6,18
common_0_30_w6,1,2.2,dynamic,3800000127,3800000127,239.69628906249972,0,0.0,True,12,6,18
common_0_30_w6,1,2.2,dynamic,1600066510,1600066510,429.0081762243907,4,1.2,False,12,6,18
common_0_30_w6,1,2.2,dynamic,3800001611,3800001611,332.3937988281248,0,0.0,True,12,6,18
common_0_30_w6,1,2.2,dynamic,3800000110,3800000110,228.39339883732796,4,1.2,False,12,6,18
common_0_30_w6,1,2.2,myopic,1600066610,1600066610,472.7574157714848,0,0.0,True,12,6,18
common_0_30_w6,1,2.2,myopic,1600066590,1600066590,399.8057861328117,0,0.0,True,12,6,18
common_0_30_w6,1,2.2,myopic,3800000120,3800000120,295.1123556683858,4,1.2,True,12,6,18
common_0_30_w6,1,2.2,myopic,3800001520,3800001520,327.6087036132809,0,0.0,True,12,6,18
common_0_30_w6,1,2.2,myopic,3800000127,3800000127,239.69628906249972,0,0.0,True,12,6,18
common_0_30_w6,1,2.2,myopic,1600066510,1600066510,429.0081762243907,4,1.2,False,12,6,18
common_0_30_w6,1,2.2,myopic,3800001611,3800001611,332.3937988281248,0,0.0,True,12,6,18
common_0_30_w6,1,2.2,myopic,3800000110,3800000110,228.50274025922266,4,1.2,False,12,6,18
common_0_30_w6,1,2.24,dynamic,1600066610,1600066610,472.7574157714848,0,0.0,True,12,6,18
common_0_30_w6,1,2.24,dynamic,1600066590,1600066590,399.8057861328117,0,0.0,True,12,6,18
common_0_30_w6,1,2.24,dynamic,3800000120,3800000120,298.6554711818694,4,1.2,True,12,6,18
common_0_30_w6,1,2.24,dynamic,3800001520,3800001520,327.6087036132809,0,0.0,True,12,6,18
common_0_30_w6,1,2.24,dynamic,3800000127,3800000127,239.69628906249972,0,0.0,True,12,6,18
common_0_30_w6,1,2.24,dynamic,1600066510,1600066510,433.39815019531255,4,1.2,False,12,6,18
common_0_30_w6,1,2.24,dynamic,3800001611,3800001611,332.3937988281248,0,0.0,True,12,6,18
common_0_30_w6,1,2.24,dynamic,3800000110,3800000110,232.22604783647856,4,1.2,False,12,6,18
common_0_30_w6,1,2.24,myopic,1600066610,1600066610,472.7574157714848,0,0.0,True,12,6,18
common_0_30_w6,1,2.24,myopic,1600066590,1600066590,399.8057861328117,0,0.0,True,12,6,18
common_0_30_w6,1,2.24,myopic,3800000120,3800000120,298.4389626078288,4,1.2,True,12,6,18
common_0_30_w6,1,2.24,myopic,3800001520,3800001520,327.6087036132809,0,0.0,True,12,6,18
common_0_30_w6,1,2.24,myopic,3800000127,3800000127,239.69628906249972,0,0.0,True,12,6,18
common_0_30_w6,1,2.24,myopic,1600066510,1600066510,433.39815019531255,4,1.2,False,12,6,18
common_0_30_w6,1,2.24,myopic,3800001611,3800001611,332.3937988281248,0,0.0,True,12,6,18
common_0_30_w6,1,2.24,myopic,3800000110,3800000110,232.35464880643337,4,1.2,False,12,6,18
common_0_30_w6,1,2.25,dynamic,1600066610,1600066610,472.7574157714848,0,0.0,True,12,6,18
common_0_30_w6,1,2.25,dynamic,1600066590,1600066590,399.8057861328117,0,0.0,True,12,6,18
common_0_30_w6,1,2.25,dynamic,3800000120,3800000120,299.49130206982284,4,1.2,True,12,6,18
common_0_30_w6,1,2.25,dynamic,3800001520,3800001520,327.6087036132809,0,0.0,True,12,6,18
common_0_30_w6,1,2.25,dynamic,3800000127,3800000127,239.69628906249972,0,0.0,True,12,6,18
common_0_30_w6,1,2.25,dynamic,1600066510,1600066510,434.49564368804295,4,1.2,False,12,6,18
common_0_30_w6,1,2.25,dynamic,3800001611,3800001611,332.3937988281248,0,0.0,True,12,6,18
common_0_30_w6,1,2.25,dynamic,3800000110,3800000110,233.18421008626618,4,1.2,False,12,6,18
common_0_30_w6,1,2.25,myopic,1600066610,1600066610,472.7574157714848,0,0.0,True,12,6,18
common_0_30_w6,1,2.25,myopic,1600066590,1600066590,399.8057861328117,0,0.0,True,12,6,18
common_0_30_w6,1,2.25,myopic,3800000120,3800000120,299.2706143426895,4,1.2,True,12,6,18
common_0_30_w6,1,2.25,myopic,3800001520,3800001520,327.6087036132809,0,0.0,True,12,6,18
common_0_30_w6,1,2.25,myopic,3800000127,3800000127,239.69628906249972,0,0.0,True,12,6,18
common_0_30_w6,1,2.25,myopic,1600066510,1600066510,434.49564368804295,4,1.2,False,12,6,18
common_0_30_w6,1,2.25,myopic,3800001611,3800001611,332.3937988281248,0,0.0,True,12,6,18
common_0_30_w6,1,2.25,myopic,3800000110,3800000110,233.317625943236,4,1.2,False,12,6,18
common_0_30_w6,1,2.3,dynamic,1600066610,1600066610,472.7574157714848,0,0.0,True,12,6,18
common_0_30_w6,1,2.3,dynamic,1600066590,1600066590,399.8057861328117,0,0.0,True,12,6,18
common_0_30_w6,1,2.3,dynamic,3800000120,3800000120,303.67045650959005,4,1.2,True,12,6,18
common_0_30_w6,1,2.3,dynamic,3800001520,3800001520,327.6087036132809,0,0.0,True,12,6,18
common_0_30_w6,1,2.3,dynamic,3800000127,3800000127,239.69628906249972,0,0.0,True,12,6,18
common_0_30_w6,1,2.3,dynamic,1600066510,1600066510,439.98311115169525,4,1.2,False,12,6,18
common_0_30_w6,1,2.3,dynamic,3800001611,3800001611,332.3937988281248,0,0.0,True,12,6,18
common_0_30_w6,1,2.3,dynamic,3800000110,3800000110,237.97502133520442,4,1.2,False,12,6,18
common_0_30_w6,1,2.3,myopic,1600066610,1600066610,472.7574157714848,0,0.0,True,12,6,18
common_0_30_w6,1,2.3,myopic,1600066590,1600066590,399.8057861328117,0,0.0,True,12,6,18
common_0_30_w6,1,2.3,myopic,3800000120,3800000120,303.4288730169932,4,1.2,True,12,6,18
common_0_30_w6,1,2.3,myopic,3800001520,3800001520,327.6087036132809,0,0.0,True,12,6,18
common_0_30_w6,1,2.3,myopic,3800000127,3800000127,239.69628906249972,0,0.0,True,12,6,18
common_0_30_w6,1,2.3,myopic,1600066510,1600066510,439.98311115169525,4,1.2,False,12,6,18
common_0_30_w6,1,2.3,myopic,3800001611,3800001611,332.3937988281248,0,0.0,True,12,6,18
common_0_30_w6,1,2.3,myopic,3800000110,3800000110,238.13251162724936,4,1.2,False,12,6,18
common_0_30_w6,1,2.35,dynamic,1600066610,1600066610,472.7574157714848,0,0.0,True,12,6,18
common_0_30_w6,1,2.35,dynamic,1600066590,1600066590,399.8057861328117,0,0.0,True,12,6,18
common_0_30_w6,1,2.35,dynamic,3800000120,3800000120,307.84961094935727,4,1.2,True,12,6,18
common_0_30_w6,1,2.35,dynamic,3800001520,3800001520,327.6087036132809,0,0.0,True,12,6,18
common_0_30_w6,1,2.35,dynamic,3800000127,3800000127,239.69628906249972,0,0.0,True,12,6,18
common_0_30_w6,1,2.35,dynamic,1600066510,1600066510,445.47057861534756,4,1.2,False,12,6,18
common_0_30_w6,1,2.35,dynamic,3800001611,3800001611,332.3937988281248,0,0.0,True,12,6,18
common_0_30_w6,1,2.35,dynamic,3800000110,3800000110,242.7658325841427,4,1.2,False,12,6,18
common_0_30_w6,1,2.35,myopic,1600066610,1600066610,472.7574157714848,0,0.0,True,12,6,18
common_0_30_w6,1,2.35,myopic,1600066590,1600066590,399.8057861328117,0,0.0,True,12,6,18
common_0_30_w6,1,2.35,myopic,3800000120,3800000120,307.5871316912969,4,1.2,True,12,6,18
common_0_30_w6,1,2.35,myopic,3800001520,3800001520,327.6087036132809,0,0.0,True,12,6,18
common_0_30_w6,1,2.35,myopic,3800000127,3800000127,239.69628906249972,0,0.0,True,12,6,18
common_0_30_w6,1,2.35,myopic,1600066510,1600066510,445.47057861534756,4,1.2,False,12,6,18
common_0_30_w6,1,2.35,myopic,3800001611,3800001611,332.3937988281248,0,0.0,True,12,6,18
common_0_30_w6,1,2.35,myopic,3800000110,3800000110,242.94739731126276,4,1.2,False,12,6,18
common_0_30_w6,1,2.4,dynamic,1600066610,1600066610,472.7574157714848,0,0.0,True,12,6,18
common_0_30_w6,1,2.4,dynamic,1600066590,1600066590,399.8057861328117,0,0.0,True,12,6,18
common_0_30_w6,1,2.4,dynamic,3800000120,3800000120,312.02876538912443,4,1.2,True,12,6,18
common_0_30_w6,1,2.4,dynamic,3800001520,3800001520,327.6087036132809,0,0.0,True,12,6,18
common_0_30_w6,1,2.4,dynamic,3800000127,3800000127,239.69628906249972,0,0.0,True,12,6,18
common_0_30_w6,1,2.4,dynamic,1600066510,1600066510,450.95804607899987,4,1.2,False,12,6,18
common_0_30_w6,1,2.4,dynamic,3800001611,3800001611,332.3937988281248,0,0.0,True,12,6,18
common_0_30_w6,1,2.4,dynamic,3800000110,3800000110,247.5566438330809,4,1.2,False,12,6,18
common_0_30_w6,1,2.4,myopic,1600066610,1600066610,472.7574157714848,0,0.0,True,12,6,18
common_0_30_w6,1,2.4,myopic,1600066590,1600066590,399.8057861328117,0,0.0,True,12,6,18
common_0_30_w6,1,2.4,myopic,3800000120,3800000120,311.74539036560054,4,1.2,True,12,6,18
common_0_30_w6,1,2.4,myopic,3800001520,3800001520,327.6087036132809,0,0.0,True,12,6,18
common_0_30_w6,1,2.4,myopic,3800000127,3800000127,239.69628906249972,0,0.0,True,12,6,18
common_0_30_w6,1,2.4,myopic,1600066510,1600066510,450.95804607899987,4,1.2,False,12,6,18
common_0_30_w6,1,2.4,myopic,3800001611,3800001611,332.3937988281248,0,0.0,True,12,6,18
common_0_30_w6,1,2.4,myopic,3800000110,3800000110,247.7622829952761,4,1.2,False,12,6,18
common_0_30_w6,1,2.45,dynamic,1600066610,1600066610,472.7574157714848,0,0.0,True,12,6,18
common_0_30_w6,1,2.45,dynamic,1600066590,1600066590,399.8057861328117,0,0.0,True,12,6,18
common_0_30_w6,1,2.45,dynamic,3800000120,3800000120,316.20791982889165,4,1.2,True,12,6,18
common_0_30_w6,1,2.45,dynamic,3800001520,3800001520,327.6087036132809,0,0.0,True,12,6,18
common_0_30_w6,1,2.45,dynamic,3800000127,3800000127,239.69628906249972,0,0.0,True,12,6,18
common_0_30_w6,1,2.45,dynamic,1600066510,1600066510,456.4455135426522,4,1.2,False,12,6,18
common_0_30_w6,1,2.45,dynamic,3800001611,3800001611,332.3937988281248,0,0.0,True,12,6,18
common_0_30_w6,1,2.45,dynamic,3800000110,3800000110,252.34745508201917,4,1.2,False,12,6,18
common_0_30_w6,1,2.45,myopic,1600066610,1600066610,472.7574157714848,0,0.0,True,12,6,18
common_0_30_w6,1,2.45,myopic,1600066590,1600066590,399.8057861328117,0,0.0,True,12,6,18
common_0_30_w6,1,2.45,myopic,3800000120,3800000120,315.9036490399043,4,1.2,True,12,6,18
common_0_30_w6,1,2.45,myopic,3800001520,3800001520,327.6087036132809,0,0.0,True,12,6,18
common_0_30_w6,1,2.45,myopic,3800000127,3800000127,239.69628906249972,0,0.0,True,12,6,18
common_0_30_w6,1,2.45,myopic,1600066510,1600066510,456.4455135426522,4,1.2,False,12,6,18
common_0_30_w6,1,2.45,myopic,3800001611,3800001611,332.3937988281248,0,0.0,True,12,6,18
common_0_30_w6,1,2.45,myopic,3800000110,3800000110,252.57716867928949,4,1.2,False,12,6,18
common_0_30_w6,1,2.5,dynamic,1600066610,1600066610,472.7574157714848,0,0.0,True,12,6,18
common_0_30_w6,1,2.5,dynamic,1600066590,1600066590,399.8057861328117,0,0.0,True,12,6,18
common_0_30_w6,1,2.5,dynamic,3800000120,3800000120,320.38707426865886,4,1.2,True,12,6,18
common_0_30_w6,1,2.5,dynamic,3800001520,3800001520,327.6087036132809,0,0.0,True,12,6,18
common_0_30_w6,1,2.5,dynamic,3800000127,3800000127,239.69628906249972,0,0.0,True,12,6,18
common_0_30_w6,1,2.5,dynamic,1600066510,1600066510,461.93298100630443,4,1.2,False,12,6,18
common_0_30_w6,1,2.5,dynamic,3800001611,3800001611,332.3937988281248,0,0.0,True,12,6,18
common_0_30_w6,1,2.5,dynamic,3800000110,3800000110,257.13826633095744,4,1.2,False,12,6,18
common_0_30_w6,1,2.5,myopic,1600066610,1600066610,472.7574157714848,0,0.0,True,12,6,18
common_0_30_w6,1,2.5,myopic,1600066590,1600066590,399.8057861328117,0,0.0,True,12,6,18
common_0_30_w6,1,2.5,myopic,3800000120,3800000120,319.74360859235134,4,1.2,True,12,6,18
common_0_30_w6,1,2.5,myopic,3800001520,3800001520,327.6087036132809,0,0.0,True,12,6,18
common_0_30_w6,1,2.5,myopic,3800000127,3800000127,239.69628906249972,0,0.0,True,12,6,18
common_0_30_w6,1,2.5,myopic,1600066510,1600066510,462.1066550429662,4,1.2,False,12,6,18
common_0_30_w6,1,2.5,myopic,3800001611,3800001611,332.3937988281248,0,0.0,True,12,6,18
common_0_30_w6,1,2.5,myopic,3800000110,3800000110,257.39205436330286,4,1.2,False,12,6,18
common_0_30_w6,1,2.55,dynamic,1600066610,1600066610,472.7574157714848,0,0.0,True,12,6,18
common_0_30_w6,1,2.55,dynamic,1600066590,1600066590,399.8057861328117,0,0.0,True,12,6,18
common_0_30_w6,1,2.55,dynamic,3800000120,3800000120,324.566228708426,4,1.2,True,12,6,18
common_0_30_w6,1,2.55,dynamic,3800001520,3800001520,327.6087036132809,0,0.0,True,12,6,18
common_0_30_w6,1,2.55,dynamic,3800000127,3800000127,239.69628906249972,0,0.0,True,12,6,18
common_0_30_w6,1,2.55,dynamic,1600066510,1600066510,467.42044846995674,4,1.2,False,12,6,18
common_0_30_w6,1,2.55,dynamic,3800001611,3800001611,332.3937988281248,0,0.0,True,12,6,18
common_0_30_w6,1,2.55,dynamic,3800000110,3800000110,261.92907757989565,4,1.2,False,12,6,18
common_0_30_w6,1,2.55,myopic,1600066610,1600066610,472.7574157714848,0,0.0,True,12,6,18
common_0_30_w6,1,2.55,myopic,1600066590,1600066590,399.8057861328117,0,0.0,True,12,6,18
common_0_30_w6,1,2.55,myopic,3800000120,3800000120,323.88107597478233,4,1.2,True,12,6,18
common_0_30_w6,1,2.55,myopic,3800001520,3800001520,327.6087036132809,0,0.0,True,12,6,18
common_0_30_w6,1,2.55,myopic,3800000127,3800000127,239.69628906249972,0,0.0,True,12,6,18
common_0_30_w6,1,2.55,myopic,1600066510,1600066510,467.6216976981163,4,1.2,False,12,6,18
common_0_30_w6,1,2.55,myopic,3800001611,3800001611,332.3937988281248,0,0.0,True,12,6,18
common_0_30_w6,1,2.55,myopic,3800000110,3800000110,262.2069400473162,4,1.2,False,12,6,18
common_0_30_w6,1,2.6,dynamic,1600066610,1600066610,472.7574157714848,0,0.0,True,12,6,18
common_0_30_w6,1,2.6,dynamic,1600066590,1600066590,399.8057861328117,0,0.0,True,12,6,18
common_0_30_w6,1,2.6,dynamic,3800000120,3800000120,328.74538314819324,4,1.2,True,12,6,18
common_0_30_w6,1,2.6,dynamic,3800001520,3800001520,327.6087036132809,0,0.0,True,12,6,18
common_0_30_w6,1,2.6,dynamic,3800000127,3800000127,239.69628906249972,0,0.0,True,12,6,18
common_0_30_w6,1,2.6,dynamic,1600066510,1600066510,472.90791593360905,4,1.2,False,12,6,18
common_0_30_w6,1,2.6,dynamic,3800001611,3800001611,332.3937988281248,0,0.0,True,12,6,18
common_0_30_w6,1,2.6,dynamic,3800000110,3800000110,266.7198888288339,4,1.2,False,12,6,18
common_0_30_w6,1,2.6,myopic,1600066610,1600066610,472.7574157714848,0,0.0,True,12,6,18
common_0_30_w6,1,2.6,myopic,1600066590,1600066590,399.8057861328117,0,0.0,True,12,6,18
common_0_30_w6,1,2.6,myopic,3800000120,3800000120,328.0185433572134,4,1.2,True,12,6,18
common_0_30_w6,1,2.6,myopic,3800001520,3800001520,327.6087036132809,0,0.0,True,12,6,18
common_0_30_w6,1,2.6,myopic,3800000127,3800000127,239.69628906249972,0,0.0,True,12,6,18
common_0_30_w6,1,2.6,myopic,1600066510,1600066510,473.1367403532664,4,1.2,False,12,6,18
common_0_30_w6,1,2.6,myopic,3800001611,3800001611,332.3937988281248,0,0.0,True,12,6,18
common_0_30_w6,1,2.6,myopic,3800000110,3800000110,267.0218257313296,4,1.2,False,12,6,18
common_0_30_w6,1,2.65,dynamic,1600066610,1600066610,472.7574157714848,0,0.0,True,12,6,18
common_0_30_w6,1,2.65,dynamic,1600066590,1600066590,399.8057861328117,0,0.0,True,12,6,18
common_0_30_w6,1,2.65,dynamic,3800000120,3800000120,332.92453758796046,4,1.2,True,12,6,18
common_0_30_w6,1,2.65,dynamic,3800001520,3800001520,327.6087036132809,0,0.0,True,12,6,18
common_0_30_w6,1,2.65,dynamic,3800000127,3800000127,239.69628906249972,0,0.0,True,12,6,18
common_0_30_w6,1,2.65,dynamic,1600066510,1600066510,478.3953833972613,4,1.2,False,12,6,18
common_0_30_w6,1,2.65,dynamic,3800001611,3800001611,332.3937988281248,0,0.0,True,12,6,18
common_0_30_w6,1,2.65,dynamic,3800000110,3800000110,271.5107000777721,4,1.2,False,12,6,18
common_0_30_w6,1,2.65,myopic,1600066610,1600066610,472.7574157714848,0,0.0,True,12,6,18
common_0_30_w6,1,2.65,myopic,1600066590,1600066590,399.8057861328117,0,0.0,True,12,6,18
common_0_30_w6,1,2.65,myopic,3800000120,3800000120,332.1560107396444,4,1.2,True,12,6,18
common_0_30_w6,1,2.65,myopic,3800001520,3800001520,327.6087036132809,0,0.0,True,12,6,18
common_0_30_w6,1,2.65,myopic,3800000127,3800000127,239.69628906249972,0,0.0,True,12,6,18
common_0_30_w6,1,2.65,myopic,1600066510,1600066510,478.6517830084165,4,1.2,False,12,6,18
common_0_30_w6,1,2.65,myopic,3800001611,3800001611,332.3937988281248,0,0.0,True,12,6,18
common_0_30_w6,1,2.65,myopic,3800000110,3800000110,271.83671141534296,4,1.2,False,12,6,18
common_0_30_w6,1,2.7,dynamic,1600066610,1600066610,472.7574157714848,0,0.0,True,12,6,18
common_0_30_w6,1,2.7,dynamic,1600066590,1600066590,399.8057861328117,0,0.0,True,12,6,18
common_0_30_w6,1,2.7,dynamic,3800000120,3800000120,337.1036920277277,4,1.2,True,12,6,18
common_0_30_w6,1,2.7,dynamic,3800001520,3800001520,327.6087036132809,0,0.0,True,12,6,18
common_0_30_w6,1,2.7,dynamic,3800000127,3800000127,239.69628906249972,0,0.0,True,12,6,18
common_0_30_w6,1,2.7,dynamic,1600066510,1600066510,483.8828508609136,4,1.2,False,12,6,18
common_0_30_w6,1,2.7,dynamic,3800001611,3800001611,332.3937988281248,0,0.0,True,12,6,18
common_0_30_w6,1,2.7,dynamic,3800000110,3800000110,276.3015113267104,4,1.2,False,12,6,18
common_0_30_w6,1,2.7,myopic,1600066610,1600066610,472.7574157714848,0,0.0,True,12,6,18
common_0_30_w6,1,2.7,myopic,1600066590,1600066590,399.8057861328117,0,0.0,True,12,6,18
common_0_30_w6,1,2.7,myopic,3800000120,3800000120,336.29347812207544,4,1.2,True,12,6,18
common_0_30_w6,1,2.7,myopic,3800001520,3800001520,327.6087036132809,0,0.0,True,12,6,18
common_0_30_w6,1,2.7,myopic,3800000127,3800000127,239.69628906249972,0,0.0,True,12,6,18
common_0_30_w6,1,2.7,myopic,1600066510,1600066510,484.1668256635666,4,1.2,False,12,6,18
common_0_30_w6,1,2.7,myopic,3800001611,3800001611,332.3937988281248,0,0.0,True,12,6,18
common_0_30_w6,1,2.7,myopic,3800000110,3800000110,276.65159709935637,4,1.2,False,12,6,18
common_0_30_w6,1,2.75,dynamic,1600066610,1600066610,472.7574157714848,0,0.0,True,12,6,18
common_0_30_w6,1,2.75,dynamic,1600066590,1600066590,399.8057861328117,0,0.0,True,12,6,18
common_0_30_w6,1,2.75,dynamic,3800000120,3800000120,341.28284646749483,4,1.2,True,12,6,18
common_0_30_w6,1,2.75,dynamic,3800001520,3800001520,327.6087036132809,0,0.0,True,12,6,18
common_0_30_w6,1,2.75,dynamic,3800000127,3800000127,239.69628906249972,0,0.0,True,12,6,18
common_0_30_w6,1,2.75,dynamic,1600066510,1600066510,489.3703183245659,4,1.2,False,12,6,18
common_0_30_w6,1,2.75,dynamic,3800001611,3800001611,332.3937988281248,0,0.0,True,12,6,18
common_0_30_w6,1,2.75,dynamic,3800000110,3800000110,281.09232257564867,4,1.2,False,12,6,18
common_0_30_w6,1,2.75,myopic,1600066610,1600066610,472.7574157714848,0,0.0,True,12,6,18
common_0_30_w6,1,2.75,myopic,1600066590,1600066590,399.8057861328117,0,0.0,True,12,6,18
common_0_30_w6,1,2.75,myopic,3800000120,3800000120,340.4309455045065,4,1.2,True,12,6,18
common_0_30_w6,1,2.75,myopic,3800001520,3800001520,327.6087036132809,0,0.0,True,12,6,18
common_0_30_w6,1,2.75,myopic,3800000127,3800000127,239.69628906249972,0,0.0,True,12,6,18
common_0_30_w6,1,2.75,myopic,1600066510,1600066510,489.6818683187167,4,1.2,False,12,6,18
common_0_30_w6,1,2.75,myopic,3800001611,3800001611,332.3937988281248,0,0.0,True,12,6,18
common_0_30_w6,1,2.75,myopic,3800000110,3800000110,281.4664827833697,4,1.2,False,12,6,18
common_0_30_w6,1,2.8,dynamic,1600066610,1600066610,472.7574157714848,0,0.0,True,12,6,18
common_0_30_w6,1,2.8,dynamic,1600066590,1600066590,399.8057861328117,0,0.0,True,12,6,18
common_0_30_w6,1,2.8,dynamic,3800000120,3800000120,345.46200090726205,4,1.2,True,12,6,18
common_0_30_w6,1,2.8,dynamic,3800001520,3800001520,327.6087036132809,0,0.0,True,12,6,18
common_0_30_w6,1,2.8,dynamic,3800000127,3800000127,239.69628906249972,0,0.0,True,12,6,18
common_0_30_w6,1,2.8,dynamic,1600066510,1600066510,494.85778578821817,4,1.2,False,12,6,18
common_0_30_w6,1,2.8,dynamic,3800001611,3800001611,332.3937988281248,0,0.0,True,12,6,18
common_0_30_w6,1,2.8,dynamic,3800000110,3800000110,285.8831338245869,4,1.2,False,12,6,18
common_0_30_w6,1,2.8,myopic,1600066610,1600066610,472.7574157714848,0,0.0,True,12,6,18
common_0_30_w6,1,2.8,myopic,1600066590,1600066590,399.8057861328117,0,0.0,True,12,6,18
common_0_30_w6,1,2.8,myopic,3800000120,3800000120,344.5684128869375,4,1.2,True,12,6,18
common_0_30_w6,1,2.8,myopic,3800001520,3800001520,327.6087036132809,0,0.0,True,12,6,18
common_0_30_w6,1,2.8,myopic,3800000127,3800000127,239.69628906249972,0,0.0,True,12,6,18
common_0_30_w6,1,2.8,myopic,1600066510,1600066510,495.19691097386675,4,1.2,False,12,6,18
common_0_30_w6,1,2.8,myopic,3800001611,3800001611,332.3937988281248,0,0.0,True,12,6,18
common_0_30_w6,1,2.8,myopic,3800000110,3800000110,286.28136846738306,4,1.2,False,12,6,18
common_0_30_w6,1,2.85,dynamic,1600066610,1600066610,472.7574157714848,0,0.0,True,12,6,18
common_0_30_w6,1,2.85,dynamic,1600066590,1600066590,399.8057861328117,0,0.0,True,12,6,18
common_0_30_w6,1,2.85,dynamic,3800000120,3800000120,349.64115534702927,4,1.2,True,12,6,18
common_0_30_w6,1,2.85,dynamic,3800001520,3800001520,327.6087036132809,0,0.0,True,12,6,18
common_0_30_w6,1,2.85,dynamic,3800000127,3800000127,239.69628906249972,0,0.0,True,12,6,18
common_0_30_w6,1,2.85,dynamic,1600066510,1600066510,500.3452532518705,4,1.2,False,12,6,18
common_0_30_w6,1,2.85,dynamic,3800001611,3800001611,332.3937988281248,0,0.0,True,12,6,18
common_0_30_w6,1,2.85,dynamic,3800000110,3800000110,290.67394507352515,4,1.2,False,12,6,18
common_0_30_w6,1,2.85,myopic,1600066610,1600066610,472.7574157714848,0,0.0,True,12,6,18
common_0_30_w6,1,2.85,myopic,1600066590,1600066590,399.8057861328117,0,0.0,True,12,6,18
common_0_30_w6,1,2.85,myopic,3800000120,3800000120,348.70588026936855,4,1.2,True,12,6,18
common_0_30_w6,1,2.85,myopic,3800001520,3800001520,327.6087036132809,0,0.0,True,12,6,18
common_0_30_w6,1,2.85,myopic,3800000127,3800000127,239.69628906249972,0,0.0,True,12,6,18
common_0_30_w6,1,2.85,myopic,1600066510,1600066510,500.7119536290169,4,1.2,False,12,6,18
common_0_30_w6,1,2.85,myopic,3800001611,3800001611,332.3937988281248,0,0.0,True,12,6,18
common_0_30_w6,1,2.85,myopic,3800000110,3800000110,291.09625415139647,4,1.2,False,12,6,18
common_0_30_w6,1,2.9,dynamic,1600066610,1600066610,472.7574157714848,0,0.0,True,12,6,18
common_0_30_w6,1,2.9,dynamic,1600066590,1600066590,399.8057861328117,0,0.0,True,12,6,18
common_0_30_w6,1,2.9,dynamic,3800000120,3800000120,353.82030978679643,4,1.2,True,12,6,18
common_0_30_w6,1,2.9,dynamic,3800001520,3800001520,327.6087036132809,0,0.0,True,12,6,18
common_0_30_w6,1,2.9,dynamic,3800000127,3800000127,239.69628906249972,0,0.0,True,12,6,18
common_0_30_w6,1,2.9,dynamic,1600066510,1600066510,505.8327207155228,4,1.2,False,12,6,18
common_0_30_w6,1,2.9,dynamic,3800001611,3800001611,332.3937988281248,0,0.0,True,12,6,18
common_0_30_w6,1,2.9,dynamic,3800000110,3800000110,295.46475632246336,4,1.2,False,12,6,18
common_0_30_w6,1,2.9,myopic,1600066610,1600066610,472.7574157714848,0,0.0,True,12,6,18
common_0_30_w6,1,2.9,myopic,1600066590,1600066590,399.8057861328117,0,0.0,True,12,6,18
common_0_30_w6,1,2.9,myopic,3800000120,3800000120,352.84334765179955,4,1.2,True,12,6,18
common_0_30_w6,1,2.9,myopic,3800001520,3800001520,327.6087036132809,0,0.0,True,12,6,18
common_0_30_w6,1,2.9,myopic,3800000127,3800000127,239.69628906249972,0,0.0,True,12,6,18
common_0_30_w6,1,2.9,myopic,1600066510,1600066510,506.22699628416694,4,1.2,False,12,6,18
common_0_30_w6,1,2.9,myopic,3800001611,3800001611,332.3937988281248,0,0.0,True,12,6,18
common_0_30_w6,1,2.9,myopic,3800000110,3800000110,295.9111398354098,4,1.2,False,12,6,18
common_0_30_w6,1,2.95,dynamic,1600066610,1600066610,472.7574157714848,0,0.0,True,12,6,18
common_0_30_w6,1,2.95,dynamic,1600066590,1600066590,399.8057861328117,0,0.0,True,12,6,18
common_0_30_w6,1,2.95,dynamic,3800000120,3800000120,357.99946422656365,4,1.2,True,12,6,18
common_0_30_w6,1,2.95,dynamic,3800001520,3800001520,327.6087036132809,0,0.0,True,12,6,18
common_0_30_w6,1,2.95,dynamic,3800000127,3800000127,239.69628906249972,0,0.0,True,12,6,18
common_0_30_w6,1,2.95,dynamic,1600066510,1600066510,511.3201881791751,4,1.2,False,12,6,18
common_0_30_w6,1,2.95,dynamic,3800001611,3800001611,332.3937988281248,0,0.0,True,12,6,18
common_0_30_w6,1,2.95,dynamic,3800000110,3800000110,300.2555675714016,4,1.2,False,12,6,18
common_0_30_w6,1,2.95,myopic,1600066610,1600066610,472.7574157714848,0,0.0,True,12,6,18
common_0_30_w6,1,2.95,myopic,1600066590,1600066590,399.8057861328117,0,0.0,True,12,6,18
common_0_30_w6,1,2.95,myopic,3800000120,3800000120,356.9808150342306,4,1.2,True,12,6,18
common_0_30_w6,1,2.95,myopic,3800001520,3800001520,327.6087036132809,0,0.0,True,12,6,18
common_0_30_w6,1,2.95,myopic,3800000127,3800000127,239.69628906249972,0,0.0,True,12,6,18
common_0_30_w6,1,2.95,myopic,1600066510,1600066510,511.74203893931707,4,1.2,False,12,6,18
common_0_30_w6,1,2.95,myopic,3800001611,3800001611,332.3937988281248,0,0.0,True,12,6,18
common_0_30_w6,1,2.95,myopic,3800000110,3800000110,300.72602551942316,4,1.2,False,12,6,18
common_0_30_w6,1,3.0,dynamic,1600066610,1600066610,472.7574157714848,0,0.0,True,12,6,18
common_0_30_w6,1,3.0,dynamic,1600066590,1600066590,399.8057861328117,0,0.0,True,12,6,18
common_0_30_w6,1,3.0,dynamic,3800000120,3800000120,362.17861866633086,4,1.2,True,12,6,18
common_0_30_w6,1,3.0,dynamic,3800001520,3800001520,327.6087036132809,0,0.0,True,12,6,18
common_0_30_w6,1,3.0,dynamic,3800000127,3800000127,239.69628906249972,0,0.0,True,12,6,18
common_0_30_w6,1,3.0,dynamic,1600066510,1600066510,516.8076556428274,4,1.2,False,12,6,18
common_0_30_w6,1,3.0,dynamic,3800001611,3800001611,332.3937988281248,0,0.0,True,12,6,18
common_0_30_w6,1,3.0,dynamic,3800000110,3800000110,305.04637882033984,4,1.2,False,12,6,18
common_0_30_w6,1,3.0,myopic,1600066610,1600066610,472.7574157714848,0,0.0,True,12,6,18
common_0_30_w6,1,3.0,myopic,1600066590,1600066590,399.8057861328117,0,0.0,True,12,6,18
common_0_30_w6,1,3.0,myopic,3800000120,3800000120,361.1182824166616,4,1.2,True,12,6,18
common_0_30_w6,1,3.0,myopic,3800001520,3800001520,327.6087036132809,0,0.0,True,12,6,18
common_0_30_w6,1,3.0,myopic,3800000127,3800000127,239.69628906249972,0,0.0,True,12,6,18
common_0_30_w6,1,3.0,myopic,1600066510,1600066510,517.2570815944671,4,1.2,False,12,6,18
common_0_30_w6,1,3.0,myopic,3800001611,3800001611,332.3937988281248,0,0.0,True,12,6,18
common_0_30_w6,1,3.0,myopic,3800000110,3800000110,305.54091120343656,4,1.2,False,12,6,18
common_0_30_w6,1,3.05,dynamic,1600066610,1600066610,472.7574157714848,0,0.0,True,12,6,18
common_0_30_w6,1,3.05,dynamic,1600066590,1600066590,399.8057861328117,0,0.0,True,12,6,18
common_0_30_w6,1,3.05,dynamic,3800000120,3800000120,366.357773106098,4,1.2,True,12,6,18
common_0_30_w6,1,3.05,dynamic,3800001520,3800001520,327.6087036132809,0,0.0,True,12,6,18
common_0_30_w6,1,3.05,dynamic,3800000127,3800000127,239.69628906249972,0,0.0,True,12,6,18
common_0_30_w6,1,3.05,dynamic,1600066510,1600066510,522.2951231064797,4,1.2,False,12,6,18
common_0_30_w6,1,3.05,dynamic,3800001611,3800001611,332.3937988281248,0,0.0,True,12,6,18
common_0_30_w6,1,3.05,dynamic,3800000110,3800000110,309.83719006927805,4,1.2,False,12,6,18
common_0_30_w6,1,3.05,myopic,1600066610,1600066610,472.7574157714848,0,0.0,True,12,6,18
common_0_30_w6,1,3.05,myopic,1600066590,1600066590,399.8057861328117,0,0.0,True,12,6,18
common_0_30_w6,1,3.05,myopic,3800000120,3800000120,365.25574979909265,4,1.2,True,12,6,18
common_0_30_w6,1,3.05,myopic,3800001520,3800001520,327.6087036132809,0,0.0,True,12,6,18
common_0_30_w6,1,3.05,myopic,3800000127,3800000127,239.69628906249972,0,0.0,True,12,6,18
common_0_30_w6,1,3.05,myopic,1600066510,1600066510,522.7721242496173,4,1.2,False,12,6,18
common_0_30_w6,1,3.05,myopic,3800001611,3800001611,332.3937988281248,0,0.0,True,12,6,18
common_0_30_w6,1,3.05,myopic,3800000110,3800000110,310.3557968874499,4,1.2,False,12,6,18
common_0_30_w6,1,3.1,dynamic,1600066610,1600066610,472.7574157714848,0,0.0,True,12,6,18
common_0_30_w6,1,3.1,dynamic,1600066590,1600066590,399.8057861328117,0,0.0,True,12,6,18
common_0_30_w6,1,3.1,dynamic,3800000120,3800000120,370.5369275458653,4,1.2,True,12,6,18
common_0_30_w6,1,3.1,dynamic,3800001520,3800001520,327.6087036132809,0,0.0,True,12,6,18
common_0_30_w6,1,3.1,dynamic,3800000127,3800000127,239.69628906249972,0,0.0,True,12,6,18
common_0_30_w6,1,3.1,dynamic,1600066510,1600066510,527.782590570132,4,1.2,False,12,6,18
common_0_30_w6,1,3.1,dynamic,3800001611,3800001611,332.3937988281248,0,0.0,True,12,6,18
common_0_30_w6,1,3.1,dynamic,3800000110,3800000110,314.6280013182163,4,1.2,False,12,6,18
common_0_30_w6,1,3.1,myopic,1600066610,1600066610,472.7574157714848,0,0.0,True,12,6,18
common_0_30_w6,1,3.1,myopic,1600066590,1600066590,399.8057861328117,0,0.0,True,12,6,18
common_0_30_w6,1,3.1,myopic,3800000120,3800000120,369.3932171815237,4,1.2,True,12,6,18
common_0_30_w6,1,3.1,myopic,3800001520,3800001520,327.6087036132809,0,0.0,True,12,6,18
common_0_30_w6,1,3.1,myopic,3800000127,3800000127,239.69628906249972,0,0.0,True,12,6,18
common_0_30_w6,1,3.1,myopic,1600066510,1600066510,528.2871669047674,4,1.2,False,12,6,18
common_0_30_w6,1,3.1,myopic,3800001611,3800001611,332.3937988281248,0,0.0,True,12,6,18
common_0_30_w6,1,3.1,myopic,3800000110,3800000110,315.17068257146326,4,1.2,False,12,6,18
common_0_30_w6,1,3.15,dynamic,1600066610,1600066610,472.7574157714848,0,0.0,True,12,6,18
common_0_30_w6,1,3.15,dynamic,1600066590,1600066590,399.8057861328117,0,0.0,True,12,6,18
common_0_30_w6,1,3.15,dynamic,3800000120,3800000120,374.71608198563246,4,1.2,True,12,6,18
common_0_30_w6,1,3.15,dynamic,3800001520,3800001520,327.6087036132809,0,0.0,True,12,6,18
common_0_30_w6,1,3.15,dynamic,3800000127,3800000127,239.69628906249972,0,0.0,True,12,6,18
common_0_30_w6,1,3.15,dynamic,1600066510,1600066510,533.2700580337843,4,1.2,False,12,6,18
common_0_30_w6,1,3.15,dynamic,3800001611,3800001611,332.3937988281248,0,0.0,True,12,6,18
common_0_30_w6,1,3.15,dynamic,3800000110,3800000110,319.4188125671546,4,1.2,False,12,6,18
common_0_30_w6,1,3.15,myopic,1600066610,1600066610,472.7574157714848,0,0.0,True,12,6,18
common_0_30_w6,1,3.15,myopic,1600066590,1600066590,399.8057861328117,0,0.0,True,12,6,18
common_0_30_w6,1,3.15,myopic,3800000120,3800000120,373.5306845639547,4,1.2,True,12,6,18
common_0_30_w6,1,3.15,myopic,3800001520,3800001520,327.6087036132809,0,0.0,True,12,6,18
common_0_30_w6,1,3.15,myopic,3800000127,3800000127,239.69628906249972,0,0.0,True,12,6,18
common_0_30_w6,1,3.15,myopic,1600066510,1600066510,533.8022095599174,4,1.2,False,12,6,18
common_0_30_w6,1,3.15,myopic,3800001611,3800001611,332.3937988281248,0,0.0,True,12,6,18
common_0_30_w6,1,3.15,myopic,3800000110,3800000110,319.9855682554766,4,1.2,False,12,6,18
common_0_30_w6,1,3.2,dynamic,1600066610,1600066610,472.7574157714848,0,0.0,True,12,6,18
common_0_30_w6,1,3.2,dynamic,1600066590,1600066590,399.8057861328117,0,0.0,True,12,6,18
common_0_30_w6,1,3.2,dynamic,3800000120,3800000120,378.8952364253997,4,1.2,True,12,6,18
common_0_30_w6,1,3.2,dynamic,3800001520,3800001520,327.6087036132809,0,0.0,True,12,6,18
common_0_30_w6,1,3.2,dynamic,3800000127,3800000127,239.69628906249972,0,0.0,True,12,6,18
common_0_30_w6,1,3.2,dynamic,1600066510,1600066510,538.7575254974365,4,1.2,False,12,6,18
common_0_30_w6,1,3.2,dynamic,3800001611,3800001611,332.3937988281248,0,0.0,True,12,6,18
common_0_30_w6,1,3.2,dynamic,3800000110,3800000110,324.20962381609286,4,1.2,False,12,6,18
common_0_30_w6,1,3.2,myopic,1600066610,1600066610,472.7574157714848,0,0.0,True,12,6,18
common_0_30_w6,1,3.2,myopic,1600066590,1600066590,399.8057861328117,0,0.0,True,12,6,18
common_0_30_w6,1,3.2,myopic,3800000120,3800000120,377.66815194638576,4,1.2,True,12,6,18
common_0_30_w6,1,3.2,myopic,3800001520,3800001520,327.6087036132809,0,0.0,True,12,6,18
common_0_30_w6,1,3.2,myopic,3800000127,3800000127,239.69628906249972,0,0.0,True,12,6,18
common_0_30_w6,1,3.2,myopic,1600066510,1600066510,539.3172522150676,4,1.2,False,12,6,18
common_0_30_w6,1,3.2,myopic,3800001611,3800001611,332.3937988281248,0,0.0,True,12,6,18
common_0_30_w6,1,3.2,myopic,3800000110,3800000110,324.80045393949,4,1.2,False,12,6,18
common_0_30_w6,2,1.2,dynamic,1600066610,1600066610,472.7574157714848,0,0.0,True,12,6,18
common_0_30_w6,2,1.2,dynamic,1600066590,1600066590,399.8057861328117,0,0.0,True,12,6,18
common_0_30_w6,2,1.2,dynamic,3800000120,3800000120,249.29017639160062,0,0.0,True,12,6,18
common_0_30_w6,2,1.2,dynamic,3800001520,3800001520,327.6087036132809,0,0.0,True,12,6,18
common_0_30_w6,2,1.2,dynamic,3800000127,3800000127,239.69628906249972,0,0.0,True,12,6,18
common_0_30_w6,2,1.2,dynamic,1600066510,1600066510,398.87255859374886,0,0.0,True,12,6,18
common_0_30_w6,2,1.2,dynamic,3800001611,3800001611,332.3937988281248,0,0.0,True,12,6,18
common_0_30_w6,2,1.2,dynamic,3800000110,3800000110,161.52136230468736,0,0.0,True,12,6,18
common_0_30_w6,2,1.2,myopic,1600066610,1600066610,472.7574157714848,0,0.0,True,12,6,18
common_0_30_w6,2,1.2,myopic,1600066590,1600066590,399.8057861328117,0,0.0,True,12,6,18
common_0_30_w6,2,1.2,myopic,3800000120,3800000120,249.29017639160062,0,0.0,True,12,6,18
common_0_30_w6,2,1.2,myopic,3800001520,3800001520,327.6087036132809,0,0.0,True,12,6,18
common_0_30_w6,2,1.2,myopic,3800000127,3800000127,239.69628906249972,0,0.0,True,12,6,18
common_0_30_w6,2,1.2,myopic,1600066510,1600066510,398.87255859374886,0,0.0,True,12,6,18
common_0_30_w6,2,1.2,myopic,3800001611,3800001611,332.3937988281248,0,0.0,True,12,6,18
common_0_30_w6,2,1.2,myopic,3800000110,3800000110,161.52136230468736,0,0.0,True,12,6,18
common_0_30_w6,2,1.25,dynamic,1600066610,1600066610,472.7574157714848,0,0.0,True,12,6,18
common_0_30_w6,2,1.25,dynamic,1600066590,1600066590,399.8057861328117,0,0.0,True,12,6,18
common_0_30_w6,2,1.25,dynamic,3800000120,3800000120,249.29017639160062,0,0.0,True,12,6,18
common_0_30_w6,2,1.25,dynamic,3800001520,3800001520,327.6087036132809,0,0.0,True,12,6,18
common_0_30_w6,2,1.25,dynamic,3800000127,3800000127,239.69628906249972,0,0.0,True,12,6,18
common_0_30_w6,2,1.25,dynamic,1600066510,1600066510,398.87255859374886,0,0.0,True,12,6,18
common_0_30_w6,2,1.25,dynamic,3800001611,3800001611,332.3937988281248,0,0.0,True,12,6,18
common_0_30_w6,2,1.25,dynamic,3800000110,3800000110,161.52136230468736,0,0.0,True,12,6,18
common_0_30_w6,2,1.25,myopic,1600066610,1600066610,472.7574157714848,0,0.0,True,12,6,18
common_0_30_w6,2,1.25,myopic,1600066590,1600066590,399.8057861328117,0,0.0,True,12,6,18
common_0_30_w6,2,1.25,myopic,3800000120,3800000120,249.29017639160062,0,0.0,True,12,6,18
common_0_30_w6,2,1.25,myopic,3800001520,3800001520,327.6087036132809,0,0.0,True,12,6,18
common_0_30_w6,2,1.25,myopic,3800000127,3800000127,239.69628906249972,0,0.0,True,12,6,18
common_0_30_w6,2,1.25,myopic,1600066510,1600066510,398.87255859374886,0,0.0,True,12,6,18
common_0_30_w6,2,1.25,myopic,3800001611,3800001611,332.3937988281248,0,0.0,True,12,6,18
common_0_30_w6,2,1.25,myopic,3800000110,3800000110,161.52136230468736,0,0.0,True,12,6,18
common_0_30_w6,2,1.3,dynamic,1600066610,1600066610,472.7574157714848,0,0.0,True,12,6,18
common_0_30_w6,2,1.3,dynamic,1600066590,1600066590,399.8057861328117,0,0.0,True,12,6,18
common_0_30_w6,2,1.3,dynamic,3800000120,3800000120,249.29017639160062,0,0.0,True,12,6,18
common_0_30_w6,2,1.3,dynamic,3800001520,3800001520,327.6087036132809,0,0.0,True,12,6,18
common_0_30_w6,2,1.3,dynamic,3800000127,3800000127,239.69628906249972,0,0.0,True,12,6,18
common_0_30_w6,2,1.3,dynamic,1600066510,1600066510,398.87255859374886,0,0.0,True,12,6,18
common_0_30_w6,2,1.3,dynamic,3800001611,3800001611,332.3937988281248,0,0.0,True,12,6,18
common_0_30_w6,2,1.3,dynamic,3800000110,3800000110,161.52136230468736,0,0.0,True,12,6,18
common_0_30_w6,2,1.3,myopic,1600066610,1600066610,472.7574157714848,0,0.0,True,12,6,18
common_0_30_w6,2,1.3,myopic,1600066590,1600066590,399.8057861328117,0,0.0,True,12,6,18
common_0_30_w6,2,1.3,myopic,3800000120,3800000120,249.29017639160062,0,0.0,True,12,6,18
common_0_30_w6,2,1.3,myopic,3800001520,3800001520,327.6087036132809,0,0.0,True,12,6,18
common_0_30_w6,2,1.3,myopic,3800000127,3800000127,239.69628906249972,0,0.0,True,12,6,18
common_0_30_w6,2,1.3,myopic,1600066510,1600066510,398.87255859374886,0,0.0,True,12,6,18
common_0_30_w6,2,1.3,myopic,3800001611,3800001611,332.3937988281248,0,0.0,True,12,6,18
common_0_30_w6,2,1.3,myopic,3800000110,3800000110,161.52136230468736,0,0.0,True,12,6,18
common_0_30_w6,2,1.35,dynamic,1600066610,1600066610,472.7574157714848,0,0.0,True,12,6,18
common_0_30_w6,2,1.35,dynamic,1600066590,1600066590,399.8057861328117,0,0.0,True,12,6,18
common_0_30_w6,2,1.35,dynamic,3800000120,3800000120,249.29017639160062,0,0.0,True,12,6,18
common_0_30_w6,2,1.35,dynamic,3800001520,3800001520,327.6087036132809,0,0.0,True,12,6,18
common_0_30_w6,2,1.35,dynamic,3800000127,3800000127,239.69628906249972,0,0.0,True,12,6,18
common_0_30_w6,2,1.35,dynamic,1600066510,1600066510,398.87255859374886,0,0.0,True,12,6,18
common_0_30_w6,2,1.35,dynamic,3800001611,3800001611,332.3937988281248,0,0.0,True,12,6,18
common_0_30_w6,2,1.35,dynamic,3800000110,3800000110,161.52136230468736,0,0.0,True,12,6,18
common_0_30_w6,2,1.35,myopic,1600066610,1600066610,472.7574157714848,0,0.0,True,12,6,18
common_0_30_w6,2,1.35,myopic,1600066590,1600066590,399.8057861328117,0,0.0,True,12,6,18
common_0_30_w6,2,1.35,myopic,3800000120,3800000120,249.29017639160062,0,0.0,True,12,6,18
common_0_30_w6,2,1.35,myopic,3800001520,3800001520,327.6087036132809,0,0.0,True,12,6,18
common_0_30_w6,2,1.35,myopic,3800000127,3800000127,239.69628906249972,0,0.0,True,12,6,18
common_0_30_w6,2,1.35,myopic,1600066510,1600066510,398.87255859374886,0,0.0,True,12,6,18
common_0_30_w6,2,1.35,myopic,3800001611,3800001611,332.3937988281248,0,0.0,True,12,6,18
common_0_30_w6,2,1.35,myopic,3800000110,3800000110,161.52136230468736,0,0.0,True,12,6,18
common_0_30_w6,2,1.4,dynamic,1600066610,1600066610,472.7574157714848,0,0.0,True,12,6,18
common_0_30_w6,2,1.4,dynamic,1600066590,1600066590,399.8057861328117,0,0.0,True,12,6,18
common_0_30_w6,2,1.4,dynamic,3800000120,3800000120,249.29017639160062,0,0.0,True,12,6,18
common_0_30_w6,2,1.4,dynamic,3800001520,3800001520,327.6087036132809,0,0.0,True,12,6,18
common_0_30_w6,2,1.4,dynamic,3800000127,3800000127,239.69628906249972,0,0.0,True,12,6,18
common_0_30_w6,2,1.4,dynamic,1600066510,1600066510,398.87255859374886,0,0.0,True,12,6,18
common_0_30_w6,2,1.4,dynamic,3800001611,3800001611,332.3937988281248,0,0.0,True,12,6,18
common_0_30_w6,2,1.4,dynamic,3800000110,3800000110,161.52136230468736,0,0.0,True,12,6,18
common_0_30_w6,2,1.4,myopic,1600066610,1600066610,472.7574157714848,0,0.0,True,12,6,18
common_0_30_w6,2,1.4,myopic,1600066590,1600066590,399.8057861328117,0,0.0,True,12,6,18
common_0_30_w6,2,1.4,myopic,3800000120,3800000120,249.29017639160062,0,0.0,True,12,6,18
common_0_30_w6,2,1.4,myopic,3800001520,3800001520,327.6087036132809,0,0.0,True,12,6,18
common_0_30_w6,2,1.4,myopic,3800000127,3800000127,239.69628906249972,0,0.0,True,12,6,18
common_0_30_w6,2,1.4,myopic,1600066510,1600066510,398.87255859374886,0,0.0,True,12,6,18
common_0_30_w6,2,1.4,myopic,3800001611,3800001611,332.3937988281248,0,0.0,True,12,6,18
common_0_30_w6,2,1.4,myopic,3800000110,3800000110,151.4645693150088,4,1.2,False,12,6,18
common_0_30_w6,2,1.45,dynamic,1600066610,1600066610,472.7574157714848,0,0.0,True,12,6,18
common_0_30_w6,2,1.45,dynamic,1600066590,1600066590,399.8057861328117,0,0.0,True,12,6,18
common_0_30_w6,2,1.45,dynamic,3800000120,3800000120,249.29017639160062,0,0.0,True,12,6,18
common_0_30_w6,2,1.45,dynamic,3800001520,3800001520,327.6087036132809,0,0.0,True,12,6,18
common_0_30_w6,2,1.45,dynamic,3800000127,3800000127,239.69628906249972,0,0.0,True,12,6,18
common_0_30_w6,2,1.45,dynamic,1600066510,1600066510,398.87255859374886,0,0.0,True,12,6,18
common_0_30_w6,2,1.45,dynamic,3800001611,3800001611,332.3937988281248,0,0.0,True,12,6,18
common_0_30_w6,2,1.45,dynamic,3800000110,3800000110,161.52136230468736,0,0.0,True,12,6,18
common_0_30_w6,2,1.45,myopic,1600066610,1600066610,472.7574157714848,0,0.0,True,12,6,18
common_0_30_w6,2,1.45,myopic,1600066590,1600066590,399.8057861328117,0,0.0,True,12,6,18
common_0_30_w6,2,1.45,myopic,3800000120,3800000120,249.29017639160062,0,0.0,True,12,6,18
common_0_30_w6,2,1.45,myopic,3800001520,3800001520,327.6087036132809,0,0.0,True,12,6,18
common_0_30_w6,2,1.45,myopic,3800000127,3800000127,239.69628906249972,0,0.0,True,12,6,18
common_0_30_w6,2,1.45,myopic,1600066510,1600066510,398.87255859374886,0,0.0,True,12,6,18
common_0_30_w6,2,1.45,myopic,3800001611,3800001611,332.3937988281248,0,0.0,True,12,6,18
common_0_30_w6,2,1.45,myopic,3800000110,3800000110,156.27945499902216,4,1.2,False,12,6,18
common_0_30_w6,2,1.5,dynamic,1600066610,1600066610,472.7574157714848,0,0.0,True,12,6,18
common_0_30_w6,2,1.5,dynamic,1600066590,1600066590,399.8057861328117,0,0.0,True,12,6,18
common_0_30_w6,2,1.5,dynamic,3800000120,3800000120,249.29017639160062,0,0.0,True,12,6,18
common_0_30_w6,2,1.5,dynamic,3800001520,3800001520,327.6087036132809,0,0.0,True,12,6,18
common_0_30_w6,2,1.5,dynamic,3800000127,3800000127,239.69628906249972,0,0.0,True,12,6,18
common_0_30_w6,2,1.5,dynamic,1600066510,1600066510,398.87255859374886,0,0.0,True,12,6,18
common_0_30_w6,2,1.5,dynamic,3800001611,3800001611,332.3937988281248,0,0.0,True,12,6,18
common_0_30_w6,2,1.5,dynamic,3800000110,3800000110,161.92442533254626,2,0.6,False,12,6,18
common_0_30_w6,2,1.5,myopic,1600066610,1600066610,472.7574157714848,0,0.0,True,12,6,18
common_0_30_w6,2,1.5,myopic,1600066590,1600066590,399.8057861328117,0,0.0,True,12,6,18
common_0_30_w6,2,1.5,myopic,3800000120,3800000120,249.29017639160062,0,0.0,True,12,6,18
common_0_30_w6,2,1.5,myopic,3800001520,3800001520,327.6087036132809,0,0.0,True,12,6,18
common_0_30_w6,2,1.5,myopic,3800000127,3800000127,239.69628906249972,0,0.0,True,12,6,18
common_0_30_w6,2,1.5,myopic,1600066510,1600066510,398.87255859374886,0,0.0,True,12,6,18
common_0_30_w6,2,1.5,myopic,3800001611,3800001611,332.3937988281248,0,0.0,True,12,6,18
common_0_30_w6,2,1.5,myopic,3800000110,3800000110,161.09434068303554,4,1.2,False,12,6,18
common_0_30_w6,2,1.55,dynamic,1600066610,1600066610,472.7574157714848,0,0.0,True,12,6,18
common_0_30_w6,2,1.55,dynamic,1600066590,1600066590,399.8057861328117,0,0.0,True,12,6,18
common_0_30_w6,2,1.55,dynamic,3800000120,3800000120,249.29017639160062,0,0.0,True,12,6,18
common_0_30_w6,2,1.55,dynamic,3800001520,3800001520,327.6087036132809,0,0.0,True,12,6,18
common_0_30_w6,2,1.55,dynamic,3800000127,3800000127,239.69628906249972,0,0.0,True,12,6,18
common_0_30_w6,2,1.55,dynamic,1600066510,1600066510,398.87255859374886,0,0.0,True,12,6,18
common_0_30_w6,2,1.55,dynamic,3800001611,3800001611,332.3937988281248,0,0.0,True,12,6,18
common_0_30_w6,2,1.55,dynamic,3800000110,3800000110,166.33927937197686,4,1.2,False,12,6,18
common_0_30_w6,2,1.55,myopic,1600066610,1600066610,472.7574157714848,0,0.0,True,12,6,18
common_0_30_w6,2,1.55,myopic,1600066590,1600066590,399.8057861328117,0,0.0,True,12,6,18
common_0_30_w6,2,1.55,myopic,3800000120,3800000120,249.29017639160062,0,0.0,True,12,6,18
common_0_30_w6,2,1.55,myopic,3800001520,3800001520,327.6087036132809,0,0.0,True,12,6,18
common_0_30_w6,2,1.55,myopic,3800000127,3800000127,239.69628906249972,0,0.0,True,12,6,18
common_0_30_w6,2,1.55,myopic,1600066510,1600066510,398.87255859374886,0,0.0,True,12,6,18
common_0_30_w6,2,1.55,myopic,3800001611,3800001611,332.3937988281248,0,0.0,True,12,6,18
common_0_30_w6,2,1.55,myopic,3800000110,3800000110,165.9092263670489,4,1.2,False,12,6,18
common_0_30_w6,2,1.6,dynamic,1600066610,1600066610,472.7574157714848,0,0.0,True,12,6,18
common_0_30_w6,2,1.6,dynamic,1600066590,1600066590,399.8057861328117,0,0.0,True,12,6,18
common_0_30_w6,2,1.6,dynamic,3800000120,3800000120,249.29017639160062,0,0.0,True,12,6,18
common_0_30_w6,2,1.6,dynamic,3800001520,3800001520,327.6087036132809,0,0.0,True,12,6,18
common_0_30_w6,2,1.6,dynamic,3800000127,3800000127,239.69628906249972,0,0.0,True,12,6,18
common_0_30_w6,2,1.6,dynamic,1600066510,1600066510,398.87255859374886,0,0.0,True,12,6,18
common_0_30_w6,2,1.6,dynamic,3800001611,3800001611,332.3937988281248,0,0.0,True,12,6,18
common_0_30_w6,2,1.6,dynamic,3800000110,3800000110,171.1226253183683,4,1.2,False,12,6,18
common_0_30_w6,2,1.6,myopic,1600066610,1600066610,472.7574157714848,0,0.0,True,12,6,18
common_0_30_w6,2,1.6,myopic,1600066590,1600066590,399.8057861328117,0,0.0,True,12,6,18
common_0_30_w6,2,1.6,myopic,3800000120,3800000120,249.29017639160062,0,0.0,True,12,6,18
common_0_30_w6,2,1.6,myopic,3800001520,3800001520,327.6087036132809,0,0.0,True,12,6,18
common_0_30_w6,2,1.6,myopic,3800000127,3800000127,239.69628906249972,0,0.0,True,12,6,18
common_0_30_w6,2,1.6,myopic,1600066510,1600066510,398.87255859374886,0,0.0,True,12,6,18
common_0_30_w6,2,1.6,myopic,3800001611,3800001611,332.3937988281248,0,0.0,True,12,6,18
common_0_30_w6,2,1.6,myopic,3800000110,3800000110,170.72411205106226,4,1.2,False,12,6,18
common_0_30_w6,2,1.65,dynamic,1600066610,1600066610,472.7574157714848,0,0.0,True,12,6,18
common_0_30_w6,2,1.65,dynamic,1600066590,1600066590,399.8057861328117,0,0.0,True,12,6,18
common_0_30_w6,2,1.65,dynamic,3800000120,3800000120,249.4082453476587,3,0.8999999999999999,True,12,6,18
common_0_30_w6,2,1.65,dynamic,3800001520,3800001520,327.6087036132809,0,0.0,True,12,6,18
common_0_30_w6,2,1.65,dynamic,3800000127,3800000127,239.69628906249972,0,0.0,True,12,6,18
common_0_30_w6,2,1.65,dynamic,1600066510,1600066510,398.87255859374886,0,0.0,True,12,6,18
common_0_30_w6,2,1.65,dynamic,3800001611,3800001611,332.3937988281248,0,0.0,True,12,6,18
common_0_30_w6,2,1.65,dynamic,3800000110,3800000110,175.92394688345988,4,1.2,False,12,6,18
common_0_30_w6,2,1.65,myopic,1600066610,1600066610,472.7574157714848,0,0.0,True,12,6,18
common_0_30_w6,2,1.65,myopic,1600066590,1600066590,399.8057861328117,0,0.0,True,12,6,18
common_0_30_w6,2,1.65,myopic,3800000120,3800000120,249.34144879261646,4,1.2,True,12,6,18
common_0_30_w6,2,1.65,myopic,3800001520,3800001520,327.6087036132809,0,0.0,True,12,6,18
common_0_30_w6,2,1.65,myopic,3800000127,3800000127,239.69628906249972,0,0.0,True,12,6,18
common_0_30_w6,2,1.65,myopic,1600066510,1600066510,398.87255859374886,0,0.0,True,12,6,18
common_0_30_w6,2,1.65,myopic,3800001611,3800001611,332.3937988281248,0,0.0,True,12,6,18
common_0_30_w6,2,1.65,myopic,3800000110,3800000110,175.5389977350756,4,1.2,False,12,6,18
common_0_30_w6,2,1.7,dynamic,1600066610,1600066610,472.7574157714848,0,0.0,True,12,6,18
common_0_30_w6,2,1.7,dynamic,1600066590,1600066590,399.8057861328117,0,0.0,True,12,6,18
common_0_30_w6,2,1.7,dynamic,3800000120,3800000120,253.54983570226028,4,1.2,True,12,6,18
common_0_30_w6,2,1.7,dynamic,3800001520,3800001520,327.6087036132809,0,0.0,True,12,6,18
common_0_30_w6,2,1.7,dynamic,3800000127,3800000127,239.69628906249972,0,0.0,True,12,6,18
common_0_30_w6,2,1.7,dynamic,1600066510,1600066510,398.87255859374886,0,0.0,True,12,6,18
common_0_30_w6,2,1.7,dynamic,3800001611,3800001611,332.3937988281248,0,0.0,True,12,6,18
common_0_30_w6,2,1.7,dynamic,3800000110,3800000110,180.74360679461557,4,1.2,False,12,6,18
common_0_30_w6,2,1.7,myopic,1600066610,1600066610,472.7574157714848,0,0.0,True,12,6,18
common_0_30_w6,2,1.7,myopic,1600066590,1600066590,399.8057861328117,0,0.0,True,12,6,18
common_0_30_w6,2,1.7,myopic,3800000120,3800000120,253.52060323238362,4,1.2,True,12,6,18
common_0_30_w6,2,1.7,myopic,3800001520,3800001520,327.6087036132809,0,0.0,True,12,6,18
common_0_30_w6,2,1.7,myopic,3800000127,3800000127,239.69628906249972,0,0.0,True,12,6,18
common_0_30_w6,2,1.7,myopic,1600066510,1600066510,398.87255859374886,0,0.0,True,12,6,18
common_0_30_w6,2,1.7,myopic,3800001611,3800001611,332.3937988281248,0,0.0,True,12,6,18
common_0_30_w6,2,1.7,myopic,3800000110,3800000110,180.353883419089,4,1.2,False,12,6,18
common_0_30_w6,2,1.75,dynamic,1600066610,1600066610,472.7574157714848,0,0.0,True,12,6,18
common_0_30_w6,2,1.75,dynamic,1600066590,1600066590,399.8057861328117,0,0.0,True,12,6,18
common_0_30_w6,2,1.75,dynamic,3800000120,3800000120,257.71546014149976,4,1.2,True,12,6,18
common_0_30_w6,2,1.75,dynamic,3800001520,3800001520,327.6087036132809,0,0.0,True,12,6,18
common_0_30_w6,2,1.75,dynamic,3800000127,3800000127,239.69628906249972,0,0.0,True,12,6,18
common_0_30_w6,2,1.75,dynamic,1600066510,1600066510,398.87255859374886,0,0.0,True,12,6,18
common_0_30_w6,2,1.75,dynamic,3800001611,3800001611,332.3937988281248,0,0.0,True,12,6,18
common_0_30_w6,2,1.75,dynamic,3800000110,3800000110,185.56326670577127,4,1.2,False,12,6,18
common_0_30_w6,2,1.75,myopic,1600066610,1600066610,472.7574157714848,0,0.0,True,12,6,18
common_0_30_w6,2,1.75,myopic,1600066590,1600066590,399.8057861328117,0,0.0,True,12,6,18
common_0_30_w6,2,1.75,myopic,3800000120,3800000120,257.69975767215084,4,1.2,True,12,6,18
common_0_30_w6,2,1.75,myopic,3800001520,3800001520,327.6087036132809,0,0.0,True,12,6,18
common_0_30_w6,2,1.75,myopic,3800000127,3800000127,239.69628906249972,0,0.0,True,12,6,18
common_0_30_w6,2,1.75,myopic,1600066510,1600066510,398.87255859374886,0,0.0,True,12,6,18
common_0_30_w6,2,1.75,myopic,3800001611,3800001611,332.3937988281248,0,0.0,True,12,6,18
common_0_30_w6,2,1.75,myopic,3800000110,3800000110,185.16876910310236,4,1.2,False,12,6,18
common_0_30_w6,2,1.8,dynamic,1600066610,1600066610,472.7574157714848,0,0.0,True,12,6,18
common_0_30_w6,2,1.8,dynamic,1600066590,1600066590,399.8057861328117,0,0.0,True,12,6,18
common_0_30_w6,2,1.8,dynamic,3800000120,3800000120,261.8882217528025,4,1.2,True,12,6,18
common_0_30_w6,2,1.8,dynamic,3800001520,3800001520,327.6087036132809,0,0.0,True,12,6,18
common_0_30_w6,2,1.8,dynamic,3800000127,3800000127,239.69628906249972,0,0.0,True,12,6,18
common_0_30_w6,2,1.8,dynamic,1600066510,1600066510,398.87255859374886,0,0.0,True,12,6,18
common_0_30_w6,2,1.8,dynamic,3800001611,3800001611,332.3937988281248,0,0.0,True,12,6,18
common_0_30_w6,2,1.8,dynamic,3800000110,3800000110,190.382926616927,4,1.2,False,12,6,18
common_0_30_w6,2,1.8,myopic,1600066610,1600066610,472.7574157714848,0,0.0,True,12,6,18
common_0_30_w6,2,1.8,myopic,1600066590,1600066590,399.8057861328117,0,0.0,True,12,6,18
common_0_30_w6,2,1.8,myopic,3800000120,3800000120,261.87891211191805,4,1.2,True,12,6,18
common_0_30_w6,2,1.8,myopic,3800001520,3800001520,327.6087036132809,0,0.0,True,12,6,18
common_0_30_w6,2,1.8,myopic,3800000127,3800000127,239.69628906249972,0,0.0,True,12,6,18
common_0_30_w6,2,1.8,myopic,1600066510,1600066510,398.87255859374886,0,0.0,True,12,6,18
common_0_30_w6,2,1.8,myopic,3800001611,3800001611,332.3937988281248,0,0.0,True,12,6,18
common_0_30_w6,2,1.8,myopic,3800000110,3800000110,189.98365478711574,4,1.2,False,12,6,18
common_0_30_w6,2,1.85,dynamic,1600066610,1600066610,472.7574157714848,0,0.0,True,12,6,18
common_0_30_w6,2,1.85,dynamic,1600066590,1600066590,399.8057861328117,0,0.0,True,12,6,18
common_0_30_w6,2,1.85,dynamic,3800000120,3800000120,266.06141724777217,4,1.2,True,12,6,18
common_0_30_w6,2,1.85,dynamic,3800001520,3800001520,327.6087036132809,0,0.0,True,12,6,18
common_0_30_w6,2,1.85,dynamic,3800000127,3800000127,239.69628906249972,0,0.0,True,12,6,18
common_0_30_w6,2,1.85,dynamic,1600066510,1600066510,398.87255859374886,0,0.0,True,12,6,18
common_0_30_w6,2,1.85,dynamic,3800001611,3800001611,332.3937988281248,0,0.0,True,12,6,18
common_0_30_w6,2,1.85,dynamic,3800000110,3800000110,195.2025865280827,4,1.2,False,12,6,18
common_0_30_w6,2,1.85,myopic,1600066610,1600066610,472.7574157714848,0,0.0,True,12,6,18
common_0_30_w6,2,1.85,myopic,1600066590,1600066590,399.8057861328117,0,0.0,True,12,6,18
common_0_30_w6,2,1.85,myopic,3800000120,3800000120,266.0580665516853,4,1.2,True,12,6,18
common_0_30_w6,2,1.85,myopic,3800001520,3800001520,327.6087036132809,0,0.0,True,12,6,18
common_0_30_w6,2,1.85,myopic,3800000127,3800000127,239.69628906249972,0,0.0,True,12,6,18
common_0_30_w6,2,1.85,myopic,1600066510,1600066510,390.41110052601493,4,1.2,False,12,6,18
common_0_30_w6,2,1.85,myopic,3800001611,3800001611,332.3937988281248,0,0.0,True,12,6,18
common_0_30_w6,2,1.85,myopic,3800000110,3800000110,194.7985404711291,4,1.2,False,12,6,18
common_0_30_w6,2,1.9,dynamic,1600066610,1600066610,472.7574157714848,0,0.0,True,12,6,18
common_0_30_w6,2,1.9,dynamic,1600066590,1600066590,399.8057861328117,0,0.0,True,12,6,18
common_0_30_w6,2,1.9,dynamic,3800000120,3800000120,270.23765583546947,4,1.2,True,12,6,18
common_0_30_w6,2,1.9,dynamic,3800001520,3800001520,327.6087036132809,0,0.0,True,12,6,18
common_0_30_w6,2,1.9,dynamic,3800000127,3800000127,239.69628906249972,0,0.0,True,12,6,18
common_0_30_w6,2,1.9,dynamic,1600066510,1600066510,398.87255859374886,0,0.0,True,12,6,18
common_0_30_w6,2,1.9,dynamic,3800001611,3800001611,332.3937988281248,0,0.0,True,12,6,18
common_0_30_w6,2,1.9,dynamic,3800000110,3800000110,200.02224643923836,4,1.2,False,12,6,18
common_0_30_w6,2,1.9,myopic,1600066610,1600066610,472.7574157714848,0,0.0,True,12,6,18
common_0_30_w6,2,1.9,myopic,1600066590,1600066590,399.8057861328117,0,0.0,True,12,6,18
common_0_30_w6,2,1.9,myopic,3800000120,3800000120,270.23722099145243,4,1.2,True,12,6,18
common_0_30_w6,2,1.9,myopic,3800001520,3800001520,327.6087036132809,0,0.0,True,12,6,18
common_0_30_w6,2,1.9,myopic,3800000127,3800000127,239.69628906249972,0,0.0,True,12,6,18
common_0_30_w6,2,1.9,myopic,1600066510,1600066510,395.92614318116506,4,1.2,False,12,6,18
common_0_30_w6,2,1.9,myopic,3800001611,3800001611,332.3937988281248,0,0.0,True,12,6,18
common_0_30_w6,2,1.9,myopic,3800000110,3800000110,199.61342615514243,4,1.2,False,12,6,18
common_0_30_w6,2,1.95,dynamic,1600066610,1600066610,472.7574157714848,0,0.0,True,12,6,18
common_0_30_w6,2,1.95,dynamic,1600066590,1600066590,399.8057861328117,0,0.0,True,12,6,18
common_0_30_w6,2,1.95,dynamic,3800000120,3800000120,274.41637543121965,4,1.2,True,12,6,18
common_0_30_w6,2,1.95,dynamic,3800001520,3800001520,327.6087036132809,0,0.0,True,12,6,18
common_0_30_w6,2,1.95,dynamic,3800000127,3800000127,239.69628906249972,0,0.0,True,12,6,18
common_0_30_w6,2,1.95,dynamic,1600066510,1600066510,401.5708389061292,4,1.2,False,12,6,18
common_0_30_w6,2,1.95,dynamic,3800001611,3800001611,332.3937988281248,0,0.0,True,12,6,18
common_0_30_w6,2,1.95,dynamic,3800000110,3800000110,204.84190635039408,4,1.2,False,12,6,18
common_0_30_w6,2,1.95,myopic,1600066610,1600066610,472.7574157714848,0,0.0,True,12,6,18
common_0_30_w6,2,1.95,myopic,1600066590,1600066590,399.8057861328117,0,0.0,True,12,6,18
common_0_30_w6,2,1.95,myopic,3800000120,3800000120,274.41637543121965,4,1.2,True,12,6,18
common_0_30_w6,2,1.95,myopic,3800001520,3800001520,327.6087036132809,0,0.0,True,12,6,18
common_0_30_w6,2,1.95,myopic,3800000127,3800000127,239.69628906249972,0,0.0,True,12,6,18
common_0_30_w6,2,1.95,myopic,1600066510,1600066510,401.4411858363152,4,1.2,False,12,6,18
common_0_30_w6,2,1.95,myopic,3800001611,3800001611,332.3937988281248,0,0.0,True,12,6,18
common_0_30_w6,2,1.95,myopic,3800000110,3800000110,204.4283118391558,4,1.2,False,12,6,18
common_0_30_w6,2,2.0,dynamic,1600066610,1600066610,472.7574157714848,0,0.0,True,12,6,18
common_0_30_w6,2,2.0,dynamic,1600066590,1600066590,399.8057861328117,0,0.0,True,12,6,18
common_0_30_w6,2,2.0,dynamic,3800000120,3800000120,278.59552987098687,4,1.2,True,12,6,18
common_0_30_w6,2,2.0,dynamic,3800001520,3800001520,327.6087036132809,0,0.0,True,12,6,18
common_0_30_w6,2,2.0,dynamic,3800000127,3800000127,239.69628906249972,0,0.0,True,12,6,18
common_0_30_w6,2,2.0,dynamic,1600066510,1600066510,407.0622598520915,4,1.2,False,12,6,18
common_0_30_w6,2,2.0,dynamic,3800001611,3800001611,332.3937988281248,0,0.0,True,12,6,18
common_0_30_w6,2,2.0,dynamic,3800000110,3800000110,209.66226097335422,4,1.2,False,12,6,18
common_0_30_w6,2,2.0,myopic,1600066610,1600066610,472.7574157714848,0,0.0,True,12,6,18
common_0_30_w6,2,2.0,myopic,1600066590,1600066590,399.8057861328117,0,0.0,True,12,6,18
common_0_30_w6,2,2.0,myopic,3800000120,3800000120,278.59552987098687,4,1.2,True,12,6,18
common_0_30_w6,2,2.0,myopic,3800001520,3800001520,327.6087036132809,0,0.0,True,12,6,18
common_0_30_w6,2,2.0,myopic,3800000127,3800000127,239.69628906249972,0,0.0,True,12,6,18
common_0_30_w6,2,2.0,myopic,1600066510,1600066510,406.95622849146525,4,1.2,False,12,6,18
common_0_30_w6,2,2.0,myopic,3800001611,3800001611,332.3937988281248,0,0.0,True,12,6,18
common_0_30_w6,2,2.0,myopic,3800000110,3800000110,209.2431975231692,4,1.2,False,12,6,18
common_0_30_w6,2,2.05,dynamic,1600066610,1600066610,472.7574157714848,0,0.0,True,12,6,18
common_0_30_w6,2,2.05,dynamic,1600066590,1600066590,399.8057861328117,0,0.0,True,12,6,18
common_0_30_w6,2,2.05,dynamic,3800000120,3800000120,282.774684310754,4,1.2,True,12,6,18
common_0_30_w6,2,2.05,dynamic,3800001520,3800001520,327.6087036132809,0,0.0,True,12,6,18
common_0_30_w6,2,2.05,dynamic,3800000127,3800000127,239.69628906249972,0,0.0,True,12,6,18
common_0_30_w6,2,2.05,dynamic,1600066510,1600066510,412.56499065685273,4,1.2,False,12,6,18
common_0_30_w6,2,2.05,dynamic,3800001611,3800001611,332.3937988281248,0,0.0,True,12,6,18
common_0_30_w6,2,2.05,dynamic,3800000110,3800000110,214.49321224584185,4,1.2,False,12,6,18
common_0_30_w6,2,2.05,myopic,1600066610,1600066610,472.7574157714848,0,0.0,True,12,6,18
common_0_30_w6,2,2.05,myopic,1600066590,1600066590,399.8057861328117,0,0.0,True,12,6,18
common_0_30_w6,2,2.05,myopic,3800000120,3800000120,282.774684310754,4,1.2,True,12,6,18
common_0_30_w6,2,2.05,myopic,3800001520,3800001520,327.6087036132809,0,0.0,True,12,6,18
common_0_30_w6,2,2.05,myopic,3800000127,3800000127,239.69628906249972,0,0.0,True,12,6,18
common_0_30_w6,2,2.05,myopic,1600066510,1600066510,412.4712711466153,4,1.2,False,12,6,18
common_0_30_w6,2,2.05,myopic,3800001611,3800001611,332.3937988281248,0,0.0,True,12,6,18
common_0_30_w6,2,2.05,myopic,3800000110,3800000110,214.05808320718253,4,1.2,False,12,6,18
common_0_30_w6,2,2.1,dynamic,1600066610,1600066610,472.7574157714848,0,0.0,True,12,6,18
common_0_30_w6,2,2.1,dynamic,1600066590,1600066590,399.8057861328117,0,0.0,True,12,6,18
common_0_30_w6,2,2.1,dynamic,3800000120,3800000120,286.95383875052124,4,1.2,True,12,6,18
common_0_30_w6,2,2.1,dynamic,3800001520,3800001520,327.6087036132809,0,0.0,True,12,6,18
common_0_30_w6,2,2.1,dynamic,3800000127,3800000127,239.69628906249972,0,0.0,True,12,6,18
common_0_30_w6,2,2.1,dynamic,1600066510,1600066510,418.06873119672144,4,1.2,False,12,6,18
common_0_30_w6,2,2.1,dynamic,3800001611,3800001611,332.3937988281248,0,0.0,True,12,6,18
common_0_30_w6,2,2.1,dynamic,3800000110,3800000110,219.32416351832953,4,1.2,False,12,6,18
common_0_30_w6,2,2.1,myopic,1600066610,1600066610,472.7574157714848,0,0.0,True,12,6,18
common_0_30_w6,2,2.1,myopic,1600066590,1600066590,399.8057861328117,0,0.0,True,12,6,18
common_0_30_w6,2,2.1,myopic,3800000120,3800000120,286.95383875052124,4,1.2,True,12,6,18
common_0_30_w6,2,2.1,myopic,3800001520,3800001520,327.6087036132809,0,0.0,True,12,6,18
common_0_30_w6,2,2.1,myopic,3800000127,3800000127,239.69628906249972,0,0.0,True,12,6,18
common_0_30_w6,2,2.1,myopic,1600066510,1600066510,417.98631380176545,4,1.2,False,12,6,18
common_0_30_w6,2,2.1,myopic,3800001611,3800001611,332.3937988281248,0,0.0,True,12,6,18
common_0_30_w6,2,2.1,myopic,3800000110,3800000110,218.87296889119594,4,1.2,False,12,6,18
common_0_30_w6,2,2.15,dynamic,1600066610,1600066610,472.7574157714848,0,0.0,True,12,6,18
common_0_30_w6,2,2.15,dynamic,1600066590,1600066590,399.8057861328117,0,0.0,True,12,6,18
common_0_30_w6,2,2.15,dynamic,3800000120,3800000120,291.13299319028846,4,1.2,True,12,6,18
common_0_30_w6,2,2.15,dynamic,3800001520,3800001520,327.6087036132809,0,0.0,True,12,6,18
common_0_30_w6,2,2.15,dynamic,3800000127,3800000127,239.69628906249972,0,0.0,True,12,6,18
common_0_30_w6,2,2.15,dynamic,1600066510,1600066510,423.57941294511164,4,1.2,False,12,6,18
common_0_30_w6,2,2.15,dynamic,3800001611,3800001611,332.3937988281248,0,0.0,True,12,6,18
common_0_30_w6,2,2.15,dynamic,3800000110,3800000110,224.15511479081712,4,1.2,False,12,6,18
common_0_30_w6,2,2.15,myopic,1600066610,1600066610,472.7574157714848,0,0.0,True,12,6,18
common_0_30_w6,2,2.15,myopic,1600066590,1600066590,399.8057861328117,0,0.0,True,12,6,18
common_0_30_w6,2,2.15,myopic,3800000120,3800000120,291.13299319028846,4,1.2,True,12,6,18
common_0_30_w6,2,2.15,myopic,3800001520,3800001520,327.6087036132809,0,0.0,True,12,6,18
common_0_30_w6,2,2.15,myopic,3800000127,3800000127,235.336246965011,4,1.2,True,12,6,18
common_0_30_w6,2,2.15,myopic,1600066510,1600066510,423.5013564569156,4,1.2,False,12,6,18
common_0_30_w6,2,2.15,myopic,3800001611,3800001611,332.3937988281248,0,0.0,True,12,6,18
common_0_30_w6,2,2.15,myopic,3800000110,3800000110,223.6878545752093,4,1.2,False,12,6,18
common_0_30_w6,2,2.2,dynamic,1600066610,1600066610,472.7574157714848,0,0.0,True,12,6,18
common_0_30_w6,2,2.2,dynamic,1600066590,1600066590,399.8057861328117,0,0.0,True,12,6,18
common_0_30_w6,2,2.2,dynamic,3800000120,3800000120,295.3121476300557,4,1.2,True,12,6,18
common_0_30_w6,2,2.2,dynamic,3800001520,3800001520,327.6087036132809,0,0.0,True,12,6,18
common_0_30_w6,2,2.2,dynamic,3800000127,3800000127,239.69628906249972,0,0.0,True,12,6,18
common_0_30_w6,2,2.2,dynamic,1600066510,1600066510,429.0900946935019,4,1.2,False,12,6,18
common_0_30_w6,2,2.2,dynamic,3800001611,3800001611,332.3937988281248,0,0.0,True,12,6,18
common_0_30_w6,2,2.2,dynamic,3800000110,3800000110,228.9860660633048,4,1.2,False,12,6,18
common_0_30_w6,2,2.2,myopic,1600066610,1600066610,472.7574157714848,0,0.0,True,12,6,18
common_0_30_w6,2,2.2,myopic,1600066590,1600066590,399.8057861328117,0,0.0,True,12,6,18
common_0_30_w6,2,2.2,myopic,3800000120,3800000120,295.3121476300557,4,1.2,True,12,6,18
common_0_30_w6,2,2.2,myopic,3800001520,3800001520,327.6087036132809,0,0.0,True,12,6,18
common_0_30_w6,2,2.2,myopic,3800000127,3800000127,238.17415134016676,4,1.2,True,12,6,18
common_0_30_w6,2,2.2,myopic,1600066510,1600066510,429.01639911206564,4,1.2,False,12,6,18
common_0_30_w6,2,2.2,myopic,3800001611,3800001611,332.3937988281248,0,0.0,True,12,6,18
common_0_30_w6,2,2.2,myopic,3800000110,3800000110,228.50274025922266,4,1.2,False,12,6,18
common_0_30_w6,2,2.24,dynamic,1600066610,1600066610,472.7574157714848,0,0.0,True,12,6,18
common_0_30_w6,2,2.24,dynamic,1600066590,1600066590,399.8057861328117,0,0.0,True,12,6,18
common_0_30_w6,2,2.24,dynamic,3800000120,3800000120,298.6554711818694,4,1.2,True,12,6,18
common_0_30_w6,2,2.24,dynamic,3800001520,3800001520,327.6087036132809,0,0.0,True,12,6,18
common_0_30_w6,2,2.24,dynamic,3800000127,3800000127,240.44447484029138,4,1.2,True,12,6,18
common_0_30_w6,2,2.24,dynamic,1600066510,1600066510,433.49864009221403,4,1.2,False,12,6,18
common_0_30_w6,2,2.24,dynamic,3800001611,3800001611,332.3937988281248,0,0.0,True,12,6,18
common_0_30_w6,2,2.24,dynamic,3800000110,3800000110,232.8508270812949,4,1.2,False,12,6,18
common_0_30_w6,2,2.24,myopic,1600066610,1600066610,472.7574157714848,0,0.0,True,12,6,18
common_0_30_w6,2,2.24,myopic,1600066590,1600066590,399.8057861328117,0,0.0,True,12,6,18
common_0_30_w6,2,2.24,myopic,3800000120,3800000120,298.6554711818694,4,1.2,True,12,6,18
common_0_30_w6,2,2.24,myopic,3800001520,3800001520,327.6087036132809,0,0.0,True,12,6,18
common_0_30_w6,2,2.24,myopic,3800000127,3800000127,240.44447484029138,4,1.2,True,12,6,18
common_0_30_w6,2,2.24,myopic,1600066510,1600066510,433.4284332361857,4,1.2,False,12,6,18
common_0_30_w6,2,2.24,myopic,3800001611,3800001611,332.3937988281248,0,0.0,True,12,6,18
common_0_30_w6,2,2.24,myopic,3800000110,3800000110,232.35464880643337,4,1.2,False,12,6,18
common_0_30_w6,2,2.25,dynamic,1600066610,1600066610,472.7574157714848,0,0.0,True,12,6,18
common_0_30_w6,2,2.25,dynamic,1600066590,1600066590,399.8057861328117,0,0.0,True,12,6,18
common_0_30_w6,2,2.25,dynamic,3800000120,3800000120,299.49130206982284,4,1.2,True,12,6,18
common_0_30_w6,2,2.25,dynamic,3800001520,3800001520,327.6087036132809,0,0.0,True,12,6,18
common_0_30_w6,2,2.25,dynamic,3800000127,3800000127,241.01205571532253,4,1.2,True,12,6,18
common_0_30_w6,2,2.25,dynamic,1600066510,1600066510,434.60077644189204,4,1.2,False,12,6,18
common_0_30_w6,2,2.25,dynamic,3800001611,3800001611,332.3937988281248,0,0.0,True,12,6,18
common_0_30_w6,2,2.25,dynamic,3800000110,3800000110,233.81701733579243,4,1.2,False,12,6,18
common_0_30_w6,2,2.25,myopic,1600066610,1600066610,472.7574157714848,0,0.0,True,12,6,18
common_0_30_w6,2,2.25,myopic,1600066590,1600066590,399.8057861328117,0,0.0,True,12,6,18
common_0_30_w6,2,2.25,myopic,3800000120,3800000120,299.49130206982284,4,1.2,True,12,6,18
common_0_30_w6,2,2.25,myopic,3800001520,3800001520,327.6087036132809,0,0.0,True,12,6,18
common_0_30_w6,2,2.25,myopic,3800000127,3800000127,241.01205571532253,4,1.2,True,12,6,18
common_0_30_w6,2,2.25,myopic,1600066510,1600066510,434.5314417672157,4,1.2,False,12,6,18
common_0_30_w6,2,2.25,myopic,3800001611,3800001611,332.3937988281248,0,0.0,True,12,6,18
common_0_30_w6,2,2.25,myopic,3800000110,3800000110,233.317625943236,4,1.2,False,12,6,18
common_0_30_w6,2,2.3,dynamic,1600066610,1600066610,472.7574157714848,0,0.0,True,12,6,18
common_0_30_w6,2,2.3,dynamic,1600066590,1600066590,399.8057861328117,0,0.0,True,12,6,18
common_0_30_w6,2,2.3,dynamic,3800000120,3800000120,303.67045650959005,4,1.2,True,12,6,18
common_0_30_w6,2,2.3,dynamic,3800001520,3800001520,327.6087036132809,0,0.0,True,12,6,18
common_0_30_w6,2,2.3,dynamic,3800000127,3800000127,243.8499600904783,4,1.2,True,12,6,18
common_0_30_w6,2,2.3,dynamic,1600066510,1600066510,440.11145819028224,4,1.2,False,12,6,18
common_0_30_w6,2,2.3,dynamic,3800001611,3800001611,332.3937988281248,0,0.0,True,12,6,18
common_0_30_w6,2,2.3,dynamic,3800000110,3800000110,238.64796860828005,4,1.2,False,12,6,18
common_0_30_w6,2,2.3,myopic,1600066610,1600066610,472.7574157714848,0,0.0,True,12,6,18
common_0_30_w6,2,2.3,myopic,1600066590,1600066590,399.8057861328117,0,0.0,True,12,6,18
common_0_30_w6,2,2.3,myopic,3800000120,3800000120,303.67045650959005,4,1.2,True,12,6,18
common_0_30_w6,2,2.3,myopic,3800001520,3800001520,327.6087036132809,0,0.0,True,12,6,18
common_0_30_w6,2,2.3,myopic,3800000127,3800000127,243.8499600904783,4,1.2,True,12,6,18
common_0_30_w6,2,2.3,myopic,1600066510,1600066510,440.0464844223658,4,1.2,False,12,6,18
common_0_30_w6,2,2.3,myopic,3800001611,3800001611,332.3937988281248,0,0.0,True,12,6,18
common_0_30_w6,2,2.3,myopic,3800000110,3800000110,238.13251162724936,4,1.2,False,12,6,18
common_0_30_w6,2,2.35,dynamic,1600066610,1600066610,472.7574157714848,0,0.0,True,12,6,18
common_0_30_w6,2,2.35,dynamic,1600066590,1600066590,399.8057861328117,0,0.0,True,12,6,18
common_0_30_w6,2,2.35,dynamic,3800000120,3800000120,307.84961094935727,4,1.2,True,12,6,18
common_0_30_w6,2,2.35,dynamic,3800001520,3800001520,327.6087036132809,0,0.0,True,12,6,18
common_0_30_w6,2,2.35,dynamic,3800000127,3800000127,246.68786446563405,4,1.2,True,12,6,18
common_0_30_w6,2,2.35,dynamic,1600066510,1600066510,445.62213993867243,4,1.2,False,12,6,18
common_0_30_w6,2,2.35,dynamic,3800001611,3800001611,332.3937988281248,0,0.0,True,12,6,18
common_0_30_w6,2,2.35,dynamic,3800000110,3800000110,243.47891988076773,4,1.2,False,12,6,18
common_0_30_w6,2,2.35,myopic,1600066610,1600066610,472.7574157714848,0,0.0,True,12,6,18
common_0_30_w6,2,2.35,myopic,1600066590,1600066590,399.8057861328117,0,0.0,True,12,6,18
common_0_30_w6,2,2.35,myopic,3800000120,3800000120,307.84961094935727,4,1.2,True,12,6,18
common_0_30_w6,2,2.35,myopic,3800001520,3800001520,327.6087036132809,0,0.0,True,12,6,18
common_0_30_w6,2,2.35,myopic,3800000127,3800000127,246.68786446563405,4,1.2,True,12,6,18
common_0_30_w6,2,2.35,myopic,1600066510,1600066510,445.5615270775159,4,1.2,False,12,6,18
common_0_30_w6,2,2.35,myopic,3800001611,3800001611,332.3937988281248,0,0.0,True,12,6,18
common_0_30_w6,2,2.35,myopic,3800000110,3800000110,242.94739731126276,4,1.2,False,12,6,18
common_0_30_w6,2,2.4,dynamic,1600066610,1600066610,472.7574157714848,0,0.0,True,12,6,18
common_0_30_w6,2,2.4,dynamic,1600066590,1600066590,399.8057861328117,0,0.0,True,12,6,18
common_0_30_w6,2,2.4,dynamic,3800000120,3800000120,312.02876538912443,4,1.2,True,12,6,18
common_0_30_w6,2,2.4,dynamic,3800001520,3800001520,327.6087036132809,0,0.0,True,12,6,18
common_0_30_w6,2,2.4,dynamic,3800000127,3800000127,249.52576884078985,4,1.2,True,12,6,18
common_0_30_w6,2,2.4,dynamic,1600066510,1600066510,451.13282168706263,4,1.2,False,12,6,18
common_0_30_w6,2,2.4,dynamic,3800001611,3800001611,332.3937988281248,0,0.0,True,12,6,18
common_0_30_w6,2,2.4,dynamic,3800000110,3800000110,248.30987115325533,4,1.2,False,12,6,18
common_0_30_w6,2,2.4,myopic,1600066610,1600066610,472.7574157714848,0,0.0,True,12,6,18
common_0_30_w6,2,2.4,myopic,1600066590,1600066590,399.8057861328117,0,0.0,True,12,6,18
common_0_30_w6,2,2.4,myopic,3800000120,3800000120,312.02876538912443,4,1.2,True,12,6,18
common_0_30_w6,2,2.4,myopic,3800001520,3800001520,327.6087036132809,0,0.0,True,12,6,18
common_0_30_w6,2,2.4,myopic,3800000127,3800000127,249.52576884078985,4,1.2,True,12,6,18
common_0_30_w6,2,2.4,myopic,1600066510,1600066510,451.07656973266603,4,1.2,False,12,6,18
common_0_30_w6,2,2.4,myopic,3800001611,3800001611,332.3937988281248,0,0.0,True,12,6,18
common_0_30_w6,2,2.4,myopic,3800000110,3800000110,247.7622829952761,4,1.2,False,12,6,18
common_0_30_w6,2,2.45,dynamic,1600066610,1600066610,472.7574157714848,0,0.0,True,12,6,18
common_0_30_w6,2,2.45,dynamic,1600066590,1600066590,399.8057861328117,0,0.0,True,12,6,18
common_0_30_w6,2,2.45,dynamic,3800000120,3800000120,316.20791982889165,4,1.2,True,12,6,18
common_0_30_w6,2,2.45,dynamic,3800001520,3800001520,327.6087036132809,0,0.0,True,12,6,18
common_0_30_w6,2,2.45,dynamic,3800000127,3800000127,252.3636732159456,4,1.2,True,12,6,18
common_0_30_w6,2,2.45,dynamic,1600066510,1600066510,456.6435034354529,4,1.2,False,12,6,18
common_0_30_w6,2,2.45,dynamic,3800001611,3800001611,332.3937988281248,0,0.0,True,12,6,18
common_0_30_w6,2,2.45,dynamic,3800000110,3800000110,253.140822425743,4,1.2,False,12,6,18
common_0_30_w6,2,2.45,myopic,1600066610,1600066610,472.7574157714848,0,0.0,True,12,6,18
common_0_30_w6,2,2.45,myopic,1600066590,1600066590,399.8057861328117,0,0.0,True,12,6,18
common_0_30_w6,2,2.45,myopic,3800000120,3800000120,316.20791982889165,4,1.2,True,12,6,18
common_0_30_w6,2,2.45,myopic,3800001520,3800001520,327.6087036132809,0,0.0,True,12,6,18
common_0_30_w6,2,2.45,myopic,3800000127,3800000127,252.3636732159456,4,1.2,True,12,6,18
common_0_30_w6,2,2.45,myopic,1600066510,1600066510,456.59161238781616,4,1.2,False,12,6,18
common_0_30_w6,2,2.45,myopic,3800001611,3800001611,313.4672581840357,4,1.2,False,12,6,18
common_0_30_w6,2,2.45,myopic,3800000110,3800000110,252.57716867928949,4,1.2,False,12,6,18
common_0_30_w6,2,2.5,dynamic,1600066610,1600066610,472.7574157714848,0,0.0,True,12,6,18
common_0_30_w6,2,2.5,dynamic,1600066590,1600066590,399.8057861328117,0,0.0,True,12,6,18
common_0_30_w6,2,2.5,dynamic,3800000120,3800000120,320.38707426865886,4,1.2,True,12,6,18
common_0_30_w6,2,2.5,dynamic,3800001520,3800001520,327.6087036132809,0,0.0,True,12,6,18
common_0_30_w6,2,2.5,dynamic,3800000127,3800000127,255.20157759110134,4,1.2,True,12,6,18
common_0_30_w6,2,2.5,dynamic,1600066510,1600066510,462.154185183843,4,1.2,False,12,6,18
common_0_30_w6,2,2.5,dynamic,3800001611,3800001611,332.3937988281248,0,0.0,True,12,6,18
common_0_30_w6,2,2.5,dynamic,3800000110,3800000110,257.9717736982306,4,1.2,False,12,6,18
common_0_30_w6,2,2.5,myopic,1600066610,1600066610,472.7574157714848,0,0.0,True,12,6,18
common_0_30_w6,2,2.5,myopic,1600066590,1600066590,399.8057861328117,0,0.0,True,12,6,18
common_0_30_w6,2,2.5,myopic,3800000120,3800000120,320.0619077142079,4,1.2,True,12,6,18
common_0_30_w6,2,2.5,myopic,3800001520,3800001520,327.6087036132809,0,0.0,True,12,6,18
common_0_30_w6,2,2.5,myopic,3800000127,3800000127,255.20157759110134,4,1.2,True,12,6,18
common_0_30_w6,2,2.5,myopic,1600066510,1600066510,462.30072753588354,4,1.2,False,12,6,18
common_0_30_w6,2,2.5,myopic,3800001611,3800001611,316.9749664457639,4,1.2,False,12,6,18
common_0_30_w6,2,2.5,myopic,3800000110,3800000110,257.39205436330286,4,1.2,False,12,6,18
common_0_30_w6,2,2.55,dynamic,1600066610,1600066610,472.7574157714848,0,0.0,True,12,6,18
common_0_30_w6,2,2.55,dynamic,1600066590,1600066590,399.8057861328117,0,0.0,True,12,6,18
common_0_30_w6,2,2.55,dynamic,3800000120,3800000120,324.566228708426,4,1.2,True,12,6,18
common_0_30_w6,2,2.55,dynamic,3800001520,3800001520,327.6087036132809,0,0.0,True,12,6,18
common_0_30_w6,2,2.55,dynamic,3800000127,3800000127,258.03948196625714,4,1.2,True,12,6,18
common_0_30_w6,2,2.55,dynamic,1600066510,1600066510,467.6648669322332,4,1.2,False,12,6,18
common_0_30_w6,2,2.55,dynamic,3800001611,3800001611,332.3937988281248,0,0.0,True,12,6,18
common_0_30_w6,2,2.55,dynamic,3800000110,3800000110,262.80272497071826,4,1.2,False,12,6,18
common_0_30_w6,2,2.55,myopic,1600066610,1600066610,472.7574157714848,0,0.0,True,12,6,18
common_0_30_w6,2,2.55,myopic,1600066590,1600066590,393.68723353274663,4,1.2,False,12,6,18
common_0_30_w6,2,2.55,myopic,3800000120,3800000120,324.22016638851164,4,1.2,True,12,6,18
common_0_30_w6,2,2.55,myopic,3800001520,3800001520,327.6087036132809,0,0.0,True,12,6,18
common_0_30_w6,2,2.55,myopic,3800000127,3800000127,258.03948196625714,4,1.2,True,12,6,18
common_0_30_w6,2,2.55,myopic,1600066510,1600066510,467.8434839957555,4,1.2,False,12,6,18
common_0_30_w6,2,2.55,myopic,3800001611,3800001611,320.4826747074922,4,1.2,False,12,6,18
common_0_30_w6,2,2.55,myopic,3800000110,3800000110,262.2069400473162,4,1.2,False,12,6,18
common_0_30_w6,2,2.6,dynamic,1600066610,1600066610,472.7574157714848,0,0.0,True,12,6,18
common_0_30_w6,2,2.6,dynamic,1600066590,1600066590,399.8057861328117,0,0.0,True,12,6,18
common_0_30_w6,2,2.6,dynamic,3800000120,3800000120,328.74538314819324,4,1.2,True,12,6,18
common_0_30_w6,2,2.6,dynamic,3800001520,3800001520,327.6087036132809,0,0.0,True,12,6,18
common_0_30_w6,2,2.6,dynamic,3800000127,3800000127,260.8773863414129,4,1.2,True,12,6,18
common_0_30_w6,2,2.6,dynamic,1600066510,1600066510,473.1755486806234,4,1.2,False,12,6,18
common_0_30_w6,2,2.6,dynamic,3800001611,3800001611,332.3937988281248,0,0.0,True,12,6,18
common_0_30_w6,2,2.6,dynamic,3800000110,3800000110,267.6336762432059,4,1.2,False,12,6,18
common_0_30_w6,2,2.6,myopic,1600066610,1600066610,472.7574157714848,0,0.0,True,12,6,18
common_0_30_w6,2,2.6,myopic,1600066590,1600066590,397.66002324358624,4,1.2,False,12,6,18
common_0_30_w6,2,2.6,myopic,3800000120,3800000120,328.3784250628153,4,1.2,True,12,6,18
common_0_30_w6,2,2.6,myopic,3800001520,3800001520,327.6087036132809,0,0.0,True,12,6,18
common_0_30_w6,2,2.6,myopic,3800000127,3800000127,260.8773863414129,4,1.2,True,12,6,18
common_0_30_w6,2,2.6,myopic,1600066510,1600066510,473.38624045562744,4,1.2,False,12,6,18
common_0_30_w6,2,2.6,myopic,3800001611,3800001611,323.9903829692205,4,1.2,False,12,6,18
common_0_30_w6,2,2.6,myopic,3800000110,3800000110,267.0218257313296,4,1.2,False,12,6,18
common_0_30_w6,2,2.65,dynamic,1600066610,1600066610,472.7574157714848,0,0.0,True,12,6,18
common_0_30_w6,2,2.65,dynamic,1600066590,1600066590,401.63281295442584,4,1.2,False,12,6,18
common_0_30_w6,2,2.65,dynamic,3800000120,3800000120,332.92453758796046,4,1.2,True,12,6,18
common_0_30_w6,2,2.65,dynamic,3800001520,3800001520,327.6087036132809,0,0.0,True,12,6,18
common_0_30_w6,2,2.65,dynamic,3800000127,3800000127,263.7152907165687,4,1.2,True,12,6,18
common_0_30_w6,2,2.65,dynamic,1600066510,1600066510,478.6517830084165,4,1.2,False,12,6,18
common_0_30_w6,2,2.65,dynamic,3800001611,3800001611,332.3937988281248,0,0.0,True,12,6,18
common_0_30_w6,2,2.65,dynamic,3800000110,3800000110,272.3330662644804,4,1.2,False,12,6,18
common_0_30_w6,2,2.65,myopic,1600066610,1600066610,472.7574157714848,0,0.0,True,12,6,18
common_0_30_w6,2,2.65,myopic,1600066590,1600066590,401.63281295442584,4,1.2,False,12,6,18
common_0_30_w6,2,2.65,myopic,3800000120,3800000120,332.536683737119,4,1.2,True,12,6,18
common_0_30_w6,2,2.65,myopic,3800001520,3800001520,327.6087036132809,0,0.0,True,12,6,18
common_0_30_w6,2,2.65,myopic,3800000127,3800000127,263.7152907165687,4,1.2,True,12,6,18
common_0_30_w6,2,2.65,myopic,1600066510,1600066510,478.9289969154994,4,1.2,False,12,6,18
common_0_30_w6,2,2.65,myopic,3800001611,3800001611,327.49809123094883,4,1.2,False,12,6,18
common_0_30_w6,2,2.65,myopic,3800000110,3800000110,271.83671141534296,4,1.2,False,12,6,18
common_0_30_w6,2,2.7,dynamic,1600066610,1600066610,472.7574157714848,0,0.0,True,12,6,18
common_0_30_w6,2,2.7,dynamic,1600066590,1600066590,405.60560266526545,4,1.2,False,12,6,18
common_0_30_w6,2,2.7,dynamic,3800000120,3800000120,337.1036920277277,4,1.2,True,12,6,18
common_0_30_w6,2,2.7,dynamic,3800001520,3800001520,327.6087036132809,0,0.0,True,12,6,18
common_0_30_w6,2,2.7,dynamic,3800000127,3800000127,266.55319509172443,4,1.2,True,12,6,18
common_0_30_w6,2,2.7,dynamic,1600066510,1600066510,484.1668256635666,4,1.2,False,12,6,18
common_0_30_w6,2,2.7,dynamic,3800001611,3800001611,332.3937988281248,0,0.0,True,12,6,18
common_0_30_w6,2,2.7,dynamic,3800000110,3800000110,277.1612600646119,4,1.2,False,12,6,18
common_0_30_w6,2,2.7,myopic,1600066610,1600066610,472.7574157714848,0,0.0,True,12,6,18
common_0_30_w6,2,2.7,myopic,1600066590,1600066590,405.60560266526545,4,1.2,False,12,6,18
common_0_30_w6,2,2.7,myopic,3800000120,3800000120,336.69494241142274,4,1.2,True,12,6,18
common_0_30_w6,2,2.7,myopic,3800001520,3800001520,327.6087036132809,0,0.0,True,12,6,18
common_0_30_w6,2,2.7,myopic,3800000127,3800000127,266.55319509172443,4,1.2,True,12,6,18
common_0_30_w6,2,2.7,myopic,1600066510,1600066510,484.47175337537135,4,1.2,False,12,6,18
common_0_30_w6,2,2.7,myopic,3800001611,3800001611,331.0057994926771,4,1.2,False,12,6,18
common_0_30_w6,2,2.7,myopic,3800000110,3800000110,276.65159709935637,4,1.2,False,12,6,18
common_0_30_w6,2,2.75,dynamic,1600066610,1600066610,475.32010279695197,3,0.8999999999999999,False,12,6,18
common_0_30_w6,2,2.75,dynamic,1600066590,1600066590,409.578392376105,4,1.2,False,12,6,18
common_0_30_w6,2,2.75,dynamic,3800000120,3800000120,341.28284646749483,4,1.2,True,12,6,18
common_0_30_w6,2,2.75,dynamic,3800001520,3800001520,327.6087036132809,0,0.0,True,12,6,18
common_0_30_w6,2,2.75,dynamic,3800000127,3800000127,269.3910994668802,4,1.2,True,12,6,18
common_0_30_w6,2,2.75,dynamic,1600066510,1600066510,489.6818683187167,4,1.2,False,12,6,18
common_0_30_w6,2,2.75,dynamic,3800001611,3800001611,332.9875872246425,1,0.3,False,12,6,18
common_0_30_w6,2,2.75,dynamic,3800000110,3800000110,281.9894538647434,4,1.2,False,12,6,18
common_0_30_w6,2,2.75,myopic,1600066610,1600066610,472.7574157714848,0,0.0,True,12,6,18
common_0_30_w6,2,2.75,myopic,1600066590,1600066590,409.578392376105,4,1.2,False,12,6,18
common_0_30_w6,2,2.75,myopic,3800000120,3800000120,340.85320108572637,4,1.2,True,12,6,18
common_0_30_w6,2,2.75,myopic,3800001520,3800001520,327.6087036132809,0,0.0,True,12,6,18
common_0_30_w6,2,2.75,myopic,3800000127,3800000127,269.3910994668802,4,1.2,True,12,6,18
common_0_30_w6,2,2.75,myopic,1600066510,1600066510,490.0145098352432,4,1.2,False,12,6,18
common_0_30_w6,2,2.75,myopic,3800001611,3800001611,334.5135077544054,4,1.2,False,12,6,18
common_0_30_w6,2,2.75,myopic,3800000110,3800000110,281.4664827833697,4,1.2,False,12,6,18
common_0_30_w6,2,2.8,dynamic,1600066610,1600066610,478.52283871014913,3,0.8999999999999999,False,12,6,18
common_0_30_w6,2,2.8,dynamic,1600066590,1600066590,413.55118208694455,4,1.2,False,12,6,18
common_0_30_w6,2,2.8,dynamic,3800000120,3800000120,345.46200090726205,4,1.2,True,12,6,18
common_0_30_w6,2,2.8,dynamic,3800001520,3800001520,327.6087036132809,0,0.0,True,12,6,18
common_0_30_w6,2,2.8,dynamic,3800000127,3800000127,272.229003842036,4,1.2,True,12,6,18
common_0_30_w6,2,2.8,dynamic,1600066510,1600066510,495.19691097386675,4,1.2,False,12,6,18
common_0_30_w6,2,2.8,dynamic,3800001611,3800001611,333.8722644373576,1,0.3,False,12,6,18
common_0_30_w6,2,2.8,dynamic,3800000110,3800000110,286.8176476648748,4,1.2,False,12,6,18
common_0_30_w6,2,2.8,myopic,1600066610,1600066610,472.7574157714848,0,0.0,True,12,6,18
common_0_30_w6,2,2.8,myopic,1600066590,1600066590,413.55118208694455,4,1.2,False,12,6,18
common_0_30_w6,2,2.8,myopic,3800000120,3800000120,345.0114597600301,4,1.2,True,12,6,18
common_0_30_w6,2,2.8,myopic,3800001520,3800001520,327.6087036132809,0,0.0,True,12,6,18
common_0_30_w6,2,2.8,myopic,3800000127,3800000127,272.229003842036,4,1.2,True,12,6,18
common_0_30_w6,2,2.8,myopic,1600066510,1600066510,495.55726629511514,4,1.2,False,12,6,18
common_0_30_w6,2,2.8,myopic,3800001611,3800001611,338.0212160161336,4,1.2,False,12,6,18
common_0_30_w6,2,2.8,myopic,3800000110,3800000110,286.28136846738306,4,1.2,False,12,6,18
common_0_30_w6,2,2.85,dynamic,1600066610,1600066610,484.65145379670463,4,1.2,False,12,6,18
common_0_30_w6,2,2.85,dynamic,1600066590,1600066590,417.52397179778416,4,1.2,False,12,6,18
common_0_30_w6,2,2.85,dynamic,3800000120,3800000120,349.64115534702927,4,1.2,True,12,6,18
common_0_30_w6,2,2.85,dynamic,3800001520,3800001520,327.6087036132809,0,0.0,True,12,6,18
common_0_30_w6,2,2.85,dynamic,3800000127,3800000127,275.0669082171917,4,1.2,True,12,6,18
common_0_30_w6,2,2.85,dynamic,1600066510,1600066510,500.7119536290169,4,1.2,False,12,6,18
common_0_30_w6,2,2.85,dynamic,3800001611,3800001611,332.3937988281248,0,0.0,True,12,6,18
common_0_30_w6,2,2.85,dynamic,3800000110,3800000110,291.09625415139647,4,1.2,False,12,6,18
common_0_30_w6,2,2.85,myopic,1600066610,1600066610,472.7574157714848,0,0.0,True,12,6,18
common_0_30_w6,2,2.85,myopic,1600066590,1600066590,417.52397179778416,4,1.2,False,12,6,18
common_0_30_w6,2,2.85,myopic,3800000120,3800000120,349.1697184343338,4,1.2,True,12,6,18
common_0_30_w6,2,2.85,myopic,3800001520,3800001520,327.6087036132809,0,0.0,True,12,6,18
common_0_30_w6,2,2.85,myopic,3800000127,3800000127,275.0669082171917,4,1.2,True,12,6,18
common_0_30_w6,2,2.85,myopic,1600066510,1600066510,501.1000227549871,4,1.2,False,12,6,18
common_0_30_w6,2,2.85,myopic,3800001611,3800001611,341.52892427786196,4,1.2,False,12,6,18
common_0_30_w6,2,2.85,myopic,3800000110,3800000110,291.09625415139647,4,1.2,False,12,6,18
common_0_30_w6,2,2.9,dynamic,1600066610,1600066610,488.8870358168284,4,1.2,False,12,6,18
common_0_30_w6,2,2.9,dynamic,1600066590,1600066590,421.49676150862376,4,1.2,False,12,6,18
common_0_30_w6,2,2.9,dynamic,3800000120,3800000120,353.82030978679643,4,1.2,True,12,6,18
common_0_30_w6,2,2.9,dynamic,3800001520,3800001520,327.6087036132809,0,0.0,True,12,6,18
common_0_30_w6,2,2.9,dynamic,3800000127,3800000127,277.90481259234747,4,1.2,True,12,6,18
common_0_30_w6,2,2.9,dynamic,1600066510,1600066510,506.22699628416694,4,1.2,False,12,6,18
common_0_30_w6,2,2.9,dynamic,3800001611,3800001611,332.3937988281248,0,0.0,True,12,6,18
common_0_30_w6,2,2.9,dynamic,3800000110,3800000110,295.9111398354098,4,1.2,False,12,6,18
common_0_30_w6,2,2.9,myopic,1600066610,1600066610,472.7574157714848,0,0.0,True,12,6,18
common_0_30_w6,2,2.9,myopic,1600066590,1600066590,421.49676150862376,4,1.2,False,12,6,18
common_0_30_w6,2,2.9,myopic,3800000120,3800000120,353.32797710863747,4,1.2,True,12,6,18
common_0_30_w6,2,2.9,myopic,3800001520,3800001520,327.6087036132809,0,0.0,True,12,6,18
common_0_30_w6,2,2.9,myopic,3800000127,3800000127,277.90481259234747,4,1.2,True,12,6,18
common_0_30_w6,2,2.9,myopic,1600066510,1600066510,506.64277921485893,4,1.2,False,12,6,18
common_0_30_w6,2,2.9,myopic,3800001611,3800001611,345.03663253959024,4,1.2,False,12,6,18
common_0_30_w6,2,2.9,myopic,3800000110,3800000110,295.9111398354098,4,1.2,False,12,6,18
common_0_30_w6,2,2.95,dynamic,1600066610,1600066610,493.12261783695226,4,1.2,False,12,6,18
common_0_30_w6,2,2.95,dynamic,1600066590,1600066590,425.46955121946337,4,1.2,False,12,6,18
common_0_30_w6,2,2.95,dynamic,3800000120,3800000120,357.99946422656365,4,1.2,True,12,6,18
common_0_30_w6,2,2.95,dynamic,3800001520,3800001520,327.6087036132809,0,0.0,True,12,6,18
common_0_30_w6,2,2.95,dynamic,3800000127,3800000127,280.74271696750327,4,1.2,True,12,6,18
common_0_30_w6,2,2.95,dynamic,1600066510,1600066510,511.74203893931707,4,1.2,False,12,6,18
common_0_30_w6,2,2.95,dynamic,3800001611,3800001611,332.3937988281248,0,0.0,True,12,6,18
common_0_30_w6,2,2.95,dynamic,3800000110,3800000110,300.72602551942316,4,1.2,False,12,6,18
common_0_30_w6,2,2.95,myopic,1600066610,1600066610,472.7574157714848,0,0.0,True,12,6,18
common_0_30_w6,2,2.95,myopic,1600066590,1600066590,425.46955121946337,4,1.2,False,12,6,18
common_0_30_w6,2,2.95,myopic,3800000120,3800000120,357.4862357829412,4,1.2,True,12,6,18
common_0_30_w6,2,2.95,myopic,3800001520,3800001520,327.6087036132809,0,0.0,True,12,6,18
common_0_30_w6,2,2.95,myopic,3800000127,3800000127,280.74271696750327,4,1.2,True,12,6,18
common_0_30_w6,2,2.95,myopic,1600066510,1600066510,512.185535674731,4,1.2,False,12,6,18
common_0_30_w6,2,2.95,myopic,3800001611,3800001611,348.5443408013185,4,1.2,False,12,6,18
common_0_30_w6,2,2.95,myopic,3800000110,3800000110,300.72602551942316,4,1.2,False,12,6,18
common_0_30_w6,2,3.0,dynamic,1600066610,1600066610,497.358199857076,4,1.2,False,12,6,18
common_0_30_w6,2,3.0,dynamic,1600066590,1600066590,429.4423409303029,4,1.2,False,12,6,18
common_0_30_w6,2,3.0,dynamic,3800000120,3800000120,362.17861866633086,4,1.2,True,12,6,18
common_0_30_w6,2,3.0,dynamic,3800001520,3800001520,327.6087036132809,0,0.0,True,12,6,18
common_0_30_w6,2,3.0,dynamic,3800000127,3800000127,283.580621342659,4,1.2,True,12,6,18
common_0_30_w6,2,3.0,dynamic,1600066510,1600066510,517.2570815944671,4,1.2,False,12,6,18
common_0_30_w6,2,3.0,dynamic,3800001611,3800001611,332.3937988281248,0,0.0,True,12,6,18
common_0_30_w6,2,3.0,dynamic,3800000110,3800000110,305.54091120343656,4,1.2,False,12,6,18
common_0_30_w6,2,3.0,myopic,1600066610,1600066610,472.7574157714848,0,0.0,True,12,6,18
common_0_30_w6,2,3.0,myopic,1600066590,1600066590,429.4423409303029,4,1.2,False,12,6,18
common_0_30_w6,2,3.0,myopic,3800000120,3800000120,361.64449445724483,4,1.2,True,12,6,18
common_0_30_w6,2,3.0,myopic,3800001520,3800001520,327.6087036132809,0,0.0,True,12,6,18
common_0_30_w6,2,3.0,myopic,3800000127,3800000127,283.580621342659,4,1.2,True,12,6,18
common_0_30_w6,2,3.0,myopic,1600066510,1600066510,517.7282921346028,4,1.2,False,12,6,18
common_0_30_w6,2,3.0,myopic,3800001611,3800001611,352.0520490630468,4,1.2,False,12,6,18
common_0_30_w6,2,3.0,myopic,3800000110,3800000110,305.54091120343656,4,1.2,False,12,6,18
common_0_30_w6,2,3.05,dynamic,1600066610,1600066610,501.59378187719983,4,1.2,False,12,6,18
common_0_30_w6,2,3.05,dynamic,1600066590,1600066590,433.41513064114247,4,1.2,False,12,6,18
common_0_30_w6,2,3.05,dynamic,3800000120,3800000120,366.357773106098,4,1.2,True,12,6,18
common_0_30_w6,2,3.05,dynamic,3800001520,3800001520,327.6087036132809,0,0.0,True,12,6,18
common_0_30_w6,2,3.05,dynamic,3800000127,3800000127,286.4185257178148,4,1.2,True,12,6,18
common_0_30_w6,2,3.05,dynamic,1600066510,1600066510,522.7721242496173,4,1.2,False,12,6,18
common_0_30_w6,2,3.05,dynamic,3800001611,3800001611,332.3937988281248,0,0.0,True,12,6,18
common_0_30_w6,2,3.05,dynamic,3800000110,3800000110,310.3557968874499,4,1.2,False,12,6,18
common_0_30_w6,2,3.05,myopic,1600066610,1600066610,472.7574157714848,0,0.0,True,12,6,18
common_0_30_w6,2,3.05,myopic,1600066590,1600066590,433.41513064114247,4,1.2,False,12,6,18
common_0_30_w6,2,3.05,myopic,3800000120,3800000120,365.8027531315485,4,1.2,True,12,6,18
common_0_30_w6,2,3.05,myopic,3800001520,3800001520,327.6087036132809,0,0.0,True,12,6,18
common_0_30_w6,2,3.05,myopic,3800000127,3800000127,286.4185257178148,4,1.2,True,12,6,18
common_0_30_w6,2,3.05,myopic,1600066510,1600066510,523.2710485944748,4,1.2,False,12,6,18
common_0_30_w6,2,3.05,myopic,3800001611,3800001611,355.5597573247751,4,1.2,False,12,6,18
common_0_30_w6,2,3.05,myopic,3800000110,3800000110,310.3557968874499,4,1.2,False,12,6,18
common_0_30_w6,2,3.1,dynamic,1600066610,1600066610,505.8293638973237,4,1.2,False,12,6,18
common_0_30_w6,2,3.1,dynamic,1600066590,1600066590,437.3879203519821,4,1.2,False,12,6,18
common_0_30_w6,2,3.1,dynamic,3800000120,3800000120,370.5369275458653,4,1.2,True,12,6,18
common_0_30_w6,2,3.1,dynamic,3800001520,3800001520,327.6087036132809,0,0.0,True,12,6,18
common_0_30_w6,2,3.1,dynamic,3800000127,3800000127,289.25643009297056,4,1.2,True,12,6,18
common_0_30_w6,2,3.1,dynamic,1600066510,1600066510,528.2871669047674,4,1.2,False,12,6,18
common_0_30_w6,2,3.1,dynamic,3800001611,3800001611,332.3937988281248,0,0.0,True,12,6,18
common_0_30_w6,2,3.1,dynamic,3800000110,3800000110,315.17068257146326,4,1.2,False,12,6,18
common_0_30_w6,2,3.1,myopic,1600066610,1600066610,472.7574157714848,0,0.0,True,12,6,18
common_0_30_w6,2,3.1,myopic,1600066590,1600066590,437.3879203519821,4,1.2,False,12,6,18
common_0_30_w6,2,3.1,myopic,3800000120,3800000120,369.9610118058522,4,1.2,True,12,6,18
common_0_30_w6,2,3.1,myopic,3800001520,3800001520,327.6087036132809,0,0.0,True,12,6,18
common_0_30_w6,2,3.1,myopic,3800000127,3800000127,289.25643009297056,4,1.2,True,12,6,18
common_0_30_w6,2,3.1,myopic,1600066510,1600066510,528.8138050543467,4,1.2,False,12,6,18
common_0_30_w6,2,3.1,myopic,3800001611,3800001611,359.06746558650343,4,1.2,False,12,6,18
common_0_30_w6,2,3.1,myopic,3800000110,3800000110,315.17068257146326,4,1.2,False,12,6,18
common_0_30_w6,2,3.15,dynamic,1600066610,1600066610,510.0649459174474,4,1.2,False,12,6,18
common_0_30_w6,2,3.15,dynamic,1600066590,1600066590,441.3607100628217,4,1.2,False,12,6,18
common_0_30_w6,2,3.15,dynamic,3800000120,3800000120,374.71608198563246,4,1.2,True,12,6,18
common_0_30_w6,2,3.15,dynamic,3800001520,3800001520,327.6087036132809,0,0.0,True,12,6,18
common_0_30_w6,2,3.15,dynamic,3800000127,3800000127,292.0943344681263,4,1.2,True,12,6,18
common_0_30_w6,2,3.15,dynamic,1600066510,1600066510,533.8022095599174,4,1.2,False,12,6,18
common_0_30_w6,2,3.15,dynamic,3800001611,3800001611,332.3937988281248,0,0.0,True,12,6,18
common_0_30_w6,2,3.15,dynamic,3800000110,3800000110,319.9855682554766,4,1.2,False,12,6,18
common_0_30_w6,2,3.15,myopic,1600066610,1600066610,472.7574157714848,0,0.0,True,12,6,18
common_0_30_w6,2,3.15,myopic,1600066590,1600066590,441.3607100628217,4,1.2,False,12,6,18
common_0_30_w6,2,3.15,myopic,3800000120,3800000120,374.11927048015593,4,1.2,True,12,6,18
common_0_30_w6,2,3.15,myopic,3800001520,3800001520,327.6087036132809,0,0.0,True,12,6,18
common_0_30_w6,2,3.15,myopic,3800000127,3800000127,292.0943344681263,4,1.2,True,12,6,18
common_0_30_w6,2,3.15,myopic,1600066510,1600066510,534.3565615142186,4,1.2,False,12,6,18
common_0_30_w6,2,3.15,myopic,3800001611,3800001611,362.57517384823166,4,1.2,False,12,6,18
common_0_30_w6,2,3.15,myopic,3800000110,3800000110,319.9855682554766,4,1.2,False,12,6,18
common_0_30_w6,2,3.2,dynamic,1600066610,1600066610,514.3005279375712,4,1.2,False,12,6,18
common_0_30_w6,2,3.2,dynamic,1600066590,1600066590,445.3334997736613,4,1.2,False,12,6,18
common_0_30_w6,2,3.2,dynamic,3800000120,3800000120,378.8952364253997,4,1.2,True,12,6,18
common_0_30_w6,2,3.2,dynamic,3800001520,3800001520,327.6087036132809,0,0.0,True,12,6,18
common_0_30_w6,2,3.2,dynamic,3800000127,3800000127,294.9322388432821,4,1.2,True,12,6,18
common_0_30_w6,2,3.2,dynamic,1600066510,1600066510,539.3172522150676,4,1.2,False,12,6,18
common_0_30_w6,2,3.2,dynamic,3800001611,3800001611,332.3937988281248,0,0.0,True,12,6,18
common_0_30_w6,2,3.2,dynamic,3800000110,3800000110,324.80045393949,4,1.2,False,12,6,18
common_0_30_w6,2,3.2,myopic,1600066610,1600066610,472.7574157714848,0,0.0,True,12,6,18
common_0_30_w6,2,3.2,myopic,1600066590,1600066590,445.3334997736613,4,1.2,False,12,6,18
common_0_30_w6,2,3.2,myopic,3800000120,3800000120,378.27752915445967,4,1.2,True,12,6,18
common_0_30_w6,2,3.2,myopic,3800001520,3800001520,327.6087036132809,0,0.0,True,12,6,18
common_0_30_w6,2,3.2,myopic,3800000127,3800000127,294.9322388432821,4,1.2,True,12,6,18
common_0_30_w6,2,3.2,myopic,1600066510,1600066510,539.8993179740905,4,1.2,False,12,6,18
common_0_30_w6,2,3.2,myopic,3800001611,3800001611,366.08288210996,4,1.2,False,12,6,18
common_0_30_w6,2,3.2,myopic,3800000110,3800000110,324.80045393949,4,1.2,False,12,6,18
common_0_30_w6,3,1.2,dynamic,1600066610,1600066610,472.7574157714848,0,0.0,True,12,6,18
common_0_30_w6,3,1.2,dynamic,1600066590,1600066590,399.8057861328117,0,0.0,True,12,6,18
common_0_30_w6,3,1.2,dynamic,3800000120,3800000120,249.29017639160062,0,0.0,True,12,6,18
common_0_30_w6,3,1.2,dynamic,3800001520,3800001520,327.6087036132809,0,0.0,True,12,6,18
common_0_30_w6,3,1.2,dynamic,3800000127,3800000127,239.69628906249972,0,0.0,True,12,6,18
common_0_30_w6,3,1.2,dynamic,1600066510,1600066510,398.87255859374886,0,0.0,True,12,6,18
common_0_30_w6,3,1.2,dynamic,3800001611,3800001611,332.3937988281248,0,0.0,True,12,6,18
common_0_30_w6,3,1.2,dynamic,3800000110,3800000110,161.52136230468736,0,0.0,True,12,6,18
common_0_30_w6,3,1.2,myopic,1600066610,1600066610,472.7574157714848,0,0.0,True,12,6,18
common_0_30_w6,3,1.2,myopic,1600066590,1600066590,399.8057861328117,0,0.0,True,12,6,18
common_0_30_w6,3,1.2,myopic,3800000120,3800000120,249.29017639160062,0,0.0,True,12,6,18
common_0_30_w6,3,1.2,myopic,3800001520,3800001520,327.6087036132809,0,0.0,True,12,6,18
common_0_30_w6,3,1.2,myopic,3800000127,3800000127,239.69628906249972,0,0.0,True,12,6,18
common_0_30_w6,3,1.2,myopic,1600066510,1600066510,398.87255859374886,0,0.0,True,12,6,18
common_0_30_w6,3,1.2,myopic,3800001611,3800001611,332.3937988281248,0,0.0,True,12,6,18
common_0_30_w6,3,1.2,myopic,3800000110,3800000110,161.52136230468736,0,0.0,True,12,6,18
common_0_30_w6,3,1.25,dynamic,1600066610,1600066610,472.7574157714848,0,0.0,True,12,6,18
common_0_30_w6,3,1.25,dynamic,1600066590,1600066590,399.8057861328117,0,0.0,True,12,6,18
common_0_30_w6,3,1.25,dynamic,3800000120,3800000120,249.29017639160062,0,0.0,True,12,6,18
common_0_30_w6,3,1.25,dynamic,3800001520,3800001520,327.6087036132809,0,0.0,True,12,6,18
common_0_30_w6,3,1.25,dynamic,3800000127,3800000127,239.69628906249972,0,0.0,True,12,6,18
common_0_30_w6,3,1.25,dynamic,1600066510,1600066510,398.87255859374886,0,0.0,True,12,6,18
common_0_30_w6,3,1.25,dynamic,3800001611,3800001611,332.3937988281248,0,0.0,True,12,6,18
common_0_30_w6,3,1.25,dynamic,3800000110,3800000110,161.52136230468736,0,0.0,True,12,6,18
common_0_30_w6,3,1.25,myopic,1600066610,1600066610,472.7574157714848,0,0.0,True,12,6,18
common_0_30_w6,3,1.25,myopic,1600066590,1600066590,399.8057861328117,0,0.0,True,12,6,18
common_0_30_w6,3,1.25,myopic,3800000120,3800000120,249.29017639160062,0,0.0,True,12,6,18
common_0_30_w6,3,1.25,myopic,3800001520,3800001520,327.6087036132809,0,0.0,True,12,6,18
common_0_30_w6,3,1.25,myopic,3800000127,3800000127,239.69628906249972,0,0.0,True,12,6,18
common_0_30_w6,3,1.25,myopic,1600066510,1600066510,398.87255859374886,0,0.0,True,12,6,18
common_0_30_w6,3,1.25,myopic,3800001611,3800001611,332.3937988281248,0,0.0,True,12,6,18
common_0_30_w6,3,1.25,myopic,3800000110,3800000110,161.52136230468736,0,0.0,True,12,6,18
common_0_30_w6,3,1.3,dynamic,1600066610,1600066610,472.7574157714848,0,0.0,True,12,6,18
common_0_30_w6,3,1.3,dynamic,1600066590,1600066590,399.8057861328117,0,0.0,True,12,6,18
common_0_30_w6,3,1.3,dynamic,3800000120,3800000120,249.29017639160062,0,0.0,True,12,6,18
common_0_30_w6,3,1.3,dynamic,3800001520,3800001520,327.6087036132809,0,0.0,True,12,6,18
common_0_30_w6,3,1.3,dynamic,3800000127,3800000127,239.69628906249972,0,0.0,True,12,6,18
common_0_30_w6,3,1.3,dynamic,1600066510,1600066510,398.87255859374886,0,0.0,True,12,6,18
common_0_30_w6,3,1.3,dynamic,3800001611,3800001611,332.3937988281248,0,0.0,True,12,6,18
common_0_30_w6,3,1.3,dynamic,3800000110,3800000110,161.52136230468736,0,0.0,True,12,6,18
common_0_30_w6,3,1.3,myopic,1600066610,1600066610,472.7574157714848,0,0.0,True,12,6,18
common_0_30_w6,3,1.3,myopic,1600066590,1600066590,399.8057861328117,0,0.0,True,12,6,18
common_0_30_w6,3,1.3,myopic,3800000120,3800000120,249.29017639160062,0,0.0,True,12,6,18
common_0_30_w6,3,1.3,myopic,3800001520,3800001520,327.6087036132809,0,0.0,True,12,6,18
common_0_30_w6,3,1.3,myopic,3800000127,3800000127,239.69628906249972,0,0.0,True,12,6,18
common_0_30_w6,3,1.3,myopic,1600066510,1600066510,398.87255859374886,0,0.0,True,12,6,18
common_0_30_w6,3,1.3,myopic,3800001611,3800001611,332.3937988281248,0,0.0,True,12,6,18
common_0_30_w6,3,1.3,myopic,3800000110,3800000110,161.52136230468736,0,0.0,True,12,6,18
common_0_30_w6,3,1.35,dynamic,1600066610,1600066610,472.7574157714848,0,0.0,True,12,6,18
common_0_30_w6,3,1.35,dynamic,1600066590,1600066590,399.8057861328117,0,0.0,True,12,6,18
common_0_30_w6,3,1.35,dynamic,3800000120,3800000120,249.29017639160062,0,0.0,True,12,6,18
common_0_30_w6,3,1.35,dynamic,3800001520,3800001520,327.6087036132809,0,0.0,True,12,6,18
common_0_30_w6,3,1.35,dynamic,3800000127,3800000127,239.69628906249972,0,0.0,True,12,6,18
common_0_30_w6,3,1.35,dynamic,1600066510,1600066510,398.87255859374886,0,0.0,True,12,6,18
common_0_30_w6,3,1.35,dynamic,3800001611,3800001611,332.3937988281248,0,0.0,True,12,6,18
common_0_30_w6,3,1.35,dynamic,3800000110,3800000110,161.52136230468736,0,0.0,True,12,6,18
common_0_30_w6,3,1.35,myopic,1600066610,1600066610,472.7574157714848,0,0.0,True,12,6,18
common_0_30_w6,3,1.35,myopic,1600066590,1600066590,399.8057861328117,0,0.0,True,12,6,18
common_0_30_w6,3,1.35,myopic,3800000120,3800000120,249.29017639160062,0,0.0,True,12,6,18
common_0_30_w6,3,1.35,myopic,3800001520,3800001520,327.6087036132809,0,0.0,True,12,6,18
common_0_30_w6,3,1.35,myopic,3800000127,3800000127,239.69628906249972,0,0.0,True,12,6,18
common_0_30_w6,3,1.35,myopic,1600066510,1600066510,398.87255859374886,0,0.0,True,12,6,18
common_0_30_w6,3,1.35,myopic,3800001611,3800001611,332.3937988281248,0,0.0,True,12,6,18
common_0_30_w6,3,1.35,myopic,3800000110,3800000110,161.52136230468736,0,0.0,True,12,6,18
common_0_30_w6,3,1.4,dynamic,1600066610,1600066610,472.7574157714848,0,0.0,True,12,6,18
common_0_30_w6,3,1.4,dynamic,1600066590,1600066590,399.8057861328117,0,0.0,True,12,6,18
common_0_30_w6,3,1.4,dynamic,3800000120,3800000120,249.29017639160062,0,0.0,True,12,6,18
common_0_30_w6,3,1.4,dynamic,3800001520,3800001520,327.6087036132809,0,0.0,True,12,6,18
common_0_30_w6,3,1.4,dynamic,3800000127,3800000127,239.69628906249972,0,0.0,True,12,6,18
common_0_30_w6,3,1.4,dynamic,1600066510,1600066510,398.87255859374886,0,0.0,True,12,6,18
common_0_30_w6,3,1.4,dynamic,3800001611,3800001611,332.3937988281248,0,0.0,True,12,6,18
common_0_30_w6,3,1.4,dynamic,3800000110,3800000110,161.52136230468736,0,0.0,True,12,6,18
common_0_30_w6,3,1.4,myopic,1600066610,1600066610,472.7574157714848,0,0.0,True,12,6,18
common_0_30_w6,3,1.4,myopic,1600066590,1600066590,399.8057861328117,0,0.0,True,12,6,18
common_0_30_w6,3,1.4,myopic,3800000120,3800000120,249.29017639160062,0,0.0,True,12,6,18
common_0_30_w6,3,1.4,myopic,3800001520,3800001520,327.6087036132809,0,0.0,True,12,6,18
common_0_30_w6,3,1.4,myopic,3800000127,3800000127,239.69628906249972,0,0.0,True,12,6,18
common_0_30_w6,3,1.4,myopic,1600066510,1600066510,398.87255859374886,0,0.0,True,12,6,18
common_0_30_w6,3,1.4,myopic,3800001611,3800001611,332.3937988281248,0,0.0,True,12,6,18
common_0_30_w6,3,1.4,myopic,3800000110,3800000110,151.4645693150088,4,1.2,False,12,6,18
common_0_30_w6,3,1.45,dynamic,1600066610,1600066610,472.7574157714848,0,0.0,True,12,6,18
common_0_30_w6,3,1.45,dynamic,1600066590,1600066590,399.8057861328117,0,0.0,True,12,6,18
common_0_30_w6,3,1.45,dynamic,3800000120,3800000120,249.29017639160062,0,0.0,True,12,6,18
common_0_30_w6,3,1.45,dynamic,3800001520,3800001520,327.6087036132809,0,0.0,True,12,6,18
common_0_30_w6,3,1.45,dynamic,3800000127,3800000127,239.69628906249972,0,0.0,True,12,6,18
common_0_30_w6,3,1.45,dynamic,1600066510,1600066510,398.87255859374886,0,0.0,True,12,6,18
common_0_30_w6,3,1.45,dynamic,3800001611,3800001611,332.3937988281248,0,0.0,True,12,6,18
common_0_30_w6,3,1.45,dynamic,3800000110,3800000110,161.52136230468736,0,0.0,True,12,6,18
common_0_30_w6,3,1.45,myopic,1600066610,1600066610,472.7574157714848,0,0.0,True,12,6,18
common_0_30_w6,3,1.45,myopic,1600066590,1600066590,399.8057861328117,0,0.0,True,12,6,18
common_0_30_w6,3,1.45,myopic,3800000120,3800000120,249.29017639160062,0,0.0,True,12,6,18
common_0_30_w6,3,1.45,myopic,3800001520,3800001520,327.6087036132809,0,0.0,True,12,6,18
common_0_30_w6,3,1.45,myopic,3800000127,3800000127,239.69628906249972,0,0.0,True,12,6,18
common_0_30_w6,3,1.45,myopic,1600066510,1600066510,398.87255859374886,0,0.0,True,12,6,18
common_0_30_w6,3,1.45,myopic,3800001611,3800001611,332.3937988281248,0,0.0,True,12,6,18
common_0_30_w6,3,1.45,myopic,3800000110,3800000110,156.27945499902216,4,1.2,False,12,6,18
common_0_30_w6,3,1.5,dynamic,1600066610,1600066610,472.7574157714848,0,0.0,True,12,6,18
common_0_30_w6,3,1.5,dynamic,1600066590,1600066590,399.8057861328117,0,0.0,True,12,6,18
common_0_30_w6,3,1.5,dynamic,3800000120,3800000120,249.29017639160062,0,0.0,True,12,6,18
common_0_30_w6,3,1.5,dynamic,3800001520,3800001520,327.6087036132809,0,0.0,True,12,6,18
common_0_30_w6,3,1.5,dynamic,3800000127,3800000127,239.69628906249972,0,0.0,True,12,6,18
common_0_30_w6,3,1.5,dynamic,1600066510,1600066510,398.87255859374886,0,0.0,True,12,6,18
common_0_30_w6,3,1.5,dynamic,3800001611,3800001611,332.3937988281248,0,0.0,True,12,6,18
common_0_30_w6,3,1.5,dynamic,3800000110,3800000110,161.92442533254626,2,0.6,False,12,6,18
common_0_30_w6,3,1.5,myopic,1600066610,1600066610,472.7574157714848,0,0.0,True,12,6,18
common_0_30_w6,3,1.5,myopic,1600066590,1600066590,399.8057861328117,0,0.0,True,12,6,18
common_0_30_w6,3,1.5,myopic,3800000120,3800000120,249.29017639160062,0,0.0,True,12,6,18
common_0_30_w6,3,1.5,myopic,3800001520,3800001520,327.6087036132809,0,0.0,True,12,6,18
common_0_30_w6,3,1.5,myopic,3800000127,3800000127,239.69628906249972,0,0.0,True,12,6,18
common_0_30_w6,3,1.5,myopic,1600066510,1600066510,398.87255859374886,0,0.0,True,12,6,18
common_0_30_w6,3,1.5,myopic,3800001611,3800001611,332.3937988281248,0,0.0,True,12,6,18
common_0_30_w6,3,1.5,myopic,3800000110,3800000110,161.09434068303554,4,1.2,False,12,6,18
common_0_30_w6,3,1.55,dynamic,1600066610,1600066610,472.7574157714848,0,0.0,True,12,6,18
common_0_30_w6,3,1.55,dynamic,1600066590,1600066590,399.8057861328117,0,0.0,True,12,6,18
common_0_30_w6,3,1.55,dynamic,3800000120,3800000120,249.29017639160062,0,0.0,True,12,6,18
common_0_30_w6,3,1.55,dynamic,3800001520,3800001520,327.6087036132809,0,0.0,True,12,6,18
common_0_30_w6,3,1.55,dynamic,3800000127,3800000127,239.69628906249972,0,0.0,True,12,6,18
common_0_30_w6,3,1.55,dynamic,1600066510,1600066510,398.87255859374886,0,0.0,True,12,6,18
common_0_30_w6,3,1.55,dynamic,3800001611,3800001611,332.3937988281248,0,0.0,True,12,6,18
common_0_30_w6,3,1.55,dynamic,3800000110,3800000110,166.33927937197686,4,1.2,False,12,6,18
common_0_30_w6,3,1.55,myopic,1600066610,1600066610,472.7574157714848,0,0.0,True,12,6,18
common_0_30_w6,3,1.55,myopic,1600066590,1600066590,399.8057861328117,0,0.0,True,12,6,18
common_0_30_w6,3,1.55,myopic,3800000120,3800000120,249.29017639160062,0,0.0,True,12,6,18
common_0_30_w6,3,1.55,myopic,3800001520,3800001520,327.6087036132809,0,0.0,True,12,6,18
common_0_30_w6,3,1.55,myopic,3800000127,3800000127,239.69628906249972,0,0.0,True,12,6,18
common_0_30_w6,3,1.55,myopic,1600066510,1600066510,398.87255859374886,0,0.0,True,12,6,18
common_0_30_w6,3,1.55,myopic,3800001611,3800001611,332.3937988281248,0,0.0,True,12,6,18
common_0_30_w6,3,1.55,myopic,3800000110,3800000110,165.9092263670489,4,1.2,False,12,6,18
common_0_30_w6,3,1.6,dynamic,1600066610,1600066610,472.7574157714848,0,0.0,True,12,6,18
common_0_30_w6,3,1.6,dynamic,1600066590,1600066590,399.8057861328117,0,0.0,True,12,6,18
common_0_30_w6,3,1.6,dynamic,3800000120,3800000120,249.29017639160062,0,0.0,True,12,6,18
common_0_30_w6,3,1.6,dynamic,3800001520,3800001520,327.6087036132809,0,0.0,True,12,6,18
common_0_30_w6,3,1.6,dynamic,3800000127,3800000127,239.69628906249972,0,0.0,True,12,6,18
common_0_30_w6,3,1.6,dynamic,1600066510,1600066510,398.87255859374886,0,0.0,True,12,6,18
common_0_30_w6,3,1.6,dynamic,3800001611,3800001611,332.3937988281248,0,0.0,True,12,6,18
common_0_30_w6,3,1.6,dynamic,3800000110,3800000110,171.1226253183683,4,1.2,False,12,6,18
common_0_30_w6,3,1.6,myopic,1600066610,1600066610,472.7574157714848,0,0.0,True,12,6,18
common_0_30_w6,3,1.6,myopic,1600066590,1600066590,399.8057861328117,0,0.0,True,12,6,18
common_0_30_w6,3,1.6,myopic,3800000120,3800000120,249.29017639160062,0,0.0,True,12,6,18
common_0_30_w6,3,1.6,myopic,3800001520,3800001520,327.6087036132809,0,0.0,True,12,6,18
common_0_30_w6,3,1.6,myopic,3800000127,3800000127,239.69628906249972,0,0.0,True,12,6,18
common_0_30_w6,3,1.6,myopic,1600066510,1600066510,398.87255859374886,0,0.0,True,12,6,18
common_0_30_w6,3,1.6,myopic,3800001611,3800001611,332.3937988281248,0,0.0,True,12,6,18
common_0_30_w6,3,1.6,myopic,3800000110,3800000110,170.72411205106226,4,1.2,False,12,6,18
common_0_30_w6,3,1.65,dynamic,1600066610,1600066610,472.7574157714848,0,0.0,True,12,6,18
common_0_30_w6,3,1.65,dynamic,1600066590,1600066590,399.8057861328117,0,0.0,True,12,6,18
common_0_30_w6,3,1.65,dynamic,3800000120,3800000120,249.4082453476587,3,0.8999999999999999,True,12,6,18
common_0_30_w6,3,1.65,dynamic,3800001520,3800001520,327.6087036132809,0,0.0,True,12,6,18
common_0_30_w6,3,1.65,dynamic,3800000127,3800000127,239.69628906249972,0,0.0,True,12,6,18
common_0_30_w6,3,1.65,dynamic,1600066510,1600066510,398.87255859374886,0,0.0,True,12,6,18
common_0_30_w6,3,1.65,dynamic,3800001611,3800001611,332.3937988281248,0,0.0,True,12,6,18
common_0_30_w6,3,1.65,dynamic,3800000110,3800000110,175.92394688345988,4,1.2,False,12,6,18
common_0_30_w6,3,1.65,myopic,1600066610,1600066610,472.7574157714848,0,0.0,True,12,6,18
common_0_30_w6,3,1.65,myopic,1600066590,1600066590,399.8057861328117,0,0.0,True,12,6,18
common_0_30_w6,3,1.65,myopic,3800000120,3800000120,249.34144879261646,4,1.2,True,12,6,18
common_0_30_w6,3,1.65,myopic,3800001520,3800001520,327.6087036132809,0,0.0,True,12,6,18
common_0_30_w6,3,1.65,myopic,3800000127,3800000127,239.69628906249972,0,0.0,True,12,6,18
common_0_30_w6,3,1.65,myopic,1600066510,1600066510,398.87255859374886,0,0.0,True,12,6,18
common_0_30_w6,3,1.65,myopic,3800001611,3800001611,332.3937988281248,0,0.0,True,12,6,18
common_0_30_w6,3,1.65,myopic,3800000110,3800000110,175.5389977350756,4,1.2,False,12,6,18
common_0_30_w6,3,1.7,dynamic,1600066610,1600066610,472.7574157714848,0,0.0,True,12,6,18
common_0_30_w6,3,1.7,dynamic,1600066590,1600066590,399.8057861328117,0,0.0,True,12,6,18
common_0_30_w6,3,1.7,dynamic,3800000120,3800000120,253.54983570226028,4,1.2,True,12,6,18
common_0_30_w6,3,1.7,dynamic,3800001520,3800001520,327.6087036132809,0,0.0,True,12,6,18
common_0_30_w6,3,1.7,dynamic,3800000127,3800000127,239.69628906249972,0,0.0,True,12,6,18
common_0_30_w6,3,1.7,dynamic,1600066510,1600066510,398.87255859374886,0,0.0,True,12,6,18
common_0_30_w6,3,1.7,dynamic,3800001611,3800001611,332.3937988281248,0,0.0,True,12,6,18
common_0_30_w6,3,1.7,dynamic,3800000110,3800000110,180.74360679461557,4,1.2,False,12,6,18
common_0_30_w6,3,1.7,myopic,1600066610,1600066610,472.7574157714848,0,0.0,True,12,6,18
common_0_30_w6,3,1.7,myopic,1600066590,1600066590,399.8057861328117,0,0.0,True,12,6,18
common_0_30_w6,3,1.7,myopic,3800000120,3800000120,253.52060323238362,4,1.2,True,12,6,18
common_0_30_w6,3,1.7,myopic,3800001520,3800001520,327.6087036132809,0,0.0,True,12,6,18
common_0_30_w6,3,1.7,myopic,3800000127,3800000127,239.69628906249972,0,0.0,True,12,6,18
common_0_30_w6,3,1.7,myopic,1600066510,1600066510,398.87255859374886,0,0.0,True,12,6,18
common_0_30_w6,3,1.7,myopic,3800001611,3800001611,332.3937988281248,0,0.0,True,12,6,18
common_0_30_w6,3,1.7,myopic,3800000110,3800000110,180.353883419089,4,1.2,False,12,6,18
common_0_30_w6,3,1.75,dynamic,1600066610,1600066610,472.7574157714848,0,0.0,True,12,6,18
common_0_30_w6,3,1.75,dynamic,1600066590,1600066590,399.8057861328117,0,0.0,True,12,6,18
common_0_30_w6,3,1.75,dynamic,3800000120,3800000120,257.71546014149976,4,1.2,True,12,6,18
common_0_30_w6,3,1.75,dynamic,3800001520,3800001520,327.6087036132809,0,0.0,True,12,6,18
common_0_30_w6,3,1.75,dynamic,3800000127,3800000127,239.69628906249972,0,0.0,True,12,6,18
common_0_30_w6,3,1.75,dynamic,1600066510,1600066510,398.87255859374886,0,0.0,True,12,6,18
common_0_30_w6,3,1.75,dynamic,3800001611,3800001611,332.3937988281248,0,0.0,True,12,6,18
common_0_30_w6,3,1.75,dynamic,3800000110,3800000110,185.56326670577127,4,1.2,False,12,6,18
common_0_30_w6,3,1.75,myopic,1600066610,1600066610,472.7574157714848,0,0.0,True,12,6,18
common_0_30_w6,3,1.75,myopic,1600066590,1600066590,399.8057861328117,0,0.0,True,12,6,18
common_0_30_w6,3,1.75,myopic,3800000120,3800000120,257.69975767215084,4,1.2,True,12,6,18
common_0_30_w6,3,1.75,myopic,3800001520,3800001520,327.6087036132809,0,0.0,True,12,6,18
common_0_30_w6,3,1.75,myopic,3800000127,3800000127,239.69628906249972,0,0.0,True,12,6,18
common_0_30_w6,3,1.75,myopic,1600066510,1600066510,398.87255859374886,0,0.0,True,12,6,18
common_0_30_w6,3,1.75,myopic,3800001611,3800001611,332.3937988281248,0,0.0,True,12,6,18
common_0_30_w6,3,1.75,myopic,3800000110,3800000110,185.16876910310236,4,1.2,False,12,6,18
common_0_30_w6,3,1.8,dynamic,1600066610,1600066610,472.7574157714848,0,0.0,True,12,6,18
common_0_30_w6,3,1.8,dynamic,1600066590,1600066590,399.8057861328117,0,0.0,True,12,6,18
common_0_30_w6,3,1.8,dynamic,3800000120,3800000120,261.8882217528025,4,1.2,True,12,6,18
common_0_30_w6,3,1.8,dynamic,3800001520,3800001520,327.6087036132809,0,0.0,True,12,6,18
common_0_30_w6,3,1.8,dynamic,3800000127,3800000127,239.69628906249972,0,0.0,True,12,6,18
common_0_30_w6,3,1.8,dynamic,1600066510,1600066510,398.87255859374886,0,0.0,True,12,6,18
common_0_30_w6,3,1.8,dynamic,3800001611,3800001611,332.3937988281248,0,0.0,True,12,6,18
common_0_30_w6,3,1.8,dynamic,3800000110,3800000110,190.382926616927,4,1.2,False,12,6,18
common_0_30_w6,3,1.8,myopic,1600066610,1600066610,472.7574157714848,0,0.0,True,12,6,18
common_0_30_w6,3,1.8,myopic,1600066590,1600066590,399.8057861328117,0,0.0,True,12,6,18
common_0_30_w6,3,1.8,myopic,3800000120,3800000120,261.87891211191805,4,1.2,True,12,6,18
common_0_30_w6,3,1.8,myopic,3800001520,3800001520,327.6087036132809,0,0.0,True,12,6,18
common_0_30_w6,3,1.8,myopic,3800000127,3800000127,239.69628906249972,0,0.0,True,12,6,18
common_0_30_w6,3,1.8,myopic,1600066510,1600066510,398.87255859374886,0,0.0,True,12,6,18
common_0_30_w6,3,1.8,myopic,3800001611,3800001611,332.3937988281248,0,0.0,True,12,6,18
common_0_30_w6,3,1.8,myopic,3800000110,3800000110,189.98365478711574,4,1.2,False,12,6,18
common_0_30_w6,3,1.85,dynamic,1600066610,1600066610,472.7574157714848,0,0.0,True,12,6,18
common_0_30_w6,3,1.85,dynamic,1600066590,1600066590,399.8057861328117,0,0.0,True,12,6,18
common_0_30_w6,3,1.85,dynamic,3800000120,3800000120,266.06141724777217,4,1.2,True,12,6,18
common_0_30_w6,3,1.85,dynamic,3800001520,3800001520,327.6087036132809,0,0.0,True,12,6,18
common_0_30_w6,3,1.85,dynamic,3800000127,3800000127,239.69628906249972,0,0.0,True,12,6,18
common_0_30_w6,3,1.85,dynamic,1600066510,1600066510,398.87255859374886,0,0.0,True,12,6,18
common_0_30_w6,3,1.85,dynamic,3800001611,3800001611,332.3937988281248,0,0.0,True,12,6,18
common_0_30_w6,3,1.85,dynamic,3800000110,3800000110,195.2025865280827,4,1.2,False,12,6,18
common_0_30_w6,3,1.85,myopic,1600066610,1600066610,472.7574157714848,0,0.0,True,12,6,18
common_0_30_w6,3,1.85,myopic,1600066590,1600066590,399.8057861328117,0,0.0,True,12,6,18
common_0_30_w6,3,1.85,myopic,3800000120,3800000120,266.0580665516853,4,1.2,True,12,6,18
common_0_30_w6,3,1.85,myopic,3800001520,3800001520,327.6087036132809,0,0.0,True,12,6,18
common_0_30_w6,3,1.85,myopic,3800000127,3800000127,239.69628906249972,0,0.0,True,12,6,18
common_0_30_w6,3,1.85,myopic,1600066510,1600066510,390.2448935575485,4,1.2,False,12,6,18
common_0_30_w6,3,1.85,myopic,3800001611,3800001611,332.3937988281248,0,0.0,True,12,6,18
common_0_30_w6,3,1.85,myopic,3800000110,3800000110,194.7985404711291,4,1.2,False,12,6,18
common_0_30_w6,3,1.9,dynamic,1600066610,1600066610,472.7574157714848,0,0.0,True,12,6,18
common_0_30_w6,3,1.9,dynamic,1600066590,1600066590,399.8057861328117,0,0.0,True,12,6,18
common_0_30_w6,3,1.9,dynamic,3800000120,3800000120,270.23765583546947,4,1.2,True,12,6,18
common_0_30_w6,3,1.9,dynamic,3800001520,3800001520,327.6087036132809,0,0.0,True,12,6,18
common_0_30_w6,3,1.9,dynamic,3800000127,3800000127,239.69628906249972,0,0.0,True,12,6,18
common_0_30_w6,3,1.9,dynamic,1600066510,1600066510,398.87255859374886,0,0.0,True,12,6,18
common_0_30_w6,3,1.9,dynamic,3800001611,3800001611,332.3937988281248,0,0.0,True,12,6,18
common_0_30_w6,3,1.9,dynamic,3800000110,3800000110,200.02224643923836,4,1.2,False,12,6,18
common_0_30_w6,3,1.9,myopic,1600066610,1600066610,472.7574157714848,0,0.0,True,12,6,18
common_0_30_w6,3,1.9,myopic,1600066590,1600066590,399.8057861328117,0,0.0,True,12,6,18
common_0_30_w6,3,1.9,myopic,3800000120,3800000120,270.23722099145243,4,1.2,True,12,6,18
common_0_30_w6,3,1.9,myopic,3800001520,3800001520,327.6087036132809,0,0.0,True,12,6,18
common_0_30_w6,3,1.9,myopic,3800000127,3800000127,239.69628906249972,0,0.0,True,12,6,18
common_0_30_w6,3,1.9,myopic,1600066510,1600066510,395.78765001742045,4,1.2,False,12,6,18
common_0_30_w6,3,1.9,myopic,3800001611,3800001611,332.3937988281248,0,0.0,True,12,6,18
common_0_30_w6,3,1.9,myopic,3800000110,3800000110,199.61342615514243,4,1.2,False,12,6,18
common_0_30_w6,3,1.95,dynamic,1600066610,1600066610,472.7574157714848,0,0.0,True,12,6,18
common_0_30_w6,3,1.95,dynamic,1600066590,1600066590,399.8057861328117,0,0.0,True,12,6,18
common_0_30_w6,3,1.95,dynamic,3800000120,3800000120,274.41637543121965,4,1.2,True,12,6,18
common_0_30_w6,3,1.95,dynamic,3800001520,3800001520,327.6087036132809,0,0.0,True,12,6,18
common_0_30_w6,3,1.95,dynamic,3800000127,3800000127,239.69628906249972,0,0.0,True,12,6,18
common_0_30_w6,3,1.95,dynamic,1600066510,1600066510,401.5708389061292,4,1.2,False,12,6,18
common_0_30_w6,3,1.95,dynamic,3800001611,3800001611,332.3937988281248,0,0.0,True,12,6,18
common_0_30_w6,3,1.95,dynamic,3800000110,3800000110,204.84190635039408,4,1.2,False,12,6,18
common_0_30_w6,3,1.95,myopic,1600066610,1600066610,472.7574157714848,0,0.0,True,12,6,18
common_0_30_w6,3,1.95,myopic,1600066590,1600066590,399.8057861328117,0,0.0,True,12,6,18
common_0_30_w6,3,1.95,myopic,3800000120,3800000120,274.41637543121965,4,1.2,True,12,6,18
common_0_30_w6,3,1.95,myopic,3800001520,3800001520,327.6087036132809,0,0.0,True,12,6,18
common_0_30_w6,3,1.95,myopic,3800000127,3800000127,239.69628906249972,0,0.0,True,12,6,18
common_0_30_w6,3,1.95,myopic,1600066510,1600066510,401.3304064772924,4,1.2,False,12,6,18
common_0_30_w6,3,1.95,myopic,3800001611,3800001611,332.3937988281248,0,0.0,True,12,6,18
common_0_30_w6,3,1.95,myopic,3800000110,3800000110,204.4283118391558,4,1.2,False,12,6,18
common_0_30_w6,3,2.0,dynamic,1600066610,1600066610,472.7574157714848,0,0.0,True,12,6,18
common_0_30_w6,3,2.0,dynamic,1600066590,1600066590,399.8057861328117,0,0.0,True,12,6,18
common_0_30_w6,3,2.0,dynamic,3800000120,3800000120,278.59552987098687,4,1.2,True,12,6,18
common_0_30_w6,3,2.0,dynamic,3800001520,3800001520,327.6087036132809,0,0.0,True,12,6,18
common_0_30_w6,3,2.0,dynamic,3800000127,3800000127,239.69628906249972,0,0.0,True,12,6,18
common_0_30_w6,3,2.0,dynamic,1600066510,1600066510,407.0622598520915,4,1.2,False,12,6,18
common_0_30_w6,3,2.0,dynamic,3800001611,3800001611,332.3937988281248,0,0.0,True,12,6,18
common_0_30_w6,3,2.0,dynamic,3800000110,3800000110,209.66226097335422,4,1.2,False,12,6,18
common_0_30_w6,3,2.0,myopic,1600066610,1600066610,472.7574157714848,0,0.0,True,12,6,18
common_0_30_w6,3,2.0,myopic,1600066590,1600066590,399.8057861328117,0,0.0,True,12,6,18
common_0_30_w6,3,2.0,myopic,3800000120,3800000120,278.59552987098687,4,1.2,True,12,6,18
common_0_30_w6,3,2.0,myopic,3800001520,3800001520,327.6087036132809,0,0.0,True,12,6,18
common_0_30_w6,3,2.0,myopic,3800000127,3800000127,239.69628906249972,0,0.0,True,12,6,18
common_0_30_w6,3,2.0,myopic,1600066510,1600066510,406.8731629371643,4,1.2,False,12,6,18
common_0_30_w6,3,2.0,myopic,3800001611,3800001611,332.3937988281248,0,0.0,True,12,6,18
common_0_30_w6,3,2.0,myopic,3800000110,3800000110,209.2431975231692,4,1.2,False,12,6,18
common_0_30_w6,3,2.05,dynamic,1600066610,1600066610,472.7574157714848,0,0.0,True,12,6,18
common_0_30_w6,3,2.05,dynamic,1600066590,1600066590,399.8057861328117,0,0.0,True,12,6,18
common_0_30_w6,3,2.05,dynamic,3800000120,3800000120,282.774684310754,4,1.2,True,12,6,18
common_0_30_w6,3,2.05,dynamic,3800001520,3800001520,327.6087036132809,0,0.0,True,12,6,18
common_0_30_w6,3,2.05,dynamic,3800000127,3800000127,239.69628906249972,0,0.0,True,12,6,18
common_0_30_w6,3,2.05,dynamic,1600066510,1600066510,412.5773654230436,4,1.2,False,12,6,18
common_0_30_w6,3,2.05,dynamic,3800001611,3800001611,332.3937988281248,0,0.0,True,12,6,18
common_0_30_w6,3,2.05,dynamic,3800000110,3800000110,214.49321224584185,4,1.2,False,12,6,18
common_0_30_w6,3,2.05,myopic,1600066610,1600066610,472.7574157714848,0,0.0,True,12,6,18
common_0_30_w6,3,2.05,myopic,1600066590,1600066590,399.8057861328117,0,0.0,True,12,6,18
common_0_30_w6,3,2.05,myopic,3800000120,3800000120,282.774684310754,4,1.2,True,12,6,18
common_0_30_w6,3,2.05,myopic,3800001520,3800001520,327.6087036132809,0,0.0,True,12,6,18
common_0_30_w6,3,2.05,myopic,3800000127,3800000127,239.69628906249972,0,0.0,True,12,6,18
common_0_30_w6,3,2.05,myopic,1600066510,1600066510,412.4159193970362,4,1.2,False,12,6,18
common_0_30_w6,3,2.05,myopic,3800001611,3800001611,332.3937988281248,0,0.0,True,12,6,18
common_0_30_w6,3,2.05,myopic,3800000110,3800000110,214.05808320718253,4,1.2,False,12,6,18
common_0_30_w6,3,2.1,dynamic,1600066610,1600066610,472.7574157714848,0,0.0,True,12,6,18
common_0_30_w6,3,2.1,dynamic,1600066590,1600066590,399.8057861328117,0,0.0,True,12,6,18
common_0_30_w6,3,2.1,dynamic,3800000120,3800000120,286.95383875052124,4,1.2,True,12,6,18
common_0_30_w6,3,2.1,dynamic,3800001520,3800001520,327.6087036132809,0,0.0,True,12,6,18
common_0_30_w6,3,2.1,dynamic,3800000127,3800000127,239.69628906249972,0,0.0,True,12,6,18
common_0_30_w6,3,2.1,dynamic,1600066510,1600066510,418.10288141727455,4,1.2,False,12,6,18
common_0_30_w6,3,2.1,dynamic,3800001611,3800001611,332.3937988281248,0,0.0,True,12,6,18
common_0_30_w6,3,2.1,dynamic,3800000110,3800000110,219.32416351832953,4,1.2,False,12,6,18
common_0_30_w6,3,2.1,myopic,1600066610,1600066610,472.7574157714848,0,0.0,True,12,6,18
common_0_30_w6,3,2.1,myopic,1600066590,1600066590,399.8057861328117,0,0.0,True,12,6,18
common_0_30_w6,3,2.1,myopic,3800000120,3800000120,286.95383875052124,4,1.2,True,12,6,18
common_0_30_w6,3,2.1,myopic,3800001520,3800001520,327.6087036132809,0,0.0,True,12,6,18
common_0_30_w6,3,2.1,myopic,3800000127,3800000127,239.69628906249972,0,0.0,True,12,6,18
common_0_30_w6,3,2.1,myopic,1600066510,1600066510,417.95867585690814,4,1.2,False,12,6,18
common_0_30_w6,3,2.1,myopic,3800001611,3800001611,332.3937988281248,0,0.0,True,12,6,18
common_0_30_w6,3,2.1,myopic,3800000110,3800000110,218.87296889119594,4,1.2,False,12,6,18
common_0_30_w6,3,2.15,dynamic,1600066610,1600066610,472.7574157714848,0,0.0,True,12,6,18
common_0_30_w6,3,2.15,dynamic,1600066590,1600066590,399.8057861328117,0,0.0,True,12,6,18
common_0_30_w6,3,2.15,dynamic,3800000120,3800000120,291.13299319028846,4,1.2,True,12,6,18
common_0_30_w6,3,2.15,dynamic,3800001520,3800001520,327.6087036132809,0,0.0,True,12,6,18
common_0_30_w6,3,2.15,dynamic,3800000127,3800000127,239.69628906249972,0,0.0,True,12,6,18
common_0_30_w6,3,2.15,dynamic,1600066510,1600066510,423.6297050848008,4,1.2,False,12,6,18
common_0_30_w6,3,2.15,dynamic,3800001611,3800001611,332.3937988281248,0,0.0,True,12,6,18
common_0_30_w6,3,2.15,dynamic,3800000110,3800000110,224.15511479081712,4,1.2,False,12,6,18
common_0_30_w6,3,2.15,myopic,1600066610,1600066610,472.7574157714848,0,0.0,True,12,6,18
common_0_30_w6,3,2.15,myopic,1600066590,1600066590,399.8057861328117,0,0.0,True,12,6,18
common_0_30_w6,3,2.15,myopic,3800000120,3800000120,291.13299319028846,4,1.2,True,12,6,18
common_0_30_w6,3,2.15,myopic,3800001520,3800001520,327.6087036132809,0,0.0,True,12,6,18
common_0_30_w6,3,2.15,myopic,3800000127,3800000127,235.336246965011,4,1.2,True,12,6,18
common_0_30_w6,3,2.15,myopic,1600066510,1600066510,423.5014323167801,4,1.2,False,12,6,18
common_0_30_w6,3,2.15,myopic,3800001611,3800001611,332.3937988281248,0,0.0,True,12,6,18
common_0_30_w6,3,2.15,myopic,3800000110,3800000110,223.6878545752093,4,1.2,False,12,6,18
common_0_30_w6,3,2.2,dynamic,1600066610,1600066610,472.7574157714848,0,0.0,True,12,6,18
common_0_30_w6,3,2.2,dynamic,1600066590,1600066590,399.8057861328117,0,0.0,True,12,6,18
common_0_30_w6,3,2.2,dynamic,3800000120,3800000120,295.3121476300557,4,1.2,True,12,6,18
common_0_30_w6,3,2.2,dynamic,3800001520,3800001520,327.6087036132809,0,0.0,True,12,6,18
common_0_30_w6,3,2.2,dynamic,3800000127,3800000127,239.69628906249972,0,0.0,True,12,6,18
common_0_30_w6,3,2.2,dynamic,1600066510,1600066510,429.16875021489466,4,1.2,False,12,6,18
common_0_30_w6,3,2.2,dynamic,3800001611,3800001611,332.3937988281248,0,0.0,True,12,6,18
common_0_30_w6,3,2.2,dynamic,3800000110,3800000110,228.9860660633048,4,1.2,False,12,6,18
common_0_30_w6,3,2.2,myopic,1600066610,1600066610,472.7574157714848,0,0.0,True,12,6,18
common_0_30_w6,3,2.2,myopic,1600066590,1600066590,399.8057861328117,0,0.0,True,12,6,18
common_0_30_w6,3,2.2,myopic,3800000120,3800000120,295.3121476300557,4,1.2,True,12,6,18
common_0_30_w6,3,2.2,myopic,3800001520,3800001520,327.6087036132809,0,0.0,True,12,6,18
common_0_30_w6,3,2.2,myopic,3800000127,3800000127,238.17415134016676,4,1.2,True,12,6,18
common_0_30_w6,3,2.2,myopic,1600066510,1600066510,429.04418877665205,4,1.2,False,12,6,18
common_0_30_w6,3,2.2,myopic,3800001611,3800001611,332.3937988281248,0,0.0,True,12,6,18
common_0_30_w6,3,2.2,myopic,3800000110,3800000110,228.50274025922266,4,1.2,False,12,6,18
common_0_30_w6,3,2.24,dynamic,1600066610,1600066610,472.7574157714848,0,0.0,True,12,6,18
common_0_30_w6,3,2.24,dynamic,1600066590,1600066590,399.8057861328117,0,0.0,True,12,6,18
common_0_30_w6,3,2.24,dynamic,3800000120,3800000120,298.6554711818694,4,1.2,True,12,6,18
common_0_30_w6,3,2.24,dynamic,3800001520,3800001520,327.6087036132809,0,0.0,True,12,6,18
common_0_30_w6,3,2.24,dynamic,3800000127,3800000127,240.4913565762838,4,1.2,True,12,6,18
common_0_30_w6,3,2.24,dynamic,1600066510,1600066510,433.59998631896974,4,1.2,False,12,6,18
common_0_30_w6,3,2.24,dynamic,3800001611,3800001611,332.3937988281248,0,0.0,True,12,6,18
common_0_30_w6,3,2.24,dynamic,3800000110,3800000110,232.8508270812949,4,1.2,False,12,6,18
common_0_30_w6,3,2.24,myopic,1600066610,1600066610,472.7574157714848,0,0.0,True,12,6,18
common_0_30_w6,3,2.24,myopic,1600066590,1600066590,399.8057861328117,0,0.0,True,12,6,18
common_0_30_w6,3,2.24,myopic,3800000120,3800000120,298.6554711818694,4,1.2,True,12,6,18
common_0_30_w6,3,2.24,myopic,3800001520,3800001520,327.6087036132809,0,0.0,True,12,6,18
common_0_30_w6,3,2.24,myopic,3800000127,3800000127,240.44447484029138,4,1.2,True,12,6,18
common_0_30_w6,3,2.24,myopic,1600066510,1600066510,433.47839394454957,4,1.2,False,12,6,18
common_0_30_w6,3,2.24,myopic,3800001611,3800001611,332.3937988281248,0,0.0,True,12,6,18
common_0_30_w6,3,2.24,myopic,3800000110,3800000110,232.35464880643337,4,1.2,False,12,6,18
common_0_30_w6,3,2.25,dynamic,1600066610,1600066610,472.7574157714848,0,0.0,True,12,6,18
common_0_30_w6,3,2.25,dynamic,1600066590,1600066590,399.8057861328117,0,0.0,True,12,6,18
common_0_30_w6,3,2.25,dynamic,3800000120,3800000120,299.49130206982284,4,1.2,True,12,6,18
common_0_30_w6,3,2.25,dynamic,3800001520,3800001520,327.6087036132809,0,0.0,True,12,6,18
common_0_30_w6,3,2.25,dynamic,3800000127,3800000127,241.05722644925117,4,1.2,True,12,6,18
common_0_30_w6,3,2.25,dynamic,1600066510,1600066510,434.70779534498854,4,1.2,False,12,6,18
common_0_30_w6,3,2.25,dynamic,3800001611,3800001611,332.3937988281248,0,0.0,True,12,6,18
common_0_30_w6,3,2.25,dynamic,3800000110,3800000110,233.81701733579243,4,1.2,False,12,6,18
common_0_30_w6,3,2.25,myopic,1600066610,1600066610,472.7574157714848,0,0.0,True,12,6,18
common_0_30_w6,3,2.25,myopic,1600066590,1600066590,399.8057861328117,0,0.0,True,12,6,18
common_0_30_w6,3,2.25,myopic,3800000120,3800000120,299.49130206982284,4,1.2,True,12,6,18
common_0_30_w6,3,2.25,myopic,3800001520,3800001520,327.6087036132809,0,0.0,True,12,6,18
common_0_30_w6,3,2.25,myopic,3800000127,3800000127,241.01205571532253,4,1.2,True,12,6,18
common_0_30_w6,3,2.25,myopic,1600066510,1600066510,434.58694523652395,4,1.2,False,12,6,18
common_0_30_w6,3,2.25,myopic,3800001611,3800001611,332.3937988281248,0,0.0,True,12,6,18
common_0_30_w6,3,2.25,myopic,3800000110,3800000110,233.317625943236,4,1.2,False,12,6,18
common_0_30_w6,3,2.3,dynamic,1600066610,1600066610,472.7574157714848,0,0.0,True,12,6,18
common_0_30_w6,3,2.3,dynamic,1600066590,1600066590,399.8057861328117,0,0.0,True,12,6,18
common_0_30_w6,3,2.3,dynamic,3800000120,3800000120,303.67045650959005,4,1.2,True,12,6,18
common_0_30_w6,3,2.3,dynamic,3800001520,3800001520,327.6087036132809,0,0.0,True,12,6,18
common_0_30_w6,3,2.3,dynamic,3800000127,3800000127,243.88899402125674,4,1.2,True,12,6,18
common_0_30_w6,3,2.3,dynamic,1600066510,1600066510,440.2468404750824,4,1.2,False,12,6,18
common_0_30_w6,3,2.3,dynamic,3800001611,3800001611,332.3937988281248,0,0.0,True,12,6,18
common_0_30_w6,3,2.3,dynamic,3800000110,3800000110,238.64796860828005,4,1.2,False,12,6,18
common_0_30_w6,3,2.3,myopic,1600066610,1600066610,472.7574157714848,0,0.0,True,12,6,18
common_0_30_w6,3,2.3,myopic,1600066590,1600066590,399.8057861328117,0,0.0,True,12,6,18
common_0_30_w6,3,2.3,myopic,3800000120,3800000120,303.67045650959005,4,1.2,True,12,6,18
common_0_30_w6,3,2.3,myopic,3800001520,3800001520,327.6087036132809,0,0.0,True,12,6,18
common_0_30_w6,3,2.3,myopic,3800000127,3800000127,243.8499600904783,4,1.2,True,12,6,18
common_0_30_w6,3,2.3,myopic,1600066510,1600066510,440.12970169639584,4,1.2,False,12,6,18
common_0_30_w6,3,2.3,myopic,3800001611,3800001611,332.3937988281248,0,0.0,True,12,6,18
common_0_30_w6,3,2.3,myopic,3800000110,3800000110,238.13251162724936,4,1.2,False,12,6,18
common_0_30_w6,3,2.35,dynamic,1600066610,1600066610,472.7574157714848,0,0.0,True,12,6,18
common_0_30_w6,3,2.35,dynamic,1600066590,1600066590,399.8057861328117,0,0.0,True,12,6,18
common_0_30_w6,3,2.35,dynamic,3800000120,3800000120,307.84961094935727,4,1.2,True,12,6,18
common_0_30_w6,3,2.35,dynamic,3800001520,3800001520,327.6087036132809,0,0.0,True,12,6,18
common_0_30_w6,3,2.35,dynamic,3800000127,3800000127,246.72328204719224,4,1.2,True,12,6,18
common_0_30_w6,3,2.35,dynamic,1600066510,1600066510,445.7858856051763,4,1.2,False,12,6,18
common_0_30_w6,3,2.35,dynamic,3800001611,3800001611,332.3937988281248,0,0.0,True,12,6,18
common_0_30_w6,3,2.35,dynamic,3800000110,3800000110,243.47891988076773,4,1.2,False,12,6,18
common_0_30_w6,3,2.35,myopic,1600066610,1600066610,472.7574157714848,0,0.0,True,12,6,18
common_0_30_w6,3,2.35,myopic,1600066590,1600066590,399.8057861328117,0,0.0,True,12,6,18
common_0_30_w6,3,2.35,myopic,3800000120,3800000120,307.84961094935727,4,1.2,True,12,6,18
common_0_30_w6,3,2.35,myopic,3800001520,3800001520,327.6087036132809,0,0.0,True,12,6,18
common_0_30_w6,3,2.35,myopic,3800000127,3800000127,246.68786446563405,4,1.2,True,12,6,18
common_0_30_w6,3,2.35,myopic,1600066510,1600066510,445.6724581562678,4,1.2,False,12,6,18
common_0_30_w6,3,2.35,myopic,3800001611,3800001611,332.3937988281248,0,0.0,True,12,6,18
common_0_30_w6,3,2.35,myopic,3800000110,3800000110,242.94739731126276,4,1.2,False,12,6,18
common_0_30_w6,3,2.4,dynamic,1600066610,1600066610,472.7574157714848,0,0.0,True,12,6,18
common_0_30_w6,3,2.4,dynamic,1600066590,1600066590,399.8057861328117,0,0.0,True,12,6,18
common_0_30_w6,3,2.4,dynamic,3800000120,3800000120,312.02876538912443,4,1.2,True,12,6,18
common_0_30_w6,3,2.4,dynamic,3800001520,3800001520,327.6087036132809,0,0.0,True,12,6,18
common_0_30_w6,3,2.4,dynamic,3800000127,3800000127,249.5591042537689,4,1.2,True,12,6,18
common_0_30_w6,3,2.4,dynamic,1600066510,1600066510,451.3249307352702,4,1.2,False,12,6,18
common_0_30_w6,3,2.4,dynamic,3800001611,3800001611,332.3937988281248,0,0.0,True,12,6,18
common_0_30_w6,3,2.4,dynamic,3800000110,3800000110,248.30987115325533,4,1.2,False,12,6,18
common_0_30_w6,3,2.4,myopic,1600066610,1600066610,472.7574157714848,0,0.0,True,12,6,18
common_0_30_w6,3,2.4,myopic,1600066590,1600066590,399.8057861328117,0,0.0,True,12,6,18
common_0_30_w6,3,2.4,myopic,3800000120,3800000120,312.02876538912443,4,1.2,True,12,6,18
common_0_30_w6,3,2.4,myopic,3800001520,3800001520,327.6087036132809,0,0.0,True,12,6,18
common_0_30_w6,3,2.4,myopic,3800000127,3800000127,249.52576884078985,4,1.2,True,12,6,18
common_0_30_w6,3,2.4,myopic,1600066510,1600066510,451.21521461613975,4,1.2,False,12,6,18
common_0_30_w6,3,2.4,myopic,3800001611,3800001611,332.3937988281248,0,0.0,True,12,6,18
common_0_30_w6,3,2.4,myopic,3800000110,3800000110,247.7622829952761,4,1.2,False,12,6,18
common_0_30_w6,3,2.45,dynamic,1600066610,1600066610,472.7574157714848,0,0.0,True,12,6,18
common_0_30_w6,3,2.45,dynamic,1600066590,1600066590,399.8057861328117,0,0.0,True,12,6,18
common_0_30_w6,3,2.45,dynamic,3800000120,3800000120,316.20791982889165,4,1.2,True,12,6,18
common_0_30_w6,3,2.45,dynamic,3800001520,3800001520,327.6087036132809,0,0.0,True,12,6,18
common_0_30_w6,3,2.45,dynamic,3800000127,3800000127,252.39572190690046,4,1.2,True,12,6,18
common_0_30_w6,3,2.45,dynamic,1600066510,1600066510,456.8639758653641,4,1.2,False,12,6,18
common_0_30_w6,3,2.45,dynamic,3800001611,3800001611,332.3937988281248,0,0.0,True,12,6,18
common_0_30_w6,3,2.45,dynamic,3800000110,3800000110,253.140822425743,4,1.2,False,12,6,18
common_0_30_w6,3,2.45,myopic,1600066610,1600066610,472.7574157714848,0,0.0,True,12,6,18
common_0_30_w6,3,2.45,myopic,1600066590,1600066590,399.8057861328117,0,0.0,True,12,6,18
common_0_30_w6,3,2.45,myopic,3800000120,3800000120,316.20791982889165,4,1.2,True,12,6,18
common_0_30_w6,3,2.45,myopic,3800001520,3800001520,327.6087036132809,0,0.0,True,12,6,18
common_0_30_w6,3,2.45,myopic,3800000127,3800000127,252.3636732159456,4,1.2,True,12,6,18
common_0_30_w6,3,2.45,myopic,1600066510,1600066510,456.7579710760117,4,1.2,False,12,6,18
common_0_30_w6,3,2.45,myopic,3800001611,3800001611,313.3000557360649,4,1.2,False,12,6,18
common_0_30_w6,3,2.45,myopic,3800000110,3800000110,252.57716867928949,4,1.2,False,12,6,18
common_0_30_w6,3,2.5,dynamic,1600066610,1600066610,472.7574157714848,0,0.0,True,12,6,18
common_0_30_w6,3,2.5,dynamic,1600066590,1600066590,399.8057861328117,0,0.0,True,12,6,18
common_0_30_w6,3,2.5,dynamic,3800000120,3800000120,320.38707426865886,4,1.2,True,12,6,18
common_0_30_w6,3,2.5,dynamic,3800001520,3800001520,327.6087036132809,0,0.0,True,12,6,18
common_0_30_w6,3,2.5,dynamic,3800000127,3800000127,255.2344260366758,4,1.2,True,12,6,18
common_0_30_w6,3,2.5,dynamic,1600066510,1600066510,462.403020995458,4,1.2,False,12,6,18
common_0_30_w6,3,2.5,dynamic,3800001611,3800001611,332.3937988281248,0,0.0,True,12,6,18
common_0_30_w6,3,2.5,dynamic,3800000110,3800000110,257.9717736982306,4,1.2,False,12,6,18
common_0_30_w6,3,2.5,myopic,1600066610,1600066610,472.7574157714848,0,0.0,True,12,6,18
common_0_30_w6,3,2.5,myopic,1600066590,1600066590,399.8057861328117,0,0.0,True,12,6,18
common_0_30_w6,3,2.5,myopic,3800000120,3800000120,320.38707426865886,4,1.2,True,12,6,18
common_0_30_w6,3,2.5,myopic,3800001520,3800001520,327.6087036132809,0,0.0,True,12,6,18
common_0_30_w6,3,2.5,myopic,3800000127,3800000127,255.20157759110134,4,1.2,True,12,6,18
common_0_30_w6,3,2.5,myopic,1600066510,1600066510,462.30072753588354,4,1.2,False,12,6,18
common_0_30_w6,3,2.5,myopic,3800001611,3800001611,316.8253906583786,4,1.2,False,12,6,18
common_0_30_w6,3,2.5,myopic,3800000110,3800000110,257.39205436330286,4,1.2,False,12,6,18
common_0_30_w6,3,2.55,dynamic,1600066610,1600066610,472.7574157714848,0,0.0,True,12,6,18
common_0_30_w6,3,2.55,dynamic,1600066590,1600066590,399.8057861328117,0,0.0,True,12,6,18
common_0_30_w6,3,2.55,dynamic,3800000120,3800000120,324.566228708426,4,1.2,True,12,6,18
common_0_30_w6,3,2.55,dynamic,3800001520,3800001520,327.6087036132809,0,0.0,True,12,6,18
common_0_30_w6,3,2.55,dynamic,3800000127,3800000127,258.07313016645116,4,1.2,True,12,6,18
common_0_30_w6,3,2.55,dynamic,1600066510,1600066510,467.9420661255519,4,1.2,False,12,6,18
common_0_30_w6,3,2.55,dynamic,3800001611,3800001611,332.3937988281248,0,0.0,True,12,6,18
common_0_30_w6,3,2.55,dynamic,3800000110,3800000110,262.80272497071826,4,1.2,False,12,6,18
common_0_30_w6,3,2.55,myopic,1600066610,1600066610,472.7574157714848,0,0.0,True,12,6,18
common_0_30_w6,3,2.55,myopic,1600066590,1600066590,393.5022908878326,4,1.2,False,12,6,18
common_0_30_w6,3,2.55,myopic,3800000120,3800000120,324.566228708426,4,1.2,True,12,6,18
common_0_30_w6,3,2.55,myopic,3800001520,3800001520,327.6087036132809,0,0.0,True,12,6,18
common_0_30_w6,3,2.55,myopic,3800000127,3800000127,258.03948196625714,4,1.2,True,12,6,18
common_0_30_w6,3,2.55,myopic,1600066510,1600066510,467.8434839957555,4,1.2,False,12,6,18
common_0_30_w6,3,2.55,myopic,3800001611,3800001611,320.35072558069226,4,1.2,False,12,6,18
common_0_30_w6,3,2.55,myopic,3800000110,3800000110,262.2069400473162,4,1.2,False,12,6,18
common_0_30_w6,3,2.6,dynamic,1600066610,1600066610,472.7574157714848,0,0.0,True,12,6,18
common_0_30_w6,3,2.6,dynamic,1600066590,1600066590,399.8057861328117,0,0.0,True,12,6,18
common_0_30_w6,3,2.6,dynamic,3800000120,3800000120,328.74538314819324,4,1.2,True,12,6,18
common_0_30_w6,3,2.6,dynamic,3800001520,3800001520,327.6087036132809,0,0.0,True,12,6,18
common_0_30_w6,3,2.6,dynamic,3800000127,3800000127,260.9118342962266,4,1.2,True,12,6,18
common_0_30_w6,3,2.6,dynamic,1600066510,1600066510,473.48111125564577,4,1.2,False,12,6,18
common_0_30_w6,3,2.6,dynamic,3800001611,3800001611,332.3937988281248,0,0.0,True,12,6,18
common_0_30_w6,3,2.6,dynamic,3800000110,3800000110,267.6336762432059,4,1.2,False,12,6,18
common_0_30_w6,3,2.6,myopic,1600066610,1600066610,472.7574157714848,0,0.0,True,12,6,18
common_0_30_w6,3,2.6,myopic,1600066590,1600066590,397.49504435221354,4,1.2,False,12,6,18
common_0_30_w6,3,2.6,myopic,3800000120,3800000120,328.74538314819324,4,1.2,True,12,6,18
common_0_30_w6,3,2.6,myopic,3800001520,3800001520,327.6087036132809,0,0.0,True,12,6,18
common_0_30_w6,3,2.6,myopic,3800000127,3800000127,260.8773863414129,4,1.2,True,12,6,18
common_0_30_w6,3,2.6,myopic,1600066510,1600066510,473.38624045562744,4,1.2,False,12,6,18
common_0_30_w6,3,2.6,myopic,3800001611,3800001611,323.876060503006,4,1.2,False,12,6,18
common_0_30_w6,3,2.6,myopic,3800000110,3800000110,267.0218257313296,4,1.2,False,12,6,18
common_0_30_w6,3,2.65,dynamic,1600066610,1600066610,472.7574157714848,0,0.0,True,12,6,18
common_0_30_w6,3,2.65,dynamic,1600066590,1600066590,401.63281295442584,4,1.2,False,12,6,18
common_0_30_w6,3,2.65,dynamic,3800000120,3800000120,332.92453758796046,4,1.2,True,12,6,18
common_0_30_w6,3,2.65,dynamic,3800001520,3800001520,327.6087036132809,0,0.0,True,12,6,18
common_0_30_w6,3,2.65,dynamic,3800000127,3800000127,263.7505384260019,4,1.2,True,12,6,18
common_0_30_w6,3,2.65,dynamic,1600066510,1600066510,478.9973204124768,4,1.2,False,12,6,18
common_0_30_w6,3,2.65,dynamic,3800001611,3800001611,332.3937988281248,0,0.0,True,12,6,18
common_0_30_w6,3,2.65,dynamic,3800000110,3800000110,272.4646275156935,4,1.2,False,12,6,18
common_0_30_w6,3,2.65,myopic,1600066610,1600066610,467.7091257162094,4,1.2,False,12,6,18
common_0_30_w6,3,2.65,myopic,1600066590,1600066590,401.4877978165945,4,1.2,False,12,6,18
common_0_30_w6,3,2.65,myopic,3800000120,3800000120,332.92453758796046,4,1.2,True,12,6,18
common_0_30_w6,3,2.65,myopic,3800001520,3800001520,327.6087036132809,0,0.0,True,12,6,18
common_0_30_w6,3,2.65,myopic,3800000127,3800000127,263.7152907165687,4,1.2,True,12,6,18
common_0_30_w6,3,2.65,myopic,1600066510,1600066510,478.9289969154994,4,1.2,False,12,6,18
common_0_30_w6,3,2.65,myopic,3800001611,3800001611,327.40139542531966,4,1.2,False,12,6,18
common_0_30_w6,3,2.65,myopic,3800000110,3800000110,271.83671141534296,4,1.2,False,12,6,18
common_0_30_w6,3,2.7,dynamic,1600066610,1600066610,472.7574157714848,0,0.0,True,12,6,18
common_0_30_w6,3,2.7,dynamic,1600066590,1600066590,405.60560266526545,4,1.2,False,12,6,18
common_0_30_w6,3,2.7,dynamic,3800000120,3800000120,337.1036920277277,4,1.2,True,12,6,18
common_0_30_w6,3,2.7,dynamic,3800001520,3800001520,327.6087036132809,0,0.0,True,12,6,18
common_0_30_w6,3,2.7,dynamic,3800000127,3800000127,266.5892425557773,4,1.2,True,12,6,18
common_0_30_w6,3,2.7,dynamic,1600066510,1600066510,484.54124948088327,4,1.2,False,12,6,18
common_0_30_w6,3,2.7,dynamic,3800001611,3800001611,332.3937988281248,0,0.0,True,12,6,18
common_0_30_w6,3,2.7,dynamic,3800000110,3800000110,277.2955787881812,4,1.2,False,12,6,18
common_0_30_w6,3,2.7,myopic,1600066610,1600066610,471.94470773633327,4,1.2,False,12,6,18
common_0_30_w6,3,2.7,myopic,1600066590,1600066590,405.48055128097536,4,1.2,False,12,6,18
common_0_30_w6,3,2.7,myopic,3800000120,3800000120,337.1036920277277,4,1.2,True,12,6,18
common_0_30_w6,3,2.7,myopic,3800001520,3800001520,323.1133696734906,4,0.4,False,12,6,18
common_0_30_w6,3,2.7,myopic,3800000127,3800000127,266.55319509172443,4,1.2,True,12,6,18
common_0_30_w6,3,2.7,myopic,1600066510,1600066510,484.47175337537135,4,1.2,False,12,6,18
common_0_30_w6,3,2.7,myopic,3800001611,3800001611,330.92673034763334,4,1.2,False,12,6,18
common_0_30_w6,3,2.7,myopic,3800000110,3800000110,276.65159709935637,4,1.2,False,12,6,18
common_0_30_w6,3,2.75,dynamic,1600066610,1600066610,476.176584031582,4,1.2,False,12,6,18
common_0_30_w6,3,2.75,dynamic,1600066590,1600066590,409.578392376105,4,1.2,False,12,6,18
common_0_30_w6,3,2.75,dynamic,3800000120,3800000120,341.28284646749483,4,1.2,True,12,6,18
common_0_30_w6,3,2.75,dynamic,3800001520,3800001520,327.6087036132809,0,0.0,True,12,6,18
common_0_30_w6,3,2.75,dynamic,3800000127,3800000127,269.3910994668802,4,1.2,True,12,6,18
common_0_30_w6,3,2.75,dynamic,1600066510,1600066510,490.08517854928965,4,1.2,False,12,6,18
common_0_30_w6,3,2.75,dynamic,3800001611,3800001611,334.55389827171956,4,1.2,False,12,6,18
common_0_30_w6,3,2.75,dynamic,3800000110,3800000110,282.1265300606688,4,1.2,False,12,6,18
common_0_30_w6,3,2.75,myopic,1600066610,1600066610,476.180289756457,4,1.2,False,12,6,18
common_0_30_w6,3,2.75,myopic,1600066590,1600066590,409.47330474535624,4,1.2,False,12,6,18
common_0_30_w6,3,2.75,myopic,3800000120,3800000120,341.28284646749483,4,1.2,True,12,6,18
common_0_30_w6,3,2.75,myopic,3800001520,3800001520,324.0511869496108,4,0.4,False,12,6,18
common_0_30_w6,3,2.75,myopic,3800000127,3800000127,269.3910994668802,4,1.2,True,12,6,18
common_0_30_w6,3,2.75,myopic,1600066510,1600066510,490.0145098352432,4,1.2,False,12,6,18
common_0_30_w6,3,2.75,myopic,3800001611,3800001611,334.45206526994707,4,1.2,False,12,6,18
common_0_30_w6,3,2.75,myopic,3800000110,3800000110,281.4664827833697,4,1.2,False,12,6,18
common_0_30_w6,3,2.8,dynamic,1600066610,1600066610,480.4334503796897,4,1.2,False,12,6,18
common_0_30_w6,3,2.8,dynamic,1600066590,1600066590,413.55118208694455,4,1.2,False,12,6,18
common_0_30_w6,3,2.8,dynamic,3800000120,3800000120,345.46200090726205,4,1.2,True,12,6,18
common_0_30_w6,3,2.8,dynamic,3800001520,3800001520,327.6087036132809,0,0.0,True,12,6,18
common_0_30_w6,3,2.8,dynamic,3800000127,3800000127,272.229003842036,4,1.2,True,12,6,18
common_0_30_w6,3,2.8,dynamic,1600066510,1600066510,495.62910761769604,4,1.2,False,12,6,18
common_0_30_w6,3,2.8,dynamic,3800001611,3800001611,338.083384218216,4,1.2,False,12,6,18
common_0_30_w6,3,2.8,dynamic,3800000110,3800000110,286.9574813331564,4,1.2,False,12,6,18
common_0_30_w6,3,2.8,myopic,1600066610,1600066610,480.4158717765808,4,1.2,False,12,6,18
common_0_30_w6,3,2.8,myopic,1600066590,1600066590,413.4660582097372,4,1.2,False,12,6,18
common_0_30_w6,3,2.8,myopic,3800000120,3800000120,345.46200090726205,4,1.2,True,12,6,18
common_0_30_w6,3,2.8,myopic,3800001520,3800001520,320.6897845897674,4,0.8,False,12,6,18
common_0_30_w6,3,2.8,myopic,3800000127,3800000127,272.229003842036,4,1.2,True,12,6,18
common_0_30_w6,3,2.8,myopic,1600066510,1600066510,495.55726629511514,4,1.2,False,12,6,18
common_0_30_w6,3,2.8,myopic,3800001611,3800001611,337.9774001922607,4,1.2,False,12,6,18
common_0_30_w6,3,2.8,myopic,3800000110,3800000110,286.28136846738306,4,1.2,False,12,6,18
common_0_30_w6,3,2.85,dynamic,1600066610,1600066610,484.6903167277974,4,1.2,False,12,6,18
common_0_30_w6,3,2.85,dynamic,1600066590,1600066590,417.52397179778416,4,1.2,False,12,6,18
common_0_30_w6,3,2.85,dynamic,3800000120,3800000120,349.64115534702927,4,1.2,True,12,6,18
common_0_30_w6,3,2.85,dynamic,3800001520,3800001520,327.6087036132809,0,0.0,True,12,6,18
common_0_30_w6,3,2.85,dynamic,3800000127,3800000127,275.0669082171917,4,1.2,True,12,6,18
common_0_30_w6,3,2.85,dynamic,1600066510,1600066510,501.17303668610253,4,1.2,False,12,6,18
common_0_30_w6,3,2.85,dynamic,3800001611,3800001611,341.6139419130485,4,1.2,False,12,6,18
common_0_30_w6,3,2.85,dynamic,3800000110,3800000110,291.7884326056441,4,1.2,False,12,6,18
common_0_30_w6,3,2.85,myopic,1600066610,1600066610,484.65145379670463,4,1.2,False,12,6,18
common_0_30_w6,3,2.85,myopic,1600066590,1600066590,417.45881167411807,4,1.2,False,12,6,18
common_0_30_w6,3,2.85,myopic,3800000120,3800000120,349.64115534702927,4,1.2,True,12,6,18
common_0_30_w6,3,2.85,myopic,3800001520,3800001520,319.8290872980755,4,1.2,False,12,6,18
common_0_30_w6,3,2.85,myopic,3800000127,3800000127,275.0669082171917,4,1.2,True,12,6,18
common_0_30_w6,3,2.85,myopic,1600066510,1600066510,501.1000227549871,4,1.2,False,12,6,18
common_0_30_w6,3,2.85,myopic,3800001611,3800001611,341.5027351145744,4,1.2,False,12,6,18
common_0_30_w6,3,2.85,myopic,3800000110,3800000110,291.09625415139647,4,1.2,False,12,6,18
common_0_30_w6,3,2.9,dynamic,1600066610,1600066610,488.947183075905,4,1.2,False,12,6,18
common_0_30_w6,3,2.9,dynamic,1600066590,1600066590,421.49676150862376,4,1.2,False,12,6,18
common_0_30_w6,3,2.9,dynamic,3800000120,3800000120,353.82030978679643,4,1.2,True,12,6,18
common_0_30_w6,3,2.9,dynamic,3800001520,3800001520,327.6087036132809,0,0.0,True,12,6,18
common_0_30_w6,3,2.9,dynamic,3800000127,3800000127,277.90481259234747,4,1.2,True,12,6,18
common_0_30_w6,3,2.9,dynamic,1600066510,1600066510,506.7169657545089,4,1.2,False,12,6,18
common_0_30_w6,3,2.9,dynamic,3800001611,3800001611,345.14449960788096,4,1.2,False,12,6,18
common_0_30_w6,3,2.9,dynamic,3800000110,3800000110,296.6193838781317,4,1.2,False,12,6,18
common_0_30_w6,3,2.9,myopic,1600066610,1600066610,488.8870358168284,4,1.2,False,12,6,18
common_0_30_w6,3,2.9,myopic,1600066590,1600066590,421.45156513849895,4,1.2,False,12,6,18
common_0_30_w6,3,2.9,myopic,3800000120,3800000120,353.82030978679643,4,1.2,True,12,6,18
common_0_30_w6,3,2.9,myopic,3800001520,3800001520,323.8410654678346,4,1.2,False,12,6,18
common_0_30_w6,3,2.9,myopic,3800000127,3800000127,277.90481259234747,4,1.2,True,12,6,18
common_0_30_w6,3,2.9,myopic,1600066510,1600066510,506.64277921485893,4,1.2,False,12,6,18
common_0_30_w6,3,2.9,myopic,3800001611,3800001611,345.0280700368881,4,1.2,False,12,6,18
common_0_30_w6,3,2.9,myopic,3800000110,3800000110,295.9111398354098,4,1.2,False,12,6,18
common_0_30_w6,3,2.95,dynamic,1600066610,1600066610,493.2040494240127,4,1.2,False,12,6,18
common_0_30_w6,3,2.95,dynamic,1600066590,1600066590,425.46955121946337,4,1.2,False,12,6,18
common_0_30_w6,3,2.95,dynamic,3800000120,3800000120,357.99946422656365,4,1.2,True,12,6,18
common_0_30_w6,3,2.95,dynamic,3800001520,3800001520,327.9209416340987,2,0.4,False,12,6,18
common_0_30_w6,3,2.95,dynamic,3800000127,3800000127,280.74271696750327,4,1.2,True,12,6,18
common_0_30_w6,3,2.95,dynamic,1600066510,1600066510,512.185535674731,4,1.2,False,12,6,18
common_0_30_w6,3,2.95,dynamic,3800001611,3800001611,348.67505730271347,4,1.2,False,12,6,18
common_0_30_w6,3,2.95,dynamic,3800000110,3800000110,301.4503351506194,4,1.2,False,12,6,18
common_0_30_w6,3,2.95,myopic,1600066610,1600066610,493.12261783695226,4,1.2,False,12,6,18
common_0_30_w6,3,2.95,myopic,1600066590,1600066590,425.4443186028799,4,1.2,False,12,6,18
common_0_30_w6,3,2.95,myopic,3800000120,3800000120,357.99946422656365,4,1.2,True,12,6,18
common_0_30_w6,3,2.95,myopic,3800001520,3800001520,327.8530436375937,4,1.2,False,12,6,18
common_0_30_w6,3,2.95,myopic,3800000127,3800000127,280.74271696750327,4,1.2,True,12,6,18
common_0_30_w6,3,2.95,myopic,1600066510,1600066510,512.185535674731,4,1.2,False,12,6,18
common_0_30_w6,3,2.95,myopic,3800001611,3800001611,348.55340495920177,4,1.2,False,12,6,18
common_0_30_w6,3,2.95,myopic,3800000110,3800000110,300.72602551942316,4,1.2,False,12,6,18
common_0_30_w6,3,3.0,dynamic,1600066610,1600066610,497.4609157721203,4,1.2,False,12,6,18
common_0_30_w6,3,3.0,dynamic,1600066590,1600066590,429.4423409303029,4,1.2,False,12,6,18
common_0_30_w6,3,3.0,dynamic,3800000120,3800000120,362.17861866633086,4,1.2,True,12,6,18
common_0_30_w6,3,3.0,dynamic,3800001520,3800001520,331.86502180735283,4,1.2,False,12,6,18
common_0_30_w6,3,3.0,dynamic,3800000127,3800000127,283.580621342659,4,1.2,True,12,6,18
common_0_30_w6,3,3.0,dynamic,1600066510,1600066510,517.7282921346028,4,1.2,False,12,6,18
common_0_30_w6,3,3.0,dynamic,3800001611,3800001611,352.0787398815155,4,1.2,False,12,6,18
common_0_30_w6,3,3.0,dynamic,3800000110,3800000110,306.0408562319478,4,1.2,False,12,6,18
common_0_30_w6,3,3.0,myopic,1600066610,1600066610,497.358199857076,4,1.2,False,12,6,18
common_0_30_w6,3,3.0,myopic,1600066590,1600066590,429.4370720672608,4,1.2,False,12,6,18
common_0_30_w6,3,3.0,myopic,3800000120,3800000120,362.17861866633086,4,1.2,True,12,6,18
common_0_30_w6,3,3.0,myopic,3800001520,3800001520,331.86502180735283,4,1.2,False,12,6,18
common_0_30_w6,3,3.0,myopic,3800000127,3800000127,283.580621342659,4,1.2,True,12,6,18
common_0_30_w6,3,3.0,myopic,1600066510,1600066510,517.7282921346028,4,1.2,False,12,6,18
common_0_30_w6,3,3.0,myopic,3800001611,3800001611,352.0787398815155,4,1.2,False,12,6,18
common_0_30_w6,3,3.0,myopic,3800000110,3800000110,305.54091120343656,4,1.2,False,12,6,18
common_0_30_w6,3,3.05,dynamic,1600066610,1600066610,501.717782120228,4,1.2,False,12,6,18
common_0_30_w6,3,3.05,dynamic,1600066590,1600066590,433.41513064114247,4,1.2,False,12,6,18
common_0_30_w6,3,3.05,dynamic,3800000120,3800000120,366.357773106098,4,1.2,True,12,6,18
common_0_30_w6,3,3.05,dynamic,3800001520,3800001520,335.8769999771119,4,1.2,False,12,6,18
common_0_30_w6,3,3.05,dynamic,3800000127,3800000127,286.4185257178148,4,1.2,True,12,6,18
common_0_30_w6,3,3.05,dynamic,1600066510,1600066510,523.2710485944748,4,1.2,False,12,6,18
common_0_30_w6,3,3.05,dynamic,3800001611,3800001611,355.6040748038292,4,1.2,False,12,6,18
common_0_30_w6,3,3.05,dynamic,3800000110,3800000110,310.95861666553225,4,1.2,False,12,6,18
common_0_30_w6,3,3.05,myopic,1600066610,1600066610,501.59378187719983,4,1.2,False,12,6,18
common_0_30_w6,3,3.05,myopic,1600066590,1600066590,433.42982553164165,4,1.2,False,12,6,18
common_0_30_w6,3,3.05,myopic,3800000120,3800000120,366.357773106098,4,1.2,True,12,6,18
common_0_30_w6,3,3.05,myopic,3800001520,3800001520,335.8769999771119,4,1.2,False,12,6,18
common_0_30_w6,3,3.05,myopic,3800000127,3800000127,286.4185257178148,4,1.2,True,12,6,18
common_0_30_w6,3,3.05,myopic,1600066510,1600066510,523.2710485944748,4,1.2,False,12,6,18
common_0_30_w6,3,3.05,myopic,3800001611,3800001611,355.6040748038292,4,1.2,False,12,6,18
common_0_30_w6,3,3.05,myopic,3800000110,3800000110,310.3557968874499,4,1.2,False,12,6,18
common_0_30_w6,3,3.1,dynamic,1600066610,1600066610,505.97464846833566,4,1.2,False,12,6,18
common_0_30_w6,3,3.1,dynamic,1600066590,1600066590,437.3879203519821,4,1.2,False,12,6,18
common_0_30_w6,3,3.1,dynamic,3800000120,3800000120,370.5369275458653,4,1.2,True,12,6,18
common_0_30_w6,3,3.1,dynamic,3800001520,3800001520,339.88897814687107,4,1.2,False,12,6,18
common_0_30_w6,3,3.1,dynamic,3800000127,3800000127,289.25643009297056,4,1.2,True,12,6,18
common_0_30_w6,3,3.1,dynamic,1600066510,1600066510,528.8138050543467,4,1.2,False,12,6,18
common_0_30_w6,3,3.1,dynamic,3800001611,3800001611,359.12940972614285,4,1.2,False,12,6,18
common_0_30_w6,3,3.1,dynamic,3800000110,3800000110,315.78681046566373,4,1.2,False,12,6,18
common_0_30_w6,3,3.1,myopic,1600066610,1600066610,505.8293638973237,4,1.2,False,12,6,18
common_0_30_w6,3,3.1,myopic,1600066590,1600066590,437.4225789960226,4,1.2,False,12,6,18
common_0_30_w6,3,3.1,myopic,3800000120,3800000120,370.5369275458653,4,1.2,True,12,6,18
common_0_30_w6,3,3.1,myopic,3800001520,3800001520,339.88897814687107,4,1.2,False,12,6,18
common_0_30_w6,3,3.1,myopic,3800000127,3800000127,289.25643009297056,4,1.2,True,12,6,18
common_0_30_w6,3,3.1,myopic,1600066510,1600066510,528.8138050543467,4,1.2,False,12,6,18
common_0_30_w6,3,3.1,myopic,3800001611,3800001611,359.12940972614285,4,1.2,False,12,6,18
common_0_30_w6,3,3.1,myopic,3800000110,3800000110,315.17068257146326,4,1.2,False,12,6,18
common_0_30_w6,3,3.15,dynamic,1600066610,1600066610,510.2315148164433,4,1.2,False,12,6,18
common_0_30_w6,3,3.15,dynamic,1600066590,1600066590,441.3607100628217,4,1.2,False,12,6,18
common_0_30_w6,3,3.15,dynamic,3800000120,3800000120,374.71608198563246,4,1.2,True,12,6,18
common_0_30_w6,3,3.15,dynamic,3800001520,3800001520,343.9009563166302,4,1.2,False,12,6,18
common_0_30_w6,3,3.15,dynamic,3800000127,3800000127,292.0943344681263,4,1.2,True,12,6,18
common_0_30_w6,3,3.15,dynamic,1600066510,1600066510,534.3565615142186,4,1.2,False,12,6,18
common_0_30_w6,3,3.15,dynamic,3800001611,3800001611,362.6547446484566,4,1.2,False,12,6,18
common_0_30_w6,3,3.15,dynamic,3800000110,3800000110,320.6150042657952,4,1.2,False,12,6,18
common_0_30_w6,3,3.15,myopic,1600066610,1600066610,510.0649459174474,4,1.2,False,12,6,18
common_0_30_w6,3,3.15,myopic,1600066590,1600066590,441.4153324604034,4,1.2,False,12,6,18
common_0_30_w6,3,3.15,myopic,3800000120,3800000120,374.71608198563246,4,1.2,True,12,6,18
common_0_30_w6,3,3.15,myopic,3800001520,3800001520,343.9009563166302,4,1.2,False,12,6,18
common_0_30_w6,3,3.15,myopic,3800000127,3800000127,292.0943344681263,4,1.2,True,12,6,18
common_0_30_w6,3,3.15,myopic,1600066510,1600066510,534.3565615142186,4,1.2,False,12,6,18
common_0_30_w6,3,3.15,myopic,3800001611,3800001611,362.6547446484566,4,1.2,False,12,6,18
common_0_30_w6,3,3.15,myopic,3800000110,3800000110,319.9855682554766,4,1.2,False,12,6,18
common_0_30_w6,3,3.2,dynamic,1600066610,1600066610,514.4883811645509,4,1.2,False,12,6,18
common_0_30_w6,3,3.2,dynamic,1600066590,1600066590,445.3334997736613,4,1.2,False,12,6,18
common_0_30_w6,3,3.2,dynamic,3800000120,3800000120,378.8952364253997,4,1.2,True,12,6,18
common_0_30_w6,3,3.2,dynamic,3800001520,3800001520,347.9129344863893,4,1.2,False,12,6,18
common_0_30_w6,3,3.2,dynamic,3800000127,3800000127,294.9322388432821,4,1.2,True,12,6,18
common_0_30_w6,3,3.2,dynamic,1600066510,1600066510,539.8993179740905,4,1.2,False,12,6,18
common_0_30_w6,3,3.2,dynamic,3800001611,3800001611,366.18007957077026,4,1.2,False,12,6,18
common_0_30_w6,3,3.2,dynamic,3800000110,3800000110,325.4431980659267,4,1.2,False,12,6,18
common_0_30_w6,3,3.2,myopic,1600066610,1600066610,514.3005279375712,4,1.2,False,12,6,18
common_0_30_w6,3,3.2,myopic,1600066590,1600066590,445.40808592478436,4,1.2,False,12,6,18
common_0_30_w6,3,3.2,myopic,3800000120,3800000120,378.8952364253997,4,1.2,True,12,6,18
common_0_30_w6,3,3.2,myopic,3800001520,3800001520,347.9129344863893,4,1.2,False,12,6,18
common_0_30_w6,3,3.2,myopic,3800000127,3800000127,294.9322388432821,4,1.2,True,12,6,18
common_0_30_w6,3,3.2,myopic,1600066510,1600066510,539.8993179740905,4,1.2,False,12,6,18
common_0_30_w6,3,3.2,myopic,3800001611,3800001611,366.18007957077026,4,1.2,False,12,6,18
common_0_30_w6,3,3.2,myopic,3800000110,3800000110,324.80045393949,4,1.2,False,12,6,18
common_0_30_w6,8,1.2,dynamic,1600066610,1600066610,472.7574157714848,0,0.0,True,12,6,18
common_0_30_w6,8,1.2,dynamic,1600066590,1600066590,399.8057861328117,0,0.0,True,12,6,18
common_0_30_w6,8,1.2,dynamic,3800000120,3800000120,249.29017639160062,0,0.0,True,12,6,18
common_0_30_w6,8,1.2,dynamic,3800001520,3800001520,327.6087036132809,0,0.0,True,12,6,18
common_0_30_w6,8,1.2,dynamic,3800000127,3800000127,239.69628906249972,0,0.0,True,12,6,18
common_0_30_w6,8,1.2,dynamic,1600066510,1600066510,398.87255859374886,0,0.0,True,12,6,18
common_0_30_w6,8,1.2,dynamic,3800001611,3800001611,332.3937988281248,0,0.0,True,12,6,18
common_0_30_w6,8,1.2,dynamic,3800000110,3800000110,161.52136230468736,0,0.0,True,12,6,18
common_0_30_w6,8,1.2,myopic,1600066610,1600066610,472.7574157714848,0,0.0,True,12,6,18
common_0_30_w6,8,1.2,myopic,1600066590,1600066590,399.8057861328117,0,0.0,True,12,6,18
common_0_30_w6,8,1.2,myopic,3800000120,3800000120,249.29017639160062,0,0.0,True,12,6,18
common_0_30_w6,8,1.2,myopic,3800001520,3800001520,327.6087036132809,0,0.0,True,12,6,18
common_0_30_w6,8,1.2,myopic,3800000127,3800000127,239.69628906249972,0,0.0,True,12,6,18
common_0_30_w6,8,1.2,myopic,1600066510,1600066510,398.87255859374886,0,0.0,True,12,6,18
common_0_30_w6,8,1.2,myopic,3800001611,3800001611,332.3937988281248,0,0.0,True,12,6,18
common_0_30_w6,8,1.2,myopic,3800000110,3800000110,161.52136230468736,0,0.0,True,12,6,18
common_0_30_w6,8,1.25,dynamic,1600066610,1600066610,472.7574157714848,0,0.0,True,12,6,18
common_0_30_w6,8,1.25,dynamic,1600066590,1600066590,399.8057861328117,0,0.0,True,12,6,18
common_0_30_w6,8,1.25,dynamic,3800000120,3800000120,249.29017639160062,0,0.0,True,12,6,18
common_0_30_w6,8,1.25,dynamic,3800001520,3800001520,327.6087036132809,0,0.0,True,12,6,18
common_0_30_w6,8,1.25,dynamic,3800000127,3800000127,239.69628906249972,0,0.0,True,12,6,18
common_0_30_w6,8,1.25,dynamic,1600066510,1600066510,398.87255859374886,0,0.0,True,12,6,18
common_0_30_w6,8,1.25,dynamic,3800001611,3800001611,332.3937988281248,0,0.0,True,12,6,18
common_0_30_w6,8,1.25,dynamic,3800000110,3800000110,161.52136230468736,0,0.0,True,12,6,18
common_0_30_w6,8,1.25,myopic,1600066610,1600066610,472.7574157714848,0,0.0,True,12,6,18
common_0_30_w6,8,1.25,myopic,1600066590,1600066590,399.8057861328117,0,0.0,True,12,6,18
common_0_30_w6,8,1.25,myopic,3800000120,3800000120,249.29017639160062,0,0.0,True,12,6,18
common_0_30_w6,8,1.25,myopic,3800001520,3800001520,327.6087036132809,0,0.0,True,12,6,18
common_0_30_w6,8,1.25,myopic,3800000127,3800000127,239.69628906249972,0,0.0,True,12,6,18
common_0_30_w6,8,1.25,myopic,1600066510,1600066510,398.87255859374886,0,0.0,True,12,6,18
common_0_30_w6,8,1.25,myopic,3800001611,3800001611,332.3937988281248,0,0.0,True,12,6,18
common_0_30_w6,8,1.25,myopic,3800000110,3800000110,161.52136230468736,0,0.0,True,12,6,18
common_0_30_w6,8,1.3,dynamic,1600066610,1600066610,472.7574157714848,0,0.0,True,12,6,18
common_0_30_w6,8,1.3,dynamic,1600066590,1600066590,399.8057861328117,0,0.0,True,12,6,18
common_0_30_w6,8,1.3,dynamic,3800000120,3800000120,249.29017639160062,0,0.0,True,12,6,18
common_0_30_w6,8,1.3,dynamic,3800001520,3800001520,327.6087036132809,0,0.0,True,12,6,18
common_0_30_w6,8,1.3,dynamic,3800000127,3800000127,239.69628906249972,0,0.0,True,12,6,18
common_0_30_w6,8,1.3,dynamic,1600066510,1600066510,398.87255859374886,0,0.0,True,12,6,18
common_0_30_w6,8,1.3,dynamic,3800001611,3800001611,332.3937988281248,0,0.0,True,12,6,18
common_0_30_w6,8,1.3,dynamic,3800000110,3800000110,161.52136230468736,0,0.0,True,12,6,18
common_0_30_w6,8,1.3,myopic,1600066610,1600066610,472.7574157714848,0,0.0,True,12,6,18
common_0_30_w6,8,1.3,myopic,1600066590,1600066590,399.8057861328117,0,0.0,True,12,6,18
common_0_30_w6,8,1.3,myopic,3800000120,3800000120,249.29017639160062,0,0.0,True,12,6,18
common_0_30_w6,8,1.3,myopic,3800001520,3800001520,327.6087036132809,0,0.0,True,12,6,18
common_0_30_w6,8,1.3,myopic,3800000127,3800000127,239.69628906249972,0,0.0,True,12,6,18
common_0_30_w6,8,1.3,myopic,1600066510,1600066510,398.87255859374886,0,0.0,True,12,6,18
common_0_30_w6,8,1.3,myopic,3800001611,3800001611,332.3937988281248,0,0.0,True,12,6,18
common_0_30_w6,8,1.3,myopic,3800000110,3800000110,161.52136230468736,0,0.0,True,12,6,18
common_0_30_w6,8,1.35,dynamic,1600066610,1600066610,472.7574157714848,0,0.0,True,12,6,18
common_0_30_w6,8,1.35,dynamic,1600066590,1600066590,399.8057861328117,0,0.0,True,12,6,18
common_0_30_w6,8,1.35,dynamic,3800000120,3800000120,249.29017639160062,0,0.0,True,12,6,18
common_0_30_w6,8,1.35,dynamic,3800001520,3800001520,327.6087036132809,0,0.0,True,12,6,18
common_0_30_w6,8,1.35,dynamic,3800000127,3800000127,239.69628906249972,0,0.0,True,12,6,18
common_0_30_w6,8,1.35,dynamic,1600066510,1600066510,398.87255859374886,0,0.0,True,12,6,18
common_0_30_w6,8,1.35,dynamic,3800001611,3800001611,332.3937988281248,0,0.0,True,12,6,18
common_0_30_w6,8,1.35,dynamic,3800000110,3800000110,161.52136230468736,0,0.0,True,12,6,18
common_0_30_w6,8,1.35,myopic,1600066610,1600066610,472.7574157714848,0,0.0,True,12,6,18
common_0_30_w6,8,1.35,myopic,1600066590,1600066590,399.8057861328117,0,0.0,True,12,6,18
common_0_30_w6,8,1.35,myopic,3800000120,3800000120,249.29017639160062,0,0.0,True,12,6,18
common_0_30_w6,8,1.35,myopic,3800001520,3800001520,327.6087036132809,0,0.0,True,12,6,18
common_0_30_w6,8,1.35,myopic,3800000127,3800000127,239.69628906249972,0,0.0,True,12,6,18
common_0_30_w6,8,1.35,myopic,1600066510,1600066510,398.87255859374886,0,0.0,True,12,6,18
common_0_30_w6,8,1.35,myopic,3800001611,3800001611,332.3937988281248,0,0.0,True,12,6,18
common_0_30_w6,8,1.35,myopic,3800000110,3800000110,161.52136230468736,0,0.0,True,12,6,18
common_0_30_w6,8,1.4,dynamic,1600066610,1600066610,472.7574157714848,0,0.0,True,12,6,18
common_0_30_w6,8,1.4,dynamic,1600066590,1600066590,399.8057861328117,0,0.0,True,12,6,18
common_0_30_w6,8,1.4,dynamic,3800000120,3800000120,249.29017639160062,0,0.0,True,12,6,18
common_0_30_w6,8,1.4,dynamic,3800001520,3800001520,327.6087036132809,0,0.0,True,12,6,18
common_0_30_w6,8,1.4,dynamic,3800000127,3800000127,239.69628906249972,0,0.0,True,12,6,18
common_0_30_w6,8,1.4,dynamic,1600066510,1600066510,398.87255859374886,0,0.0,True,12,6,18
common_0_30_w6,8,1.4,dynamic,3800001611,3800001611,332.3937988281248,0,0.0,True,12,6,18
common_0_30_w6,8,1.4,dynamic,3800000110,3800000110,161.52136230468736,0,0.0,True,12,6,18
common_0_30_w6,8,1.4,myopic,1600066610,1600066610,472.7574157714848,0,0.0,True,12,6,18
common_0_30_w6,8,1.4,myopic,1600066590,1600066590,399.8057861328117,0,0.0,True,12,6,18
common_0_30_w6,8,1.4,myopic,3800000120,3800000120,249.29017639160062,0,0.0,True,12,6,18
common_0_30_w6,8,1.4,myopic,3800001520,3800001520,327.6087036132809,0,0.0,True,12,6,18
common_0_30_w6,8,1.4,myopic,3800000127,3800000127,239.69628906249972,0,0.0,True,12,6,18
common_0_30_w6,8,1.4,myopic,1600066510,1600066510,398.87255859374886,0,0.0,True,12,6,18
common_0_30_w6,8,1.4,myopic,3800001611,3800001611,332.3937988281248,0,0.0,True,12,6,18
common_0_30_w6,8,1.4,myopic,3800000110,3800000110,151.4645693150088,4,1.2,False,12,6,18
common_0_30_w6,8,1.45,dynamic,1600066610,1600066610,472.7574157714848,0,0.0,True,12,6,18
common_0_30_w6,8,1.45,dynamic,1600066590,1600066590,399.8057861328117,0,0.0,True,12,6,18
common_0_30_w6,8,1.45,dynamic,3800000120,3800000120,249.29017639160062,0,0.0,True,12,6,18
common_0_30_w6,8,1.45,dynamic,3800001520,3800001520,327.6087036132809,0,0.0,True,12,6,18
common_0_30_w6,8,1.45,dynamic,3800000127,3800000127,239.69628906249972,0,0.0,True,12,6,18
common_0_30_w6,8,1.45,dynamic,1600066510,1600066510,398.87255859374886,0,0.0,True,12,6,18
common_0_30_w6,8,1.45,dynamic,3800001611,3800001611,332.3937988281248,0,0.0,True,12,6,18
common_0_30_w6,8,1.45,dynamic,3800000110,3800000110,161.52136230468736,0,0.0,True,12,6,18
common_0_30_w6,8,1.45,myopic,1600066610,1600066610,472.7574157714848,0,0.0,True,12,6,18
common_0_30_w6,8,1.45,myopic,1600066590,1600066590,399.8057861328117,0,0.0,True,12,6,18
common_0_30_w6,8,1.45,myopic,3800000120,3800000120,249.29017639160062,0,0.0,True,12,6,18
common_0_30_w6,8,1.45,myopic,3800001520,3800001520,327.6087036132809,0,0.0,True,12,6,18
common_0_30_w6,8,1.45,myopic,3800000127,3800000127,239.69628906249972,0,0.0,True,12,6,18
common_0_30_w6,8,1.45,myopic,1600066510,1600066510,398.87255859374886,0,0.0,True,12,6,18
common_0_30_w6,8,1.45,myopic,3800001611,3800001611,332.3937988281248,0,0.0,True,12,6,18
common_0_30_w6,8,1.45,myopic,3800000110,3800000110,156.27945499902216,4,1.2,False,12,6,18
common_0_30_w6,8,1.5,dynamic,1600066610,1600066610,472.7574157714848,0,0.0,True,12,6,18
common_0_30_w6,8,1.5,dynamic,1600066590,1600066590,399.8057861328117,0,0.0,True,12,6,18
common_0_30_w6,8,1.5,dynamic,3800000120,3800000120,249.29017639160062,0,0.0,True,12,6,18
common_0_30_w6,8,1.5,dynamic,3800001520,3800001520,327.6087036132809,0,0.0,True,12,6,18
common_0_30_w6,8,1.5,dynamic,3800000127,3800000127,239.69628906249972,0,0.0,True,12,6,18
common_0_30_w6,8,1.5,dynamic,1600066510,1600066510,398.87255859374886,0,0.0,True,12,6,18
common_0_30_w6,8,1.5,dynamic,3800001611,3800001611,332.3937988281248,0,0.0,True,12,6,18
common_0_30_w6,8,1.5,dynamic,3800000110,3800000110,161.92442533254626,2,0.6,False,12,6,18
common_0_30_w6,8,1.5,myopic,1600066610,1600066610,472.7574157714848,0,0.0,True,12,6,18
common_0_30_w6,8,1.5,myopic,1600066590,1600066590,399.8057861328117,0,0.0,True,12,6,18
common_0_30_w6,8,1.5,myopic,3800000120,3800000120,249.29017639160062,0,0.0,True,12,6,18
common_0_30_w6,8,1.5,myopic,3800001520,3800001520,327.6087036132809,0,0.0,True,12,6,18
common_0_30_w6,8,1.5,myopic,3800000127,3800000127,239.69628906249972,0,0.0,True,12,6,18
common_0_30_w6,8,1.5,myopic,1600066510,1600066510,398.87255859374886,0,0.0,True,12,6,18
common_0_30_w6,8,1.5,myopic,3800001611,3800001611,332.3937988281248,0,0.0,True,12,6,18
common_0_30_w6,8,1.5,myopic,3800000110,3800000110,161.09434068303554,4,1.2,False,12,6,18
common_0_30_w6,8,1.55,dynamic,1600066610,1600066610,472.7574157714848,0,0.0,True,12,6,18
common_0_30_w6,8,1.55,dynamic,1600066590,1600066590,399.8057861328117,0,0.0,True,12,6,18
common_0_30_w6,8,1.55,dynamic,3800000120,3800000120,249.29017639160062,0,0.0,True,12,6,18
common_0_30_w6,8,1.55,dynamic,3800001520,3800001520,327.6087036132809,0,0.0,True,12,6,18
common_0_30_w6,8,1.55,dynamic,3800000127,3800000127,239.69628906249972,0,0.0,True,12,6,18
common_0_30_w6,8,1.55,dynamic,1600066510,1600066510,398.87255859374886,0,0.0,True,12,6,18
common_0_30_w6,8,1.55,dynamic,3800001611,3800001611,332.3937988281248,0,0.0,True,12,6,18
common_0_30_w6,8,1.55,dynamic,3800000110,3800000110,166.33927937197686,4,1.2,False,12,6,18
common_0_30_w6,8,1.55,myopic,1600066610,1600066610,472.7574157714848,0,0.0,True,12,6,18
common_0_30_w6,8,1.55,myopic,1600066590,1600066590,399.8057861328117,0,0.0,True,12,6,18
common_0_30_w6,8,1.55,myopic,3800000120,3800000120,249.29017639160062,0,0.0,True,12,6,18
common_0_30_w6,8,1.55,myopic,3800001520,3800001520,327.6087036132809,0,0.0,True,12,6,18
common_0_30_w6,8,1.55,myopic,3800000127,3800000127,239.69628906249972,0,0.0,True,12,6,18
common_0_30_w6,8,1.55,myopic,1600066510,1600066510,398.87255859374886,0,0.0,True,12,6,18
common_0_30_w6,8,1.55,myopic,3800001611,3800001611,332.3937988281248,0,0.0,True,12,6,18
common_0_30_w6,8,1.55,myopic,3800000110,3800000110,165.9092263670489,4,1.2,False,12,6,18
common_0_30_w6,8,1.6,dynamic,1600066610,1600066610,472.7574157714848,0,0.0,True,12,6,18
common_0_30_w6,8,1.6,dynamic,1600066590,1600066590,399.8057861328117,0,0.0,True,12,6,18
common_0_30_w6,8,1.6,dynamic,3800000120,3800000120,249.29017639160062,0,0.0,True,12,6,18
common_0_30_w6,8,1.6,dynamic,3800001520,3800001520,327.6087036132809,0,0.0,True,12,6,18
common_0_30_w6,8,1.6,dynamic,3800000127,3800000127,239.69628906249972,0,0.0,True,12,6,18
common_0_30_w6,8,1.6,dynamic,1600066510,1600066510,398.87255859374886,0,0.0,True,12,6,18
common_0_30_w6,8,1.6,dynamic,3800001611,3800001611,332.3937988281248,0,0.0,True,12,6,18
common_0_30_w6,8,1.6,dynamic,3800000110,3800000110,171.1226253183683,4,1.2,False,12,6,18
common_0_30_w6,8,1.6,myopic,1600066610,1600066610,472.7574157714848,0,0.0,True,12,6,18
common_0_30_w6,8,1.6,myopic,1600066590,1600066590,399.8057861328117,0,0.0,True,12,6,18
common_0_30_w6,8,1.6,myopic,3800000120,3800000120,249.29017639160062,0,0.0,True,12,6,18
common_0_30_w6,8,1.6,myopic,3800001520,3800001520,327.6087036132809,0,0.0,True,12,6,18
common_0_30_w6,8,1.6,myopic,3800000127,3800000127,239.69628906249972,0,0.0,True,12,6,18
common_0_30_w6,8,1.6,myopic,1600066510,1600066510,398.87255859374886,0,0.0,True,12,6,18
common_0_30_w6,8,1.6,myopic,3800001611,3800001611,332.3937988281248,0,0.0,True,12,6,18
common_0_30_w6,8,1.6,myopic,3800000110,3800000110,170.72411205106226,4,1.2,False,12,6,18
common_0_30_w6,8,1.65,dynamic,1600066610,1600066610,472.7574157714848,0,0.0,True,12,6,18
common_0_30_w6,8,1.65,dynamic,1600066590,1600066590,399.8057861328117,0,0.0,True,12,6,18
common_0_30_w6,8,1.65,dynamic,3800000120,3800000120,249.4082453476587,3,0.8999999999999999,True,12,6,18
common_0_30_w6,8,1.65,dynamic,3800001520,3800001520,327.6087036132809,0,0.0,True,12,6,18
common_0_30_w6,8,1.65,dynamic,3800000127,3800000127,239.69628906249972,0,0.0,True,12,6,18
common_0_30_w6,8,1.65,dynamic,1600066510,1600066510,398.87255859374886,0,0.0,True,12,6,18
common_0_30_w6,8,1.65,dynamic,3800001611,3800001611,332.3937988281248,0,0.0,True,12,6,18
common_0_30_w6,8,1.65,dynamic,3800000110,3800000110,175.92394688345988,4,1.2,False,12,6,18
common_0_30_w6,8,1.65,myopic,1600066610,1600066610,472.7574157714848,0,0.0,True,12,6,18
common_0_30_w6,8,1.65,myopic,1600066590,1600066590,399.8057861328117,0,0.0,True,12,6,18
common_0_30_w6,8,1.65,myopic,3800000120,3800000120,249.34144879261646,4,1.2,True,12,6,18
common_0_30_w6,8,1.65,myopic,3800001520,3800001520,327.6087036132809,0,0.0,True,12,6,18
common_0_30_w6,8,1.65,myopic,3800000127,3800000127,239.69628906249972,0,0.0,True,12,6,18
common_0_30_w6,8,1.65,myopic,1600066510,1600066510,398.87255859374886,0,0.0,True,12,6,18
common_0_30_w6,8,1.65,myopic,3800001611,3800001611,332.3937988281248,0,0.0,True,12,6,18
common_0_30_w6,8,1.65,myopic,3800000110,3800000110,175.5389977350756,4,1.2,False,12,6,18
common_0_30_w6,8,1.7,dynamic,1600066610,1600066610,472.7574157714848,0,0.0,True,12,6,18
common_0_30_w6,8,1.7,dynamic,1600066590,1600066590,399.8057861328117,0,0.0,True,12,6,18
common_0_30_w6,8,1.7,dynamic,3800000120,3800000120,253.54983570226028,4,1.2,True,12,6,18
common_0_30_w6,8,1.7,dynamic,3800001520,3800001520,327.6087036132809,0,0.0,True,12,6,18
common_0_30_w6,8,1.7,dynamic,3800000127,3800000127,239.69628906249972,0,0.0,True,12,6,18
common_0_30_w6,8,1.7,dynamic,1600066510,1600066510,398.87255859374886,0,0.0,True,12,6,18
common_0_30_w6,8,1.7,dynamic,3800001611,3800001611,332.3937988281248,0,0.0,True,12,6,18
common_0_30_w6,8,1.7,dynamic,3800000110,3800000110,180.74360679461557,4,1.2,False,12,6,18
common_0_30_w6,8,1.7,myopic,1600066610,1600066610,472.7574157714848,0,0.0,True,12,6,18
common_0_30_w6,8,1.7,myopic,1600066590,1600066590,399.8057861328117,0,0.0,True,12,6,18
common_0_30_w6,8,1.7,myopic,3800000120,3800000120,253.52060323238362,4,1.2,True,12,6,18
common_0_30_w6,8,1.7,myopic,3800001520,3800001520,327.6087036132809,0,0.0,True,12,6,18
common_0_30_w6,8,1.7,myopic,3800000127,3800000127,239.69628906249972,0,0.0,True,12,6,18
common_0_30_w6,8,1.7,myopic,1600066510,1600066510,398.87255859374886,0,0.0,True,12,6,18
common_0_30_w6,8,1.7,myopic,3800001611,3800001611,332.3937988281248,0,0.0,True,12,6,18
common_0_30_w6,8,1.7,myopic,3800000110,3800000110,180.353883419089,4,1.2,False,12,6,18
common_0_30_w6,8,1.75,dynamic,1600066610,1600066610,472.7574157714848,0,0.0,True,12,6,18
common_0_30_w6,8,1.75,dynamic,1600066590,1600066590,399.8057861328117,0,0.0,True,12,6,18
common_0_30_w6,8,1.75,dynamic,3800000120,3800000120,257.71546014149976,4,1.2,True,12,6,18
common_0_30_w6,8,1.75,dynamic,3800001520,3800001520,327.6087036132809,0,0.0,True,12,6,18
common_0_30_w6,8,1.75,dynamic,3800000127,3800000127,239.69628906249972,0,0.0,True,12,6,18
common_0_30_w6,8,1.75,dynamic,1600066510,1600066510,398.87255859374886,0,0.0,True,12,6,18
common_0_30_w6,8,1.75,dynamic,3800001611,3800001611,332.3937988281248,0,0.0,True,12,6,18
common_0_30_w6,8,1.75,dynamic,3800000110,3800000110,185.56326670577127,4,1.2,False,12,6,18
common_0_30_w6,8,1.75,myopic,1600066610,1600066610,472.7574157714848,0,0.0,True,12,6,18
common_0_30_w6,8,1.75,myopic,1600066590,1600066590,399.8057861328117,0,0.0,True,12,6,18
common_0_30_w6,8,1.75,myopic,3800000120,3800000120,257.69975767215084,4,1.2,True,12,6,18
common_0_30_w6,8,1.75,myopic,3800001520,3800001520,327.6087036132809,0,0.0,True,12,6,18
common_0_30_w6,8,1.75,myopic,3800000127,3800000127,239.69628906249972,0,0.0,True,12,6,18
common_0_30_w6,8,1.75,myopic,1600066510,1600066510,398.87255859374886,0,0.0,True,12,6,18
common_0_30_w6,8,1.75,myopic,3800001611,3800001611,332.3937988281248,0,0.0,True,12,6,18
common_0_30_w6,8,1.75,myopic,3800000110,3800000110,185.16876910310236,4,1.2,False,12,6,18
common_0_30_w6,8,1.8,dynamic,1600066610,1600066610,472.7574157714848,0,0.0,True,12,6,18
common_0_30_w6,8,1.8,dynamic,1600066590,1600066590,399.8057861328117,0,0.0,True,12,6,18
common_0_30_w6,8,1.8,dynamic,3800000120,3800000120,261.8882217528025,4,1.2,True,12,6,18
common_0_30_w6,8,1.8,dynamic,3800001520,3800001520,327.6087036132809,0,0.0,True,12,6,18
common_0_30_w6,8,1.8,dynamic,3800000127,3800000127,239.69628906249972,0,0.0,True,12,6,18
common_0_30_w6,8,1.8,dynamic,1600066510,1600066510,398.87255859374886,0,0.0,True,12,6,18
common_0_30_w6,8,1.8,dynamic,3800001611,3800001611,332.3937988281248,0,0.0,True,12,6,18
common_0_30_w6,8,1.8,dynamic,3800000110,3800000110,190.382926616927,4,1.2,False,12,6,18
common_0_30_w6,8,1.8,myopic,1600066610,1600066610,472.7574157714848,0,0.0,True,12,6,18
common_0_30_w6,8,1.8,myopic,1600066590,1600066590,399.8057861328117,0,0.0,True,12,6,18
common_0_30_w6,8,1.8,myopic,3800000120,3800000120,261.87891211191805,4,1.2,True,12,6,18
common_0_30_w6,8,1.8,myopic,3800001520,3800001520,327.6087036132809,0,0.0,True,12,6,18
common_0_30_w6,8,1.8,myopic,3800000127,3800000127,239.69628906249972,0,0.0,True,12,6,18
common_0_30_w6,8,1.8,myopic,1600066510,1600066510,398.87255859374886,0,0.0,True,12,6,18
common_0_30_w6,8,1.8,myopic,3800001611,3800001611,332.3937988281248,0,0.0,True,12,6,18
common_0_30_w6,8,1.8,myopic,3800000110,3800000110,189.98365478711574,4,1.2,False,12,6,18
common_0_30_w6,8,1.85,dynamic,1600066610,1600066610,472.7574157714848,0,0.0,True,12,6,18
common_0_30_w6,8,1.85,dynamic,1600066590,1600066590,399.8057861328117,0,0.0,True,12,6,18
common_0_30_w6,8,1.85,dynamic,3800000120,3800000120,266.06141724777217,4,1.2,True,12,6,18
common_0_30_w6,8,1.85,dynamic,3800001520,3800001520,327.6087036132809,0,0.0,True,12,6,18
common_0_30_w6,8,1.85,dynamic,3800000127,3800000127,239.69628906249972,0,0.0,True,12,6,18
common_0_30_w6,8,1.85,dynamic,1600066510,1600066510,398.87255859374886,0,0.0,True,12,6,18
common_0_30_w6,8,1.85,dynamic,3800001611,3800001611,332.3937988281248,0,0.0,True,12,6,18
common_0_30_w6,8,1.85,dynamic,3800000110,3800000110,195.2025865280827,4,1.2,False,12,6,18
common_0_30_w6,8,1.85,myopic,1600066610,1600066610,472.7574157714848,0,0.0,True,12,6,18
common_0_30_w6,8,1.85,myopic,1600066590,1600066590,399.8057861328117,0,0.0,True,12,6,18
common_0_30_w6,8,1.85,myopic,3800000120,3800000120,266.0580665516853,4,1.2,True,12,6,18
common_0_30_w6,8,1.85,myopic,3800001520,3800001520,327.6087036132809,0,0.0,True,12,6,18
common_0_30_w6,8,1.85,myopic,3800000127,3800000127,239.69628906249972,0,0.0,True,12,6,18
common_0_30_w6,8,1.85,myopic,1600066510,1600066510,390.2448935575485,4,1.2,False,12,6,18
common_0_30_w6,8,1.85,myopic,3800001611,3800001611,332.3937988281248,0,0.0,True,12,6,18
common_0_30_w6,8,1.85,myopic,3800000110,3800000110,194.7985404711291,4,1.2,False,12,6,18
common_0_30_w6,8,1.9,dynamic,1600066610,1600066610,472.7574157714848,0,0.0,True,12,6,18
common_0_30_w6,8,1.9,dynamic,1600066590,1600066590,399.8057861328117,0,0.0,True,12,6,18
common_0_30_w6,8,1.9,dynamic,3800000120,3800000120,270.23765583546947,4,1.2,True,12,6,18
common_0_30_w6,8,1.9,dynamic,3800001520,3800001520,327.6087036132809,0,0.0,True,12,6,18
common_0_30_w6,8,1.9,dynamic,3800000127,3800000127,239.69628906249972,0,0.0,True,12,6,18
common_0_30_w6,8,1.9,dynamic,1600066510,1600066510,398.87255859374886,0,0.0,True,12,6,18
common_0_30_w6,8,1.9,dynamic,3800001611,3800001611,332.3937988281248,0,0.0,True,12,6,18
common_0_30_w6,8,1.9,dynamic,3800000110,3800000110,200.02224643923836,4,1.2,False,12,6,18
common_0_30_w6,8,1.9,myopic,1600066610,1600066610,472.7574157714848,0,0.0,True,12,6,18
common_0_30_w6,8,1.9,myopic,1600066590,1600066590,399.8057861328117,0,0.0,True,12,6,18
common_0_30_w6,8,1.9,myopic,3800000120,3800000120,270.23722099145243,4,1.2,True,12,6,18
common_0_30_w6,8,1.9,myopic,3800001520,3800001520,327.6087036132809,0,0.0,True,12,6,18
common_0_30_w6,8,1.9,myopic,3800000127,3800000127,239.69628906249972,0,0.0,True,12,6,18
common_0_30_w6,8,1.9,myopic,1600066510,1600066510,395.78765001742045,4,1.2,False,12,6,18
common_0_30_w6,8,1.9,myopic,3800001611,3800001611,332.3937988281248,0,0.0,True,12,6,18
common_0_30_w6,8,1.9,myopic,3800000110,3800000110,199.61342615514243,4,1.2,False,12,6,18
common_0_30_w6,8,1.95,dynamic,1600066610,1600066610,472.7574157714848,0,0.0,True,12,6,18
common_0_30_w6,8,1.95,dynamic,1600066590,1600066590,399.8057861328117,0,0.0,True,12,6,18
common_0_30_w6,8,1.95,dynamic,3800000120,3800000120,274.41637543121965,4,1.2,True,12,6,18
common_0_30_w6,8,1.95,dynamic,3800001520,3800001520,327.6087036132809,0,0.0,True,12,6,18
common_0_30_w6,8,1.95,dynamic,3800000127,3800000127,239.69628906249972,0,0.0,True,12,6,18
common_0_30_w6,8,1.95,dynamic,1600066510,1600066510,401.5708389061292,4,1.2,False,12,6,18
common_0_30_w6,8,1.95,dynamic,3800001611,3800001611,332.3937988281248,0,0.0,True,12,6,18
common_0_30_w6,8,1.95,dynamic,3800000110,3800000110,204.84190635039408,4,1.2,False,12,6,18
common_0_30_w6,8,1.95,myopic,1600066610,1600066610,472.7574157714848,0,0.0,True,12,6,18
common_0_30_w6,8,1.95,myopic,1600066590,1600066590,399.8057861328117,0,0.0,True,12,6,18
common_0_30_w6,8,1.95,myopic,3800000120,3800000120,274.41637543121965,4,1.2,True,12,6,18
common_0_30_w6,8,1.95,myopic,3800001520,3800001520,327.6087036132809,0,0.0,True,12,6,18
common_0_30_w6,8,1.95,myopic,3800000127,3800000127,239.69628906249972,0,0.0,True,12,6,18
common_0_30_w6,8,1.95,myopic,1600066510,1600066510,401.3304064772924,4,1.2,False,12,6,18
common_0_30_w6,8,1.95,myopic,3800001611,3800001611,332.3937988281248,0,0.0,True,12,6,18
common_0_30_w6,8,1.95,myopic,3800000110,3800000110,204.4283118391558,4,1.2,False,12,6,18
common_0_30_w6,8,2.0,dynamic,1600066610,1600066610,472.7574157714848,0,0.0,True,12,6,18
common_0_30_w6,8,2.0,dynamic,1600066590,1600066590,399.8057861328117,0,0.0,True,12,6,18
common_0_30_w6,8,2.0,dynamic,3800000120,3800000120,278.59552987098687,4,1.2,True,12,6,18
common_0_30_w6,8,2.0,dynamic,3800001520,3800001520,327.6087036132809,0,0.0,True,12,6,18
common_0_30_w6,8,2.0,dynamic,3800000127,3800000127,239.69628906249972,0,0.0,True,12,6,18
common_0_30_w6,8,2.0,dynamic,1600066510,1600066510,407.0622598520915,4,1.2,False,12,6,18
common_0_30_w6,8,2.0,dynamic,3800001611,3800001611,332.3937988281248,0,0.0,True,12,6,18
common_0_30_w6,8,2.0,dynamic,3800000110,3800000110,209.66226097335422,4,1.2,False,12,6,18
common_0_30_w6,8,2.0,myopic,1600066610,1600066610,472.7574157714848,0,0.0,True,12,6,18
common_0_30_w6,8,2.0,myopic,1600066590,1600066590,399.8057861328117,0,0.0,True,12,6,18
common_0_30_w6,8,2.0,myopic,3800000120,3800000120,278.59552987098687,4,1.2,True,12,6,18
common_0_30_w6,8,2.0,myopic,3800001520,3800001520,327.6087036132809,0,0.0,True,12,6,18
common_0_30_w6,8,2.0,myopic,3800000127,3800000127,239.69628906249972,0,0.0,True,12,6,18
common_0_30_w6,8,2.0,myopic,1600066510,1600066510,406.8731629371643,4,1.2,False,12,6,18
common_0_30_w6,8,2.0,myopic,3800001611,3800001611,332.3937988281248,0,0.0,True,12,6,18
common_0_30_w6,8,2.0,myopic,3800000110,3800000110,209.2431975231692,4,1.2,False,12,6,18
common_0_30_w6,8,2.05,dynamic,1600066610,1600066610,472.7574157714848,0,0.0,True,12,6,18
common_0_30_w6,8,2.05,dynamic,1600066590,1600066590,399.8057861328117,0,0.0,True,12,6,18
common_0_30_w6,8,2.05,dynamic,3800000120,3800000120,282.774684310754,4,1.2,True,12,6,18
common_0_30_w6,8,2.05,dynamic,3800001520,3800001520,327.6087036132809,0,0.0,True,12,6,18
common_0_30_w6,8,2.05,dynamic,3800000127,3800000127,239.69628906249972,0,0.0,True,12,6,18
common_0_30_w6,8,2.05,dynamic,1600066510,1600066510,412.5773654230436,4,1.2,False,12,6,18
common_0_30_w6,8,2.05,dynamic,3800001611,3800001611,332.3937988281248,0,0.0,True,12,6,18
common_0_30_w6,8,2.05,dynamic,3800000110,3800000110,214.49321224584185,4,1.2,False,12,6,18
common_0_30_w6,8,2.05,myopic,1600066610,1600066610,472.7574157714848,0,0.0,True,12,6,18
common_0_30_w6,8,2.05,myopic,1600066590,1600066590,399.8057861328117,0,0.0,True,12,6,18
common_0_30_w6,8,2.05,myopic,3800000120,3800000120,282.774684310754,4,1.2,True,12,6,18
common_0_30_w6,8,2.05,myopic,3800001520,3800001520,327.6087036132809,0,0.0,True,12,6,18
common_0_30_w6,8,2.05,myopic,3800000127,3800000127,239.69628906249972,0,0.0,True,12,6,18
common_0_30_w6,8,2.05,myopic,1600066510,1600066510,412.4159193970362,4,1.2,False,12,6,18
common_0_30_w6,8,2.05,myopic,3800001611,3800001611,332.3937988281248,0,0.0,True,12,6,18
common_0_30_w6,8,2.05,myopic,3800000110,3800000110,214.05808320718253,4,1.2,False,12,6,18
common_0_30_w6,8,2.1,dynamic,1600066610,1600066610,472.7574157714848,0,0.0,True,12,6,18
common_0_30_w6,8,2.1,dynamic,1600066590,1600066590,399.8057861328117,0,0.0,True,12,6,18
common_0_30_w6,8,2.1,dynamic,3800000120,3800000120,286.95383875052124,4,1.2,True,12,6,18
common_0_30_w6,8,2.1,dynamic,3800001520,3800001520,327.6087036132809,0,0.0,True,12,6,18
common_0_30_w6,8,2.1,dynamic,3800000127,3800000127,239.69628906249972,0,0.0,True,12,6,18
common_0_30_w6,8,2.1,dynamic,1600066510,1600066510,418.10288141727455,4,1.2,False,12,6,18
common_0_30_w6,8,2.1,dynamic,3800001611,3800001611,332.3937988281248,0,0.0,True,12,6,18
common_0_30_w6,8,2.1,dynamic,3800000110,3800000110,219.32416351832953,4,1.2,False,12,6,18
common_0_30_w6,8,2.1,myopic,1600066610,1600066610,472.7574157714848,0,0.0,True,12,6,18
common_0_30_w6,8,2.1,myopic,1600066590,1600066590,399.8057861328117,0,0.0,True,12,6,18
common_0_30_w6,8,2.1,myopic,3800000120,3800000120,286.95383875052124,4,1.2,True,12,6,18
common_0_30_w6,8,2.1,myopic,3800001520,3800001520,327.6087036132809,0,0.0,True,12,6,18
common_0_30_w6,8,2.1,myopic,3800000127,3800000127,239.69628906249972,0,0.0,True,12,6,18
common_0_30_w6,8,2.1,myopic,1600066510,1600066510,417.95867585690814,4,1.2,False,12,6,18
common_0_30_w6,8,2.1,myopic,3800001611,3800001611,332.3937988281248,0,0.0,True,12,6,18
common_0_30_w6,8,2.1,myopic,3800000110,3800000110,218.87296889119594,4,1.2,False,12,6,18
common_0_30_w6,8,2.15,dynamic,1600066610,1600066610,472.7574157714848,0,0.0,True,12,6,18
common_0_30_w6,8,2.15,dynamic,1600066590,1600066590,399.8057861328117,0,0.0,True,12,6,18
common_0_30_w6,8,2.15,dynamic,3800000120,3800000120,291.13299319028846,4,1.2,True,12,6,18
common_0_30_w6,8,2.15,dynamic,3800001520,3800001520,327.6087036132809,0,0.0,True,12,6,18
common_0_30_w6,8,2.15,dynamic,3800000127,3800000127,239.69628906249972,0,0.0,True,12,6,18
common_0_30_w6,8,2.15,dynamic,1600066510,1600066510,423.6297050848008,4,1.2,False,12,6,18
common_0_30_w6,8,2.15,dynamic,3800001611,3800001611,332.3937988281248,0,0.0,True,12,6,18
common_0_30_w6,8,2.15,dynamic,3800000110,3800000110,224.15511479081712,4,1.2,False,12,6,18
common_0_30_w6,8,2.15,myopic,1600066610,1600066610,472.7574157714848,0,0.0,True,12,6,18
common_0_30_w6,8,2.15,myopic,1600066590,1600066590,399.8057861328117,0,0.0,True,12,6,18
common_0_30_w6,8,2.15,myopic,3800000120,3800000120,291.13299319028846,4,1.2,True,12,6,18
common_0_30_w6,8,2.15,myopic,3800001520,3800001520,327.6087036132809,0,0.0,True,12,6,18
common_0_30_w6,8,2.15,myopic,3800000127,3800000127,235.27368636536596,4,1.2,True,12,6,18
common_0_30_w6,8,2.15,myopic,1600066510,1600066510,423.5014323167801,4,1.2,False,12,6,18
common_0_30_w6,8,2.15,myopic,3800001611,3800001611,332.3937988281248,0,0.0,True,12,6,18
common_0_30_w6,8,2.15,myopic,3800000110,3800000110,223.6878545752093,4,1.2,False,12,6,18
common_0_30_w6,8,2.2,dynamic,1600066610,1600066610,472.7574157714848,0,0.0,True,12,6,18
common_0_30_w6,8,2.2,dynamic,1600066590,1600066590,399.8057861328117,0,0.0,True,12,6,18
common_0_30_w6,8,2.2,dynamic,3800000120,3800000120,295.3121476300557,4,1.2,True,12,6,18
common_0_30_w6,8,2.2,dynamic,3800001520,3800001520,327.6087036132809,0,0.0,True,12,6,18
common_0_30_w6,8,2.2,dynamic,3800000127,3800000127,239.69628906249972,0,0.0,True,12,6,18
common_0_30_w6,8,2.2,dynamic,1600066510,1600066510,429.16875021489466,4,1.2,False,12,6,18
common_0_30_w6,8,2.2,dynamic,3800001611,3800001611,332.3937988281248,0,0.0,True,12,6,18
common_0_30_w6,8,2.2,dynamic,3800000110,3800000110,228.9860660633048,4,1.2,False,12,6,18
common_0_30_w6,8,2.2,myopic,1600066610,1600066610,472.7574157714848,0,0.0,True,12,6,18
common_0_30_w6,8,2.2,myopic,1600066590,1600066590,399.8057861328117,0,0.0,True,12,6,18
common_0_30_w6,8,2.2,myopic,3800000120,3800000120,295.3121476300557,4,1.2,True,12,6,18
common_0_30_w6,8,2.2,myopic,3800001520,3800001520,327.6087036132809,0,0.0,True,12,6,18
common_0_30_w6,8,2.2,myopic,3800000127,3800000127,238.12585156345366,4,1.2,True,12,6,18
common_0_30_w6,8,2.2,myopic,1600066510,1600066510,429.04418877665205,4,1.2,False,12,6,18
common_0_30_w6,8,2.2,myopic,3800001611,3800001611,332.3937988281248,0,0.0,True,12,6,18
common_0_30_w6,8,2.2,myopic,3800000110,3800000110,228.50274025922266,4,1.2,False,12,6,18
common_0_30_w6,8,2.24,dynamic,1600066610,1600066610,472.7574157714848,0,0.0,True,12,6,18
common_0_30_w6,8,2.24,dynamic,1600066590,1600066590,399.8057861328117,0,0.0,True,12,6,18
common_0_30_w6,8,2.24,dynamic,3800000120,3800000120,298.6554711818694,4,1.2,True,12,6,18
common_0_30_w6,8,2.24,dynamic,3800001520,3800001520,327.6087036132809,0,0.0,True,12,6,18
common_0_30_w6,8,2.24,dynamic,3800000127,3800000127,240.4913565762838,4,1.2,True,12,6,18
common_0_30_w6,8,2.24,dynamic,1600066510,1600066510,433.59998631896974,4,1.2,False,12,6,18
common_0_30_w6,8,2.24,dynamic,3800001611,3800001611,332.3937988281248,0,0.0,True,12,6,18
common_0_30_w6,8,2.24,dynamic,3800000110,3800000110,232.8508270812949,4,1.2,False,12,6,18
common_0_30_w6,8,2.24,myopic,1600066610,1600066610,472.7574157714848,0,0.0,True,12,6,18
common_0_30_w6,8,2.24,myopic,1600066590,1600066590,399.8057861328117,0,0.0,True,12,6,18
common_0_30_w6,8,2.24,myopic,3800000120,3800000120,298.6554711818694,4,1.2,True,12,6,18
common_0_30_w6,8,2.24,myopic,3800001520,3800001520,327.6087036132809,0,0.0,True,12,6,18
common_0_30_w6,8,2.24,myopic,3800000127,3800000127,240.40758372192383,4,1.2,True,12,6,18
common_0_30_w6,8,2.24,myopic,1600066510,1600066510,433.47839394454957,4,1.2,False,12,6,18
common_0_30_w6,8,2.24,myopic,3800001611,3800001611,332.3937988281248,0,0.0,True,12,6,18
common_0_30_w6,8,2.24,myopic,3800000110,3800000110,232.35464880643337,4,1.2,False,12,6,18
common_0_30_w6,8,2.25,dynamic,1600066610,1600066610,472.7574157714848,0,0.0,True,12,6,18
common_0_30_w6,8,2.25,dynamic,1600066590,1600066590,399.8057861328117,0,0.0,True,12,6,18
common_0_30_w6,8,2.25,dynamic,3800000120,3800000120,299.49130206982284,4,1.2,True,12,6,18
common_0_30_w6,8,2.25,dynamic,3800001520,3800001520,327.6087036132809,0,0.0,True,12,6,18
common_0_30_w6,8,2.25,dynamic,3800000127,3800000127,241.05722644925117,4,1.2,True,12,6,18
common_0_30_w6,8,2.25,dynamic,1600066510,1600066510,434.70779534498854,4,1.2,False,12,6,18
common_0_30_w6,8,2.25,dynamic,3800001611,3800001611,332.3937988281248,0,0.0,True,12,6,18
common_0_30_w6,8,2.25,dynamic,3800000110,3800000110,233.81701733579243,4,1.2,False,12,6,18
common_0_30_w6,8,2.25,myopic,1600066610,1600066610,472.7574157714848,0,0.0,True,12,6,18
common_0_30_w6,8,2.25,myopic,1600066590,1600066590,399.8057861328117,0,0.0,True,12,6,18
common_0_30_w6,8,2.25,myopic,3800000120,3800000120,299.49130206982284,4,1.2,True,12,6,18
common_0_30_w6,8,2.25,myopic,3800001520,3800001520,327.6087036132809,0,0.0,True,12,6,18
common_0_30_w6,8,2.25,myopic,3800000127,3800000127,240.97801676154134,4,1.2,True,12,6,18
common_0_30_w6,8,2.25,myopic,1600066510,1600066510,434.58694523652395,4,1.2,False,12,6,18
common_0_30_w6,8,2.25,myopic,3800001611,3800001611,332.3937988281248,0,0.0,True,12,6,18
common_0_30_w6,8,2.25,myopic,3800000110,3800000110,233.317625943236,4,1.2,False,12,6,18
common_0_30_w6,8,2.3,dynamic,1600066610,1600066610,472.7574157714848,0,0.0,True,12,6,18
common_0_30_w6,8,2.3,dynamic,1600066590,1600066590,399.8057861328117,0,0.0,True,12,6,18
common_0_30_w6,8,2.3,dynamic,3800000120,3800000120,303.67045650959005,4,1.2,True,12,6,18
common_0_30_w6,8,2.3,dynamic,3800001520,3800001520,327.6087036132809,0,0.0,True,12,6,18
common_0_30_w6,8,2.3,dynamic,3800000127,3800000127,243.89674149386082,4,1.2,True,12,6,18
common_0_30_w6,8,2.3,dynamic,1600066510,1600066510,440.2468404750824,4,1.2,False,12,6,18
common_0_30_w6,8,2.3,dynamic,3800001611,3800001611,332.3937988281248,0,0.0,True,12,6,18
common_0_30_w6,8,2.3,dynamic,3800000110,3800000110,238.64796860828005,4,1.2,False,12,6,18
common_0_30_w6,8,2.3,myopic,1600066610,1600066610,472.7574157714848,0,0.0,True,12,6,18
common_0_30_w6,8,2.3,myopic,1600066590,1600066590,399.8057861328117,0,0.0,True,12,6,18
common_0_30_w6,8,2.3,myopic,3800000120,3800000120,303.67045650959005,4,1.2,True,12,6,18
common_0_30_w6,8,2.3,myopic,3800001520,3800001520,327.6087036132809,0,0.0,True,12,6,18
common_0_30_w6,8,2.3,myopic,3800000127,3800000127,243.83018195962904,4,1.2,True,12,6,18
common_0_30_w6,8,2.3,myopic,1600066510,1600066510,440.12970169639584,4,1.2,False,12,6,18
common_0_30_w6,8,2.3,myopic,3800001611,3800001611,332.3937988281248,0,0.0,True,12,6,18
common_0_30_w6,8,2.3,myopic,3800000110,3800000110,238.13251162724936,4,1.2,False,12,6,18
common_0_30_w6,8,2.35,dynamic,1600066610,1600066610,472.7574157714848,0,0.0,True,12,6,18
common_0_30_w6,8,2.35,dynamic,1600066590,1600066590,399.8057861328117,0,0.0,True,12,6,18
common_0_30_w6,8,2.35,dynamic,3800000120,3800000120,307.84961094935727,4,1.2,True,12,6,18
common_0_30_w6,8,2.35,dynamic,3800001520,3800001520,327.6087036132809,0,0.0,True,12,6,18
common_0_30_w6,8,2.35,dynamic,3800000127,3800000127,246.74040145937596,4,1.2,True,12,6,18
common_0_30_w6,8,2.35,dynamic,1600066510,1600066510,445.7858856051763,4,1.2,False,12,6,18
common_0_30_w6,8,2.35,dynamic,3800001611,3800001611,332.3937988281248,0,0.0,True,12,6,18
common_0_30_w6,8,2.35,dynamic,3800000110,3800000110,243.47891988076773,4,1.2,False,12,6,18
common_0_30_w6,8,2.35,myopic,1600066610,1600066610,472.7574157714848,0,0.0,True,12,6,18
common_0_30_w6,8,2.35,myopic,1600066590,1600066590,399.8057861328117,0,0.0,True,12,6,18
common_0_30_w6,8,2.35,myopic,3800000120,3800000120,307.84961094935727,4,1.2,True,12,6,18
common_0_30_w6,8,2.35,myopic,3800001520,3800001520,327.6087036132809,0,0.0,True,12,6,18
common_0_30_w6,8,2.35,myopic,3800000127,3800000127,246.68234715771675,4,1.2,True,12,6,18
common_0_30_w6,8,2.35,myopic,1600066510,1600066510,445.6724581562678,4,1.2,False,12,6,18
common_0_30_w6,8,2.35,myopic,3800001611,3800001611,332.3937988281248,0,0.0,True,12,6,18
common_0_30_w6,8,2.35,myopic,3800000110,3800000110,242.94739731126276,4,1.2,False,12,6,18
common_0_30_w6,8,2.4,dynamic,1600066610,1600066610,472.7574157714848,0,0.0,True,12,6,18
common_0_30_w6,8,2.4,dynamic,1600066590,1600066590,399.8057861328117,0,0.0,True,12,6,18
common_0_30_w6,8,2.4,dynamic,3800000120,3800000120,312.02876538912443,4,1.2,True,12,6,18
common_0_30_w6,8,2.4,dynamic,3800001520,3800001520,327.6087036132809,0,0.0,True,12,6,18
common_0_30_w6,8,2.4,dynamic,3800000127,3800000127,249.58952665519712,4,1.2,True,12,6,18
common_0_30_w6,8,2.4,dynamic,1600066510,1600066510,451.3249307352702,4,1.2,False,12,6,18
common_0_30_w6,8,2.4,dynamic,3800001611,3800001611,332.3937988281248,0,0.0,True,12,6,18
common_0_30_w6,8,2.4,dynamic,3800000110,3800000110,248.30987115325533,4,1.2,False,12,6,18
common_0_30_w6,8,2.4,myopic,1600066610,1600066610,472.7574157714848,0,0.0,True,12,6,18
common_0_30_w6,8,2.4,myopic,1600066590,1600066590,399.8057861328117,0,0.0,True,12,6,18
common_0_30_w6,8,2.4,myopic,3800000120,3800000120,312.02876538912443,4,1.2,True,12,6,18
common_0_30_w6,8,2.4,myopic,3800001520,3800001520,327.6087036132809,0,0.0,True,12,6,18
common_0_30_w6,8,2.4,myopic,3800000127,3800000127,249.53451235580442,4,1.2,True,12,6,18
common_0_30_w6,8,2.4,myopic,1600066510,1600066510,451.21521461613975,4,1.2,False,12,6,18
common_0_30_w6,8,2.4,myopic,3800001611,3800001611,332.3937988281248,0,0.0,True,12,6,18
common_0_30_w6,8,2.4,myopic,3800000110,3800000110,247.7622829952761,4,1.2,False,12,6,18
common_0_30_w6,8,2.45,dynamic,1600066610,1600066610,472.7574157714848,0,0.0,True,12,6,18
common_0_30_w6,8,2.45,dynamic,1600066590,1600066590,399.8057861328117,0,0.0,True,12,6,18
common_0_30_w6,8,2.45,dynamic,3800000120,3800000120,316.20791982889165,4,1.2,True,12,6,18
common_0_30_w6,8,2.45,dynamic,3800001520,3800001520,327.6087036132809,0,0.0,True,12,6,18
common_0_30_w6,8,2.45,dynamic,3800000127,3800000127,252.44014855957033,4,1.2,True,12,6,18
common_0_30_w6,8,2.45,dynamic,1600066510,1600066510,456.8639758653641,4,1.2,False,12,6,18
common_0_30_w6,8,2.45,dynamic,3800001611,3800001611,332.3937988281248,0,0.0,True,12,6,18
common_0_30_w6,8,2.45,dynamic,3800000110,3800000110,253.140822425743,4,1.2,False,12,6,18
common_0_30_w6,8,2.45,myopic,1600066610,1600066610,472.7574157714848,0,0.0,True,12,6,18
common_0_30_w6,8,2.45,myopic,1600066590,1600066590,399.8057861328117,0,0.0,True,12,6,18
common_0_30_w6,8,2.45,myopic,3800000120,3800000120,316.20791982889165,4,1.2,True,12,6,18
common_0_30_w6,8,2.45,myopic,3800001520,3800001520,327.6087036132809,0,0.0,True,12,6,18
common_0_30_w6,8,2.45,myopic,3800000127,3800000127,252.38667755389213,4,1.2,True,12,6,18
common_0_30_w6,8,2.45,myopic,1600066510,1600066510,456.7579710760117,4,1.2,False,12,6,18
common_0_30_w6,8,2.45,myopic,3800001611,3800001611,313.1548229124546,4,1.2,False,12,6,18
common_0_30_w6,8,2.45,myopic,3800000110,3800000110,252.57716867928949,4,1.2,False,12,6,18
common_0_30_w6,8,2.5,dynamic,1600066610,1600066610,472.7574157714848,0,0.0,True,12,6,18
common_0_30_w6,8,2.5,dynamic,1600066590,1600066590,399.8057861328117,0,0.0,True,12,6,18
common_0_30_w6,8,2.5,dynamic,3800000120,3800000120,320.38707426865886,4,1.2,True,12,6,18
common_0_30_w6,8,2.5,dynamic,3800001520,3800001520,327.6087036132809,0,0.0,True,12,6,18
common_0_30_w6,8,2.5,dynamic,3800000127,3800000127,255.2907704639435,4,1.2,True,12,6,18
common_0_30_w6,8,2.5,dynamic,1600066510,1600066510,462.403020995458,4,1.2,False,12,6,18
common_0_30_w6,8,2.5,dynamic,3800001611,3800001611,332.3937988281248,0,0.0,True,12,6,18
common_0_30_w6,8,2.5,dynamic,3800000110,3800000110,257.9717736982306,4,1.2,False,12,6,18
common_0_30_w6,8,2.5,myopic,1600066610,1600066610,472.7574157714848,0,0.0,True,12,6,18
common_0_30_w6,8,2.5,myopic,1600066590,1600066590,399.8057861328117,0,0.0,True,12,6,18
common_0_30_w6,8,2.5,myopic,3800000120,3800000120,320.38707426865886,4,1.2,True,12,6,18
common_0_30_w6,8,2.5,myopic,3800001520,3800001520,327.6087036132809,0,0.0,True,12,6,18
common_0_30_w6,8,2.5,myopic,3800000127,3800000127,255.2388427519798,4,1.2,True,12,6,18
common_0_30_w6,8,2.5,myopic,1600066510,1600066510,462.30072753588354,4,1.2,False,12,6,18
common_0_30_w6,8,2.5,myopic,3800001611,3800001611,316.6978730924924,4,1.2,False,12,6,18
common_0_30_w6,8,2.5,myopic,3800000110,3800000110,257.39205436330286,4,1.2,False,12,6,18
common_0_30_w6,8,2.55,dynamic,1600066610,1600066610,472.7574157714848,0,0.0,True,12,6,18
common_0_30_w6,8,2.55,dynamic,1600066590,1600066590,399.8057861328117,0,0.0,True,12,6,18
common_0_30_w6,8,2.55,dynamic,3800000120,3800000120,324.566228708426,4,1.2,True,12,6,18
common_0_30_w6,8,2.55,dynamic,3800001520,3800001520,327.6087036132809,0,0.0,True,12,6,18
common_0_30_w6,8,2.55,dynamic,3800000127,3800000127,258.14139236831664,4,1.2,True,12,6,18
common_0_30_w6,8,2.55,dynamic,1600066510,1600066510,467.9420661255519,4,1.2,False,12,6,18
common_0_30_w6,8,2.55,dynamic,3800001611,3800001611,332.3937988281248,0,0.0,True,12,6,18
common_0_30_w6,8,2.55,dynamic,3800000110,3800000110,262.80272497071826,4,1.2,False,12,6,18
common_0_30_w6,8,2.55,myopic,1600066610,1600066610,472.7574157714848,0,0.0,True,12,6,18
common_0_30_w6,8,2.55,myopic,1600066590,1600066590,393.3355407005946,4,1.2,False,12,6,18
common_0_30_w6,8,2.55,myopic,3800000120,3800000120,324.566228708426,4,1.2,True,12,6,18
common_0_30_w6,8,2.55,myopic,3800001520,3800001520,327.6087036132809,0,0.0,True,12,6,18
common_0_30_w6,8,2.55,myopic,3800000127,3800000127,258.0910079500675,4,1.2,True,12,6,18
common_0_30_w6,8,2.55,myopic,1600066510,1600066510,467.8434839957555,4,1.2,False,12,6,18
common_0_30_w6,8,2.55,myopic,3800001611,3800001611,320.24092327253027,4,1.2,False,12,6,18
common_0_30_w6,8,2.55,myopic,3800000110,3800000110,262.2069400473162,4,1.2,False,12,6,18
common_0_30_w6,8,2.6,dynamic,1600066610,1600066610,472.7574157714848,0,0.0,True,12,6,18
common_0_30_w6,8,2.6,dynamic,1600066590,1600066590,399.8057861328117,0,0.0,True,12,6,18
common_0_30_w6,8,2.6,dynamic,3800000120,3800000120,328.74538314819324,4,1.2,True,12,6,18
common_0_30_w6,8,2.6,dynamic,3800001520,3800001520,327.6087036132809,0,0.0,True,12,6,18
common_0_30_w6,8,2.6,dynamic,3800000127,3800000127,260.99201427268986,4,1.2,True,12,6,18
common_0_30_w6,8,2.6,dynamic,1600066510,1600066510,473.48111125564577,4,1.2,False,12,6,18
common_0_30_w6,8,2.6,dynamic,3800001611,3800001611,332.3937988281248,0,0.0,True,12,6,18
common_0_30_w6,8,2.6,dynamic,3800000110,3800000110,267.6336762432059,4,1.2,False,12,6,18
common_0_30_w6,8,2.6,myopic,1600066610,1600066610,472.7574157714848,0,0.0,True,12,6,18
common_0_30_w6,8,2.6,myopic,1600066590,1600066590,397.3483582700094,4,1.2,False,12,6,18
common_0_30_w6,8,2.6,myopic,3800000120,3800000120,328.74538314819324,4,1.2,True,12,6,18
common_0_30_w6,8,2.6,myopic,3800001520,3800001520,327.6087036132809,0,0.0,True,12,6,18
common_0_30_w6,8,2.6,myopic,3800000127,3800000127,260.9431731481552,4,1.2,True,12,6,18
common_0_30_w6,8,2.6,myopic,1600066510,1600066510,473.38624045562744,4,1.2,False,12,6,18
common_0_30_w6,8,2.6,myopic,3800001611,3800001611,323.78397345256803,4,1.2,False,12,6,18
common_0_30_w6,8,2.6,myopic,3800000110,3800000110,267.0218257313296,4,1.2,False,12,6,18
common_0_30_w6,8,2.65,dynamic,1600066610,1600066610,472.7574157714848,0,0.0,True,12,6,18
common_0_30_w6,8,2.65,dynamic,1600066590,1600066590,401.63281295442584,4,1.2,False,12,6,18
common_0_30_w6,8,2.65,dynamic,3800000120,3800000120,332.92453758796046,4,1.2,True,12,6,18
common_0_30_w6,8,2.65,dynamic,3800001520,3800001520,327.6087036132809,0,0.0,True,12,6,18
common_0_30_w6,8,2.65,dynamic,3800000127,3800000127,263.842636177063,4,1.2,True,12,6,18
common_0_30_w6,8,2.65,dynamic,1600066510,1600066510,479.02258286778135,4,1.2,False,12,6,18
common_0_30_w6,8,2.65,dynamic,3800001611,3800001611,332.3937988281248,0,0.0,True,12,6,18
common_0_30_w6,8,2.65,dynamic,3800000110,3800000110,272.4646275156935,4,1.2,False,12,6,18
common_0_30_w6,8,2.65,myopic,1600066610,1600066610,467.62358643341065,4,1.2,False,12,6,18
common_0_30_w6,8,2.65,myopic,1600066590,1600066590,401.36117583942416,4,1.2,False,12,6,18
common_0_30_w6,8,2.65,myopic,3800000120,3800000120,332.92453758796046,4,1.2,True,12,6,18
common_0_30_w6,8,2.65,myopic,3800001520,3800001520,327.6087036132809,0,0.0,True,12,6,18
common_0_30_w6,8,2.65,myopic,3800000127,3800000127,263.7953383462429,4,1.2,True,12,6,18
common_0_30_w6,8,2.65,myopic,1600066510,1600066510,478.9289969154994,4,1.2,False,12,6,18
common_0_30_w6,8,2.65,myopic,3800001611,3800001611,327.32702363260586,4,1.2,False,12,6,18
common_0_30_w6,8,2.65,myopic,3800000110,3800000110,271.83671141534296,4,1.2,False,12,6,18
common_0_30_w6,8,2.7,dynamic,1600066610,1600066610,472.7574157714848,0,0.0,True,12,6,18
common_0_30_w6,8,2.7,dynamic,1600066590,1600066590,405.60560266526545,4,1.2,False,12,6,18
common_0_30_w6,8,2.7,dynamic,3800000120,3800000120,337.1036920277277,4,1.2,True,12,6,18
common_0_30_w6,8,2.7,dynamic,3800001520,3800001520,327.6087036132809,0,0.0,True,12,6,18
common_0_30_w6,8,2.7,dynamic,3800000127,3800000127,266.69325808143617,4,1.2,True,12,6,18
common_0_30_w6,8,2.7,dynamic,1600066510,1600066510,484.5641243111293,4,1.2,False,12,6,18
common_0_30_w6,8,2.7,dynamic,3800001611,3800001611,332.3937988281248,0,0.0,True,12,6,18
common_0_30_w6,8,2.7,dynamic,3800000110,3800000110,277.2955787881812,4,1.2,False,12,6,18
common_0_30_w6,8,2.7,myopic,1600066610,1600066610,471.9018440729777,4,1.2,False,12,6,18
common_0_30_w6,8,2.7,myopic,1600066590,1600066590,405.37399340883894,4,1.2,False,12,6,18
common_0_30_w6,8,2.7,myopic,3800000120,3800000120,337.1036920277277,4,1.2,True,12,6,18
common_0_30_w6,8,2.7,myopic,3800001520,3800001520,322.88170824368797,4,0.4,False,12,6,18
common_0_30_w6,8,2.7,myopic,3800000127,3800000127,266.64750354433056,4,1.2,True,12,6,18
common_0_30_w6,8,2.7,myopic,1600066510,1600066510,484.47175337537135,4,1.2,False,12,6,18
common_0_30_w6,8,2.7,myopic,3800001611,3800001611,330.8700738126437,4,1.2,False,12,6,18
common_0_30_w6,8,2.7,myopic,3800000110,3800000110,276.65159709935637,4,1.2,False,12,6,18
common_0_30_w6,8,2.75,dynamic,1600066610,1600066610,476.2061910899481,4,1.2,False,12,6,18
common_0_30_w6,8,2.75,dynamic,1600066590,1600066590,409.5811479640006,4,1.2,False,12,6,18
common_0_30_w6,8,2.75,dynamic,3800000120,3800000120,341.28284646749483,4,1.2,True,12,6,18
common_0_30_w6,8,2.75,dynamic,3800001520,3800001520,327.6087036132809,0,0.0,True,12,6,18
common_0_30_w6,8,2.75,dynamic,3800000127,3800000127,269.5438799858093,4,1.2,True,12,6,18
common_0_30_w6,8,2.75,dynamic,1600066510,1600066510,490.10566575447723,4,1.2,False,12,6,18
common_0_30_w6,8,2.75,dynamic,3800001611,3800001611,334.59202882091205,4,1.2,False,12,6,18
common_0_30_w6,8,2.75,dynamic,3800000110,3800000110,282.1265300606688,4,1.2,False,12,6,18
common_0_30_w6,8,2.75,myopic,1600066610,1600066610,476.18010171254474,4,1.2,False,12,6,18
common_0_30_w6,8,2.75,myopic,1600066590,1600066590,409.3868109782537,4,1.2,False,12,6,18
common_0_30_w6,8,2.75,myopic,3800000120,3800000120,341.28284646749483,4,1.2,True,12,6,18
common_0_30_w6,8,2.75,myopic,3800001520,3800001520,323.82897449970244,4,0.4,False,12,6,18
common_0_30_w6,8,2.75,myopic,3800000127,3800000127,269.4996687424183,4,1.2,True,12,6,18
common_0_30_w6,8,2.75,myopic,1600066510,1600066510,490.0145098352432,4,1.2,False,12,6,18
common_0_30_w6,8,2.75,myopic,3800001611,3800001611,334.4131239926815,4,1.2,False,12,6,18
common_0_30_w6,8,2.75,myopic,3800000110,3800000110,281.4664827833697,4,1.2,False,12,6,18
common_0_30_w6,8,2.8,dynamic,1600066610,1600066610,480.4772113609314,4,1.2,False,12,6,18
common_0_30_w6,8,2.8,dynamic,1600066590,1600066590,413.56866472625734,4,1.2,False,12,6,18
common_0_30_w6,8,2.8,dynamic,3800000120,3800000120,345.46200090726205,4,1.2,True,12,6,18
common_0_30_w6,8,2.8,dynamic,3800001520,3800001520,327.6087036132809,0,0.0,True,12,6,18
common_0_30_w6,8,2.8,dynamic,3800000127,3800000127,272.39514805539454,4,1.2,True,12,6,18
common_0_30_w6,8,2.8,dynamic,1600066510,1600066510,495.64720719782514,4,1.2,False,12,6,18
common_0_30_w6,8,2.8,dynamic,3800001611,3800001611,338.13923768806455,4,1.2,False,12,6,18
common_0_30_w6,8,2.8,dynamic,3800000110,3800000110,286.9574813331564,4,1.2,False,12,6,18
common_0_30_w6,8,2.8,myopic,1600066610,1600066610,480.45835935211176,4,1.2,False,12,6,18
common_0_30_w6,8,2.8,myopic,1600066590,1600066590,413.3996285476685,4,1.2,False,12,6,18
common_0_30_w6,8,2.8,myopic,3800000120,3800000120,345.46200090726205,4,1.2,True,12,6,18
common_0_30_w6,8,2.8,myopic,3800001520,3800001520,320.2585652383168,4,0.8,False,12,6,18
common_0_30_w6,8,2.8,myopic,3800000127,3800000127,272.35183394050597,4,1.2,True,12,6,18
common_0_30_w6,8,2.8,myopic,1600066510,1600066510,495.55726629511514,4,1.2,False,12,6,18
common_0_30_w6,8,2.8,myopic,3800001611,3800001611,337.95617417271933,4,1.2,False,12,6,18
common_0_30_w6,8,2.8,myopic,3800000110,3800000110,286.28136846738306,4,1.2,False,12,6,18
common_0_30_w6,8,2.85,dynamic,1600066610,1600066610,484.7502758741379,4,1.2,False,12,6,18
common_0_30_w6,8,2.85,dynamic,1600066590,1600066590,417.56634217468905,4,1.2,False,12,6,18
common_0_30_w6,8,2.85,dynamic,3800000120,3800000120,349.64115534702927,4,1.2,True,12,6,18
common_0_30_w6,8,2.85,dynamic,3800001520,3800001520,327.6087036132809,0,0.0,True,12,6,18
common_0_30_w6,8,2.85,dynamic,3800000127,3800000127,275.2468631645839,4,1.2,True,12,6,18
common_0_30_w6,8,2.85,dynamic,1600066510,1600066510,501.1887486411731,4,1.2,False,12,6,18
common_0_30_w6,8,2.85,dynamic,3800001611,3800001611,341.6878648367723,4,1.2,False,12,6,18
common_0_30_w6,8,2.85,dynamic,3800000110,3800000110,291.7884326056441,4,1.2,False,12,6,18
common_0_30_w6,8,2.85,myopic,1600066610,1600066610,484.73661699167883,4,1.2,False,12,6,18
common_0_30_w6,8,2.85,myopic,1600066590,1600066590,417.4124461170833,4,1.2,False,12,6,18
common_0_30_w6,8,2.85,myopic,3800000120,3800000120,349.64115534702927,4,1.2,True,12,6,18
common_0_30_w6,8,2.85,myopic,3800001520,3800001520,319.2243203125001,4,1.2,False,12,6,18
common_0_30_w6,8,2.85,myopic,3800000127,3800000127,275.20399913859364,4,1.2,True,12,6,18
common_0_30_w6,8,2.85,myopic,1600066510,1600066510,501.1000227549871,4,1.2,False,12,6,18
common_0_30_w6,8,2.85,myopic,3800001611,3800001611,341.49922435275715,4,1.2,False,12,6,18
common_0_30_w6,8,2.85,myopic,3800000110,3800000110,291.09625415139647,4,1.2,False,12,6,18
common_0_30_w6,8,2.9,dynamic,1600066610,1600066610,489.0233403873444,4,1.2,False,12,6,18
common_0_30_w6,8,2.9,dynamic,1600066590,1600066590,421.56503135712944,4,1.2,False,12,6,18
common_0_30_w6,8,2.9,dynamic,3800000120,3800000120,353.82030978679643,4,1.2,True,12,6,18
common_0_30_w6,8,2.9,dynamic,3800001520,3800001520,327.6087036132809,0,0.0,True,12,6,18
common_0_30_w6,8,2.9,dynamic,3800000127,3800000127,278.0985782737732,4,1.2,True,12,6,18
common_0_30_w6,8,2.9,dynamic,1600066510,1600066510,506.730290084521,4,1.2,False,12,6,18
common_0_30_w6,8,2.9,dynamic,3800001611,3800001611,345.2434489970207,4,1.2,False,12,6,18
common_0_30_w6,8,2.9,dynamic,3800000110,3800000110,296.6193838781317,4,1.2,False,12,6,18
common_0_30_w6,8,2.9,myopic,1600066610,1600066610,489.0148746312459,4,1.2,False,12,6,18
common_0_30_w6,8,2.9,myopic,1600066590,1600066590,421.42526368649806,4,1.2,False,12,6,18
common_0_30_w6,8,2.9,myopic,3800000120,3800000120,353.82030978679643,4,1.2,True,12,6,18
common_0_30_w6,8,2.9,myopic,3800001520,3800001520,323.27672117614753,4,1.2,False,12,6,18
common_0_30_w6,8,2.9,myopic,3800000127,3800000127,278.0561643366814,4,1.2,True,12,6,18
common_0_30_w6,8,2.9,myopic,1600066510,1600066510,506.64277921485893,4,1.2,False,12,6,18
common_0_30_w6,8,2.9,myopic,3800001611,3800001611,345.042274532795,4,1.2,False,12,6,18
common_0_30_w6,8,2.9,myopic,3800000110,3800000110,295.9111398354098,4,1.2,False,12,6,18
common_0_30_w6,8,2.95,dynamic,1600066610,1600066610,493.29722647651045,4,1.2,False,12,6,18
common_0_30_w6,8,2.95,dynamic,1600066590,1600066590,425.56372053956994,4,1.2,False,12,6,18
common_0_30_w6,8,2.95,dynamic,3800000120,3800000120,357.99946422656365,4,1.2,True,12,6,18
common_0_30_w6,8,2.95,dynamic,3800001520,3800001520,328.12996422561,3,0.7,False,12,6,18
common_0_30_w6,8,2.95,dynamic,3800000127,3800000127,280.9502933829626,4,1.2,True,12,6,18
common_0_30_w6,8,2.95,dynamic,1600066510,1600066510,512.2718315278689,4,1.2,False,12,6,18
common_0_30_w6,8,2.95,dynamic,3800001611,3800001611,348.79903315726915,4,1.2,False,12,6,18
common_0_30_w6,8,2.95,dynamic,3800000110,3800000110,301.4503351506194,4,1.2,False,12,6,18
common_0_30_w6,8,2.95,myopic,1600066610,1600066610,493.293132270813,4,1.2,False,12,6,18
common_0_30_w6,8,2.95,myopic,1600066590,1600066590,425.43808125591283,4,1.2,False,12,6,18
common_0_30_w6,8,2.95,myopic,3800000120,3800000120,357.99946422656365,4,1.2,True,12,6,18
common_0_30_w6,8,2.95,myopic,3800001520,3800001520,327.32912203979504,4,1.2,False,12,6,18
common_0_30_w6,8,2.95,myopic,3800000127,3800000127,280.90832953476905,4,1.2,True,12,6,18
common_0_30_w6,8,2.95,myopic,1600066510,1600066510,512.185535674731,4,1.2,False,12,6,18
common_0_30_w6,8,2.95,myopic,3800001611,3800001611,348.58532471283274,4,1.2,False,12,6,18
common_0_30_w6,8,2.95,myopic,3800000110,3800000110,300.72602551942316,4,1.2,False,12,6,18
common_0_30_w6,8,3.0,dynamic,1600066610,1600066610,497.5737920856476,4,1.2,False,12,6,18
common_0_30_w6,8,3.0,dynamic,1600066590,1600066590,429.5700052515666,4,1.2,False,12,6,18
common_0_30_w6,8,3.0,dynamic,3800000120,3800000120,362.17861866633086,4,1.2,True,12,6,18
common_0_30_w6,8,3.0,dynamic,3800001520,3800001520,331.86502180735283,4,1.2,False,12,6,18
common_0_30_w6,8,3.0,dynamic,3800000127,3800000127,283.8020084921519,4,1.2,True,12,6,18
common_0_30_w6,8,3.0,dynamic,1600066510,1600066510,517.813372971217,4,1.2,False,12,6,18
common_0_30_w6,8,3.0,dynamic,3800001611,3800001611,352.35461731751764,4,1.2,False,12,6,18
common_0_30_w6,8,3.0,dynamic,3800000110,3800000110,306.281286423107,4,1.2,False,12,6,18
common_0_30_w6,8,3.0,myopic,1600066610,1600066610,497.57138991038005,4,1.2,False,12,6,18
common_0_30_w6,8,3.0,myopic,1600066590,1600066590,429.4508988253276,4,1.2,False,12,6,18
common_0_30_w6,8,3.0,myopic,3800000120,3800000120,362.17861866633086,4,1.2,True,12,6,18
common_0_30_w6,8,3.0,myopic,3800001520,3800001520,331.3815229034425,4,1.2,False,12,6,18
common_0_30_w6,8,3.0,myopic,3800000127,3800000127,283.7604947328567,4,1.2,True,12,6,18
common_0_30_w6,8,3.0,myopic,1600066510,1600066510,517.7282921346028,4,1.2,False,12,6,18
common_0_30_w6,8,3.0,myopic,3800001611,3800001611,352.1283748928706,4,1.2,False,12,6,18
common_0_30_w6,8,3.0,myopic,3800000110,3800000110,305.54091120343656,4,1.2,False,12,6,18
common_0_30_w6,8,3.05,dynamic,1600066610,1600066610,501.85035769478486,4,1.2,False,12,6,18
common_0_30_w6,8,3.05,dynamic,1600066590,1600066590,433.57851649792985,4,1.2,False,12,6,18
common_0_30_w6,8,3.05,dynamic,3800000120,3800000120,366.357773106098,4,1.2,True,12,6,18
common_0_30_w6,8,3.05,dynamic,3800001520,3800001520,335.8769999771119,4,1.2,False,12,6,18
common_0_30_w6,8,3.05,dynamic,3800000127,3800000127,286.65372360134126,4,1.2,True,12,6,18
common_0_30_w6,8,3.05,dynamic,1600066510,1600066510,523.3549144145647,4,1.2,False,12,6,18
common_0_30_w6,8,3.05,dynamic,3800001611,3800001611,355.910201477766,4,1.2,False,12,6,18
common_0_30_w6,8,3.05,dynamic,3800000110,3800000110,311.1122376955946,4,1.2,False,12,6,18
common_0_30_w6,8,3.05,myopic,1600066610,1600066610,501.84964754994706,4,1.2,False,12,6,18
common_0_30_w6,8,3.05,myopic,1600066590,1600066590,433.4637163947424,4,1.2,False,12,6,18
common_0_30_w6,8,3.05,myopic,3800000120,3800000120,366.357773106098,4,1.2,True,12,6,18
common_0_30_w6,8,3.05,myopic,3800001520,3800001520,335.43392376708994,4,1.2,False,12,6,18
common_0_30_w6,8,3.05,myopic,3800000127,3800000127,286.6126599309444,4,1.2,True,12,6,18
common_0_30_w6,8,3.05,myopic,1600066510,1600066510,523.2710485944748,4,1.2,False,12,6,18
common_0_30_w6,8,3.05,myopic,3800001611,3800001611,355.6714250729084,4,1.2,False,12,6,18
common_0_30_w6,8,3.05,myopic,3800000110,3800000110,310.3557968874499,4,1.2,False,12,6,18
common_0_30_w6,8,3.1,dynamic,1600066610,1600066610,506.12790518951414,4,1.2,False,12,6,18
common_0_30_w6,8,3.1,dynamic,1600066590,1600066590,437.5870277442932,4,1.2,False,12,6,18
common_0_30_w6,8,3.1,dynamic,3800000120,3800000120,370.5369275458653,4,1.2,True,12,6,18
common_0_30_w6,8,3.1,dynamic,3800001520,3800001520,339.89655217870086,4,1.2,False,12,6,18
common_0_30_w6,8,3.1,dynamic,3800000127,3800000127,289.5054387105306,4,1.2,True,12,6,18
common_0_30_w6,8,3.1,dynamic,1600066510,1600066510,528.8964558579128,4,1.2,False,12,6,18
common_0_30_w6,8,3.1,dynamic,3800001611,3800001611,359.4657856380145,4,1.2,False,12,6,18
common_0_30_w6,8,3.1,dynamic,3800000110,3800000110,315.9431889680823,4,1.2,False,12,6,18
common_0_30_w6,8,3.1,myopic,1600066610,1600066610,506.12790518951414,4,1.2,False,12,6,18
common_0_30_w6,8,3.1,myopic,1600066590,1600066590,437.47653396415717,4,1.2,False,12,6,18
common_0_30_w6,8,3.1,myopic,3800000120,3800000120,370.5369275458653,4,1.2,True,12,6,18
common_0_30_w6,8,3.1,myopic,3800001520,3800001520,339.4863246307374,4,1.2,False,12,6,18
common_0_30_w6,8,3.1,myopic,3800000127,3800000127,289.46482512903214,4,1.2,True,12,6,18
common_0_30_w6,8,3.1,myopic,1600066510,1600066510,528.8138050543467,4,1.2,False,12,6,18
common_0_30_w6,8,3.1,myopic,3800001611,3800001611,359.2144752529462,4,1.2,False,12,6,18
common_0_30_w6,8,3.1,myopic,3800000110,3800000110,315.17068257146326,4,1.2,False,12,6,18
common_0_30_w6,8,3.15,dynamic,1600066610,1600066610,510.4061628290812,4,1.2,False,12,6,18
common_0_30_w6,8,3.15,dynamic,1600066590,1600066590,441.59553899065656,4,1.2,False,12,6,18
common_0_30_w6,8,3.15,dynamic,3800000120,3800000120,374.71608198563246,4,1.2,True,12,6,18
common_0_30_w6,8,3.15,dynamic,3800001520,3800001520,343.92559855604173,4,1.2,False,12,6,18
common_0_30_w6,8,3.15,dynamic,3800000127,3800000127,292.35715381972,4,1.2,True,12,6,18
common_0_30_w6,8,3.15,dynamic,1600066510,1600066510,534.4379973012607,4,1.2,False,12,6,18
common_0_30_w6,8,3.15,dynamic,3800001611,3800001611,363.02136979826287,4,1.2,False,12,6,18
common_0_30_w6,8,3.15,dynamic,3800000110,3800000110,320.7741402405699,4,1.2,False,12,6,18
common_0_30_w6,8,3.15,myopic,1600066610,1600066610,510.4061628290812,4,1.2,False,12,6,18
common_0_30_w6,8,3.15,myopic,1600066590,1600066590,441.48935153357195,4,1.2,False,12,6,18
common_0_30_w6,8,3.15,myopic,3800000120,3800000120,374.71608198563246,4,1.2,True,12,6,18
common_0_30_w6,8,3.15,myopic,3800001520,3800001520,343.53872549438483,4,1.2,False,12,6,18
common_0_30_w6,8,3.15,myopic,3800000127,3800000127,292.3169903271198,4,1.2,True,12,6,18
common_0_30_w6,8,3.15,myopic,1600066510,1600066510,534.3565615142186,4,1.2,False,12,6,18
common_0_30_w6,8,3.15,myopic,3800001611,3800001611,362.75752543298404,4,1.2,False,12,6,18
common_0_30_w6,8,3.15,myopic,3800000110,3800000110,319.9855682554766,4,1.2,False,12,6,18
common_0_30_w6,8,3.2,dynamic,1600066610,1600066610,514.6844204686483,4,1.2,False,12,6,18
common_0_30_w6,8,3.2,dynamic,1600066590,1600066590,445.6040502370199,4,1.2,False,12,6,18
common_0_30_w6,8,3.2,dynamic,3800000120,3800000120,378.8952364253997,4,1.2,True,12,6,18
common_0_30_w6,8,3.2,dynamic,3800001520,3800001520,347.965925526301,4,1.2,False,12,6,18
common_0_30_w6,8,3.2,dynamic,3800000127,3800000127,295.20886892890934,4,1.2,True,12,6,18
common_0_30_w6,8,3.2,dynamic,1600066510,1600066510,539.9805401649475,4,1.2,False,12,6,18
common_0_30_w6,8,3.2,dynamic,3800001611,3800001611,366.57695395851135,4,1.2,False,12,6,18
common_0_30_w6,8,3.2,dynamic,3800000110,3800000110,325.60509151305763,4,1.2,False,12,6,18
common_0_30_w6,8,3.2,myopic,1600066610,1600066610,514.6844204686483,4,1.2,False,12,6,18
common_0_30_w6,8,3.2,myopic,1600066590,1600066590,445.5021691029867,4,1.2,False,12,6,18
common_0_30_w6,8,3.2,myopic,3800000120,3800000120,378.8952364253997,4,1.2,True,12,6,18
common_0_30_w6,8,3.2,myopic,3800001520,3800001520,347.59112635803234,4,1.2,False,12,6,18
common_0_30_w6,8,3.2,myopic,3800000127,3800000127,295.16915552520754,4,1.2,True,12,6,18
common_0_30_w6,8,3.2,myopic,1600066510,1600066510,539.8993179740905,4,1.2,False,12,6,18
common_0_30_w6,8,3.2,myopic,3800001611,3800001611,366.30057561302186,4,1.2,False,12,6,18
common_0_30_w6,8,3.2,myopic,3800000110,3800000110,324.80045393949,4,1.2,False,12,6,18
