alpha,scenario_id,scenario_weight,policy,discounted_profit,oracle_profit,regret,promotion_count,mean_promotion_depth,first_promotion_week,first_discount
0.0,0,0.020000000000000004,myopic,208.88001835160247,208.88001835160247,0.0,0,0.0,,0.0
0.0,0,0.020000000000000004,nominal_dynamic,208.88001835160247,208.88001835160247,0.0,0,0.0,,0.0
0.0,0,0.020000000000000004,dro,208.88001835160247,208.88001835160247,0.0,0,0.0,,0.0
0.05,0,0.020000000000000004,myopic,208.88001835160247,208.88001835160247,0.0,0,0.0,,0.0
0.05,0,0.020000000000000004,nominal_dynamic,208.88001835160247,208.88001835160247,0.0,0,0.0,,0.0
0.05,0,0.020000000000000004,dro,208.88001835160247,208.88001835160247,0.0,0,0.0,,0.0
0.1,0,0.020000000000000004,myopic,208.88001835160247,208.88001835160247,0.0,0,0.0,,0.0
0.1,0,0.020000000000000004,nominal_dynamic,208.88001835160247,208.88001835160247,0.0,0,0.0,,0.0
0.1,0,0.020000000000000004,dro,208.88001835160247,208.88001835160247,0.0,0,0.0,,0.0
0.15,0,0.020000000000000004,myopic,208.88001835160247,208.88001835160247,0.0,0,0.0,,0.0
0.15,0,0.020000000000000004,nominal_dynamic,208.88001835160247,208.88001835160247,0.0,0,0.0,,0.0
0.15,0,0.020000000000000004,dro,208.88001835160247,208.88001835160247,0.0,0,0.0,,0.0
0.2,0,0.020000000000000004,myopic,208.88001835160247,208.88001835160247,0.0,0,0.0,,0.0
0.2,0,0.020000000000000004,nominal_dynamic,208.88001835160247,208.88001835160247,0.0,0,0.0,,0.0
0.2,0,0.020000000000000004,dro,208.88001835160247,208.88001835160247,0.0,0,0.0,,0.0
0.25,0,0.020000000000000004,myopic,208.88001835160247,208.88001835160247,0.0,0,0.0,,0.0
0.25,0,0.020000000000000004,nominal_dynamic,208.88001835160247,208.88001835160247,0.0,0,0.0,,0.0
0.25,0,0.020000000000000004,dro,208.88001835160247,208.88001835160247,0.0,0,0.0,,0.0
0.3,0,0.020000000000000004,myopic,208.88001835160247,208.88001835160247,0.0,0,0.0,,0.0
0.3,0,0.020000000000000004,nominal_dynamic,208.88001835160247,208.88001835160247,0.0,0,0.0,,0.0
0.3,0,0.020000000000000004,dro,208.88001835160247,208.88001835160247,0.0,0,0.0,,0.0
0.35,0,0.020000000000000004,myopic,208.88001835160247,208.88001835160247,0.0,0,0.0,,0.0
0.35,0,0.020000000000000004,nominal_dynamic,208.88001835160247,208.88001835160247,0.0,0,0.0,,0.0
0.35,0,0.020000000000000004,dro,208.88001835160247,208.88001835160247,0.0,0,0.0,,0.0
0.4,0,0.020000000000000004,myopic,208.88001835160247,208.88001835160247,0.0,0,0.0,,0.0
0.4,0,0.020000000000000004,nominal_dynamic,208.88001835160247,208.88001835160247,0.0,0,0.0,,0.0
0.4,0,0.020000000000000004,dro,208.88001835160247,208.88001835160247,0.0,0,0.0,,0.0
0.45,0,0.020000000000000004,myopic,208.88001835160247,208.88001835160247,0.0,0,0.0,,0.0
0.45,0,0.020000000000000004,nominal_dynamic,208.88001835160247,208.88001835160247,0.0,0,0.0,,0.0
0.45,0,0.020000000000000004,dro,208.88001835160247,208.88001835160247,0.0,0,0.0,,0.0
0.5,0,0.020000000000000004,myopic,208.88001835160247,208.88001835160247,0.0,0,0.0,,0.0
0.5,0,0.020000000000000004,nominal_dynamic,208.88001835160247,208.88001835160247,0.0,0,0.0,,0.0
0.5,0,0.020000000000000004,dro,208.88001835160247,208.88001835160247,0.0,0,0.0,,0.0
0.55,0,0.020000000000000004,myopic,208.88001835160247,208.88001835160247,0.0,0,0.0,,0.0
0.55,0,0.020000000000000004,nominal_dynamic,208.88001835160247,208.88001835160247,0.0,0,0.0,,0.0
0.55,0,0.020000000000000004,dro,208.88001835160247,208.88001835160247,0.0,0,0.0,,0.0
0.6,0,0.020000000000000004,myopic,208.88001835160247,208.88001835160247,0.0,0,0.0,,0.0
0.6,0,0.020000000000000004,nominal_dynamic,208.88001835160247,208.88001835160247,0.0,0,0.0,,0.0
0.6,0,0.020000000000000004,dro,208.88001835160247,208.88001835160247,0.0,0,0.0,,0.0
0.65,0,0.020000000000000004,myopic,208.88001835160247,208.88001835160247,0.0,0,0.0,,0.0
0.65,0,0.020000000000000004,nominal_dynamic,208.88001835160247,208.88001835160247,0.0,0,0.0,,0.0
0.65,0,0.020000000000000004,dro,208.88001835160247,208.88001835160247,0.0,0,0.0,,0.0
0.7,0,0.020000000000000004,myopic,208.88001835160247,208.88001835160247,0.0,0,0.0,,0.0
0.7,0,0.020000000000000004,nominal_dynamic,208.88001835160247,208.88001835160247,0.0,0,0.0,,0.0
0.7,0,0.020000000000000004,dro,208.88001835160247,208.88001835160247,0.0,0,0.0,,0.0
0.75,0,0.020000000000000004,myopic,208.88001835160247,208.88001835160247,0.0,0,0.0,,0.0
0.75,0,0.020000000000000004,nominal_dynamic,208.88001835160247,208.88001835160247,0.0,0,0.0,,0.0
0.75,0,0.020000000000000004,dro,208.88001835160247,208.88001835160247,0.0,0,0.0,,0.0
0.8,0,0.020000000000000004,myopic,208.88001835160247,208.88001835160247,0.0,0,0.0,,0.0
0.8,0,0.020000000000000004,nominal_dynamic,208.88001835160247,208.88001835160247,0.0,0,0.0,,0.0
0.8,0,0.020000000000000004,dro,208.88001835160247,208.88001835160247,0.0,0,0.0,,0.0
0.85,0,0.020000000000000004,myopic,208.88001835160247,208.88001835160247,0.0,0,0.0,,0.0
0.85,0,0.020000000000000004,nominal_dynamic,208.88001835160247,208.88001835160247,0.0,0,0.0,,0.0
0.85,0,0.020000000000000004,dro,208.88001835160247,208.88001835160247,0.0,0,0.0,,0.0
0.9,0,0.020000000000000004,myopic,208.88001835160247,208.88001835160247,0.0,0,0.0,,0.0
0.9,0,0.020000000000000004,nominal_dynamic,208.88001835160247,208.88001835160247,0.0,0,0.0,,0.0
0.9,0,0.020000000000000004,dro,208.88001835160247,208.88001835160247,0.0,0,0.0,,0.0
0.95,0,0.020000000000000004,myopic,208.88001835160247,208.88001835160247,0.0,0,0.0,,0.0
0.95,0,0.020000000000000004,nominal_dynamic,208.88001835160247,208.88001835160247,0.0,0,0.0,,0.0
0.95,0,0.020000000000000004,dro,208.88001835160247,208.88001835160247,0.0,0,0.0,,0.0
1.0,0,0.020000000000000004,myopic,208.88001835160247,208.88001835160247,0.0,0,0.0,,0.0
1.0,0,0.020000000000000004,nominal_dynamic,208.88001835160247,208.88001835160247,0.0,0,0.0,,0.0
1.0,0,0.020000000000000004,dro,208.88001835160247,208.88001835160247,0.0,0,0.0,,0.0
1.05,0,0.020000000000000004,myopic,208.88001835160247,208.88001835160247,0.0,0,0.0,,0.0
1.05,0,0.020000000000000004,nominal_dynamic,208.88001835160247,208.88001835160247,0.0,0,0.0,,0.0
1.05,0,0.020000000000000004,dro,208.88001835160247,208.88001835160247,0.0,0,0.0,,0.0
1.1,0,0.020000000000000004,myopic,208.88001835160247,208.88001835160247,0.0,0,0.0,,0.0
1.1,0,0.020000000000000004,nominal_dynamic,208.88001835160247,208.88001835160247,0.0,0,0.0,,0.0
1.1,0,0.020000000000000004,dro,208.88001835160247,208.88001835160247,0.0,0,0.0,,0.0
1.15,0,0.020000000000000004,myopic,208.88001835160247,208.88001835160247,0.0,0,0.0,,0.0
1.15,0,0.020000000000000004,nominal_dynamic,208.88001835160247,208.88001835160247,0.0,0,0.0,,0.0
1.15,0,0.020000000000000004,dro,208.88001835160247,208.88001835160247,0.0,0,0.0,,0.0
1.2,0,0.020000000000000004,myopic,208.88001835160247,208.88001835160247,0.0,0,0.0,,0.0
1.2,0,0.020000000000000004,nominal_dynamic,208.88001835160247,208.88001835160247,0.0,0,0.0,,0.0
1.2,0,0.020000000000000004,dro,208.88001835160247,208.88001835160247,0.0,0,0.0,,0.0
1.25,0,0.020000000000000004,myopic,208.88001835160247,208.88001835160247,0.0,0,0.0,,0.0
1.25,0,0.020000000000000004,nominal_dynamic,208.88001835160247,208.88001835160247,0.0,0,0.0,,0.0
1.25,0,0.020000000000000004,dro,208.88001835160247,208.88001835160247,0.0,0,0.0,,0.0
1.3,0,0.020000000000000004,myopic,208.88001835160247,208.88001835160247,0.0,0,0.0,,0.0
1.3,0,0.020000000000000004,nominal_dynamic,208.88001835160247,208.88001835160247,0.0,0,0.0,,0.0
1.3,0,0.020000000000000004,dro,208.88001835160247,208.88001835160247,0.0,0,0.0,,0.0
1.35,0,0.020000000000000004,myopic,208.88001835160247,208.88001835160247,0.0,0,0.0,,0.0
1.35,0,0.020000000000000004,nominal_dynamic,208.88001835160247,208.88001835160247,0.0,0,0.0,,0.0
1.35,0,0.020000000000000004,dro,208.88001835160247,208.88001835160247,0.0,0,0.0,,0.0
1.4,0,0.020000000000000004,myopic,208.88001835160247,208.88001835160247,0.0,0,0.0,,0.0
1.4,0,0.020000000000000004,nominal_dynamic,208.88001835160247,208.88001835160247,0.0,0,0.0,,0.0
1.4,0,0.020000000000000004,dro,208.88001835160247,208.88001835160247,0.0,0,0.0,,0.0
1.45,0,0.020000000000000004,myopic,208.88001835160247,208.88001835160247,0.0,0,0.0,,0.0
1.45,0,0.020000000000000004,nominal_dynamic,208.88001835160247,208.88001835160247,0.0,0,0.0,,0.0
1.45,0,0.020000000000000004,dro,208.88001835160247,208.88001835160247,0.0,0,0.0,,0.0
1.5,0,0.020000000000000004,myopic,208.88001835160247,208.88001835160247,0.0,0,0.0,,0.0
1.5,0,0.020000000000000004,nominal_dynamic,208.88001835160247,208.88001835160247,0.0,0,0.0,,0.0
1.5,0,0.020000000000000004,dro,208.88001835160247,208.88001835160247,0.0,0,0.0,,0.0
1.55,0,0.020000000000000004,myopic,208.88001835160247,208.88001835160247,0.0,0,0.0,,0.0
1.55,0,0.020000000000000004,nominal_dynamic,208.88001835160247,208.88001835160247,0.0,0,0.0,,0.0
1.55,0,0.020000000000000004,dro,208.88001835160247,208.88001835160247,0.0,0,0.0,,0.0
1.6,0,0.020000000000000004,myopic,208.88001835160247,208.88001835160247,0.0,0,0.0,,0.0
1.6,0,0.020000000000000004,nominal_dynamic,208.88001835160247,208.88001835160247,0.0,0,0.0,,0.0
1.6,0,0.020000000000000004,dro,208.88001835160247,208.88001835160247,0.0,0,0.0,,0.0
1.65,0,0.020000000000000004,myopic,208.88001835160247,208.88001835160247,0.0,0,0.0,,0.0
1.65,0,0.020000000000000004,nominal_dynamic,208.88001835160247,208.88001835160247,0.0,0,0.0,,0.0
1.65,0,0.020000000000000004,dro,208.88001835160247,208.88001835160247,0.0,0,0.0,,0.0
1.7,0,0.020000000000000004,myopic,208.88001835160247,208.88001835160247,0.0,0,0.0,,0.0
1.7,0,0.020000000000000004,nominal_dynamic,208.88001835160247,208.88001835160247,0.0,0,0.0,,0.0
1.7,0,0.020000000000000004,dro,208.88001835160247,208.88001835160247,0.0,0,0.0,,0.0
1.75,0,0.020000000000000004,myopic,208.88001835160247,208.88001835160247,0.0,0,0.0,,0.0
1.75,0,0.020000000000000004,nominal_dynamic,208.88001835160247,208.88001835160247,0.0,0,0.0,,0.0
1.75,0,0.020000000000000004,dro,208.88001835160247,208.88001835160247,0.0,0,0.0,,0.0
1.8,0,0.020000000000000004,myopic,208.88001835160247,208.88001835160247,0.0,0,0.0,,0.0
1.8,0,0.020000000000000004,nominal_dynamic,208.88001835160247,208.88001835160247,0.0,0,0.0,,0.0
1.8,0,0.020000000000000004,dro,208.88001835160247,208.88001835160247,0.0,0,0.0,,0.0
1.85,0,0.020000000000000004,myopic,208.88001835160247,208.88001835160247,0.0,0,0.0,,0.0
1.85,0,0.020000000000000004,nominal_dynamic,208.88001835160247,208.88001835160247,0.0,0,0.0,,0.0
1.85,0,0.020000000000000004,dro,208.88001835160247,208.88001835160247,0.0,0,0.0,,0.0
1.9,0,0.020000000000000004,myopic,208.88001835160247,208.88001835160247,0.0,0,0.0,,0.0
1.9,0,0.020000000000000004,nominal_dynamic,208.88001835160247,208.88001835160247,0.0,0,0.0,,0.0
1.9,0,0.020000000000000004,dro,208.88001835160247,208.88001835160247,0.0,0,0.0,,0.0
1.95,0,0.020000000000000004,myopic,208.88001835160247,208.88001835160247,0.0,0,0.0,,0.0
1.95,0,0.020000000000000004,nominal_dynamic,208.88001835160247,208.88001835160247,0.0,0,0.0,,0.0
1.95,0,0.020000000000000004,dro,208.88001835160247,208.88001835160247,0.0,0,0.0,,0.0
2.0,0,0.020000000000000004,myopic,208.88001835160247,208.88001835160247,0.0,0,0.0,,0.0
2.0,0,0.020000000000000004,nominal_dynamic,208.88001835160247,208.88001835160247,0.0,0,0.0,,0.0
2.0,0,0.020000000000000004,dro,208.88001835160247,208.88001835160247,0.0,0,0.0,,0.0
2.05,0,0.020000000000000004,myopic,208.88001835160247,208.88001835160247,0.0,0,0.0,,0.0
2.05,0,0.020000000000000004,nominal_dynamic,208.88001835160247,208.88001835160247,0.0,0,0.0,,0.0
2.05,0,0.020000000000000004,dro,208.88001835160247,208.88001835160247,0.0,0,0.0,,0.0
2.1,0,0.020000000000000004,myopic,208.88001835160247,208.88001835160247,0.0,0,0.0,,0.0
2.1,0,0.020000000000000004,nominal_dynamic,208.88001835160247,208.88001835160247,0.0,0,0.0,,0.0
2.1,0,0.020000000000000004,dro,208.88001835160247,208.88001835160247,0.0,0,0.0,,0.0
2.15,0,0.020000000000000004,myopic,208.88001835160247,209.70295035550623,0.8229320039037589,0,0.0,,0.0
2.15,0,0.020000000000000004,nominal_dynamic,208.88001835160247,209.70295035550623,0.8229320039037589,0,0.0,,0.0
2.15,0,0.020000000000000004,dro,208.88001835160247,209.70295035550623,0.8229320039037589,0,0.0,,0.0
2.2,0,0.020000000000000004,myopic,214.6441322679537,214.6441322679537,0.0,4,0.3,1.0,0.3
2.2,0,0.020000000000000004,nominal_dynamic,210.27465544252715,214.6441322679537,4.3694768254265455,1,0.3,12.0,0.0
2.2,0,0.020000000000000004,dro,208.88001835160247,214.6441322679537,5.764113916351221,0,0.0,,0.0
2.25,0,0.020000000000000004,myopic,219.58531418040099,219.58531418040099,0.0,4,0.3,1.0,0.3
2.25,0,0.020000000000000004,nominal_dynamic,219.53272435580877,219.58531418040099,0.05258982459221784,4,0.3,1.0,0.3
2.25,0,0.020000000000000004,dro,211.47018274613524,219.58531418040099,8.115131434265749,1,0.3,12.0,0.0
2.3,0,0.020000000000000004,myopic,224.5264960928484,224.5264960928484,0.0,4,0.3,1.0,0.3
2.3,0,0.020000000000000004,nominal_dynamic,224.4496326849559,224.5264960928484,0.07686340789248902,4,0.3,1.0,0.3
2.3,0,0.020000000000000004,dro,212.66571004974332,224.5264960928484,11.860786043105065,1,0.3,12.0,0.0
2.35,0,0.020000000000000004,myopic,229.4676780052958,229.4676780052958,0.0,4,0.3,1.0,0.3
2.35,0,0.020000000000000004,nominal_dynamic,229.36654101410303,229.4676780052958,0.1011369911927602,4,0.3,1.0,0.3
2.35,0,0.020000000000000004,dro,229.26231610025022,229.4676780052958,0.20536190504557794,4,0.3,3.0,0.0
2.4,0,0.020000000000000004,myopic,234.4088599177432,234.4088599177432,0.0,4,0.3,1.0,0.3
2.4,0,0.020000000000000004,nominal_dynamic,234.34662609092476,234.4088599177432,0.06223382681844214,4,0.3,1.0,0.3
2.4,0,0.020000000000000004,dro,234.15420972312097,234.4088599177432,0.25465019462222926,4,0.3,3.0,0.0
2.45,0,0.020000000000000004,myopic,239.3500418301906,239.3500418301906,0.0,4,0.3,1.0,0.3
2.45,0,0.020000000000000004,nominal_dynamic,239.2757624642661,239.3500418301906,0.07427936592449669,4,0.3,1.0,0.3
2.45,0,0.020000000000000004,dro,239.12381040296387,239.3500418301906,0.22623142722673606,4,0.3,1.0,0.3
2.5,0,0.020000000000000004,myopic,244.29122374263795,244.29122374263795,0.0,4,0.3,1.0,0.3
2.5,0,0.020000000000000004,nominal_dynamic,244.20489883760737,244.29122374263795,0.08632490503057966,4,0.3,1.0,0.3
2.5,0,0.020000000000000004,dro,244.0283054176468,244.29122374263795,0.26291832499114776,4,0.3,1.0,0.3
2.55,0,0.020000000000000004,myopic,249.23240565508536,249.23240565508536,0.0,4,0.3,1.0,0.3
2.55,0,0.020000000000000004,nominal_dynamic,249.1340352109487,249.23240565508536,0.09837044413666263,4,0.3,1.0,0.3
2.55,0,0.020000000000000004,dro,248.9328004323297,249.23240565508536,0.2996052227556447,4,0.3,1.0,0.3
2.6,0,0.020000000000000004,myopic,254.17358756753276,254.17358756753276,0.0,4,0.3,1.0,0.3
2.6,0,0.020000000000000004,nominal_dynamic,254.06317158429002,254.17358756753276,0.1104159832427456,4,0.3,1.0,0.3
2.6,0,0.020000000000000004,dro,253.95108265983873,254.17358756753276,0.22250490769403086,4,0.3,1.0,0.3
2.65,0,0.020000000000000004,myopic,259.11476947998017,259.11476947998017,0.0,4,0.3,1.0,0.3
2.65,0,0.020000000000000004,nominal_dynamic,258.99230795763134,259.11476947998017,0.12246152234882857,4,0.3,1.0,0.3
2.65,0,0.020000000000000004,dro,258.86799098898587,259.11476947998017,0.24677849099430205,4,0.3,1.0,0.3
2.7,0,0.020000000000000004,myopic,264.0559513924276,264.0559513924276,0.0,4,0.3,1.0,0.3
2.7,0,0.020000000000000004,nominal_dynamic,263.9214443309727,264.0559513924276,0.13450706145488311,4,0.3,1.0,0.3
2.7,0,0.020000000000000004,dro,263.78489931813306,264.0559513924276,0.2710520742945164,4,0.3,1.0,0.3
2.75,0,0.020000000000000004,myopic,268.9971333048749,268.9971333048749,0.0,4,0.3,1.0,0.3
2.75,0,0.020000000000000004,nominal_dynamic,268.850580704314,268.9971333048749,0.14655260056093766,4,0.3,1.0,0.3
2.75,0,0.020000000000000004,dro,268.70180764728013,268.9971333048749,0.29532565759478757,4,0.3,1.0,0.3
2.8,0,0.020000000000000004,myopic,273.9383152173223,273.9383152173223,0.0,4,0.3,1.0,0.3
2.8,0,0.020000000000000004,nominal_dynamic,273.7797170776553,273.9383152173223,0.15859813966704905,4,0.3,1.0,0.3
2.8,0,0.020000000000000004,dro,273.6187159764273,273.9383152173223,0.3195992408950019,4,0.3,1.0,0.3
2.85,0,0.020000000000000004,myopic,278.87949712976973,278.87949712976973,0.0,4,0.3,1.0,0.3
2.85,0,0.020000000000000004,nominal_dynamic,278.7088534509966,278.87949712976973,0.1706436787731036,4,0.3,1.0,0.3
2.85,0,0.020000000000000004,dro,278.53562430557446,278.87949712976973,0.3438728241952731,4,0.3,1.0,0.3
2.9,0,0.020000000000000004,myopic,283.82067904221714,283.82067904221714,0.0,4,0.3,1.0,0.3
2.9,0,0.020000000000000004,nominal_dynamic,283.6379898243379,283.82067904221714,0.182689217879215,4,0.3,1.0,0.3
2.9,0,0.020000000000000004,dro,283.6379898243379,283.82067904221714,0.182689217879215,4,0.3,1.0,0.3
2.95,0,0.020000000000000004,myopic,288.7618609546645,288.7618609546645,0.0,4,0.3,1.0,0.3
2.95,0,0.020000000000000004,nominal_dynamic,288.5671261976792,288.7618609546645,0.19473475698526954,4,0.3,1.0,0.3
2.95,0,0.020000000000000004,dro,288.5671261976792,288.7618609546645,0.19473475698526954,4,0.3,1.0,0.3
3.0,0,0.020000000000000004,myopic,293.7030428671119,293.7030428671119,0.0,4,0.3,1.0,0.3
3.0,0,0.020000000000000004,nominal_dynamic,293.49626257102057,293.7030428671119,0.2067802960913241,4,0.3,1.0,0.3
3.0,0,0.020000000000000004,dro,293.49626257102057,293.7030428671119,0.2067802960913241,4,0.3,1.0,0.3
0.0,1,0.025000000000000005,myopic,208.88001835160247,208.88001835160247,0.0,0,0.0,,0.0
0.0,1,0.025000000000000005,nominal_dynamic,208.88001835160247,208.88001835160247,0.0,0,0.0,,0.0
0.0,1,0.025000000000000005,dro,208.88001835160247,208.88001835160247,0.0,0,0.0,,0.0
0.05,1,0.025000000000000005,myopic,208.88001835160247,208.88001835160247,0.0,0,0.0,,0.0
0.05,1,0.025000000000000005,nominal_dynamic,208.88001835160247,208.88001835160247,0.0,0,0.0,,0.0
0.05,1,0.025000000000000005,dro,208.88001835160247,208.88001835160247,0.0,0,0.0,,0.0
0.1,1,0.025000000000000005,myopic,208.88001835160247,208.88001835160247,0.0,0,0.0,,0.0
0.1,1,0.025000000000000005,nominal_dynamic,208.88001835160247,208.88001835160247,0.0,0,0.0,,0.0
0.1,1,0.025000000000000005,dro,208.88001835160247,208.88001835160247,0.0,0,0.0,,0.0
0.15,1,0.025000000000000005,myopic,208.88001835160247,208.88001835160247,0.0,0,0.0,,0.0
0.15,1,0.025000000000000005,nominal_dynamic,208.88001835160247,208.88001835160247,0.0,0,0.0,,0.0
0.15,1,0.025000000000000005,dro,208.88001835160247,208.88001835160247,0.0,0,0.0,,0.0
0.2,1,0.025000000000000005,myopic,208.88001835160247,208.88001835160247,0.0,0,0.0,,0.0
0.2,1,0.025000000000000005,nominal_dynamic,208.88001835160247,208.88001835160247,0.0,0,0.0,,0.0
0.2,1,0.025000000000000005,dro,208.88001835160247,208.88001835160247,0.0,0,0.0,,0.0
0.25,1,0.025000000000000005,myopic,208.88001835160247,208.88001835160247,0.0,0,0.0,,0.0
0.25,1,0.025000000000000005,nominal_dynamic,208.88001835160247,208.88001835160247,0.0,0,0.0,,0.0
0.25,1,0.025000000000000005,dro,208.88001835160247,208.88001835160247,0.0,0,0.0,,0.0
0.3,1,0.025000000000000005,myopic,208.88001835160247,208.88001835160247,0.0,0,0.0,,0.0
0.3,1,0.025000000000000005,nominal_dynamic,208.88001835160247,208.88001835160247,0.0,0,0.0,,0.0
0.3,1,0.025000000000000005,dro,208.88001835160247,208.88001835160247,0.0,0,0.0,,0.0
0.35,1,0.025000000000000005,myopic,208.88001835160247,208.88001835160247,0.0,0,0.0,,0.0
0.35,1,0.025000000000000005,nominal_dynamic,208.88001835160247,208.88001835160247,0.0,0,0.0,,0.0
0.35,1,0.025000000000000005,dro,208.88001835160247,208.88001835160247,0.0,0,0.0,,0.0
0.4,1,0.025000000000000005,myopic,208.88001835160247,208.88001835160247,0.0,0,0.0,,0.0
0.4,1,0.025000000000000005,nominal_dynamic,208.88001835160247,208.88001835160247,0.0,0,0.0,,0.0
0.4,1,0.025000000000000005,dro,208.88001835160247,208.88001835160247,0.0,0,0.0,,0.0
0.45,1,0.025000000000000005,myopic,208.88001835160247,208.88001835160247,0.0,0,0.0,,0.0
0.45,1,0.025000000000000005,nominal_dynamic,208.88001835160247,208.88001835160247,0.0,0,0.0,,0.0
0.45,1,0.025000000000000005,dro,208.88001835160247,208.88001835160247,0.0,0,0.0,,0.0
0.5,1,0.025000000000000005,myopic,208.88001835160247,208.88001835160247,0.0,0,0.0,,0.0
0.5,1,0.025000000000000005,nominal_dynamic,208.88001835160247,208.88001835160247,0.0,0,0.0,,0.0
0.5,1,0.025000000000000005,dro,208.88001835160247,208.88001835160247,0.0,0,0.0,,0.0
0.55,1,0.025000000000000005,myopic,208.88001835160247,208.88001835160247,0.0,0,0.0,,0.0
0.55,1,0.025000000000000005,nominal_dynamic,208.88001835160247,208.88001835160247,0.0,0,0.0,,0.0
0.55,1,0.025000000000000005,dro,208.88001835160247,208.88001835160247,0.0,0,0.0,,0.0
0.6,1,0.025000000000000005,myopic,208.88001835160247,208.88001835160247,0.0,0,0.0,,0.0
0.6,1,0.025000000000000005,nominal_dynamic,208.88001835160247,208.88001835160247,0.0,0,0.0,,0.0
0.6,1,0.025000000000000005,dro,208.88001835160247,208.88001835160247,0.0,0,0.0,,0.0
0.65,1,0.025000000000000005,myopic,208.88001835160247,208.88001835160247,0.0,0,0.0,,0.0
0.65,1,0.025000000000000005,nominal_dynamic,208.88001835160247,208.88001835160247,0.0,0,0.0,,0.0
0.65,1,0.025000000000000005,dro,208.88001835160247,208.88001835160247,0.0,0,0.0,,0.0
0.7,1,0.025000000000000005,myopic,208.88001835160247,208.88001835160247,0.0,0,0.0,,0.0
0.7,1,0.025000000000000005,nominal_dynamic,208.88001835160247,208.88001835160247,0.0,0,0.0,,0.0
0.7,1,0.025000000000000005,dro,208.88001835160247,208.88001835160247,0.0,0,0.0,,0.0
0.75,1,0.025000000000000005,myopic,208.88001835160247,208.88001835160247,0.0,0,0.0,,0.0
0.75,1,0.025000000000000005,nominal_dynamic,208.88001835160247,208.88001835160247,0.0,0,0.0,,0.0
0.75,1,0.025000000000000005,dro,208.88001835160247,208.88001835160247,0.0,0,0.0,,0.0
0.8,1,0.025000000000000005,myopic,208.88001835160247,208.88001835160247,0.0,0,0.0,,0.0
0.8,1,0.025000000000000005,nominal_dynamic,208.88001835160247,208.88001835160247,0.0,0,0.0,,0.0
0.8,1,0.025000000000000005,dro,208.88001835160247,208.88001835160247,0.0,0,0.0,,0.0
0.85,1,0.025000000000000005,myopic,208.88001835160247,208.88001835160247,0.0,0,0.0,,0.0
0.85,1,0.025000000000000005,nominal_dynamic,208.88001835160247,208.88001835160247,0.0,0,0.0,,0.0
0.85,1,0.025000000000000005,dro,208.88001835160247,208.88001835160247,0.0,0,0.0,,0.0
0.9,1,0.025000000000000005,myopic,208.88001835160247,208.88001835160247,0.0,0,0.0,,0.0
0.9,1,0.025000000000000005,nominal_dynamic,208.88001835160247,208.88001835160247,0.0,0,0.0,,0.0
0.9,1,0.025000000000000005,dro,208.88001835160247,208.88001835160247,0.0,0,0.0,,0.0
0.95,1,0.025000000000000005,myopic,208.88001835160247,208.88001835160247,0.0,0,0.0,,0.0
0.95,1,0.025000000000000005,nominal_dynamic,208.88001835160247,208.88001835160247,0.0,0,0.0,,0.0
0.95,1,0.025000000000000005,dro,208.88001835160247,208.88001835160247,0.0,0,0.0,,0.0
1.0,1,0.025000000000000005,myopic,208.88001835160247,208.88001835160247,0.0,0,0.0,,0.0
1.0,1,0.025000000000000005,nominal_dynamic,208.88001835160247,208.88001835160247,0.0,0,0.0,,0.0
1.0,1,0.025000000000000005,dro,208.88001835160247,208.88001835160247,0.0,0,0.0,,0.0
1.05,1,0.025000000000000005,myopic,208.88001835160247,208.88001835160247,0.0,0,0.0,,0.0
1.05,1,0.025000000000000005,nominal_dynamic,208.88001835160247,208.88001835160247,0.0,0,0.0,,0.0
1.05,1,0.025000000000000005,dro,208.88001835160247,208.88001835160247,0.0,0,0.0,,0.0
1.1,1,0.025000000000000005,myopic,208.88001835160247,208.88001835160247,0.0,0,0.0,,0.0
1.1,1,0.025000000000000005,nominal_dynamic,208.88001835160247,208.88001835160247,0.0,0,0.0,,0.0
1.1,1,0.025000000000000005,dro,208.88001835160247,208.88001835160247,0.0,0,0.0,,0.0
1.15,1,0.025000000000000005,myopic,208.88001835160247,208.88001835160247,0.0,0,0.0,,0.0
1.15,1,0.025000000000000005,nominal_dynamic,208.88001835160247,208.88001835160247,0.0,0,0.0,,0.0
1.15,1,0.025000000000000005,dro,208.88001835160247,208.88001835160247,0.0,0,0.0,,0.0
1.2,1,0.025000000000000005,myopic,208.88001835160247,208.88001835160247,0.0,0,0.0,,0.0
1.2,1,0.025000000000000005,nominal_dynamic,208.88001835160247,208.88001835160247,0.0,0,0.0,,0.0
1.2,1,0.025000000000000005,dro,208.88001835160247,208.88001835160247,0.0,0,0.0,,0.0
1.25,1,0.025000000000000005,myopic,208.88001835160247,208.88001835160247,0.0,0,0.0,,0.0
1.25,1,0.025000000000000005,nominal_dynamic,208.88001835160247,208.88001835160247,0.0,0,0.0,,0.0
1.25,1,0.025000000000000005,dro,208.88001835160247,208.88001835160247,0.0,0,0.0,,0.0
1.3,1,0.025000000000000005,myopic,208.88001835160247,208.88001835160247,0.0,0,0.0,,0.0
1.3,1,0.025000000000000005,nominal_dynamic,208.88001835160247,208.88001835160247,0.0,0,0.0,,0.0
1.3,1,0.025000000000000005,dro,208.88001835160247,208.88001835160247,0.0,0,0.0,,0.0
1.35,1,0.025000000000000005,myopic,208.88001835160247,208.88001835160247,0.0,0,0.0,,0.0
1.35,1,0.025000000000000005,nominal_dynamic,208.88001835160247,208.88001835160247,0.0,0,0.0,,0.0
1.35,1,0.025000000000000005,dro,208.88001835160247,208.88001835160247,0.0,0,0.0,,0.0
1.4,1,0.025000000000000005,myopic,208.88001835160247,208.88001835160247,0.0,0,0.0,,0.0
1.4,1,0.025000000000000005,nominal_dynamic,208.88001835160247,208.88001835160247,0.0,0,0.0,,0.0
1.4,1,0.025000000000000005,dro,208.88001835160247,208.88001835160247,0.0,0,0.0,,0.0
1.45,1,0.025000000000000005,myopic,208.88001835160247,208.88001835160247,0.0,0,0.0,,0.0
1.45,1,0.025000000000000005,nominal_dynamic,208.88001835160247,208.88001835160247,0.0,0,0.0,,0.0
1.45,1,0.025000000000000005,dro,208.88001835160247,208.88001835160247,0.0,0,0.0,,0.0
1.5,1,0.025000000000000005,myopic,208.88001835160247,208.88001835160247,0.0,0,0.0,,0.0
1.5,1,0.025000000000000005,nominal_dynamic,208.88001835160247,208.88001835160247,0.0,0,0.0,,0.0
1.5,1,0.025000000000000005,dro,208.88001835160247,208.88001835160247,0.0,0,0.0,,0.0
1.55,1,0.025000000000000005,myopic,208.88001835160247,208.88001835160247,0.0,0,0.0,,0.0
1.55,1,0.025000000000000005,nominal_dynamic,208.88001835160247,208.88001835160247,0.0,0,0.0,,0.0
1.55,1,0.025000000000000005,dro,208.88001835160247,208.88001835160247,0.0,0,0.0,,0.0
1.6,1,0.025000000000000005,myopic,208.88001835160247,208.88001835160247,0.0,0,0.0,,0.0
1.6,1,0.025000000000000005,nominal_dynamic,208.88001835160247,208.88001835160247,0.0,0,0.0,,0.0
1.6,1,0.025000000000000005,dro,208.88001835160247,208.88001835160247,0.0,0,0.0,,0.0
1.65,1,0.025000000000000005,myopic,208.88001835160247,208.88001835160247,0.0,0,0.0,,0.0
1.65,1,0.025000000000000005,nominal_dynamic,208.88001835160247,208.88001835160247,0.0,0,0.0,,0.0
1.65,1,0.025000000000000005,dro,208.88001835160247,208.88001835160247,0.0,0,0.0,,0.0
1.7,1,0.025000000000000005,myopic,208.88001835160247,208.88001835160247,0.0,0,0.0,,0.0
1.7,1,0.025000000000000005,nominal_dynamic,208.88001835160247,208.88001835160247,0.0,0,0.0,,0.0
1.7,1,0.025000000000000005,dro,208.88001835160247,208.88001835160247,0.0,0,0.0,,0.0
1.75,1,0.025000000000000005,myopic,208.88001835160247,208.88001835160247,0.0,0,0.0,,0.0
1.75,1,0.025000000000000005,nominal_dynamic,208.88001835160247,208.88001835160247,0.0,0,0.0,,0.0
1.75,1,0.025000000000000005,dro,208.88001835160247,208.88001835160247,0.0,0,0.0,,0.0
1.8,1,0.025000000000000005,myopic,208.88001835160247,208.88001835160247,0.0,0,0.0,,0.0
1.8,1,0.025000000000000005,nominal_dynamic,208.88001835160247,208.88001835160247,0.0,0,0.0,,0.0
1.8,1,0.025000000000000005,dro,208.88001835160247,208.88001835160247,0.0,0,0.0,,0.0
1.85,1,0.025000000000000005,myopic,208.88001835160247,208.88001835160247,0.0,0,0.0,,0.0
1.85,1,0.025000000000000005,nominal_dynamic,208.88001835160247,208.88001835160247,0.0,0,0.0,,0.0
1.85,1,0.025000000000000005,dro,208.88001835160247,208.88001835160247,0.0,0,0.0,,0.0
1.9,1,0.025000000000000005,myopic,208.88001835160247,208.88001835160247,0.0,0,0.0,,0.0
1.9,1,0.025000000000000005,nominal_dynamic,208.88001835160247,208.88001835160247,0.0,0,0.0,,0.0
1.9,1,0.025000000000000005,dro,208.88001835160247,208.88001835160247,0.0,0,0.0,,0.0
1.95,1,0.025000000000000005,myopic,208.88001835160247,208.88001835160247,0.0,0,0.0,,0.0
1.95,1,0.025000000000000005,nominal_dynamic,208.88001835160247,208.88001835160247,0.0,0,0.0,,0.0
1.95,1,0.025000000000000005,dro,208.88001835160247,208.88001835160247,0.0,0,0.0,,0.0
2.0,1,0.025000000000000005,myopic,208.88001835160247,208.88001835160247,0.0,0,0.0,,0.0
2.0,1,0.025000000000000005,nominal_dynamic,208.88001835160247,208.88001835160247,0.0,0,0.0,,0.0
2.0,1,0.025000000000000005,dro,208.88001835160247,208.88001835160247,0.0,0,0.0,,0.0
2.05,1,0.025000000000000005,myopic,208.88001835160247,208.88001835160247,0.0,0,0.0,,0.0
2.05,1,0.025000000000000005,nominal_dynamic,208.88001835160247,208.88001835160247,0.0,0,0.0,,0.0
2.05,1,0.025000000000000005,dro,208.88001835160247,208.88001835160247,0.0,0,0.0,,0.0
2.1,1,0.025000000000000005,myopic,208.88001835160247,208.88001835160247,0.0,0,0.0,,0.0
2.1,1,0.025000000000000005,nominal_dynamic,208.88001835160247,208.88001835160247,0.0,0,0.0,,0.0
2.1,1,0.025000000000000005,dro,208.88001835160247,208.88001835160247,0.0,0,0.0,,0.0
2.15,1,0.025000000000000005,myopic,208.88001835160247,208.88001835160247,0.0,0,0.0,,0.0
2.15,1,0.025000000000000005,nominal_dynamic,208.88001835160247,208.88001835160247,0.0,0,0.0,,0.0
2.15,1,0.025000000000000005,dro,208.88001835160247,208.88001835160247,0.0,0,0.0,,0.0
2.2,1,0.025000000000000005,myopic,203.87443329380284,209.8163442444112,5.94191095060836,4,0.3,1.0,0.3
2.2,1,0.025000000000000005,nominal_dynamic,209.8163442444112,209.8163442444112,0.0,1,0.3,12.0,0.0
2.2,1,0.025000000000000005,dro,208.88001835160247,209.8163442444112,0.9363258928087248,0,0.0,,0.0
2.25,1,0.025000000000000005,myopic,208.6050415387423,211.14713685431192,2.542095315569611,4,0.3,1.0,0.3
2.25,1,0.025000000000000005,nominal_dynamic,210.56405779498527,211.14713685431192,0.5830790593266499,4,0.3,1.0,0.3
2.25,1,0.025000000000000005,dro,210.98197193739955,211.14713685431192,0.16516491691237434,1,0.3,12.0,0.0
2.3,1,0.025000000000000005,myopic,213.33564978368184,215.27993934395104,1.9442895602691976,4,0.3,1.0,0.3
2.3,1,0.025000000000000005,nominal_dynamic,215.27993934395104,215.27993934395104,0.0,4,0.3,1.0,0.3
2.3,1,0.025000000000000005,dro,212.14759963038793,215.27993934395104,3.1323397135631126,1,0.3,12.0,0.0
2.35,1,0.025000000000000005,myopic,218.06625802862143,219.99582089291678,1.9295628642953488,4,0.3,1.0,0.3
2.35,1,0.025000000000000005,nominal_dynamic,219.99582089291678,219.99582089291678,0.0,4,0.3,1.0,0.3
2.35,1,0.025000000000000005,dro,219.92881515145908,219.99582089291678,0.06700574145770588,4,0.3,3.0,0.0
2.4,1,0.025000000000000005,myopic,222.79686627356094,224.7117024418825,1.914836168321557,4,0.3,1.0,0.3
2.4,1,0.025000000000000005,nominal_dynamic,224.7117024418825,224.7117024418825,0.0,4,0.3,1.0,0.3
2.4,1,0.025000000000000005,dro,224.61223557915534,224.7117024418825,0.0994668627271551,4,0.3,3.0,0.0
2.45,1,0.025000000000000005,myopic,227.52747451850047,229.42758399084826,1.9001094723477934,4,0.3,1.0,0.3
2.45,1,0.025000000000000005,nominal_dynamic,229.42758399084826,229.42758399084826,0.0,4,0.3,1.0,0.3
2.45,1,0.025000000000000005,dro,229.4165936904127,229.42758399084826,0.010990300435565814,4,0.3,1.0,0.3
2.5,1,0.025000000000000005,myopic,232.25808276344003,234.143465539814,1.885382776373973,4,0.3,1.0,0.3
2.5,1,0.025000000000000005,nominal_dynamic,234.143465539814,234.143465539814,0.0,4,0.3,1.0,0.3
2.5,1,0.025000000000000005,dro,234.1473921563702,234.143465539814,-0.003926616556185536,4,0.3,1.0,0.3
2.55,1,0.025000000000000005,myopic,236.98869100837953,238.85934708877969,1.8706560804001526,4,0.3,1.0,0.3
2.55,1,0.025000000000000005,nominal_dynamic,238.85934708877969,238.85934708877969,0.0,4,0.3,1.0,0.3
2.55,1,0.025000000000000005,dro,238.87819062232765,238.85934708877969,-0.018843533547965308,4,0.3,1.0,0.3
2.6,1,0.025000000000000005,myopic,241.7192992533191,243.6185025963934,1.899203343074305,4,0.3,1.0,0.3
2.6,1,0.025000000000000005,nominal_dynamic,243.5752286377455,243.6185025963934,0.04327395864788741,4,0.3,1.0,0.3
2.6,1,0.025000000000000005,dro,243.6089890882852,243.6185025963934,0.009513508108199176,4,0.3,1.0,0.3
2.65,1,0.025000000000000005,myopic,246.44990749825857,248.34622731899344,1.896319820734874,4,0.3,1.0,0.3
2.65,1,0.025000000000000005,nominal_dynamic,248.34622731899344,248.34622731899344,0.0,4,0.3,1.0,0.3
2.65,1,0.025000000000000005,dro,248.33978755424266,248.34622731899344,0.006439764750780341,4,0.3,1.0,0.3
2.7,1,0.025000000000000005,myopic,251.18051574319813,253.07395204159354,1.8934362983954145,4,0.3,1.0,0.3
2.7,1,0.025000000000000005,nominal_dynamic,253.07395204159354,253.07395204159354,0.0,4,0.3,1.0,0.3
2.7,1,0.025000000000000005,dro,253.07058602020018,253.07395204159354,0.003366021393361507,4,0.3,1.0,0.3
2.75,1,0.025000000000000005,myopic,255.91112398813763,257.8016767641936,1.890552776055955,4,0.3,1.0,0.3
2.75,1,0.025000000000000005,nominal_dynamic,257.8016767641936,257.8016767641936,0.0,4,0.3,1.0,0.3
2.75,1,0.025000000000000005,dro,257.80138448615764,257.8016767641936,0.00029227803594267243,4,0.3,1.0,0.3
2.8,1,0.025000000000000005,myopic,260.64173223307716,262.52940148679363,1.8876692537164672,4,0.3,1.0,0.3
2.8,1,0.025000000000000005,nominal_dynamic,262.52940148679363,262.52940148679363,0.0,4,0.3,1.0,0.3
2.8,1,0.025000000000000005,dro,262.5321829521152,262.52940148679363,-0.002781465321561427,4,0.3,1.0,0.3
2.85,1,0.025000000000000005,myopic,265.3723404780168,267.25712620939373,1.884785731376951,4,0.3,1.0,0.3
2.85,1,0.025000000000000005,nominal_dynamic,267.25712620939373,267.25712620939373,0.0,4,0.3,1.0,0.3
2.85,1,0.025000000000000005,dro,267.2629814180727,267.25712620939373,-0.00585520867895184,4,0.3,1.0,0.3
2.9,1,0.025000000000000005,myopic,270.1029487229563,271.9848509319938,1.8819022090374915,4,0.3,1.0,0.3
2.9,1,0.025000000000000005,nominal_dynamic,271.9848509319938,271.9848509319938,0.0,4,0.3,1.0,0.3
2.9,1,0.025000000000000005,dro,271.9937798840301,271.9848509319938,-0.008928952036342253,4,0.3,1.0,0.3
2.95,1,0.025000000000000005,myopic,274.8335569678958,276.7245783499876,1.8910213820918216,4,0.3,1.0,0.3
2.95,1,0.025000000000000005,nominal_dynamic,276.7125756545938,276.7245783499876,0.012002695393789509,4,0.3,1.0,0.3
2.95,1,0.025000000000000005,dro,276.7245783499876,276.7245783499876,0.0,4,0.3,1.0,0.3
3.0,1,0.025000000000000005,myopic,279.5641652128353,281.4553768159451,1.8912116031098094,4,0.3,1.0,0.3
3.0,1,0.025000000000000005,nominal_dynamic,281.44030037719386,281.4553768159451,0.015076438751236765,4,0.3,1.0,0.3
3.0,1,0.025000000000000005,dro,281.4553768159451,281.4553768159451,0.0,4,0.3,1.0,0.3
0.0,2,0.028333333333333335,myopic,208.88001835160247,208.88001835160247,0.0,0,0.0,,0.0
0.0,2,0.028333333333333335,nominal_dynamic,208.88001835160247,208.88001835160247,0.0,0,0.0,,0.0
0.0,2,0.028333333333333335,dro,208.88001835160247,208.88001835160247,0.0,0,0.0,,0.0
0.05,2,0.028333333333333335,myopic,208.88001835160247,208.88001835160247,0.0,0,0.0,,0.0
0.05,2,0.028333333333333335,nominal_dynamic,208.88001835160247,208.88001835160247,0.0,0,0.0,,0.0
0.05,2,0.028333333333333335,dro,208.88001835160247,208.88001835160247,0.0,0,0.0,,0.0
0.1,2,0.028333333333333335,myopic,208.88001835160247,208.88001835160247,0.0,0,0.0,,0.0
0.1,2,0.028333333333333335,nominal_dynamic,208.88001835160247,208.88001835160247,0.0,0,0.0,,0.0
0.1,2,0.028333333333333335,dro,208.88001835160247,208.88001835160247,0.0,0,0.0,,0.0
0.15,2,0.028333333333333335,myopic,208.88001835160247,208.88001835160247,0.0,0,0.0,,0.0
0.15,2,0.028333333333333335,nominal_dynamic,208.88001835160247,208.88001835160247,0.0,0,0.0,,0.0
0.15,2,0.028333333333333335,dro,208.88001835160247,208.88001835160247,0.0,0,0.0,,0.0
0.2,2,0.028333333333333335,myopic,208.88001835160247,208.88001835160247,0.0,0,0.0,,0.0
0.2,2,0.028333333333333335,nominal_dynamic,208.88001835160247,208.88001835160247,0.0,0,0.0,,0.0
0.2,2,0.028333333333333335,dro,208.88001835160247,208.88001835160247,0.0,0,0.0,,0.0
0.25,2,0.028333333333333335,myopic,208.88001835160247,208.88001835160247,0.0,0,0.0,,0.0
0.25,2,0.028333333333333335,nominal_dynamic,208.88001835160247,208.88001835160247,0.0,0,0.0,,0.0
0.25,2,0.028333333333333335,dro,208.88001835160247,208.88001835160247,0.0,0,0.0,,0.0
0.3,2,0.028333333333333335,myopic,208.88001835160247,208.88001835160247,0.0,0,0.0,,0.0
0.3,2,0.028333333333333335,nominal_dynamic,208.88001835160247,208.88001835160247,0.0,0,0.0,,0.0
0.3,2,0.028333333333333335,dro,208.88001835160247,208.88001835160247,0.0,0,0.0,,0.0
0.35,2,0.028333333333333335,myopic,208.88001835160247,208.88001835160247,0.0,0,0.0,,0.0
0.35,2,0.028333333333333335,nominal_dynamic,208.88001835160247,208.88001835160247,0.0,0,0.0,,0.0
0.35,2,0.028333333333333335,dro,208.88001835160247,208.88001835160247,0.0,0,0.0,,0.0
0.4,2,0.028333333333333335,myopic,208.88001835160247,208.88001835160247,0.0,0,0.0,,0.0
0.4,2,0.028333333333333335,nominal_dynamic,208.88001835160247,208.88001835160247,0.0,0,0.0,,0.0
0.4,2,0.028333333333333335,dro,208.88001835160247,208.88001835160247,0.0,0,0.0,,0.0
0.45,2,0.028333333333333335,myopic,208.88001835160247,208.88001835160247,0.0,0,0.0,,0.0
0.45,2,0.028333333333333335,nominal_dynamic,208.88001835160247,208.88001835160247,0.0,0,0.0,,0.0
0.45,2,0.028333333333333335,dro,208.88001835160247,208.88001835160247,0.0,0,0.0,,0.0
0.5,2,0.028333333333333335,myopic,208.88001835160247,208.88001835160247,0.0,0,0.0,,0.0
0.5,2,0.028333333333333335,nominal_dynamic,208.88001835160247,208.88001835160247,0.0,0,0.0,,0.0
0.5,2,0.028333333333333335,dro,208.88001835160247,208.88001835160247,0.0,0,0.0,,0.0
0.55,2,0.028333333333333335,myopic,208.88001835160247,208.88001835160247,0.0,0,0.0,,0.0
0.55,2,0.028333333333333335,nominal_dynamic,208.88001835160247,208.88001835160247,0.0,0,0.0,,0.0
0.55,2,0.028333333333333335,dro,208.88001835160247,208.88001835160247,0.0,0,0.0,,0.0
0.6,2,0.028333333333333335,myopic,208.88001835160247,208.88001835160247,0.0,0,0.0,,0.0
0.6,2,0.028333333333333335,nominal_dynamic,208.88001835160247,208.88001835160247,0.0,0,0.0,,0.0
0.6,2,0.028333333333333335,dro,208.88001835160247,208.88001835160247,0.0,0,0.0,,0.0
0.65,2,0.028333333333333335,myopic,208.88001835160247,208.88001835160247,0.0,0,0.0,,0.0
0.65,2,0.028333333333333335,nominal_dynamic,208.88001835160247,208.88001835160247,0.0,0,0.0,,0.0
0.65,2,0.028333333333333335,dro,208.88001835160247,208.88001835160247,0.0,0,0.0,,0.0
0.7,2,0.028333333333333335,myopic,208.88001835160247,208.88001835160247,0.0,0,0.0,,0.0
0.7,2,0.028333333333333335,nominal_dynamic,208.88001835160247,208.88001835160247,0.0,0,0.0,,0.0
0.7,2,0.028333333333333335,dro,208.88001835160247,208.88001835160247,0.0,0,0.0,,0.0
0.75,2,0.028333333333333335,myopic,208.88001835160247,208.88001835160247,0.0,0,0.0,,0.0
0.75,2,0.028333333333333335,nominal_dynamic,208.88001835160247,208.88001835160247,0.0,0,0.0,,0.0
0.75,2,0.028333333333333335,dro,208.88001835160247,208.88001835160247,0.0,0,0.0,,0.0
0.8,2,0.028333333333333335,myopic,208.88001835160247,208.88001835160247,0.0,0,0.0,,0.0
0.8,2,0.028333333333333335,nominal_dynamic,208.88001835160247,208.88001835160247,0.0,0,0.0,,0.0
0.8,2,0.028333333333333335,dro,208.88001835160247,208.88001835160247,0.0,0,0.0,,0.0
0.85,2,0.028333333333333335,myopic,208.88001835160247,208.88001835160247,0.0,0,0.0,,0.0
0.85,2,0.028333333333333335,nominal_dynamic,208.88001835160247,208.88001835160247,0.0,0,0.0,,0.0
0.85,2,0.028333333333333335,dro,208.88001835160247,208.88001835160247,0.0,0,0.0,,0.0
0.9,2,0.028333333333333335,myopic,208.88001835160247,208.88001835160247,0.0,0,0.0,,0.0
0.9,2,0.028333333333333335,nominal_dynamic,208.88001835160247,208.88001835160247,0.0,0,0.0,,0.0
0.9,2,0.028333333333333335,dro,208.88001835160247,208.88001835160247,0.0,0,0.0,,0.0
0.95,2,0.028333333333333335,myopic,208.88001835160247,208.88001835160247,0.0,0,0.0,,0.0
0.95,2,0.028333333333333335,nominal_dynamic,208.88001835160247,208.88001835160247,0.0,0,0.0,,0.0
0.95,2,0.028333333333333335,dro,208.88001835160247,208.88001835160247,0.0,0,0.0,,0.0
1.0,2,0.028333333333333335,myopic,208.88001835160247,208.88001835160247,0.0,0,0.0,,0.0
1.0,2,0.028333333333333335,nominal_dynamic,208.88001835160247,208.88001835160247,0.0,0,0.0,,0.0
1.0,2,0.028333333333333335,dro,208.88001835160247,208.88001835160247,0.0,0,0.0,,0.0
1.05,2,0.028333333333333335,myopic,208.88001835160247,208.88001835160247,0.0,0,0.0,,0.0
1.05,2,0.028333333333333335,nominal_dynamic,208.88001835160247,208.88001835160247,0.0,0,0.0,,0.0
1.05,2,0.028333333333333335,dro,208.88001835160247,208.88001835160247,0.0,0,0.0,,0.0
1.1,2,0.028333333333333335,myopic,208.88001835160247,208.88001835160247,0.0,0,0.0,,0.0
1.1,2,0.028333333333333335,nominal_dynamic,208.88001835160247,208.88001835160247,0.0,0,0.0,,0.0
1.1,2,0.028333333333333335,dro,208.88001835160247,208.88001835160247,0.0,0,0.0,,0.0
1.15,2,0.028333333333333335,myopic,208.88001835160247,208.88001835160247,0.0,0,0.0,,0.0
1.15,2,0.028333333333333335,nominal_dynamic,208.88001835160247,208.88001835160247,0.0,0,0.0,,0.0
1.15,2,0.028333333333333335,dro,208.88001835160247,208.88001835160247,0.0,0,0.0,,0.0
1.2,2,0.028333333333333335,myopic,208.88001835160247,208.88001835160247,0.0,0,0.0,,0.0
1.2,2,0.028333333333333335,nominal_dynamic,208.88001835160247,208.88001835160247,0.0,0,0.0,,0.0
1.2,2,0.028333333333333335,dro,208.88001835160247,208.88001835160247,0.0,0,0.0,,0.0
1.25,2,0.028333333333333335,myopic,208.88001835160247,208.88001835160247,0.0,0,0.0,,0.0
1.25,2,0.028333333333333335,nominal_dynamic,208.88001835160247,208.88001835160247,0.0,0,0.0,,0.0
1.25,2,0.028333333333333335,dro,208.88001835160247,208.88001835160247,0.0,0,0.0,,0.0
1.3,2,0.028333333333333335,myopic,208.88001835160247,208.88001835160247,0.0,0,0.0,,0.0
1.3,2,0.028333333333333335,nominal_dynamic,208.88001835160247,208.88001835160247,0.0,0,0.0,,0.0
1.3,2,0.028333333333333335,dro,208.88001835160247,208.88001835160247,0.0,0,0.0,,0.0
1.35,2,0.028333333333333335,myopic,208.88001835160247,208.88001835160247,0.0,0,0.0,,0.0
1.35,2,0.028333333333333335,nominal_dynamic,208.88001835160247,208.88001835160247,0.0,0,0.0,,0.0
1.35,2,0.028333333333333335,dro,208.88001835160247,208.88001835160247,0.0,0,0.0,,0.0
1.4,2,0.028333333333333335,myopic,208.88001835160247,208.88001835160247,0.0,0,0.0,,0.0
1.4,2,0.028333333333333335,nominal_dynamic,208.88001835160247,208.88001835160247,0.0,0,0.0,,0.0
1.4,2,0.028333333333333335,dro,208.88001835160247,208.88001835160247,0.0,0,0.0,,0.0
1.45,2,0.028333333333333335,myopic,208.88001835160247,208.88001835160247,0.0,0,0.0,,0.0
1.45,2,0.028333333333333335,nominal_dynamic,208.88001835160247,208.88001835160247,0.0,0,0.0,,0.0
1.45,2,0.028333333333333335,dro,208.88001835160247,208.88001835160247,0.0,0,0.0,,0.0
1.5,2,0.028333333333333335,myopic,208.88001835160247,208.88001835160247,0.0,0,0.0,,0.0
1.5,2,0.028333333333333335,nominal_dynamic,208.88001835160247,208.88001835160247,0.0,0,0.0,,0.0
1.5,2,0.028333333333333335,dro,208.88001835160247,208.88001835160247,0.0,0,0.0,,0.0
1.55,2,0.028333333333333335,myopic,208.88001835160247,208.88001835160247,0.0,0,0.0,,0.0
1.55,2,0.028333333333333335,nominal_dynamic,208.88001835160247,208.88001835160247,0.0,0,0.0,,0.0
1.55,2,0.028333333333333335,dro,208.88001835160247,208.88001835160247,0.0,0,0.0,,0.0
1.6,2,0.028333333333333335,myopic,208.88001835160247,208.88001835160247,0.0,0,0.0,,0.0
1.6,2,0.028333333333333335,nominal_dynamic,208.88001835160247,208.88001835160247,0.0,0,0.0,,0.0
1.6,2,0.028333333333333335,dro,208.88001835160247,208.88001835160247,0.0,0,0.0,,0.0
1.65,2,0.028333333333333335,myopic,208.88001835160247,208.88001835160247,0.0,0,0.0,,0.0
1.65,2,0.028333333333333335,nominal_dynamic,208.88001835160247,208.88001835160247,0.0,0,0.0,,0.0
1.65,2,0.028333333333333335,dro,208.88001835160247,208.88001835160247,0.0,0,0.0,,0.0
1.7,2,0.028333333333333335,myopic,208.88001835160247,208.88001835160247,0.0,0,0.0,,0.0
1.7,2,0.028333333333333335,nominal_dynamic,208.88001835160247,208.88001835160247,0.0,0,0.0,,0.0
1.7,2,0.028333333333333335,dro,208.88001835160247,208.88001835160247,0.0,0,0.0,,0.0
1.75,2,0.028333333333333335,myopic,208.88001835160247,208.88001835160247,0.0,0,0.0,,0.0
1.75,2,0.028333333333333335,nominal_dynamic,208.88001835160247,208.88001835160247,0.0,0,0.0,,0.0
1.75,2,0.028333333333333335,dro,208.88001835160247,208.88001835160247,0.0,0,0.0,,0.0
1.8,2,0.028333333333333335,myopic,208.88001835160247,208.88001835160247,0.0,0,0.0,,0.0
1.8,2,0.028333333333333335,nominal_dynamic,208.88001835160247,208.88001835160247,0.0,0,0.0,,0.0
1.8,2,0.028333333333333335,dro,208.88001835160247,208.88001835160247,0.0,0,0.0,,0.0
1.85,2,0.028333333333333335,myopic,208.88001835160247,208.88001835160247,0.0,0,0.0,,0.0
1.85,2,0.028333333333333335,nominal_dynamic,208.88001835160247,208.88001835160247,0.0,0,0.0,,0.0
1.85,2,0.028333333333333335,dro,208.88001835160247,208.88001835160247,0.0,0,0.0,,0.0
1.9,2,0.028333333333333335,myopic,208.88001835160247,208.88001835160247,0.0,0,0.0,,0.0
1.9,2,0.028333333333333335,nominal_dynamic,208.88001835160247,208.88001835160247,0.0,0,0.0,,0.0
1.9,2,0.028333333333333335,dro,208.88001835160247,208.88001835160247,0.0,0,0.0,,0.0
1.95,2,0.028333333333333335,myopic,208.88001835160247,208.88001835160247,0.0,0,0.0,,0.0
1.95,2,0.028333333333333335,nominal_dynamic,208.88001835160247,208.88001835160247,0.0,0,0.0,,0.0
1.95,2,0.028333333333333335,dro,208.88001835160247,208.88001835160247,0.0,0,0.0,,0.0
2.0,2,0.028333333333333335,myopic,208.88001835160247,208.88001835160247,0.0,0,0.0,,0.0
2.0,2,0.028333333333333335,nominal_dynamic,208.88001835160247,208.88001835160247,0.0,0,0.0,,0.0
2.0,2,0.028333333333333335,dro,208.88001835160247,208.88001835160247,0.0,0,0.0,,0.0
2.05,2,0.028333333333333335,myopic,208.88001835160247,208.88001835160247,0.0,0,0.0,,0.0
2.05,2,0.028333333333333335,nominal_dynamic,208.88001835160247,208.88001835160247,0.0,0,0.0,,0.0
2.05,2,0.028333333333333335,dro,208.88001835160247,208.88001835160247,0.0,0,0.0,,0.0
2.1,2,0.028333333333333335,myopic,208.88001835160247,208.88001835160247,0.0,0,0.0,,0.0
2.1,2,0.028333333333333335,nominal_dynamic,208.88001835160247,208.88001835160247,0.0,0,0.0,,0.0
2.1,2,0.028333333333333335,dro,208.88001835160247,208.88001835160247,0.0,0,0.0,,0.0
2.15,2,0.028333333333333335,myopic,208.88001835160247,208.88001835160247,0.0,0,0.0,,0.0
2.15,2,0.028333333333333335,nominal_dynamic,208.88001835160247,208.88001835160247,0.0,0,0.0,,0.0
2.15,2,0.028333333333333335,dro,208.88001835160247,208.88001835160247,0.0,0,0.0,,0.0
2.2,2,0.028333333333333335,myopic,197.73891577833976,208.88001835160247,11.141102573262714,4,0.3,1.0,0.3
2.2,2,0.028333333333333335,nominal_dynamic,208.66681132727467,208.88001835160247,0.2132070243278008,1,0.3,12.0,0.0
2.2,2,0.028333333333333335,dro,208.88001835160247,208.88001835160247,0.0,0,0.0,,0.0
2.25,2,0.028333333333333335,myopic,202.20312086729075,209.7574450276261,7.554324160335341,4,0.3,1.0,0.3
2.25,2,0.028333333333333335,nominal_dynamic,204.57962877996084,209.7574450276261,5.177816247665248,4,0.3,1.0,0.3
2.25,2,0.028333333333333335,dro,209.7574450276261,209.7574450276261,0.0,1,0.3,12.0,0.0
2.3,2,0.028333333333333335,myopic,206.66732595624174,210.84807872797754,4.180752771735797,4,0.3,1.0,0.3
2.3,2,0.028333333333333335,nominal_dynamic,209.03525458012496,210.84807872797754,1.8128241478525808,4,0.3,1.0,0.3
2.3,2,0.028333333333333335,dro,210.84807872797754,210.84807872797754,0.0,1,0.3,12.0,0.0
2.35,2,0.028333333333333335,myopic,211.1315310451928,213.490880380289,2.3593493350962262,4,0.3,1.0,0.3
2.35,2,0.028333333333333335,nominal_dynamic,213.490880380289,213.490880380289,0.0,4,0.3,1.0,0.3
2.35,2,0.028333333333333335,dro,213.45606632833497,213.490880380289,0.034814051954043634,4,0.3,3.0,0.0
2.4,2,0.028333333333333335,myopic,215.59573613414378,217.94650618045307,2.350770046309293,4,0.3,1.0,0.3
2.4,2,0.028333333333333335,nominal_dynamic,217.86689599659107,217.94650618045307,0.0796101838620018,4,0.3,1.0,0.3
2.4,2,0.028333333333333335,dro,217.87574097152373,217.94650618045307,0.07076520892934468,4,0.3,3.0,0.0
2.45,2,0.028333333333333335,myopic,220.05994122309477,222.40213198061713,2.34219075752236,4,0.3,1.0,0.3
2.45,2,0.028333333333333335,nominal_dynamic,222.33282738721755,222.40213198061713,0.06930459339957906,4,0.3,1.0,0.3
2.45,2,0.028333333333333335,dro,222.37765274263592,222.40213198061713,0.0244792379812111,4,0.3,1.0,0.3
2.5,2,0.028333333333333335,myopic,224.5241463120458,226.79875877784403,2.274612465798242,4,0.3,1.0,0.3
2.5,2,0.028333333333333335,nominal_dynamic,226.79875877784403,226.79875877784403,0.0,4,0.3,1.0,0.3
2.5,2,0.028333333333333335,dro,226.8217697884758,226.79875877784403,-0.023011010631762474,4,0.3,1.0,0.3
2.55,2,0.028333333333333335,myopic,228.98835140099678,231.26469016847048,2.2763387674737032,4,0.3,1.0,0.3
2.55,2,0.028333333333333335,nominal_dynamic,231.26469016847048,231.26469016847048,0.0,4,0.3,1.0,0.3
2.55,2,0.028333333333333335,dro,231.26588683431567,231.26469016847048,-0.0011966658451854073,4,0.3,1.0,0.3
2.6,2,0.028333333333333335,myopic,233.4525564899478,235.730621559097,2.278065069149193,4,0.3,1.0,0.3
2.6,2,0.028333333333333335,nominal_dynamic,235.730621559097,235.730621559097,0.0,4,0.3,1.0,0.3
2.6,2,0.028333333333333335,dro,235.76900938110938,235.730621559097,-0.0383878220123961,4,0.3,1.0,0.3
2.65,2,0.028333333333333335,myopic,237.91676157889884,240.1965529497235,2.279791370824654,4,0.3,1.0,0.3
2.65,2,0.028333333333333335,nominal_dynamic,240.1965529497235,240.1965529497235,0.0,4,0.3,1.0,0.3
2.65,2,0.028333333333333335,dro,240.2246351812734,240.1965529497235,-0.028082231549916514,4,0.3,1.0,0.3
2.7,2,0.028333333333333335,myopic,242.38096666784983,244.66248434034998,2.2815176725001436,4,0.3,1.0,0.3
2.7,2,0.028333333333333335,nominal_dynamic,244.66248434034998,244.66248434034998,0.0,4,0.3,1.0,0.3
2.7,2,0.028333333333333335,dro,244.68026098143756,244.66248434034998,-0.017776641087579037,4,0.3,1.0,0.3
2.75,2,0.028333333333333335,myopic,246.84517175680082,249.12841573097646,2.283243974175633,4,0.3,1.0,0.3
2.75,2,0.028333333333333335,nominal_dynamic,249.12841573097646,249.12841573097646,0.0,4,0.3,1.0,0.3
2.75,2,0.028333333333333335,dro,249.1358867816016,249.12841573097646,-0.007471050625156295,4,0.3,1.0,0.3
2.8,2,0.028333333333333335,myopic,251.30937684575187,253.59434712160296,2.2849702758510944,4,0.3,1.0,0.3
2.8,2,0.028333333333333335,nominal_dynamic,253.59434712160296,253.59434712160296,0.0,4,0.3,1.0,0.3
2.8,2,0.028333333333333335,dro,253.59151258176567,253.59434712160296,0.0028345398372948694,4,0.3,1.0,0.3
2.85,2,0.028333333333333335,myopic,255.77358193470286,258.06027851222944,2.286696577526584,4,0.3,1.0,0.3
2.85,2,0.028333333333333335,nominal_dynamic,258.06027851222944,258.06027851222944,0.0,4,0.3,1.0,0.3
2.85,2,0.028333333333333335,dro,258.0471383819297,258.06027851222944,0.013140130299746033,4,0.3,1.0,0.3
2.9,2,0.028333333333333335,myopic,260.2377870236538,262.5262099028559,2.2884228792020735,4,0.3,1.0,0.3
2.9,2,0.028333333333333335,nominal_dynamic,262.5262099028559,262.5262099028559,0.0,4,0.3,1.0,0.3
2.9,2,0.028333333333333335,dro,262.5262099028559,262.5262099028559,0.0,4,0.3,1.0,0.3
2.95,2,0.028333333333333335,myopic,264.7019921126049,266.9921412934824,2.2901491808775063,4,0.3,1.0,0.3
2.95,2,0.028333333333333335,nominal_dynamic,266.9921412934824,266.9921412934824,0.0,4,0.3,1.0,0.3
2.95,2,0.028333333333333335,dro,266.9921412934824,266.9921412934824,0.0,4,0.3,1.0,0.3
3.0,2,0.028333333333333335,myopic,269.16619720155586,271.4580726841089,2.2918754825530527,4,0.3,1.0,0.3
3.0,2,0.028333333333333335,nominal_dynamic,271.4580726841089,271.4580726841089,0.0,4,0.3,1.0,0.3
3.0,2,0.028333333333333335,dro,271.4580726841089,271.4580726841089,0.0,4,0.3,1.0,0.3
0.0,3,0.03166666666666667,myopic,208.88001835160247,208.88001835160247,0.0,0,0.0,,0.0
0.0,3,0.03166666666666667,nominal_dynamic,208.88001835160247,208.88001835160247,0.0,0,0.0,,0.0
0.0,3,0.03166666666666667,dro,208.88001835160247,208.88001835160247,0.0,0,0.0,,0.0
0.05,3,0.03166666666666667,myopic,208.88001835160247,208.88001835160247,0.0,0,0.0,,0.0
0.05,3,0.03166666666666667,nominal_dynamic,208.88001835160247,208.88001835160247,0.0,0,0.0,,0.0
0.05,3,0.03166666666666667,dro,208.88001835160247,208.88001835160247,0.0,0,0.0,,0.0
0.1,3,0.03166666666666667,myopic,208.88001835160247,208.88001835160247,0.0,0,0.0,,0.0
0.1,3,0.03166666666666667,nominal_dynamic,208.88001835160247,208.88001835160247,0.0,0,0.0,,0.0
0.1,3,0.03166666666666667,dro,208.88001835160247,208.88001835160247,0.0,0,0.0,,0.0
0.15,3,0.03166666666666667,myopic,208.88001835160247,208.88001835160247,0.0,0,0.0,,0.0
0.15,3,0.03166666666666667,nominal_dynamic,208.88001835160247,208.88001835160247,0.0,0,0.0,,0.0
0.15,3,0.03166666666666667,dro,208.88001835160247,208.88001835160247,0.0,0,0.0,,0.0
0.2,3,0.03166666666666667,myopic,208.88001835160247,208.88001835160247,0.0,0,0.0,,0.0
0.2,3,0.03166666666666667,nominal_dynamic,208.88001835160247,208.88001835160247,0.0,0,0.0,,0.0
0.2,3,0.03166666666666667,dro,208.88001835160247,208.88001835160247,0.0,0,0.0,,0.0
0.25,3,0.03166666666666667,myopic,208.88001835160247,208.88001835160247,0.0,0,0.0,,0.0
0.25,3,0.03166666666666667,nominal_dynamic,208.88001835160247,208.88001835160247,0.0,0,0.0,,0.0
0.25,3,0.03166666666666667,dro,208.88001835160247,208.88001835160247,0.0,0,0.0,,0.0
0.3,3,0.03166666666666667,myopic,208.88001835160247,208.88001835160247,0.0,0,0.0,,0.0
0.3,3,0.03166666666666667,nominal_dynamic,208.88001835160247,208.88001835160247,0.0,0,0.0,,0.0
0.3,3,0.03166666666666667,dro,208.88001835160247,208.88001835160247,0.0,0,0.0,,0.0
0.35,3,0.03166666666666667,myopic,208.88001835160247,208.88001835160247,0.0,0,0.0,,0.0
0.35,3,0.03166666666666667,nominal_dynamic,208.88001835160247,208.88001835160247,0.0,0,0.0,,0.0
0.35,3,0.03166666666666667,dro,208.88001835160247,208.88001835160247,0.0,0,0.0,,0.0
0.4,3,0.03166666666666667,myopic,208.88001835160247,208.88001835160247,0.0,0,0.0,,0.0
0.4,3,0.03166666666666667,nominal_dynamic,208.88001835160247,208.88001835160247,0.0,0,0.0,,0.0
0.4,3,0.03166666666666667,dro,208.88001835160247,208.88001835160247,0.0,0,0.0,,0.0
0.45,3,0.03166666666666667,myopic,208.88001835160247,208.88001835160247,0.0,0,0.0,,0.0
0.45,3,0.03166666666666667,nominal_dynamic,208.88001835160247,208.88001835160247,0.0,0,0.0,,0.0
0.45,3,0.03166666666666667,dro,208.88001835160247,208.88001835160247,0.0,0,0.0,,0.0
0.5,3,0.03166666666666667,myopic,208.88001835160247,208.88001835160247,0.0,0,0.0,,0.0
0.5,3,0.03166666666666667,nominal_dynamic,208.88001835160247,208.88001835160247,0.0,0,0.0,,0.0
0.5,3,0.03166666666666667,dro,208.88001835160247,208.88001835160247,0.0,0,0.0,,0.0
0.55,3,0.03166666666666667,myopic,208.88001835160247,208.88001835160247,0.0,0,0.0,,0.0
0.55,3,0.03166666666666667,nominal_dynamic,208.88001835160247,208.88001835160247,0.0,0,0.0,,0.0
0.55,3,0.03166666666666667,dro,208.88001835160247,208.88001835160247,0.0,0,0.0,,0.0
0.6,3,0.03166666666666667,myopic,208.88001835160247,208.88001835160247,0.0,0,0.0,,0.0
0.6,3,0.03166666666666667,nominal_dynamic,208.88001835160247,208.88001835160247,0.0,0,0.0,,0.0
0.6,3,0.03166666666666667,dro,208.88001835160247,208.88001835160247,0.0,0,0.0,,0.0
0.65,3,0.03166666666666667,myopic,208.88001835160247,208.88001835160247,0.0,0,0.0,,0.0
0.65,3,0.03166666666666667,nominal_dynamic,208.88001835160247,208.88001835160247,0.0,0,0.0,,0.0
0.65,3,0.03166666666666667,dro,208.88001835160247,208.88001835160247,0.0,0,0.0,,0.0
0.7,3,0.03166666666666667,myopic,208.88001835160247,208.88001835160247,0.0,0,0.0,,0.0
0.7,3,0.03166666666666667,nominal_dynamic,208.88001835160247,208.88001835160247,0.0,0,0.0,,0.0
0.7,3,0.03166666666666667,dro,208.88001835160247,208.88001835160247,0.0,0,0.0,,0.0
0.75,3,0.03166666666666667,myopic,208.88001835160247,208.88001835160247,0.0,0,0.0,,0.0
0.75,3,0.03166666666666667,nominal_dynamic,208.88001835160247,208.88001835160247,0.0,0,0.0,,0.0
0.75,3,0.03166666666666667,dro,208.88001835160247,208.88001835160247,0.0,0,0.0,,0.0
0.8,3,0.03166666666666667,myopic,208.88001835160247,208.88001835160247,0.0,0,0.0,,0.0
0.8,3,0.03166666666666667,nominal_dynamic,208.88001835160247,208.88001835160247,0.0,0,0.0,,0.0
0.8,3,0.03166666666666667,dro,208.88001835160247,208.88001835160247,0.0,0,0.0,,0.0
0.85,3,0.03166666666666667,myopic,208.88001835160247,208.88001835160247,0.0,0,0.0,,0.0
0.85,3,0.03166666666666667,nominal_dynamic,208.88001835160247,208.88001835160247,0.0,0,0.0,,0.0
0.85,3,0.03166666666666667,dro,208.88001835160247,208.88001835160247,0.0,0,0.0,,0.0
0.9,3,0.03166666666666667,myopic,208.88001835160247,208.88001835160247,0.0,0,0.0,,0.0
0.9,3,0.03166666666666667,nominal_dynamic,208.88001835160247,208.88001835160247,0.0,0,0.0,,0.0
0.9,3,0.03166666666666667,dro,208.88001835160247,208.88001835160247,0.0,0,0.0,,0.0
0.95,3,0.03166666666666667,myopic,208.88001835160247,208.88001835160247,0.0,0,0.0,,0.0
0.95,3,0.03166666666666667,nominal_dynamic,208.88001835160247,208.88001835160247,0.0,0,0.0,,0.0
0.95,3,0.03166666666666667,dro,208.88001835160247,208.88001835160247,0.0,0,0.0,,0.0
1.0,3,0.03166666666666667,myopic,208.88001835160247,208.88001835160247,0.0,0,0.0,,0.0
1.0,3,0.03166666666666667,nominal_dynamic,208.88001835160247,208.88001835160247,0.0,0,0.0,,0.0
1.0,3,0.03166666666666667,dro,208.88001835160247,208.88001835160247,0.0,0,0.0,,0.0
1.05,3,0.03166666666666667,myopic,208.88001835160247,208.88001835160247,0.0,0,0.0,,0.0
1.05,3,0.03166666666666667,nominal_dynamic,208.88001835160247,208.88001835160247,0.0,0,0.0,,0.0
1.05,3,0.03166666666666667,dro,208.88001835160247,208.88001835160247,0.0,0,0.0,,0.0
1.1,3,0.03166666666666667,myopic,208.88001835160247,208.88001835160247,0.0,0,0.0,,0.0
1.1,3,0.03166666666666667,nominal_dynamic,208.88001835160247,208.88001835160247,0.0,0,0.0,,0.0
1.1,3,0.03166666666666667,dro,208.88001835160247,208.88001835160247,0.0,0,0.0,,0.0
1.15,3,0.03166666666666667,myopic,208.88001835160247,208.88001835160247,0.0,0,0.0,,0.0
1.15,3,0.03166666666666667,nominal_dynamic,208.88001835160247,208.88001835160247,0.0,0,0.0,,0.0
1.15,3,0.03166666666666667,dro,208.88001835160247,208.88001835160247,0.0,0,0.0,,0.0
1.2,3,0.03166666666666667,myopic,208.88001835160247,208.88001835160247,0.0,0,0.0,,0.0
1.2,3,0.03166666666666667,nominal_dynamic,208.88001835160247,208.88001835160247,0.0,0,0.0,,0.0
1.2,3,0.03166666666666667,dro,208.88001835160247,208.88001835160247,0.0,0,0.0,,0.0
1.25,3,0.03166666666666667,myopic,208.88001835160247,208.88001835160247,0.0,0,0.0,,0.0
1.25,3,0.03166666666666667,nominal_dynamic,208.88001835160247,208.88001835160247,0.0,0,0.0,,0.0
1.25,3,0.03166666666666667,dro,208.88001835160247,208.88001835160247,0.0,0,0.0,,0.0
1.3,3,0.03166666666666667,myopic,208.88001835160247,208.88001835160247,0.0,0,0.0,,0.0
1.3,3,0.03166666666666667,nominal_dynamic,208.88001835160247,208.88001835160247,0.0,0,0.0,,0.0
1.3,3,0.03166666666666667,dro,208.88001835160247,208.88001835160247,0.0,0,0.0,,0.0
1.35,3,0.03166666666666667,myopic,208.88001835160247,208.88001835160247,0.0,0,0.0,,0.0
1.35,3,0.03166666666666667,nominal_dynamic,208.88001835160247,208.88001835160247,0.0,0,0.0,,0.0
1.35,3,0.03166666666666667,dro,208.88001835160247,208.88001835160247,0.0,0,0.0,,0.0
1.4,3,0.03166666666666667,myopic,208.88001835160247,208.88001835160247,0.0,0,0.0,,0.0
1.4,3,0.03166666666666667,nominal_dynamic,208.88001835160247,208.88001835160247,0.0,0,0.0,,0.0
1.4,3,0.03166666666666667,dro,208.88001835160247,208.88001835160247,0.0,0,0.0,,0.0
1.45,3,0.03166666666666667,myopic,208.88001835160247,208.88001835160247,0.0,0,0.0,,0.0
1.45,3,0.03166666666666667,nominal_dynamic,208.88001835160247,208.88001835160247,0.0,0,0.0,,0.0
1.45,3,0.03166666666666667,dro,208.88001835160247,208.88001835160247,0.0,0,0.0,,0.0
1.5,3,0.03166666666666667,myopic,208.88001835160247,208.88001835160247,0.0,0,0.0,,0.0
1.5,3,0.03166666666666667,nominal_dynamic,208.88001835160247,208.88001835160247,0.0,0,0.0,,0.0
1.5,3,0.03166666666666667,dro,208.88001835160247,208.88001835160247,0.0,0,0.0,,0.0
1.55,3,0.03166666666666667,myopic,208.88001835160247,208.88001835160247,0.0,0,0.0,,0.0
1.55,3,0.03166666666666667,nominal_dynamic,208.88001835160247,208.88001835160247,0.0,0,0.0,,0.0
1.55,3,0.03166666666666667,dro,208.88001835160247,208.88001835160247,0.0,0,0.0,,0.0
1.6,3,0.03166666666666667,myopic,208.88001835160247,208.88001835160247,0.0,0,0.0,,0.0
1.6,3,0.03166666666666667,nominal_dynamic,208.88001835160247,208.88001835160247,0.0,0,0.0,,0.0
1.6,3,0.03166666666666667,dro,208.88001835160247,208.88001835160247,0.0,0,0.0,,0.0
1.65,3,0.03166666666666667,myopic,208.88001835160247,208.88001835160247,0.0,0,0.0,,0.0
1.65,3,0.03166666666666667,nominal_dynamic,208.88001835160247,208.88001835160247,0.0,0,0.0,,0.0
1.65,3,0.03166666666666667,dro,208.88001835160247,208.88001835160247,0.0,0,0.0,,0.0
1.7,3,0.03166666666666667,myopic,208.88001835160247,208.88001835160247,0.0,0,0.0,,0.0
1.7,3,0.03166666666666667,nominal_dynamic,208.88001835160247,208.88001835160247,0.0,0,0.0,,0.0
1.7,3,0.03166666666666667,dro,208.88001835160247,208.88001835160247,0.0,0,0.0,,0.0
1.75,3,0.03166666666666667,myopic,208.88001835160247,208.88001835160247,0.0,0,0.0,,0.0
1.75,3,0.03166666666666667,nominal_dynamic,208.88001835160247,208.88001835160247,0.0,0,0.0,,0.0
1.75,3,0.03166666666666667,dro,208.88001835160247,208.88001835160247,0.0,0,0.0,,0.0
1.8,3,0.03166666666666667,myopic,208.88001835160247,208.88001835160247,0.0,0,0.0,,0.0
1.8,3,0.03166666666666667,nominal_dynamic,208.88001835160247,208.88001835160247,0.0,0,0.0,,0.0
1.8,3,0.03166666666666667,dro,208.88001835160247,208.88001835160247,0.0,0,0.0,,0.0
1.85,3,0.03166666666666667,myopic,208.88001835160247,208.88001835160247,0.0,0,0.0,,0.0
1.85,3,0.03166666666666667,nominal_dynamic,208.88001835160247,208.88001835160247,0.0,0,0.0,,0.0
1.85,3,0.03166666666666667,dro,208.88001835160247,208.88001835160247,0.0,0,0.0,,0.0
1.9,3,0.03166666666666667,myopic,208.88001835160247,208.88001835160247,0.0,0,0.0,,0.0
1.9,3,0.03166666666666667,nominal_dynamic,208.88001835160247,208.88001835160247,0.0,0,0.0,,0.0
1.9,3,0.03166666666666667,dro,208.88001835160247,208.88001835160247,0.0,0,0.0,,0.0
1.95,3,0.03166666666666667,myopic,208.88001835160247,208.88001835160247,0.0,0,0.0,,0.0
1.95,3,0.03166666666666667,nominal_dynamic,208.88001835160247,208.88001835160247,0.0,0,0.0,,0.0
1.95,3,0.03166666666666667,dro,208.88001835160247,208.88001835160247,0.0,0,0.0,,0.0
2.0,3,0.03166666666666667,myopic,208.88001835160247,208.88001835160247,0.0,0,0.0,,0.0
2.0,3,0.03166666666666667,nominal_dynamic,208.88001835160247,208.88001835160247,0.0,0,0.0,,0.0
2.0,3,0.03166666666666667,dro,208.88001835160247,208.88001835160247,0.0,0,0.0,,0.0
2.05,3,0.03166666666666667,myopic,208.88001835160247,208.88001835160247,0.0,0,0.0,,0.0
2.05,3,0.03166666666666667,nominal_dynamic,208.88001835160247,208.88001835160247,0.0,0,0.0,,0.0
2.05,3,0.03166666666666667,dro,208.88001835160247,208.88001835160247,0.0,0,0.0,,0.0
2.1,3,0.03166666666666667,myopic,208.88001835160247,208.88001835160247,0.0,0,0.0,,0.0
2.1,3,0.03166666666666667,nominal_dynamic,208.88001835160247,208.88001835160247,0.0,0,0.0,,0.0
2.1,3,0.03166666666666667,dro,208.88001835160247,208.88001835160247,0.0,0,0.0,,0.0
2.15,3,0.03166666666666667,myopic,208.88001835160247,208.90909089018527,0.02907253858279546,0,0.0,,0.0
2.15,3,0.03166666666666667,nominal_dynamic,208.88001835160247,208.90909089018527,0.02907253858279546,0,0.0,,0.0
2.15,3,0.03166666666666667,dro,208.88001835160247,208.90909089018527,0.02907253858279546,0,0.0,,0.0
2.2,3,0.03166666666666667,myopic,207.40237711111368,209.4374360386767,2.0350589275630284,4,0.3,1.0,0.3
2.2,3,0.03166666666666667,nominal_dynamic,209.4374360386767,209.4374360386767,0.0,1,0.3,12.0,0.0
2.2,3,0.03166666666666667,dro,208.88001835160247,209.4374360386767,0.5574176870742349,0,0.0,,0.0
2.25,3,0.03166666666666667,myopic,212.10148338231258,212.95397523558546,0.8524918532728805,4,0.3,1.0,0.3
2.25,3,0.03166666666666667,nominal_dynamic,212.95397523558546,212.95397523558546,0.0,4,0.3,1.0,0.3
2.25,3,0.03166666666666667,dro,210.57834426624802,212.95397523558546,2.3756309693374362,1,0.3,12.0,0.0
2.3,3,0.03166666666666667,myopic,216.80058965351154,217.63501963312748,0.8344299796159476,4,0.3,1.0,0.3
2.3,3,0.03166666666666667,nominal_dynamic,217.63501963312748,217.63501963312748,0.0,4,0.3,1.0,0.3
2.3,3,0.03166666666666667,dro,211.71925249381934,217.63501963312748,5.915767139308144,1,0.3,12.0,0.0
2.35,3,0.03166666666666667,myopic,221.4996959247105,222.31108807444605,0.8113921497355534,4,0.3,1.0,0.3
2.35,3,0.03166666666666667,nominal_dynamic,222.3160640306695,222.31108807444605,-0.004975956223461253,4,0.3,1.0,0.3
2.35,3,0.03166666666666667,dro,222.23791514203955,222.31108807444605,0.07317293240649292,4,0.3,3.0,0.0
2.4,3,0.03166666666666667,myopic,226.19880219590945,227.00348165302327,0.8046794571138207,4,0.3,1.0,0.3
2.4,3,0.03166666666666667,nominal_dynamic,227.00348165302327,227.00348165302327,0.0,4,0.3,1.0,0.3
2.4,3,0.03166666666666667,dro,226.8901478281833,227.00348165302327,0.11333382483996957,4,0.3,3.0,0.0
2.45,3,0.03166666666666667,myopic,230.8979084671084,231.6958752316005,0.797966764492088,4,0.3,1.0,0.3
2.45,3,0.03166666666666667,nominal_dynamic,231.6958752316005,231.6958752316005,0.0,4,0.3,1.0,0.3
2.45,3,0.03166666666666667,dro,231.6240580131268,231.6958752316005,0.07181721847368294,4,0.3,1.0,0.3
2.5,3,0.03166666666666667,myopic,235.59701473830737,236.38826881017775,0.7912540718703838,4,0.3,1.0,0.3
2.5,3,0.03166666666666667,nominal_dynamic,236.38826881017775,236.38826881017775,0.0,4,0.3,1.0,0.3
2.5,3,0.03166666666666667,dro,236.2931858543489,236.38826881017775,0.0950829558288433,4,0.3,1.0,0.3
2.55,3,0.03166666666666667,myopic,240.2961210095063,241.08066238875497,0.7845413792486795,4,0.3,1.0,0.3
2.55,3,0.03166666666666667,nominal_dynamic,241.08066238875497,241.08066238875497,0.0,4,0.3,1.0,0.3
2.55,3,0.03166666666666667,dro,240.962313695571,241.08066238875497,0.11834869318397523,4,0.3,1.0,0.3
2.6,3,0.03166666666666667,myopic,244.99522728070528,245.77305596733225,0.7778286866269752,4,0.3,1.0,0.3
2.6,3,0.03166666666666667,nominal_dynamic,245.77305596733225,245.77305596733225,0.0,4,0.3,1.0,0.3
2.6,3,0.03166666666666667,dro,245.72128601837977,245.77305596733225,0.05176994895248299,4,0.3,1.0,0.3
2.65,3,0.03166666666666667,myopic,249.69433355190418,250.46544954590945,0.771115994005271,4,0.3,1.0,0.3
2.65,3,0.03166666666666667,nominal_dynamic,250.46544954590945,250.46544954590945,0.0,4,0.3,1.0,0.3
2.65,3,0.03166666666666667,dro,250.40233041592174,250.46544954590945,0.06311912998771163,4,0.3,1.0,0.3
2.7,3,0.03166666666666667,myopic,254.39343982310314,255.1578431244867,0.7644033013835667,4,0.3,1.0,0.3
2.7,3,0.03166666666666667,nominal_dynamic,255.1578431244867,255.1578431244867,0.0,4,0.3,1.0,0.3
2.7,3,0.03166666666666667,dro,255.08337481346382,255.1578431244867,0.07446831102288343,4,0.3,1.0,0.3
2.75,3,0.03166666666666667,myopic,259.09254609430207,259.8502367030639,0.757690608761834,4,0.3,1.0,0.3
2.75,3,0.03166666666666667,nominal_dynamic,259.8502367030639,259.8502367030639,0.0,4,0.3,1.0,0.3
2.75,3,0.03166666666666667,dro,259.7644192110059,259.8502367030639,0.0858174920580268,4,0.3,1.0,0.3
2.8,3,0.03166666666666667,myopic,263.791652365501,264.54263028164115,0.7509779161401298,4,0.3,1.0,0.3
2.8,3,0.03166666666666667,nominal_dynamic,264.54263028164115,264.54263028164115,0.0,4,0.3,1.0,0.3
2.8,3,0.03166666666666667,dro,264.4454636085479,264.54263028164115,0.09716667309322702,4,0.3,1.0,0.3
2.85,3,0.03166666666666667,myopic,268.4907586367,269.2350238602184,0.7442652235184255,4,0.3,1.0,0.3
2.85,3,0.03166666666666667,nominal_dynamic,269.2350238602184,269.2350238602184,0.0,4,0.3,1.0,0.3
2.85,3,0.03166666666666667,dro,269.12650800609,269.2350238602184,0.10851585412842724,4,0.3,1.0,0.3
2.9,3,0.03166666666666667,myopic,273.18986490789894,273.92741743879566,0.7375525308967212,4,0.3,1.0,0.3
2.9,3,0.03166666666666667,nominal_dynamic,273.92741743879566,273.92741743879566,0.0,4,0.3,1.0,0.3
2.9,3,0.03166666666666667,dro,273.92741743879566,273.92741743879566,0.0,4,0.3,1.0,0.3
2.95,3,0.03166666666666667,myopic,277.8889711790979,278.61981101737285,0.7308398382749601,4,0.3,1.0,0.3
2.95,3,0.03166666666666667,nominal_dynamic,278.61981101737285,278.61981101737285,0.0,4,0.3,1.0,0.3
2.95,3,0.03166666666666667,dro,278.61981101737285,278.61981101737285,0.0,4,0.3,1.0,0.3
3.0,3,0.03166666666666667,myopic,282.5880774502968,283.3122045959501,0.7241271456533127,4,0.3,1.0,0.3
3.0,3,0.03166666666666667,nominal_dynamic,283.3122045959501,283.3122045959501,0.0,4,0.3,1.0,0.3
3.0,3,0.03166666666666667,dro,283.3122045959501,283.3122045959501,0.0,4,0.3,1.0,0.3
0.0,4,0.034999999999999996,myopic,208.88001835160247,208.88001835160247,0.0,0,0.0,,0.0
0.0,4,0.034999999999999996,nominal_dynamic,208.88001835160247,208.88001835160247,0.0,0,0.0,,0.0
0.0,4,0.034999999999999996,dro,208.88001835160247,208.88001835160247,0.0,0,0.0,,0.0
0.05,4,0.034999999999999996,myopic,208.88001835160247,208.88001835160247,0.0,0,0.0,,0.0
0.05,4,0.034999999999999996,nominal_dynamic,208.88001835160247,208.88001835160247,0.0,0,0.0,,0.0
0.05,4,0.034999999999999996,dro,208.88001835160247,208.88001835160247,0.0,0,0.0,,0.0
0.1,4,0.034999999999999996,myopic,208.88001835160247,208.88001835160247,0.0,0,0.0,,0.0
0.1,4,0.034999999999999996,nominal_dynamic,208.88001835160247,208.88001835160247,0.0,0,0.0,,0.0
0.1,4,0.034999999999999996,dro,208.88001835160247,208.88001835160247,0.0,0,0.0,,0.0
0.15,4,0.034999999999999996,myopic,208.88001835160247,208.88001835160247,0.0,0,0.0,,0.0
0.15,4,0.034999999999999996,nominal_dynamic,208.88001835160247,208.88001835160247,0.0,0,0.0,,0.0
0.15,4,0.034999999999999996,dro,208.88001835160247,208.88001835160247,0.0,0,0.0,,0.0
0.2,4,0.034999999999999996,myopic,208.88001835160247,208.88001835160247,0.0,0,0.0,,0.0
0.2,4,0.034999999999999996,nominal_dynamic,208.88001835160247,208.88001835160247,0.0,0,0.0,,0.0
0.2,4,0.034999999999999996,dro,208.88001835160247,208.88001835160247,0.0,0,0.0,,0.0
0.25,4,0.034999999999999996,myopic,208.88001835160247,208.88001835160247,0.0,0,0.0,,0.0
0.25,4,0.034999999999999996,nominal_dynamic,208.88001835160247,208.88001835160247,0.0,0,0.0,,0.0
0.25,4,0.034999999999999996,dro,208.88001835160247,208.88001835160247,0.0,0,0.0,,0.0
0.3,4,0.034999999999999996,myopic,208.88001835160247,208.88001835160247,0.0,0,0.0,,0.0
0.3,4,0.034999999999999996,nominal_dynamic,208.88001835160247,208.88001835160247,0.0,0,0.0,,0.0
0.3,4,0.034999999999999996,dro,208.88001835160247,208.88001835160247,0.0,0,0.0,,0.0
0.35,4,0.034999999999999996,myopic,208.88001835160247,208.88001835160247,0.0,0,0.0,,0.0
0.35,4,0.034999999999999996,nominal_dynamic,208.88001835160247,208.88001835160247,0.0,0,0.0,,0.0
0.35,4,0.034999999999999996,dro,208.88001835160247,208.88001835160247,0.0,0,0.0,,0.0
0.4,4,0.034999999999999996,myopic,208.88001835160247,208.88001835160247,0.0,0,0.0,,0.0
0.4,4,0.034999999999999996,nominal_dynamic,208.88001835160247,208.88001835160247,0.0,0,0.0,,0.0
0.4,4,0.034999999999999996,dro,208.88001835160247,208.88001835160247,0.0,0,0.0,,0.0
0.45,4,0.034999999999999996,myopic,208.88001835160247,208.88001835160247,0.0,0,0.0,,0.0
0.45,4,0.034999999999999996,nominal_dynamic,208.88001835160247,208.88001835160247,0.0,0,0.0,,0.0
0.45,4,0.034999999999999996,dro,208.88001835160247,208.88001835160247,0.0,0,0.0,,0.0
0.5,4,0.034999999999999996,myopic,208.88001835160247,208.88001835160247,0.0,0,0.0,,0.0
0.5,4,0.034999999999999996,nominal_dynamic,208.88001835160247,208.88001835160247,0.0,0,0.0,,0.0
0.5,4,0.034999999999999996,dro,208.88001835160247,208.88001835160247,0.0,0,0.0,,0.0
0.55,4,0.034999999999999996,myopic,208.88001835160247,208.88001835160247,0.0,0,0.0,,0.0
0.55,4,0.034999999999999996,nominal_dynamic,208.88001835160247,208.88001835160247,0.0,0,0.0,,0.0
0.55,4,0.034999999999999996,dro,208.88001835160247,208.88001835160247,0.0,0,0.0,,0.0
0.6,4,0.034999999999999996,myopic,208.88001835160247,208.88001835160247,0.0,0,0.0,,0.0
0.6,4,0.034999999999999996,nominal_dynamic,208.88001835160247,208.88001835160247,0.0,0,0.0,,0.0
0.6,4,0.034999999999999996,dro,208.88001835160247,208.88001835160247,0.0,0,0.0,,0.0
0.65,4,0.034999999999999996,myopic,208.88001835160247,208.88001835160247,0.0,0,0.0,,0.0
0.65,4,0.034999999999999996,nominal_dynamic,208.88001835160247,208.88001835160247,0.0,0,0.0,,0.0
0.65,4,0.034999999999999996,dro,208.88001835160247,208.88001835160247,0.0,0,0.0,,0.0
0.7,4,0.034999999999999996,myopic,208.88001835160247,208.88001835160247,0.0,0,0.0,,0.0
0.7,4,0.034999999999999996,nominal_dynamic,208.88001835160247,208.88001835160247,0.0,0,0.0,,0.0
0.7,4,0.034999999999999996,dro,208.88001835160247,208.88001835160247,0.0,0,0.0,,0.0
0.75,4,0.034999999999999996,myopic,208.88001835160247,208.88001835160247,0.0,0,0.0,,0.0
0.75,4,0.034999999999999996,nominal_dynamic,208.88001835160247,208.88001835160247,0.0,0,0.0,,0.0
0.75,4,0.034999999999999996,dro,208.88001835160247,208.88001835160247,0.0,0,0.0,,0.0
0.8,4,0.034999999999999996,myopic,208.88001835160247,208.88001835160247,0.0,0,0.0,,0.0
0.8,4,0.034999999999999996,nominal_dynamic,208.88001835160247,208.88001835160247,0.0,0,0.0,,0.0
0.8,4,0.034999999999999996,dro,208.88001835160247,208.88001835160247,0.0,0,0.0,,0.0
0.85,4,0.034999999999999996,myopic,208.88001835160247,208.88001835160247,0.0,0,0.0,,0.0
0.85,4,0.034999999999999996,nominal_dynamic,208.88001835160247,208.88001835160247,0.0,0,0.0,,0.0
0.85,4,0.034999999999999996,dro,208.88001835160247,208.88001835160247,0.0,0,0.0,,0.0
0.9,4,0.034999999999999996,myopic,208.88001835160247,208.88001835160247,0.0,0,0.0,,0.0
0.9,4,0.034999999999999996,nominal_dynamic,208.88001835160247,208.88001835160247,0.0,0,0.0,,0.0
0.9,4,0.034999999999999996,dro,208.88001835160247,208.88001835160247,0.0,0,0.0,,0.0
0.95,4,0.034999999999999996,myopic,208.88001835160247,208.88001835160247,0.0,0,0.0,,0.0
0.95,4,0.034999999999999996,nominal_dynamic,208.88001835160247,208.88001835160247,0.0,0,0.0,,0.0
0.95,4,0.034999999999999996,dro,208.88001835160247,208.88001835160247,0.0,0,0.0,,0.0
1.0,4,0.034999999999999996,myopic,208.88001835160247,208.88001835160247,0.0,0,0.0,,0.0
1.0,4,0.034999999999999996,nominal_dynamic,208.88001835160247,208.88001835160247,0.0,0,0.0,,0.0
1.0,4,0.034999999999999996,dro,208.88001835160247,208.88001835160247,0.0,0,0.0,,0.0
1.05,4,0.034999999999999996,myopic,208.88001835160247,208.88001835160247,0.0,0,0.0,,0.0
1.05,4,0.034999999999999996,nominal_dynamic,208.88001835160247,208.88001835160247,0.0,0,0.0,,0.0
1.05,4,0.034999999999999996,dro,208.88001835160247,208.88001835160247,0.0,0,0.0,,0.0
1.1,4,0.034999999999999996,myopic,208.88001835160247,208.88001835160247,0.0,0,0.0,,0.0
1.1,4,0.034999999999999996,nominal_dynamic,208.88001835160247,208.88001835160247,0.0,0,0.0,,0.0
1.1,4,0.034999999999999996,dro,208.88001835160247,208.88001835160247,0.0,0,0.0,,0.0
1.15,4,0.034999999999999996,myopic,208.88001835160247,208.88001835160247,0.0,0,0.0,,0.0
1.15,4,0.034999999999999996,nominal_dynamic,208.88001835160247,208.88001835160247,0.0,0,0.0,,0.0
1.15,4,0.034999999999999996,dro,208.88001835160247,208.88001835160247,0.0,0,0.0,,0.0
1.2,4,0.034999999999999996,myopic,208.88001835160247,208.88001835160247,0.0,0,0.0,,0.0
1.2,4,0.034999999999999996,nominal_dynamic,208.88001835160247,208.88001835160247,0.0,0,0.0,,0.0
1.2,4,0.034999999999999996,dro,208.88001835160247,208.88001835160247,0.0,0,0.0,,0.0
1.25,4,0.034999999999999996,myopic,208.88001835160247,208.88001835160247,0.0,0,0.0,,0.0
1.25,4,0.034999999999999996,nominal_dynamic,208.88001835160247,208.88001835160247,0.0,0,0.0,,0.0
1.25,4,0.034999999999999996,dro,208.88001835160247,208.88001835160247,0.0,0,0.0,,0.0
1.3,4,0.034999999999999996,myopic,208.88001835160247,208.88001835160247,0.0,0,0.0,,0.0
1.3,4,0.034999999999999996,nominal_dynamic,208.88001835160247,208.88001835160247,0.0,0,0.0,,0.0
1.3,4,0.034999999999999996,dro,208.88001835160247,208.88001835160247,0.0,0,0.0,,0.0
1.35,4,0.034999999999999996,myopic,208.88001835160247,208.88001835160247,0.0,0,0.0,,0.0
1.35,4,0.034999999999999996,nominal_dynamic,208.88001835160247,208.88001835160247,0.0,0,0.0,,0.0
1.35,4,0.034999999999999996,dro,208.88001835160247,208.88001835160247,0.0,0,0.0,,0.0
1.4,4,0.034999999999999996,myopic,208.88001835160247,208.88001835160247,0.0,0,0.0,,0.0
1.4,4,0.034999999999999996,nominal_dynamic,208.88001835160247,208.88001835160247,0.0,0,0.0,,0.0
1.4,4,0.034999999999999996,dro,208.88001835160247,208.88001835160247,0.0,0,0.0,,0.0
1.45,4,0.034999999999999996,myopic,208.88001835160247,208.88001835160247,0.0,0,0.0,,0.0
1.45,4,0.034999999999999996,nominal_dynamic,208.88001835160247,208.88001835160247,0.0,0,0.0,,0.0
1.45,4,0.034999999999999996,dro,208.88001835160247,208.88001835160247,0.0,0,0.0,,0.0
1.5,4,0.034999999999999996,myopic,208.88001835160247,208.88001835160247,0.0,0,0.0,,0.0
1.5,4,0.034999999999999996,nominal_dynamic,208.88001835160247,208.88001835160247,0.0,0,0.0,,0.0
1.5,4,0.034999999999999996,dro,208.88001835160247,208.88001835160247,0.0,0,0.0,,0.0
1.55,4,0.034999999999999996,myopic,208.88001835160247,208.88001835160247,0.0,0,0.0,,0.0
1.55,4,0.034999999999999996,nominal_dynamic,208.88001835160247,208.88001835160247,0.0,0,0.0,,0.0
1.55,4,0.034999999999999996,dro,208.88001835160247,208.88001835160247,0.0,0,0.0,,0.0
1.6,4,0.034999999999999996,myopic,208.88001835160247,208.88001835160247,0.0,0,0.0,,0.0
1.6,4,0.034999999999999996,nominal_dynamic,208.88001835160247,208.88001835160247,0.0,0,0.0,,0.0
1.6,4,0.034999999999999996,dro,208.88001835160247,208.88001835160247,0.0,0,0.0,,0.0
1.65,4,0.034999999999999996,myopic,208.88001835160247,208.88001835160247,0.0,0,0.0,,0.0
1.65,4,0.034999999999999996,nominal_dynamic,208.88001835160247,208.88001835160247,0.0,0,0.0,,0.0
1.65,4,0.034999999999999996,dro,208.88001835160247,208.88001835160247,0.0,0,0.0,,0.0
1.7,4,0.034999999999999996,myopic,208.88001835160247,208.88001835160247,0.0,0,0.0,,0.0
1.7,4,0.034999999999999996,nominal_dynamic,208.88001835160247,208.88001835160247,0.0,0,0.0,,0.0
1.7,4,0.034999999999999996,dro,208.88001835160247,208.88001835160247,0.0,0,0.0,,0.0
1.75,4,0.034999999999999996,myopic,208.88001835160247,208.88001835160247,0.0,0,0.0,,0.0
1.75,4,0.034999999999999996,nominal_dynamic,208.88001835160247,208.88001835160247,0.0,0,0.0,,0.0
1.75,4,0.034999999999999996,dro,208.88001835160247,208.88001835160247,0.0,0,0.0,,0.0
1.8,4,0.034999999999999996,myopic,208.88001835160247,208.88001835160247,0.0,0,0.0,,0.0
1.8,4,0.034999999999999996,nominal_dynamic,208.88001835160247,208.88001835160247,0.0,0,0.0,,0.0
1.8,4,0.034999999999999996,dro,208.88001835160247,208.88001835160247,0.0,0,0.0,,0.0
1.85,4,0.034999999999999996,myopic,208.88001835160247,208.88001835160247,0.0,0,0.0,,0.0
1.85,4,0.034999999999999996,nominal_dynamic,208.88001835160247,208.88001835160247,0.0,0,0.0,,0.0
1.85,4,0.034999999999999996,dro,208.88001835160247,208.88001835160247,0.0,0,0.0,,0.0
1.9,4,0.034999999999999996,myopic,208.88001835160247,208.88001835160247,0.0,0,0.0,,0.0
1.9,4,0.034999999999999996,nominal_dynamic,208.88001835160247,208.88001835160247,0.0,0,0.0,,0.0
1.9,4,0.034999999999999996,dro,208.88001835160247,208.88001835160247,0.0,0,0.0,,0.0
1.95,4,0.034999999999999996,myopic,208.88001835160247,208.88001835160247,0.0,0,0.0,,0.0
1.95,4,0.034999999999999996,nominal_dynamic,208.88001835160247,208.88001835160247,0.0,0,0.0,,0.0
1.95,4,0.034999999999999996,dro,208.88001835160247,208.88001835160247,0.0,0,0.0,,0.0
2.0,4,0.034999999999999996,myopic,208.88001835160247,208.88001835160247,0.0,0,0.0,,0.0
2.0,4,0.034999999999999996,nominal_dynamic,208.88001835160247,208.88001835160247,0.0,0,0.0,,0.0
2.0,4,0.034999999999999996,dro,208.88001835160247,208.88001835160247,0.0,0,0.0,,0.0
2.05,4,0.034999999999999996,myopic,208.88001835160247,208.88001835160247,0.0,0,0.0,,0.0
2.05,4,0.034999999999999996,nominal_dynamic,208.88001835160247,208.88001835160247,0.0,0,0.0,,0.0
2.05,4,0.034999999999999996,dro,208.88001835160247,208.88001835160247,0.0,0,0.0,,0.0
2.1,4,0.034999999999999996,myopic,208.88001835160247,208.88001835160247,0.0,0,0.0,,0.0
2.1,4,0.034999999999999996,nominal_dynamic,208.88001835160247,208.88001835160247,0.0,0,0.0,,0.0
2.1,4,0.034999999999999996,dro,208.88001835160247,208.88001835160247,0.0,0,0.0,,0.0
2.15,4,0.034999999999999996,myopic,208.88001835160247,208.88001835160247,0.0,0,0.0,,0.0
2.15,4,0.034999999999999996,nominal_dynamic,208.88001835160247,208.88001835160247,0.0,0,0.0,,0.0
2.15,4,0.034999999999999996,dro,208.88001835160247,208.88001835160247,0.0,0,0.0,,0.0
2.2,4,0.034999999999999996,myopic,200.7682860992032,208.88001835160247,8.111732252399264,4,0.3,1.0,0.3
2.2,4,0.034999999999999996,nominal_dynamic,208.5611877553662,208.88001835160247,0.31883059623626764,1,0.3,12.0,0.0
2.2,4,0.034999999999999996,dro,208.88001835160247,208.88001835160247,0.0,0,0.0,,0.0
2.25,4,0.034999999999999996,myopic,205.21920072640515,209.64493071491682,4.4257299885116765,4,0.3,1.0,0.3
2.25,4,0.034999999999999996,nominal_dynamic,206.79220003551765,209.64493071491682,2.8527306793991727,4,0.3,1.0,0.3
2.25,4,0.034999999999999996,dro,209.64493071491682,209.64493071491682,0.0,1,0.3,12.0,0.0
2.3,4,0.034999999999999996,myopic,209.67011535360714,211.22993623585273,1.5598208822455888,4,0.3,1.0,0.3
2.3,4,0.034999999999999996,nominal_dynamic,211.22993623585273,211.22993623585273,0.0,4,0.3,1.0,0.3
2.3,4,0.034999999999999996,dro,210.72867367446744,211.22993623585273,0.501262561385289,1,0.3,12.0,0.0
2.35,4,0.034999999999999996,myopic,214.12102998080908,215.66767243618781,1.5466424553787306,4,0.3,1.0,0.3
2.35,4,0.034999999999999996,nominal_dynamic,215.66767243618781,215.66767243618781,0.0,4,0.3,1.0,0.3
2.35,4,0.034999999999999996,dro,215.62508582882947,215.66767243618781,0.04258660735834496,4,0.3,3.0,0.0
2.4,4,0.034999999999999996,myopic,218.57194460801108,220.1054086365229,1.5334640285118155,4,0.3,1.0,0.3
2.4,4,0.034999999999999996,nominal_dynamic,220.06485010779045,220.1054086365229,0.04055852873244703,4,0.3,1.0,0.3
2.4,4,0.034999999999999996,dro,220.03160258262514,220.1054086365229,0.07380605389775496,4,0.3,3.0,0.0
2.45,4,0.034999999999999996,myopic,223.02285923521305,224.51311766627214,1.4902584310590896,4,0.3,1.0,0.3
2.45,4,0.034999999999999996,nominal_dynamic,224.51311766627214,224.51311766627214,0.0,4,0.3,1.0,0.3
2.45,4,0.034999999999999996,dro,224.51002241927065,224.51311766627214,0.0030952470014824485,4,0.3,1.0,0.3
2.5,4,0.034999999999999996,myopic,227.47377386241504,228.96138522475385,1.4876113623388107,4,0.3,1.0,0.3
2.5,4,0.034999999999999996,nominal_dynamic,228.96138522475385,228.96138522475385,0.0,4,0.3,1.0,0.3
2.5,4,0.034999999999999996,dro,228.93638502545727,228.96138522475385,0.025000199296584924,4,0.3,1.0,0.3
2.55,4,0.034999999999999996,myopic,231.92468848961695,233.4096527832355,1.4849642936185319,4,0.3,1.0,0.3
2.55,4,0.034999999999999996,nominal_dynamic,233.4096527832355,233.4096527832355,0.0,4,0.3,1.0,0.3
2.55,4,0.034999999999999996,dro,233.36274763164383,233.4096527832355,0.04690515159165898,4,0.3,1.0,0.3
2.6,4,0.034999999999999996,myopic,236.37560311681895,237.8579203417172,1.482317224898253,4,0.3,1.0,0.3
2.6,4,0.034999999999999996,nominal_dynamic,237.8579203417172,237.8579203417172,0.0,4,0.3,1.0,0.3
2.6,4,0.034999999999999996,dro,237.85635343786322,237.8579203417172,0.0015669038539840585,4,0.3,1.0,0.3
2.65,4,0.034999999999999996,myopic,240.8265177440209,242.3061879001989,1.4796701561780026,4,0.3,1.0,0.3
2.65,4,0.034999999999999996,nominal_dynamic,242.3061879001989,242.3061879001989,0.0,4,0.3,1.0,0.3
2.65,4,0.034999999999999996,dro,242.29408963819827,242.3061879001989,0.012098262000620252,4,0.3,1.0,0.3
2.7,4,0.034999999999999996,myopic,245.27743237122291,246.7544554586806,1.4770230874576953,4,0.3,1.0,0.3
2.7,4,0.034999999999999996,nominal_dynamic,246.7544554586806,246.7544554586806,0.0,4,0.3,1.0,0.3
2.7,4,0.034999999999999996,dro,246.73182583853335,246.7544554586806,0.022629620147256446,4,0.3,1.0,0.3
2.75,4,0.034999999999999996,myopic,249.72834699842483,251.20272301716224,1.4743760187374164,4,0.3,1.0,0.3
2.75,4,0.034999999999999996,nominal_dynamic,251.20272301716224,251.20272301716224,0.0,4,0.3,1.0,0.3
2.75,4,0.034999999999999996,dro,251.1695620388684,251.20272301716224,0.0331609782938358,4,0.3,1.0,0.3
2.8,4,0.034999999999999996,myopic,254.17926162562682,255.65099057564396,1.4717289500171375,4,0.3,1.0,0.3
2.8,4,0.034999999999999996,nominal_dynamic,255.65099057564396,255.65099057564396,0.0,4,0.3,1.0,0.3
2.8,4,0.034999999999999996,dro,255.6072982392035,255.65099057564396,0.04369233644047199,4,0.3,1.0,0.3
2.85,4,0.034999999999999996,myopic,258.6301762528288,260.09925813412565,1.4690818812968587,4,0.3,1.0,0.3
2.85,4,0.034999999999999996,nominal_dynamic,260.09925813412565,260.09925813412565,0.0,4,0.3,1.0,0.3
2.85,4,0.034999999999999996,dro,260.04503443953854,260.09925813412565,0.054223694587108184,4,0.3,1.0,0.3
2.9,4,0.034999999999999996,myopic,263.0810908800308,264.54752569260734,1.4664348125765514,4,0.3,1.0,0.3
2.9,4,0.034999999999999996,nominal_dynamic,264.54752569260734,264.54752569260734,0.0,4,0.3,1.0,0.3
2.9,4,0.034999999999999996,dro,264.54752569260734,264.54752569260734,0.0,4,0.3,1.0,0.3
2.95,4,0.034999999999999996,myopic,267.5320055072327,268.995793251089,1.463787743856301,4,0.3,1.0,0.3
2.95,4,0.034999999999999996,nominal_dynamic,268.995793251089,268.995793251089,0.0,4,0.3,1.0,0.3
2.95,4,0.034999999999999996,dro,268.995793251089,268.995793251089,0.0,4,0.3,1.0,0.3
3.0,4,0.034999999999999996,myopic,271.98292013443466,273.44406080957066,1.4611406751359937,4,0.3,1.0,0.3
3.0,4,0.034999999999999996,nominal_dynamic,273.44406080957066,273.44406080957066,0.0,4,0.3,1.0,0.3
3.0,4,0.034999999999999996,dro,273.44406080957066,273.44406080957066,0.0,4,0.3,1.0,0.3
0.0,5,0.010000000000000002,myopic,208.88001835160247,208.88001835160247,0.0,0,0.0,,0.0
0.0,5,0.010000000000000002,nominal_dynamic,208.88001835160247,208.88001835160247,0.0,0,0.0,,0.0
0.0,5,0.010000000000000002,dro,208.88001835160247,208.88001835160247,0.0,0,0.0,,0.0
0.05,5,0.010000000000000002,myopic,208.88001835160247,208.88001835160247,0.0,0,0.0,,0.0
0.05,5,0.010000000000000002,nominal_dynamic,208.88001835160247,208.88001835160247,0.0,0,0.0,,0.0
0.05,5,0.010000000000000002,dro,208.88001835160247,208.88001835160247,0.0,0,0.0,,0.0
0.1,5,0.010000000000000002,myopic,208.88001835160247,208.88001835160247,0.0,0,0.0,,0.0
0.1,5,0.010000000000000002,nominal_dynamic,208.88001835160247,208.88001835160247,0.0,0,0.0,,0.0
0.1,5,0.010000000000000002,dro,208.88001835160247,208.88001835160247,0.0,0,0.0,,0.0
0.15,5,0.010000000000000002,myopic,208.88001835160247,208.88001835160247,0.0,0,0.0,,0.0
0.15,5,0.010000000000000002,nominal_dynamic,208.88001835160247,208.88001835160247,0.0,0,0.0,,0.0
0.15,5,0.010000000000000002,dro,208.88001835160247,208.88001835160247,0.0,0,0.0,,0.0
0.2,5,0.010000000000000002,myopic,208.88001835160247,208.88001835160247,0.0,0,0.0,,0.0
0.2,5,0.010000000000000002,nominal_dynamic,208.88001835160247,208.88001835160247,0.0,0,0.0,,0.0
0.2,5,0.010000000000000002,dro,208.88001835160247,208.88001835160247,0.0,0,0.0,,0.0
0.25,5,0.010000000000000002,myopic,208.88001835160247,208.88001835160247,0.0,0,0.0,,0.0
0.25,5,0.010000000000000002,nominal_dynamic,208.88001835160247,208.88001835160247,0.0,0,0.0,,0.0
0.25,5,0.010000000000000002,dro,208.88001835160247,208.88001835160247,0.0,0,0.0,,0.0
0.3,5,0.010000000000000002,myopic,208.88001835160247,208.88001835160247,0.0,0,0.0,,0.0
0.3,5,0.010000000000000002,nominal_dynamic,208.88001835160247,208.88001835160247,0.0,0,0.0,,0.0
0.3,5,0.010000000000000002,dro,208.88001835160247,208.88001835160247,0.0,0,0.0,,0.0
0.35,5,0.010000000000000002,myopic,208.88001835160247,208.88001835160247,0.0,0,0.0,,0.0
0.35,5,0.010000000000000002,nominal_dynamic,208.88001835160247,208.88001835160247,0.0,0,0.0,,0.0
0.35,5,0.010000000000000002,dro,208.88001835160247,208.88001835160247,0.0,0,0.0,,0.0
0.4,5,0.010000000000000002,myopic,208.88001835160247,208.88001835160247,0.0,0,0.0,,0.0
0.4,5,0.010000000000000002,nominal_dynamic,208.88001835160247,208.88001835160247,0.0,0,0.0,,0.0
0.4,5,0.010000000000000002,dro,208.88001835160247,208.88001835160247,0.0,0,0.0,,0.0
0.45,5,0.010000000000000002,myopic,208.88001835160247,208.88001835160247,0.0,0,0.0,,0.0
0.45,5,0.010000000000000002,nominal_dynamic,208.88001835160247,208.88001835160247,0.0,0,0.0,,0.0
0.45,5,0.010000000000000002,dro,208.88001835160247,208.88001835160247,0.0,0,0.0,,0.0
0.5,5,0.010000000000000002,myopic,208.88001835160247,208.88001835160247,0.0,0,0.0,,0.0
0.5,5,0.010000000000000002,nominal_dynamic,208.88001835160247,208.88001835160247,0.0,0,0.0,,0.0
0.5,5,0.010000000000000002,dro,208.88001835160247,208.88001835160247,0.0,0,0.0,,0.0
0.55,5,0.010000000000000002,myopic,208.88001835160247,208.88001835160247,0.0,0,0.0,,0.0
0.55,5,0.010000000000000002,nominal_dynamic,208.88001835160247,208.88001835160247,0.0,0,0.0,,0.0
0.55,5,0.010000000000000002,dro,208.88001835160247,208.88001835160247,0.0,0,0.0,,0.0
0.6,5,0.010000000000000002,myopic,208.88001835160247,208.88001835160247,0.0,0,0.0,,0.0
0.6,5,0.010000000000000002,nominal_dynamic,208.88001835160247,208.88001835160247,0.0,0,0.0,,0.0
0.6,5,0.010000000000000002,dro,208.88001835160247,208.88001835160247,0.0,0,0.0,,0.0
0.65,5,0.010000000000000002,myopic,208.88001835160247,208.88001835160247,0.0,0,0.0,,0.0
0.65,5,0.010000000000000002,nominal_dynamic,208.88001835160247,208.88001835160247,0.0,0,0.0,,0.0
0.65,5,0.010000000000000002,dro,208.88001835160247,208.88001835160247,0.0,0,0.0,,0.0
0.7,5,0.010000000000000002,myopic,208.88001835160247,208.88001835160247,0.0,0,0.0,,0.0
0.7,5,0.010000000000000002,nominal_dynamic,208.88001835160247,208.88001835160247,0.0,0,0.0,,0.0
0.7,5,0.010000000000000002,dro,208.88001835160247,208.88001835160247,0.0,0,0.0,,0.0
0.75,5,0.010000000000000002,myopic,208.88001835160247,208.88001835160247,0.0,0,0.0,,0.0
0.75,5,0.010000000000000002,nominal_dynamic,208.88001835160247,208.88001835160247,0.0,0,0.0,,0.0
0.75,5,0.010000000000000002,dro,208.88001835160247,208.88001835160247,0.0,0,0.0,,0.0
0.8,5,0.010000000000000002,myopic,208.88001835160247,208.88001835160247,0.0,0,0.0,,0.0
0.8,5,0.010000000000000002,nominal_dynamic,208.88001835160247,208.88001835160247,0.0,0,0.0,,0.0
0.8,5,0.010000000000000002,dro,208.88001835160247,208.88001835160247,0.0,0,0.0,,0.0
0.85,5,0.010000000000000002,myopic,208.88001835160247,208.88001835160247,0.0,0,0.0,,0.0
0.85,5,0.010000000000000002,nominal_dynamic,208.88001835160247,208.88001835160247,0.0,0,0.0,,0.0
0.85,5,0.010000000000000002,dro,208.88001835160247,208.88001835160247,0.0,0,0.0,,0.0
0.9,5,0.010000000000000002,myopic,208.88001835160247,208.88001835160247,0.0,0,0.0,,0.0
0.9,5,0.010000000000000002,nominal_dynamic,208.88001835160247,208.88001835160247,0.0,0,0.0,,0.0
0.9,5,0.010000000000000002,dro,208.88001835160247,208.88001835160247,0.0,0,0.0,,0.0
0.95,5,0.010000000000000002,myopic,208.88001835160247,208.88001835160247,0.0,0,0.0,,0.0
0.95,5,0.010000000000000002,nominal_dynamic,208.88001835160247,208.88001835160247,0.0,0,0.0,,0.0
0.95,5,0.010000000000000002,dro,208.88001835160247,208.88001835160247,0.0,0,0.0,,0.0
1.0,5,0.010000000000000002,myopic,208.88001835160247,208.88001835160247,0.0,0,0.0,,0.0
1.0,5,0.010000000000000002,nominal_dynamic,208.88001835160247,208.88001835160247,0.0,0,0.0,,0.0
1.0,5,0.010000000000000002,dro,208.88001835160247,208.88001835160247,0.0,0,0.0,,0.0
1.05,5,0.010000000000000002,myopic,208.88001835160247,208.88001835160247,0.0,0,0.0,,0.0
1.05,5,0.010000000000000002,nominal_dynamic,208.88001835160247,208.88001835160247,0.0,0,0.0,,0.0
1.05,5,0.010000000000000002,dro,208.88001835160247,208.88001835160247,0.0,0,0.0,,0.0
1.1,5,0.010000000000000002,myopic,208.88001835160247,208.88001835160247,0.0,0,0.0,,0.0
1.1,5,0.010000000000000002,nominal_dynamic,208.88001835160247,208.88001835160247,0.0,0,0.0,,0.0
1.1,5,0.010000000000000002,dro,208.88001835160247,208.88001835160247,0.0,0,0.0,,0.0
1.15,5,0.010000000000000002,myopic,208.88001835160247,208.88001835160247,0.0,0,0.0,,0.0
1.15,5,0.010000000000000002,nominal_dynamic,208.88001835160247,208.88001835160247,0.0,0,0.0,,0.0
1.15,5,0.010000000000000002,dro,208.88001835160247,208.88001835160247,0.0,0,0.0,,0.0
1.2,5,0.010000000000000002,myopic,208.88001835160247,208.88001835160247,0.0,0,0.0,,0.0
1.2,5,0.010000000000000002,nominal_dynamic,208.88001835160247,208.88001835160247,0.0,0,0.0,,0.0
1.2,5,0.010000000000000002,dro,208.88001835160247,208.88001835160247,0.0,0,0.0,,0.0
1.25,5,0.010000000000000002,myopic,208.88001835160247,208.88001835160247,0.0,0,0.0,,0.0
1.25,5,0.010000000000000002,nominal_dynamic,208.88001835160247,208.88001835160247,0.0,0,0.0,,0.0
1.25,5,0.010000000000000002,dro,208.88001835160247,208.88001835160247,0.0,0,0.0,,0.0
1.3,5,0.010000000000000002,myopic,208.88001835160247,208.88001835160247,0.0,0,0.0,,0.0
1.3,5,0.010000000000000002,nominal_dynamic,208.88001835160247,208.88001835160247,0.0,0,0.0,,0.0
1.3,5,0.010000000000000002,dro,208.88001835160247,208.88001835160247,0.0,0,0.0,,0.0
1.35,5,0.010000000000000002,myopic,208.88001835160247,208.88001835160247,0.0,0,0.0,,0.0
1.35,5,0.010000000000000002,nominal_dynamic,208.88001835160247,208.88001835160247,0.0,0,0.0,,0.0
1.35,5,0.010000000000000002,dro,208.88001835160247,208.88001835160247,0.0,0,0.0,,0.0
1.4,5,0.010000000000000002,myopic,208.88001835160247,208.88001835160247,0.0,0,0.0,,0.0
1.4,5,0.010000000000000002,nominal_dynamic,208.88001835160247,208.88001835160247,0.0,0,0.0,,0.0
1.4,5,0.010000000000000002,dro,208.88001835160247,208.88001835160247,0.0,0,0.0,,0.0
1.45,5,0.010000000000000002,myopic,208.88001835160247,208.88001835160247,0.0,0,0.0,,0.0
1.45,5,0.010000000000000002,nominal_dynamic,208.88001835160247,208.88001835160247,0.0,0,0.0,,0.0
1.45,5,0.010000000000000002,dro,208.88001835160247,208.88001835160247,0.0,0,0.0,,0.0
1.5,5,0.010000000000000002,myopic,208.88001835160247,208.88001835160247,0.0,0,0.0,,0.0
1.5,5,0.010000000000000002,nominal_dynamic,208.88001835160247,208.88001835160247,0.0,0,0.0,,0.0
1.5,5,0.010000000000000002,dro,208.88001835160247,208.88001835160247,0.0,0,0.0,,0.0
1.55,5,0.010000000000000002,myopic,208.88001835160247,208.88001835160247,0.0,0,0.0,,0.0
1.55,5,0.010000000000000002,nominal_dynamic,208.88001835160247,208.88001835160247,0.0,0,0.0,,0.0
1.55,5,0.010000000000000002,dro,208.88001835160247,208.88001835160247,0.0,0,0.0,,0.0
1.6,5,0.010000000000000002,myopic,208.88001835160247,208.88001835160247,0.0,0,0.0,,0.0
1.6,5,0.010000000000000002,nominal_dynamic,208.88001835160247,208.88001835160247,0.0,0,0.0,,0.0
1.6,5,0.010000000000000002,dro,208.88001835160247,208.88001835160247,0.0,0,0.0,,0.0
1.65,5,0.010000000000000002,myopic,208.88001835160247,208.88001835160247,0.0,0,0.0,,0.0
1.65,5,0.010000000000000002,nominal_dynamic,208.88001835160247,208.88001835160247,0.0,0,0.0,,0.0
1.65,5,0.010000000000000002,dro,208.88001835160247,208.88001835160247,0.0,0,0.0,,0.0
1.7,5,0.010000000000000002,myopic,208.88001835160247,208.88001835160247,0.0,0,0.0,,0.0
1.7,5,0.010000000000000002,nominal_dynamic,208.88001835160247,208.88001835160247,0.0,0,0.0,,0.0
1.7,5,0.010000000000000002,dro,208.88001835160247,208.88001835160247,0.0,0,0.0,,0.0
1.75,5,0.010000000000000002,myopic,208.88001835160247,208.88001835160247,0.0,0,0.0,,0.0
1.75,5,0.010000000000000002,nominal_dynamic,208.88001835160247,208.88001835160247,0.0,0,0.0,,0.0
1.75,5,0.010000000000000002,dro,208.88001835160247,208.88001835160247,0.0,0,0.0,,0.0
1.8,5,0.010000000000000002,myopic,208.88001835160247,208.88001835160247,0.0,0,0.0,,0.0
1.8,5,0.010000000000000002,nominal_dynamic,208.88001835160247,208.88001835160247,0.0,0,0.0,,0.0
1.8,5,0.010000000000000002,dro,208.88001835160247,208.88001835160247,0.0,0,0.0,,0.0
1.85,5,0.010000000000000002,myopic,208.88001835160247,208.88001835160247,0.0,0,0.0,,0.0
1.85,5,0.010000000000000002,nominal_dynamic,208.88001835160247,208.88001835160247,0.0,0,0.0,,0.0
1.85,5,0.010000000000000002,dro,208.88001835160247,208.88001835160247,0.0,0,0.0,,0.0
1.9,5,0.010000000000000002,myopic,208.88001835160247,208.88001835160247,0.0,0,0.0,,0.0
1.9,5,0.010000000000000002,nominal_dynamic,208.88001835160247,208.88001835160247,0.0,0,0.0,,0.0
1.9,5,0.010000000000000002,dro,208.88001835160247,208.88001835160247,0.0,0,0.0,,0.0
1.95,5,0.010000000000000002,myopic,208.88001835160247,208.88001835160247,0.0,0,0.0,,0.0
1.95,5,0.010000000000000002,nominal_dynamic,208.88001835160247,208.88001835160247,0.0,0,0.0,,0.0
1.95,5,0.010000000000000002,dro,208.88001835160247,208.88001835160247,0.0,0,0.0,,0.0
2.0,5,0.010000000000000002,myopic,208.88001835160247,208.88001835160247,0.0,0,0.0,,0.0
2.0,5,0.010000000000000002,nominal_dynamic,208.88001835160247,208.88001835160247,0.0,0,0.0,,0.0
2.0,5,0.010000000000000002,dro,208.88001835160247,208.88001835160247,0.0,0,0.0,,0.0
2.05,5,0.010000000000000002,myopic,208.88001835160247,208.88001835160247,0.0,0,0.0,,0.0
2.05,5,0.010000000000000002,nominal_dynamic,208.88001835160247,208.88001835160247,0.0,0,0.0,,0.0
2.05,5,0.010000000000000002,dro,208.88001835160247,208.88001835160247,0.0,0,0.0,,0.0
2.1,5,0.010000000000000002,myopic,208.88001835160247,208.88001835160247,0.0,0,0.0,,0.0
2.1,5,0.010000000000000002,nominal_dynamic,208.88001835160247,208.88001835160247,0.0,0,0.0,,0.0
2.1,5,0.010000000000000002,dro,208.88001835160247,208.88001835160247,0.0,0,0.0,,0.0
2.15,5,0.010000000000000002,myopic,208.88001835160247,208.99822363987465,0.11820528827217913,0,0.0,,0.0
2.15,5,0.010000000000000002,nominal_dynamic,208.88001835160247,208.99822363987465,0.11820528827217913,0,0.0,,0.0
2.15,5,0.010000000000000002,dro,208.88001835160247,208.99822363987465,0.11820528827217913,0,0.0,,0.0
2.2,5,0.010000000000000002,myopic,206.96825130060955,210.03294465064042,3.064693350030865,4,0.3,1.0,0.3
2.2,5,0.010000000000000002,nominal_dynamic,210.03294465064042,210.03294465064042,0.0,1,0.3,12.0,0.0
2.2,5,0.010000000000000002,dro,208.88001835160247,210.03294465064042,1.1529262990379436,0,0.0,,0.0
2.25,5,0.010000000000000002,myopic,211.8373061077748,213.41964067631616,1.58233456854137,4,0.3,1.0,0.3
2.25,5,0.010000000000000002,nominal_dynamic,213.41766084942415,213.41964067631616,0.0019798268920112605,4,0.3,1.0,0.3
2.25,5,0.010000000000000002,dro,211.2127030649224,213.41964067631616,2.206937611393755,1,0.3,12.0,0.0
2.3,5,0.010000000000000002,myopic,216.70636091494003,218.27904351084504,1.5726825959050075,4,0.3,1.0,0.3
2.3,5,0.010000000000000002,nominal_dynamic,218.2650610164763,218.27904351084504,0.013982494368747211,4,0.3,1.0,0.3
2.3,5,0.010000000000000002,dro,212.39246147920443,218.27904351084504,5.886582031640614,1,0.3,12.0,0.0
2.35,5,0.010000000000000002,myopic,221.57541572210533,223.13844634537392,1.5630306232685882,4,0.3,1.0,0.3
2.35,5,0.010000000000000002,nominal_dynamic,223.1124611835284,223.13844634537392,0.025985161845511584,4,0.3,1.0,0.3
2.35,5,0.010000000000000002,dro,223.0397987828278,223.13844634537392,0.09864756254611962,4,0.3,3.0,0.0
2.4,5,0.010000000000000002,myopic,226.4444705292706,227.99784917990283,1.5533786506322258,4,0.3,1.0,0.3
2.4,5,0.010000000000000002,nominal_dynamic,227.99784917990283,227.99784917990283,0.0,4,0.3,1.0,0.3
2.4,5,0.010000000000000002,dro,227.8602847682916,227.99784917990283,0.1375644116112369,4,0.3,3.0,0.0
2.45,5,0.010000000000000002,myopic,231.31352533643587,232.8572520144317,1.543726677995835,4,0.3,1.0,0.3
2.45,5,0.010000000000000002,nominal_dynamic,232.8572520144317,232.8572520144317,0.0,4,0.3,1.0,0.3
2.45,5,0.010000000000000002,dro,232.7512045416279,232.8572520144317,0.10604747280379456,4,0.3,1.0,0.3
2.5,5,0.010000000000000002,myopic,236.18258014360114,237.7166548489606,1.5340747053594441,4,0.3,1.0,0.3
2.5,5,0.010000000000000002,nominal_dynamic,237.7166548489606,237.7166548489606,0.0,4,0.3,1.0,0.3
2.5,5,0.010000000000000002,dro,237.58640501416377,237.7166548489606,0.13024983479681396,4,0.3,1.0,0.3
2.55,5,0.010000000000000002,myopic,241.05163495076638,242.5760576834894,1.5244227327230249,4,0.3,1.0,0.3
2.55,5,0.010000000000000002,nominal_dynamic,242.5760576834894,242.5760576834894,0.0,4,0.3,1.0,0.3
2.55,5,0.010000000000000002,dro,242.4216054866996,242.5760576834894,0.15445219678980493,4,0.3,1.0,0.3
2.6,5,0.010000000000000002,myopic,245.92068975793165,247.43546051801832,1.5147707600866624,4,0.3,1.0,0.3
2.6,5,0.010000000000000002,nominal_dynamic,247.43546051801832,247.43546051801832,0.0,4,0.3,1.0,0.3
2.6,5,0.010000000000000002,dro,247.34946201878907,247.43546051801832,0.08599849922924818,4,0.3,1.0,0.3
2.65,5,0.010000000000000002,myopic,250.78974456509692,252.29486335254722,1.5051187874503,4,0.3,1.0,0.3
2.65,5,0.010000000000000002,nominal_dynamic,252.29486335254722,252.29486335254722,0.0,4,0.3,1.0,0.3
2.65,5,0.010000000000000002,dro,252.1968621858412,252.29486335254722,0.09800116670601255,4,0.3,1.0,0.3
2.7,5,0.010000000000000002,myopic,255.65879937226222,257.15426618707613,1.4954668148139092,4,0.3,1.0,0.3
2.7,5,0.010000000000000002,nominal_dynamic,257.15426618707613,257.15426618707613,0.0,4,0.3,1.0,0.3
2.7,5,0.010000000000000002,dro,257.0442623528934,257.15426618707613,0.1100038341827485,4,0.3,1.0,0.3
2.75,5,0.010000000000000002,myopic,260.5278541794275,262.013669021605,1.48581484217749,4,0.3,1.0,0.3
2.75,5,0.010000000000000002,nominal_dynamic,262.013669021605,262.013669021605,0.0,4,0.3,1.0,0.3
2.75,5,0.010000000000000002,dro,261.8916625199455,262.013669021605,0.12200650165948446,4,0.3,1.0,0.3
2.8,5,0.010000000000000002,myopic,265.3969089865928,266.8730718561339,1.476162869541099,4,0.3,1.0,0.3
2.8,5,0.010000000000000002,nominal_dynamic,266.8730718561339,266.8730718561339,0.0,4,0.3,1.0,0.3
2.8,5,0.010000000000000002,dro,266.7390626869976,266.8730718561339,0.13400916913627725,4,0.3,1.0,0.3
2.85,5,0.010000000000000002,myopic,270.26596379375803,271.7324746906628,1.466510896904765,4,0.3,1.0,0.3
2.85,5,0.010000000000000002,nominal_dynamic,271.7324746906628,271.7324746906628,0.0,4,0.3,1.0,0.3
2.85,5,0.010000000000000002,dro,271.5864628540498,271.7324746906628,0.1460118366130132,4,0.3,1.0,0.3
2.9,5,0.010000000000000002,myopic,275.1350186009233,276.59187752519165,1.4568589242683743,4,0.3,1.0,0.3
2.9,5,0.010000000000000002,nominal_dynamic,276.59187752519165,276.59187752519165,0.0,4,0.3,1.0,0.3
2.9,5,0.010000000000000002,dro,276.59187752519165,276.59187752519165,0.0,4,0.3,1.0,0.3
2.95,5,0.010000000000000002,myopic,280.0040734080885,281.4512803597205,1.4472069516319834,4,0.3,1.0,0.3
2.95,5,0.010000000000000002,nominal_dynamic,281.4512803597205,281.4512803597205,0.0,4,0.3,1.0,0.3
2.95,5,0.010000000000000002,dro,281.4512803597205,281.4512803597205,0.0,4,0.3,1.0,0.3
3.0,5,0.010000000000000002,myopic,284.87312821525376,286.3106831942494,1.4375549789956494,4,0.3,1.0,0.3
3.0,5,0.010000000000000002,nominal_dynamic,286.3106831942494,286.3106831942494,0.0,4,0.3,1.0,0.3
3.0,5,0.010000000000000002,dro,286.3106831942494,286.3106831942494,0.0,4,0.3,1.0,0.3
0.0,6,0.020000000000000004,myopic,208.88001835160247,208.88001835160247,0.0,0,0.0,,0.0
0.0,6,0.020000000000000004,nominal_dynamic,208.88001835160247,208.88001835160247,0.0,0,0.0,,0.0
0.0,6,0.020000000000000004,dro,208.88001835160247,208.88001835160247,0.0,0,0.0,,0.0
0.05,6,0.020000000000000004,myopic,208.88001835160247,208.88001835160247,0.0,0,0.0,,0.0
0.05,6,0.020000000000000004,nominal_dynamic,208.88001835160247,208.88001835160247,0.0,0,0.0,,0.0
0.05,6,0.020000000000000004,dro,208.88001835160247,208.88001835160247,0.0,0,0.0,,0.0
0.1,6,0.020000000000000004,myopic,208.88001835160247,208.88001835160247,0.0,0,0.0,,0.0
0.1,6,0.020000000000000004,nominal_dynamic,208.88001835160247,208.88001835160247,0.0,0,0.0,,0.0
0.1,6,0.020000000000000004,dro,208.88001835160247,208.88001835160247,0.0,0,0.0,,0.0
0.15,6,0.020000000000000004,myopic,208.88001835160247,208.88001835160247,0.0,0,0.0,,0.0
0.15,6,0.020000000000000004,nominal_dynamic,208.88001835160247,208.88001835160247,0.0,0,0.0,,0.0
0.15,6,0.020000000000000004,dro,208.88001835160247,208.88001835160247,0.0,0,0.0,,0.0
0.2,6,0.020000000000000004,myopic,208.88001835160247,208.88001835160247,0.0,0,0.0,,0.0
0.2,6,0.020000000000000004,nominal_dynamic,208.88001835160247,208.88001835160247,0.0,0,0.0,,0.0
0.2,6,0.020000000000000004,dro,208.88001835160247,208.88001835160247,0.0,0,0.0,,0.0
0.25,6,0.020000000000000004,myopic,208.88001835160247,208.88001835160247,0.0,0,0.0,,0.0
0.25,6,0.020000000000000004,nominal_dynamic,208.88001835160247,208.88001835160247,0.0,0,0.0,,0.0
0.25,6,0.020000000000000004,dro,208.88001835160247,208.88001835160247,0.0,0,0.0,,0.0
0.3,6,0.020000000000000004,myopic,208.88001835160247,208.88001835160247,0.0,0,0.0,,0.0
0.3,6,0.020000000000000004,nominal_dynamic,208.88001835160247,208.88001835160247,0.0,0,0.0,,0.0
0.3,6,0.020000000000000004,dro,208.88001835160247,208.88001835160247,0.0,0,0.0,,0.0
0.35,6,0.020000000000000004,myopic,208.88001835160247,208.88001835160247,0.0,0,0.0,,0.0
0.35,6,0.020000000000000004,nominal_dynamic,208.88001835160247,208.88001835160247,0.0,0,0.0,,0.0
0.35,6,0.020000000000000004,dro,208.88001835160247,208.88001835160247,0.0,0,0.0,,0.0
0.4,6,0.020000000000000004,myopic,208.88001835160247,208.88001835160247,0.0,0,0.0,,0.0
0.4,6,0.020000000000000004,nominal_dynamic,208.88001835160247,208.88001835160247,0.0,0,0.0,,0.0
0.4,6,0.020000000000000004,dro,208.88001835160247,208.88001835160247,0.0,0,0.0,,0.0
0.45,6,0.020000000000000004,myopic,208.88001835160247,208.88001835160247,0.0,0,0.0,,0.0
0.45,6,0.020000000000000004,nominal_dynamic,208.88001835160247,208.88001835160247,0.0,0,0.0,,0.0
0.45,6,0.020000000000000004,dro,208.88001835160247,208.88001835160247,0.0,0,0.0,,0.0
0.5,6,0.020000000000000004,myopic,208.88001835160247,208.88001835160247,0.0,0,0.0,,0.0
0.5,6,0.020000000000000004,nominal_dynamic,208.88001835160247,208.88001835160247,0.0,0,0.0,,0.0
0.5,6,0.020000000000000004,dro,208.88001835160247,208.88001835160247,0.0,0,0.0,,0.0
0.55,6,0.020000000000000004,myopic,208.88001835160247,208.88001835160247,0.0,0,0.0,,0.0
0.55,6,0.020000000000000004,nominal_dynamic,208.88001835160247,208.88001835160247,0.0,0,0.0,,0.0
0.55,6,0.020000000000000004,dro,208.88001835160247,208.88001835160247,0.0,0,0.0,,0.0
0.6,6,0.020000000000000004,myopic,208.88001835160247,208.88001835160247,0.0,0,0.0,,0.0
0.6,6,0.020000000000000004,nominal_dynamic,208.88001835160247,208.88001835160247,0.0,0,0.0,,0.0
0.6,6,0.020000000000000004,dro,208.88001835160247,208.88001835160247,0.0,0,0.0,,0.0
0.65,6,0.020000000000000004,myopic,208.88001835160247,208.88001835160247,0.0,0,0.0,,0.0
0.65,6,0.020000000000000004,nominal_dynamic,208.88001835160247,208.88001835160247,0.0,0,0.0,,0.0
0.65,6,0.020000000000000004,dro,208.88001835160247,208.88001835160247,0.0,0,0.0,,0.0
0.7,6,0.020000000000000004,myopic,208.88001835160247,208.88001835160247,0.0,0,0.0,,0.0
0.7,6,0.020000000000000004,nominal_dynamic,208.88001835160247,208.88001835160247,0.0,0,0.0,,0.0
0.7,6,0.020000000000000004,dro,208.88001835160247,208.88001835160247,0.0,0,0.0,,0.0
0.75,6,0.020000000000000004,myopic,208.88001835160247,208.88001835160247,0.0,0,0.0,,0.0
0.75,6,0.020000000000000004,nominal_dynamic,208.88001835160247,208.88001835160247,0.0,0,0.0,,0.0
0.75,6,0.020000000000000004,dro,208.88001835160247,208.88001835160247,0.0,0,0.0,,0.0
0.8,6,0.020000000000000004,myopic,208.88001835160247,208.88001835160247,0.0,0,0.0,,0.0
0.8,6,0.020000000000000004,nominal_dynamic,208.88001835160247,208.88001835160247,0.0,0,0.0,,0.0
0.8,6,0.020000000000000004,dro,208.88001835160247,208.88001835160247,0.0,0,0.0,,0.0
0.85,6,0.020000000000000004,myopic,208.88001835160247,208.88001835160247,0.0,0,0.0,,0.0
0.85,6,0.020000000000000004,nominal_dynamic,208.88001835160247,208.88001835160247,0.0,0,0.0,,0.0
0.85,6,0.020000000000000004,dro,208.88001835160247,208.88001835160247,0.0,0,0.0,,0.0
0.9,6,0.020000000000000004,myopic,208.88001835160247,208.88001835160247,0.0,0,0.0,,0.0
0.9,6,0.020000000000000004,nominal_dynamic,208.88001835160247,208.88001835160247,0.0,0,0.0,,0.0
0.9,6,0.020000000000000004,dro,208.88001835160247,208.88001835160247,0.0,0,0.0,,0.0
0.95,6,0.020000000000000004,myopic,208.88001835160247,208.88001835160247,0.0,0,0.0,,0.0
0.95,6,0.020000000000000004,nominal_dynamic,208.88001835160247,208.88001835160247,0.0,0,0.0,,0.0
0.95,6,0.020000000000000004,dro,208.88001835160247,208.88001835160247,0.0,0,0.0,,0.0
1.0,6,0.020000000000000004,myopic,208.88001835160247,208.88001835160247,0.0,0,0.0,,0.0
1.0,6,0.020000000000000004,nominal_dynamic,208.88001835160247,208.88001835160247,0.0,0,0.0,,0.0
1.0,6,0.020000000000000004,dro,208.88001835160247,208.88001835160247,0.0,0,0.0,,0.0
1.05,6,0.020000000000000004,myopic,208.88001835160247,208.88001835160247,0.0,0,0.0,,0.0
1.05,6,0.020000000000000004,nominal_dynamic,208.88001835160247,208.88001835160247,0.0,0,0.0,,0.0
1.05,6,0.020000000000000004,dro,208.88001835160247,208.88001835160247,0.0,0,0.0,,0.0
1.1,6,0.020000000000000004,myopic,208.88001835160247,208.88001835160247,0.0,0,0.0,,0.0
1.1,6,0.020000000000000004,nominal_dynamic,208.88001835160247,208.88001835160247,0.0,0,0.0,,0.0
1.1,6,0.020000000000000004,dro,208.88001835160247,208.88001835160247,0.0,0,0.0,,0.0
1.15,6,0.020000000000000004,myopic,208.88001835160247,208.88001835160247,0.0,0,0.0,,0.0
1.15,6,0.020000000000000004,nominal_dynamic,208.88001835160247,208.88001835160247,0.0,0,0.0,,0.0
1.15,6,0.020000000000000004,dro,208.88001835160247,208.88001835160247,0.0,0,0.0,,0.0
1.2,6,0.020000000000000004,myopic,208.88001835160247,208.88001835160247,0.0,0,0.0,,0.0
1.2,6,0.020000000000000004,nominal_dynamic,208.88001835160247,208.88001835160247,0.0,0,0.0,,0.0
1.2,6,0.020000000000000004,dro,208.88001835160247,208.88001835160247,0.0,0,0.0,,0.0
1.25,6,0.020000000000000004,myopic,208.88001835160247,208.88001835160247,0.0,0,0.0,,0.0
1.25,6,0.020000000000000004,nominal_dynamic,208.88001835160247,208.88001835160247,0.0,0,0.0,,0.0
1.25,6,0.020000000000000004,dro,208.88001835160247,208.88001835160247,0.0,0,0.0,,0.0
1.3,6,0.020000000000000004,myopic,208.88001835160247,208.88001835160247,0.0,0,0.0,,0.0
1.3,6,0.020000000000000004,nominal_dynamic,208.88001835160247,208.88001835160247,0.0,0,0.0,,0.0
1.3,6,0.020000000000000004,dro,208.88001835160247,208.88001835160247,0.0,0,0.0,,0.0
1.35,6,0.020000000000000004,myopic,208.88001835160247,208.88001835160247,0.0,0,0.0,,0.0
1.35,6,0.020000000000000004,nominal_dynamic,208.88001835160247,208.88001835160247,0.0,0,0.0,,0.0
1.35,6,0.020000000000000004,dro,208.88001835160247,208.88001835160247,0.0,0,0.0,,0.0
1.4,6,0.020000000000000004,myopic,208.88001835160247,208.88001835160247,0.0,0,0.0,,0.0
1.4,6,0.020000000000000004,nominal_dynamic,208.88001835160247,208.88001835160247,0.0,0,0.0,,0.0
1.4,6,0.020000000000000004,dro,208.88001835160247,208.88001835160247,0.0,0,0.0,,0.0
1.45,6,0.020000000000000004,myopic,208.88001835160247,208.88001835160247,0.0,0,0.0,,0.0
1.45,6,0.020000000000000004,nominal_dynamic,208.88001835160247,208.88001835160247,0.0,0,0.0,,0.0
1.45,6,0.020000000000000004,dro,208.88001835160247,208.88001835160247,0.0,0,0.0,,0.0
1.5,6,0.020000000000000004,myopic,208.88001835160247,208.88001835160247,0.0,0,0.0,,0.0
1.5,6,0.020000000000000004,nominal_dynamic,208.88001835160247,208.88001835160247,0.0,0,0.0,,0.0
1.5,6,0.020000000000000004,dro,208.88001835160247,208.88001835160247,0.0,0,0.0,,0.0
1.55,6,0.020000000000000004,myopic,208.88001835160247,208.88001835160247,0.0,0,0.0,,0.0
1.55,6,0.020000000000000004,nominal_dynamic,208.88001835160247,208.88001835160247,0.0,0,0.0,,0.0
1.55,6,0.020000000000000004,dro,208.88001835160247,208.88001835160247,0.0,0,0.0,,0.0
1.6,6,0.020000000000000004,myopic,208.88001835160247,208.88001835160247,0.0,0,0.0,,0.0
1.6,6,0.020000000000000004,nominal_dynamic,208.88001835160247,208.88001835160247,0.0,0,0.0,,0.0
1.6,6,0.020000000000000004,dro,208.88001835160247,208.88001835160247,0.0,0,0.0,,0.0
1.65,6,0.020000000000000004,myopic,208.88001835160247,208.88001835160247,0.0,0,0.0,,0.0
1.65,6,0.020000000000000004,nominal_dynamic,208.88001835160247,208.88001835160247,0.0,0,0.0,,0.0
1.65,6,0.020000000000000004,dro,208.88001835160247,208.88001835160247,0.0,0,0.0,,0.0
1.7,6,0.020000000000000004,myopic,208.88001835160247,208.88001835160247,0.0,0,0.0,,0.0
1.7,6,0.020000000000000004,nominal_dynamic,208.88001835160247,208.88001835160247,0.0,0,0.0,,0.0
1.7,6,0.020000000000000004,dro,208.88001835160247,208.88001835160247,0.0,0,0.0,,0.0
1.75,6,0.020000000000000004,myopic,208.88001835160247,208.88001835160247,0.0,0,0.0,,0.0
1.75,6,0.020000000000000004,nominal_dynamic,208.88001835160247,208.88001835160247,0.0,0,0.0,,0.0
1.75,6,0.020000000000000004,dro,208.88001835160247,208.88001835160247,0.0,0,0.0,,0.0
1.8,6,0.020000000000000004,myopic,208.88001835160247,208.88001835160247,0.0,0,0.0,,0.0
1.8,6,0.020000000000000004,nominal_dynamic,208.88001835160247,208.88001835160247,0.0,0,0.0,,0.0
1.8,6,0.020000000000000004,dro,208.88001835160247,208.88001835160247,0.0,0,0.0,,0.0
1.85,6,0.020000000000000004,myopic,208.88001835160247,208.88001835160247,0.0,0,0.0,,0.0
1.85,6,0.020000000000000004,nominal_dynamic,208.88001835160247,208.88001835160247,0.0,0,0.0,,0.0
1.85,6,0.020000000000000004,dro,208.88001835160247,208.88001835160247,0.0,0,0.0,,0.0
1.9,6,0.020000000000000004,myopic,208.88001835160247,208.88001835160247,0.0,0,0.0,,0.0
1.9,6,0.020000000000000004,nominal_dynamic,208.88001835160247,208.88001835160247,0.0,0,0.0,,0.0
1.9,6,0.020000000000000004,dro,208.88001835160247,208.88001835160247,0.0,0,0.0,,0.0
1.95,6,0.020000000000000004,myopic,208.88001835160247,208.88001835160247,0.0,0,0.0,,0.0
1.95,6,0.020000000000000004,nominal_dynamic,208.88001835160247,208.88001835160247,0.0,0,0.0,,0.0
1.95,6,0.020000000000000004,dro,208.88001835160247,208.88001835160247,0.0,0,0.0,,0.0
2.0,6,0.020000000000000004,myopic,208.88001835160247,208.88001835160247,0.0,0,0.0,,0.0
2.0,6,0.020000000000000004,nominal_dynamic,208.88001835160247,208.88001835160247,0.0,0,0.0,,0.0
2.0,6,0.020000000000000004,dro,208.88001835160247,208.88001835160247,0.0,0,0.0,,0.0
2.05,6,0.020000000000000004,myopic,208.88001835160247,208.88001835160247,0.0,0,0.0,,0.0
2.05,6,0.020000000000000004,nominal_dynamic,208.88001835160247,208.88001835160247,0.0,0,0.0,,0.0
2.05,6,0.020000000000000004,dro,208.88001835160247,208.88001835160247,0.0,0,0.0,,0.0
2.1,6,0.020000000000000004,myopic,208.88001835160247,208.88001835160247,0.0,0,0.0,,0.0
2.1,6,0.020000000000000004,nominal_dynamic,208.88001835160247,208.88001835160247,0.0,0,0.0,,0.0
2.1,6,0.020000000000000004,dro,208.88001835160247,208.88001835160247,0.0,0,0.0,,0.0
2.15,6,0.020000000000000004,myopic,208.88001835160247,208.88001835160247,0.0,0,0.0,,0.0
2.15,6,0.020000000000000004,nominal_dynamic,208.88001835160247,208.88001835160247,0.0,0,0.0,,0.0
2.15,6,0.020000000000000004,dro,208.88001835160247,208.88001835160247,0.0,0,0.0,,0.0
2.2,6,0.020000000000000004,myopic,190.8920042225001,208.88001835160247,17.988014129102368,4,0.3,1.0,0.3
2.2,6,0.020000000000000004,nominal_dynamic,207.65290328496098,208.88001835160247,1.2271150666414883,1,0.3,12.0,0.0
2.2,6,0.020000000000000004,dro,208.88001835160247,208.88001835160247,0.0,0,0.0,,0.0
2.25,6,0.020000000000000004,myopic,195.01208348299392,208.88001835160247,13.867934868608558,4,0.3,1.0,0.3
2.25,6,0.020000000000000004,nominal_dynamic,197.9382285825024,208.88001835160247,10.941789769100069,4,0.3,1.0,0.3
2.25,6,0.020000000000000004,dro,208.67739097842014,208.88001835160247,0.20262737318233803,1,0.3,12.0,0.0
2.3,6,0.020000000000000004,myopic,199.13216274348775,209.7018786718793,10.56971592839156,4,0.3,1.0,0.3
2.3,6,0.020000000000000004,nominal_dynamic,202.0544335492343,209.7018786718793,7.647445122645024,4,0.3,1.0,0.3
2.3,6,0.020000000000000004,dro,209.7018786718793,209.7018786718793,0.0,1,0.3,12.0,0.0
2.35,6,0.020000000000000004,myopic,203.2522420039816,210.72636636533846,7.474124361356871,4,0.3,1.0,0.3
2.35,6,0.020000000000000004,nominal_dynamic,206.17063851596617,210.72636636533846,4.555727849372289,4,0.3,1.0,0.3
2.35,6,0.020000000000000004,dro,206.19888809542215,210.72636636533846,4.527478269916315,4,0.3,3.0,0.0
2.4,6,0.020000000000000004,myopic,207.37232126447543,211.75085405879764,4.378532794322211,4,0.3,1.0,0.3
2.4,6,0.020000000000000004,nominal_dynamic,210.28684348269806,211.75085405879764,1.4640105760995823,4,0.3,1.0,0.3
2.4,6,0.020000000000000004,dro,210.27786956529255,211.75085405879764,1.4729844935050949,4,0.3,3.0,0.0
2.45,6,0.020000000000000004,myopic,211.4924005249693,214.40304844942997,2.910647924460676,4,0.3,1.0,0.3
2.45,6,0.020000000000000004,nominal_dynamic,214.40304844942997,214.40304844942997,0.0,4,0.3,1.0,0.3
2.45,6,0.020000000000000004,dro,214.3119246174859,214.40304844942997,0.09112383194408835,4,0.3,1.0,0.3
2.5,6,0.020000000000000004,myopic,215.61247978546317,218.51925341616192,2.9067736306987513,4,0.3,1.0,0.3
2.5,6,0.020000000000000004,nominal_dynamic,218.51925341616192,218.51925341616192,0.0,4,0.3,1.0,0.3
2.5,6,0.020000000000000004,dro,218.44241634306485,218.51925341616192,0.07683707309706733,4,0.3,1.0,0.3
2.55,6,0.020000000000000004,myopic,219.73255904595698,222.63545838289377,2.902899336936798,4,0.3,1.0,0.3
2.55,6,0.020000000000000004,nominal_dynamic,222.63545838289377,222.63545838289377,0.0,4,0.3,1.0,0.3
2.55,6,0.020000000000000004,dro,222.57290806864373,222.63545838289377,0.06255031425004631,4,0.3,1.0,0.3
2.6,6,0.020000000000000004,myopic,223.85263830645084,226.7516633496257,2.899025043174845,4,0.3,1.0,0.3
2.6,6,0.020000000000000004,nominal_dynamic,226.7516633496257,226.7516633496257,0.0,4,0.3,1.0,0.3
2.6,6,0.020000000000000004,dro,226.70339979422275,226.7516633496257,0.04826355540294003,4,0.3,1.0,0.3
2.65,6,0.020000000000000004,myopic,227.97271756694468,230.86786831635754,2.8951507494128634,4,0.3,1.0,0.3
2.65,6,0.020000000000000004,nominal_dynamic,230.8749692586014,230.86786831635754,-0.00710094224385216,4,0.3,1.0,0.3
2.65,6,0.020000000000000004,dro,230.83389151980165,230.86786831635754,0.03397679655589059,4,0.3,1.0,0.3
2.7,6,0.020000000000000004,myopic,232.09279682743855,234.9840732830895,2.8912764556509387,4,0.3,1.0,0.3
2.7,6,0.020000000000000004,nominal_dynamic,235.00403406263334,234.9840732830895,-0.019960779543851004,4,0.3,1.0,0.3
2.7,6,0.020000000000000004,dro,234.96438324538062,234.9840732830895,0.019690037708869568,4,0.3,1.0,0.3
2.75,6,0.020000000000000004,myopic,236.2128760879324,239.1002782498214,2.887402161889014,4,0.3,1.0,0.3
2.75,6,0.020000000000000004,nominal_dynamic,239.1330988666652,239.1002782498214,-0.032820616843793005,4,0.3,1.0,0.3
2.75,6,0.020000000000000004,dro,239.09487497095952,239.1002782498214,0.00540327886187697,4,0.3,1.0,0.3
2.8,6,0.020000000000000004,myopic,240.33295534842622,243.21648321655326,2.8835278681270324,4,0.3,1.0,0.3
2.8,6,0.020000000000000004,nominal_dynamic,243.26216367069713,243.21648321655326,-0.045680454143877114,4,0.3,1.0,0.3
2.8,6,0.020000000000000004,dro,243.22536669653846,243.21648321655326,-0.008883479985200893,4,0.3,1.0,0.3
2.85,6,0.020000000000000004,myopic,244.45303460892006,247.3326881832852,2.879653574365136,4,0.3,1.0,0.3
2.85,6,0.020000000000000004,nominal_dynamic,247.39122847472908,247.3326881832852,-0.05854029144387596,4,0.3,1.0,0.3
2.85,6,0.020000000000000004,dro,247.35585842211736,247.3326881832852,-0.02317023883216507,4,0.3,1.0,0.3
2.9,6,0.020000000000000004,myopic,248.5731138694139,251.44889315001706,2.8757792806031546,4,0.3,1.0,0.3
2.9,6,0.020000000000000004,nominal_dynamic,251.52029327876102,251.44889315001706,-0.07140012874396007,4,0.3,1.0,0.3
2.9,6,0.020000000000000004,dro,251.48635014769633,251.44889315001706,-0.03745699767927135,4,0.3,1.0,0.3
2.95,6,0.020000000000000004,myopic,252.69319312990774,255.56509811674897,2.87190498684123,4,0.3,1.0,0.3
2.95,6,0.020000000000000004,nominal_dynamic,255.64935808279293,255.56509811674897,-0.08425996604395891,4,0.3,1.0,0.3
2.95,6,0.020000000000000004,dro,255.61684187327526,255.56509811674897,-0.05174375652629237,4,0.3,1.0,0.3
3.0,6,0.020000000000000004,myopic,256.8132723904016,259.7784228868248,2.9651504964231776,4,0.3,1.0,0.3
3.0,6,0.020000000000000004,nominal_dynamic,259.7784228868248,259.7784228868248,0.0,4,0.3,1.0,0.3
3.0,6,0.020000000000000004,dro,259.7473335988542,259.7784228868248,0.03108928797058752,4,0.3,1.0,0.3
0.0,7,0.025000000000000005,myopic,208.88001835160247,208.88001835160247,0.0,0,0.0,,0.0
0.0,7,0.025000000000000005,nominal_dynamic,208.88001835160247,208.88001835160247,0.0,0,0.0,,0.0
0.0,7,0.025000000000000005,dro,208.88001835160247,208.88001835160247,0.0,0,0.0,,0.0
0.05,7,0.025000000000000005,myopic,208.88001835160247,208.88001835160247,0.0,0,0.0,,0.0
0.05,7,0.025000000000000005,nominal_dynamic,208.88001835160247,208.88001835160247,0.0,0,0.0,,0.0
0.05,7,0.025000000000000005,dro,208.88001835160247,208.88001835160247,0.0,0,0.0,,0.0
0.1,7,0.025000000000000005,myopic,208.88001835160247,208.88001835160247,0.0,0,0.0,,0.0
0.1,7,0.025000000000000005,nominal_dynamic,208.88001835160247,208.88001835160247,0.0,0,0.0,,0.0
0.1,7,0.025000000000000005,dro,208.88001835160247,208.88001835160247,0.0,0,0.0,,0.0
0.15,7,0.025000000000000005,myopic,208.88001835160247,208.88001835160247,0.0,0,0.0,,0.0
0.15,7,0.025000000000000005,nominal_dynamic,208.88001835160247,208.88001835160247,0.0,0,0.0,,0.0
0.15,7,0.025000000000000005,dro,208.88001835160247,208.88001835160247,0.0,0,0.0,,0.0
0.2,7,0.025000000000000005,myopic,208.88001835160247,208.88001835160247,0.0,0,0.0,,0.0
0.2,7,0.025000000000000005,nominal_dynamic,208.88001835160247,208.88001835160247,0.0,0,0.0,,0.0
0.2,7,0.025000000000000005,dro,208.88001835160247,208.88001835160247,0.0,0,0.0,,0.0
0.25,7,0.025000000000000005,myopic,208.88001835160247,208.88001835160247,0.0,0,0.0,,0.0
0.25,7,0.025000000000000005,nominal_dynamic,208.88001835160247,208.88001835160247,0.0,0,0.0,,0.0
0.25,7,0.025000000000000005,dro,208.88001835160247,208.88001835160247,0.0,0,0.0,,0.0
0.3,7,0.025000000000000005,myopic,208.88001835160247,208.88001835160247,0.0,0,0.0,,0.0
0.3,7,0.025000000000000005,nominal_dynamic,208.88001835160247,208.88001835160247,0.0,0,0.0,,0.0
0.3,7,0.025000000000000005,dro,208.88001835160247,208.88001835160247,0.0,0,0.0,,0.0
0.35,7,0.025000000000000005,myopic,208.88001835160247,208.88001835160247,0.0,0,0.0,,0.0
0.35,7,0.025000000000000005,nominal_dynamic,208.88001835160247,208.88001835160247,0.0,0,0.0,,0.0
0.35,7,0.025000000000000005,dro,208.88001835160247,208.88001835160247,0.0,0,0.0,,0.0
0.4,7,0.025000000000000005,myopic,208.88001835160247,208.88001835160247,0.0,0,0.0,,0.0
0.4,7,0.025000000000000005,nominal_dynamic,208.88001835160247,208.88001835160247,0.0,0,0.0,,0.0
0.4,7,0.025000000000000005,dro,208.88001835160247,208.88001835160247,0.0,0,0.0,,0.0
0.45,7,0.025000000000000005,myopic,208.88001835160247,208.88001835160247,0.0,0,0.0,,0.0
0.45,7,0.025000000000000005,nominal_dynamic,208.88001835160247,208.88001835160247,0.0,0,0.0,,0.0
0.45,7,0.025000000000000005,dro,208.88001835160247,208.88001835160247,0.0,0,0.0,,0.0
0.5,7,0.025000000000000005,myopic,208.88001835160247,208.88001835160247,0.0,0,0.0,,0.0
0.5,7,0.025000000000000005,nominal_dynamic,208.88001835160247,208.88001835160247,0.0,0,0.0,,0.0
0.5,7,0.025000000000000005,dro,208.88001835160247,208.88001835160247,0.0,0,0.0,,0.0
0.55,7,0.025000000000000005,myopic,208.88001835160247,208.88001835160247,0.0,0,0.0,,0.0
0.55,7,0.025000000000000005,nominal_dynamic,208.88001835160247,208.88001835160247,0.0,0,0.0,,0.0
0.55,7,0.025000000000000005,dro,208.88001835160247,208.88001835160247,0.0,0,0.0,,0.0
0.6,7,0.025000000000000005,myopic,208.88001835160247,208.88001835160247,0.0,0,0.0,,0.0
0.6,7,0.025000000000000005,nominal_dynamic,208.88001835160247,208.88001835160247,0.0,0,0.0,,0.0
0.6,7,0.025000000000000005,dro,208.88001835160247,208.88001835160247,0.0,0,0.0,,0.0
0.65,7,0.025000000000000005,myopic,208.88001835160247,208.88001835160247,0.0,0,0.0,,0.0
0.65,7,0.025000000000000005,nominal_dynamic,208.88001835160247,208.88001835160247,0.0,0,0.0,,0.0
0.65,7,0.025000000000000005,dro,208.88001835160247,208.88001835160247,0.0,0,0.0,,0.0
0.7,7,0.025000000000000005,myopic,208.88001835160247,208.88001835160247,0.0,0,0.0,,0.0
0.7,7,0.025000000000000005,nominal_dynamic,208.88001835160247,208.88001835160247,0.0,0,0.0,,0.0
0.7,7,0.025000000000000005,dro,208.88001835160247,208.88001835160247,0.0,0,0.0,,0.0
0.75,7,0.025000000000000005,myopic,208.88001835160247,208.88001835160247,0.0,0,0.0,,0.0
0.75,7,0.025000000000000005,nominal_dynamic,208.88001835160247,208.88001835160247,0.0,0,0.0,,0.0
0.75,7,0.025000000000000005,dro,208.88001835160247,208.88001835160247,0.0,0,0.0,,0.0
0.8,7,0.025000000000000005,myopic,208.88001835160247,208.88001835160247,0.0,0,0.0,,0.0
0.8,7,0.025000000000000005,nominal_dynamic,208.88001835160247,208.88001835160247,0.0,0,0.0,,0.0
0.8,7,0.025000000000000005,dro,208.88001835160247,208.88001835160247,0.0,0,0.0,,0.0
0.85,7,0.025000000000000005,myopic,208.88001835160247,208.88001835160247,0.0,0,0.0,,0.0
0.85,7,0.025000000000000005,nominal_dynamic,208.88001835160247,208.88001835160247,0.0,0,0.0,,0.0
0.85,7,0.025000000000000005,dro,208.88001835160247,208.88001835160247,0.0,0,0.0,,0.0
0.9,7,0.025000000000000005,myopic,208.88001835160247,208.88001835160247,0.0,0,0.0,,0.0
0.9,7,0.025000000000000005,nominal_dynamic,208.88001835160247,208.88001835160247,0.0,0,0.0,,0.0
0.9,7,0.025000000000000005,dro,208.88001835160247,208.88001835160247,0.0,0,0.0,,0.0
0.95,7,0.025000000000000005,myopic,208.88001835160247,208.88001835160247,0.0,0,0.0,,0.0
0.95,7,0.025000000000000005,nominal_dynamic,208.88001835160247,208.88001835160247,0.0,0,0.0,,0.0
0.95,7,0.025000000000000005,dro,208.88001835160247,208.88001835160247,0.0,0,0.0,,0.0
1.0,7,0.025000000000000005,myopic,208.88001835160247,208.88001835160247,0.0,0,0.0,,0.0
1.0,7,0.025000000000000005,nominal_dynamic,208.88001835160247,208.88001835160247,0.0,0,0.0,,0.0
1.0,7,0.025000000000000005,dro,208.88001835160247,208.88001835160247,0.0,0,0.0,,0.0
1.05,7,0.025000000000000005,myopic,208.88001835160247,208.88001835160247,0.0,0,0.0,,0.0
1.05,7,0.025000000000000005,nominal_dynamic,208.88001835160247,208.88001835160247,0.0,0,0.0,,0.0
1.05,7,0.025000000000000005,dro,208.88001835160247,208.88001835160247,0.0,0,0.0,,0.0
1.1,7,0.025000000000000005,myopic,208.88001835160247,208.88001835160247,0.0,0,0.0,,0.0
1.1,7,0.025000000000000005,nominal_dynamic,208.88001835160247,208.88001835160247,0.0,0,0.0,,0.0
1.1,7,0.025000000000000005,dro,208.88001835160247,208.88001835160247,0.0,0,0.0,,0.0
1.15,7,0.025000000000000005,myopic,208.88001835160247,208.88001835160247,0.0,0,0.0,,0.0
1.15,7,0.025000000000000005,nominal_dynamic,208.88001835160247,208.88001835160247,0.0,0,0.0,,0.0
1.15,7,0.025000000000000005,dro,208.88001835160247,208.88001835160247,0.0,0,0.0,,0.0
1.2,7,0.025000000000000005,myopic,208.88001835160247,208.88001835160247,0.0,0,0.0,,0.0
1.2,7,0.025000000000000005,nominal_dynamic,208.88001835160247,208.88001835160247,0.0,0,0.0,,0.0
1.2,7,0.025000000000000005,dro,208.88001835160247,208.88001835160247,0.0,0,0.0,,0.0
1.25,7,0.025000000000000005,myopic,208.88001835160247,208.88001835160247,0.0,0,0.0,,0.0
1.25,7,0.025000000000000005,nominal_dynamic,208.88001835160247,208.88001835160247,0.0,0,0.0,,0.0
1.25,7,0.025000000000000005,dro,208.88001835160247,208.88001835160247,0.0,0,0.0,,0.0
1.3,7,0.025000000000000005,myopic,208.88001835160247,208.88001835160247,0.0,0,0.0,,0.0
1.3,7,0.025000000000000005,nominal_dynamic,208.88001835160247,208.88001835160247,0.0,0,0.0,,0.0
1.3,7,0.025000000000000005,dro,208.88001835160247,208.88001835160247,0.0,0,0.0,,0.0
1.35,7,0.025000000000000005,myopic,208.88001835160247,208.88001835160247,0.0,0,0.0,,0.0
1.35,7,0.025000000000000005,nominal_dynamic,208.88001835160247,208.88001835160247,0.0,0,0.0,,0.0
1.35,7,0.025000000000000005,dro,208.88001835160247,208.88001835160247,0.0,0,0.0,,0.0
1.4,7,0.025000000000000005,myopic,208.88001835160247,208.88001835160247,0.0,0,0.0,,0.0
1.4,7,0.025000000000000005,nominal_dynamic,208.88001835160247,208.88001835160247,0.0,0,0.0,,0.0
1.4,7,0.025000000000000005,dro,208.88001835160247,208.88001835160247,0.0,0,0.0,,0.0
1.45,7,0.025000000000000005,myopic,208.88001835160247,208.88001835160247,0.0,0,0.0,,0.0
1.45,7,0.025000000000000005,nominal_dynamic,208.88001835160247,208.88001835160247,0.0,0,0.0,,0.0
1.45,7,0.025000000000000005,dro,208.88001835160247,208.88001835160247,0.0,0,0.0,,0.0
1.5,7,0.025000000000000005,myopic,208.88001835160247,208.88001835160247,0.0,0,0.0,,0.0
1.5,7,0.025000000000000005,nominal_dynamic,208.88001835160247,208.88001835160247,0.0,0,0.0,,0.0
1.5,7,0.025000000000000005,dro,208.88001835160247,208.88001835160247,0.0,0,0.0,,0.0
1.55,7,0.025000000000000005,myopic,208.88001835160247,208.88001835160247,0.0,0,0.0,,0.0
1.55,7,0.025000000000000005,nominal_dynamic,208.88001835160247,208.88001835160247,0.0,0,0.0,,0.0
1.55,7,0.025000000000000005,dro,208.88001835160247,208.88001835160247,0.0,0,0.0,,0.0
1.6,7,0.025000000000000005,myopic,208.88001835160247,208.88001835160247,0.0,0,0.0,,0.0
1.6,7,0.025000000000000005,nominal_dynamic,208.88001835160247,208.88001835160247,0.0,0,0.0,,0.0
1.6,7,0.025000000000000005,dro,208.88001835160247,208.88001835160247,0.0,0,0.0,,0.0
1.65,7,0.025000000000000005,myopic,208.88001835160247,208.88001835160247,0.0,0,0.0,,0.0
1.65,7,0.025000000000000005,nominal_dynamic,208.88001835160247,208.88001835160247,0.0,0,0.0,,0.0
1.65,7,0.025000000000000005,dro,208.88001835160247,208.88001835160247,0.0,0,0.0,,0.0
1.7,7,0.025000000000000005,myopic,208.88001835160247,208.88001835160247,0.0,0,0.0,,0.0
1.7,7,0.025000000000000005,nominal_dynamic,208.88001835160247,208.88001835160247,0.0,0,0.0,,0.0
1.7,7,0.025000000000000005,dro,208.88001835160247,208.88001835160247,0.0,0,0.0,,0.0
1.75,7,0.025000000000000005,myopic,208.88001835160247,208.88001835160247,0.0,0,0.0,,0.0
1.75,7,0.025000000000000005,nominal_dynamic,208.88001835160247,208.88001835160247,0.0,0,0.0,,0.0
1.75,7,0.025000000000000005,dro,208.88001835160247,208.88001835160247,0.0,0,0.0,,0.0
1.8,7,0.025000000000000005,myopic,208.88001835160247,208.88001835160247,0.0,0,0.0,,0.0
1.8,7,0.025000000000000005,nominal_dynamic,208.88001835160247,208.88001835160247,0.0,0,0.0,,0.0
1.8,7,0.025000000000000005,dro,208.88001835160247,208.88001835160247,0.0,0,0.0,,0.0
1.85,7,0.025000000000000005,myopic,208.88001835160247,208.88001835160247,0.0,0,0.0,,0.0
1.85,7,0.025000000000000005,nominal_dynamic,208.88001835160247,208.88001835160247,0.0,0,0.0,,0.0
1.85,7,0.025000000000000005,dro,208.88001835160247,208.88001835160247,0.0,0,0.0,,0.0
1.9,7,0.025000000000000005,myopic,208.88001835160247,208.88001835160247,0.0,0,0.0,,0.0
1.9,7,0.025000000000000005,nominal_dynamic,208.88001835160247,208.88001835160247,0.0,0,0.0,,0.0
1.9,7,0.025000000000000005,dro,208.88001835160247,208.88001835160247,0.0,0,0.0,,0.0
1.95,7,0.025000000000000005,myopic,208.88001835160247,208.88001835160247,0.0,0,0.0,,0.0
1.95,7,0.025000000000000005,nominal_dynamic,208.88001835160247,208.88001835160247,0.0,0,0.0,,0.0
1.95,7,0.025000000000000005,dro,208.88001835160247,208.88001835160247,0.0,0,0.0,,0.0
2.0,7,0.025000000000000005,myopic,208.88001835160247,208.88001835160247,0.0,0,0.0,,0.0
2.0,7,0.025000000000000005,nominal_dynamic,208.88001835160247,208.88001835160247,0.0,0,0.0,,0.0
2.0,7,0.025000000000000005,dro,208.88001835160247,208.88001835160247,0.0,0,0.0,,0.0
2.05,7,0.025000000000000005,myopic,208.88001835160247,208.88001835160247,0.0,0,0.0,,0.0
2.05,7,0.025000000000000005,nominal_dynamic,208.88001835160247,208.88001835160247,0.0,0,0.0,,0.0
2.05,7,0.025000000000000005,dro,208.88001835160247,208.88001835160247,0.0,0,0.0,,0.0
2.1,7,0.025000000000000005,myopic,208.88001835160247,208.88001835160247,0.0,0,0.0,,0.0
2.1,7,0.025000000000000005,nominal_dynamic,208.88001835160247,208.88001835160247,0.0,0,0.0,,0.0
2.1,7,0.025000000000000005,dro,208.88001835160247,208.88001835160247,0.0,0,0.0,,0.0
2.15,7,0.025000000000000005,myopic,208.88001835160247,208.88001835160247,0.0,0,0.0,,0.0
2.15,7,0.025000000000000005,nominal_dynamic,208.88001835160247,208.88001835160247,0.0,0,0.0,,0.0
2.15,7,0.025000000000000005,dro,208.88001835160247,208.88001835160247,0.0,0,0.0,,0.0
2.2,7,0.025000000000000005,myopic,208.60720130646038,209.3359673179494,0.7287660114890286,4,0.3,1.0,0.3
2.2,7,0.025000000000000005,nominal_dynamic,209.3359673179494,209.3359673179494,0.0,1,0.3,12.0,0.0
2.2,7,0.025000000000000005,dro,208.88001835160247,209.3359673179494,0.4559489663469378,0,0.0,,0.0
2.25,7,0.025000000000000005,myopic,213.29317117988634,213.79608518746332,0.502914007576976,4,0.3,1.0,0.3
2.25,7,0.025000000000000005,nominal_dynamic,213.78692341280495,213.79608518746332,0.00916177465836654,4,0.3,1.0,0.3
2.25,7,0.025000000000000005,dro,210.47025586166333,213.79608518746332,3.3258293257999867,1,0.3,12.0,0.0
2.3,7,0.025000000000000005,myopic,217.9791410533124,218.4713042658763,0.4921632125639235,4,0.3,1.0,0.3
2.3,7,0.025000000000000005,nominal_dynamic,218.45056024530953,218.4713042658763,0.02074402056678082,4,0.3,1.0,0.3
2.3,7,0.025000000000000005,dro,211.60454440537725,218.4713042658763,6.866759860499059,1,0.3,12.0,0.0
2.35,7,0.025000000000000005,myopic,222.6651109267384,223.1465233442893,0.48141241755089936,4,0.3,1.0,0.3
2.35,7,0.025000000000000005,nominal_dynamic,223.11419707781405,223.1465233442893,0.03232626647525194,4,0.3,1.0,0.3
2.35,7,0.025000000000000005,dro,223.0421814750332,223.1465233442893,0.10434186925610334,4,0.3,3.0,0.0
2.4,7,0.025000000000000005,myopic,227.35108080016442,227.8217424227023,0.47066162253787525,4,0.3,1.0,0.3
2.4,7,0.025000000000000005,nominal_dynamic,227.8217424227023,227.8217424227023,0.0,4,0.3,1.0,0.3
2.4,7,0.025000000000000005,dro,227.68140879897177,227.8217424227023,0.14033362373052682,4,0.3,3.0,0.0
2.45,7,0.025000000000000005,myopic,232.03705067359044,232.4969615011153,0.45991082752485113,4,0.3,1.0,0.3
2.45,7,0.025000000000000005,nominal_dynamic,232.4969615011153,232.4969615011153,0.0,4,0.3,1.0,0.3
2.45,7,0.025000000000000005,dro,232.3833836703108,232.4969615011153,0.1135778308045019,4,0.3,1.0,0.3
2.5,7,0.025000000000000005,myopic,236.7230205470165,237.17218057952834,0.44916003251185543,4,0.3,1.0,0.3
2.5,7,0.025000000000000005,nominal_dynamic,237.17218057952834,237.17218057952834,0.0,4,0.3,1.0,0.3
2.5,7,0.025000000000000005,dro,237.0352581670823,237.17218057952834,0.1369224124460402,4,0.3,1.0,0.3
2.55,7,0.025000000000000005,myopic,241.40899042044245,241.84739965794125,0.4384092374988029,4,0.3,1.0,0.3
2.55,7,0.025000000000000005,nominal_dynamic,241.84739965794125,241.84739965794125,0.0,4,0.3,1.0,0.3
2.55,7,0.025000000000000005,dro,241.68713266385382,241.84739965794125,0.1602669940874364,4,0.3,1.0,0.3
2.6,7,0.025000000000000005,myopic,246.09496029386852,246.52261873635433,0.4276584424858072,4,0.3,1.0,0.3
2.6,7,0.025000000000000005,nominal_dynamic,246.52261873635433,246.52261873635433,0.0,4,0.3,1.0,0.3
2.6,7,0.025000000000000005,dro,246.4323812403368,246.52261873635433,0.09023749601752229,4,0.3,1.0,0.3
2.65,7,0.025000000000000005,myopic,250.78093016729454,251.1978378147673,0.41690764747275466,4,0.3,1.0,0.3
2.65,7,0.025000000000000005,nominal_dynamic,251.1978378147673,251.1978378147673,0.0,4,0.3,1.0,0.3
2.65,7,0.025000000000000005,dro,251.09601807284133,251.1978378147673,0.10181974192596499,4,0.3,1.0,0.3
2.7,7,0.025000000000000005,myopic,255.46690004072056,255.87305689318032,0.40615685245975897,4,0.3,1.0,0.3
2.7,7,0.025000000000000005,nominal_dynamic,255.87305689318032,255.87305689318032,0.0,4,0.3,1.0,0.3
2.7,7,0.025000000000000005,dro,255.75965490534588,255.87305689318032,0.11340198783443611,4,0.3,1.0,0.3
2.75,7,0.025000000000000005,myopic,260.1528699141465,260.5482759715932,0.39540605744673485,4,0.3,1.0,0.3
2.75,7,0.025000000000000005,nominal_dynamic,260.5482759715932,260.5482759715932,0.0,4,0.3,1.0,0.3
2.75,7,0.025000000000000005,dro,260.42329173785043,260.5482759715932,0.12498423374279355,4,0.3,1.0,0.3
2.8,7,0.025000000000000005,myopic,264.8388397875725,265.22349505000625,0.38465526243373915,4,0.3,1.0,0.3
2.8,7,0.025000000000000005,nominal_dynamic,265.22349505000625,265.22349505000625,0.0,4,0.3,1.0,0.3
2.8,7,0.025000000000000005,dro,265.0869285703549,265.22349505000625,0.13656647965132152,4,0.3,1.0,0.3
2.85,7,0.025000000000000005,myopic,269.5248096609986,269.8987141284193,0.3739044674206866,4,0.3,1.0,0.3
2.85,7,0.025000000000000005,nominal_dynamic,269.8987141284193,269.8987141284193,0.0,4,0.3,1.0,0.3
2.85,7,0.025000000000000005,dro,269.7505654028595,269.8987141284193,0.14814872555979264,4,0.3,1.0,0.3
2.9,7,0.025000000000000005,myopic,274.21077953442455,274.5739332068322,0.3631536724076341,4,0.3,1.0,0.3
2.9,7,0.025000000000000005,nominal_dynamic,274.5739332068322,274.5739332068322,0.0,4,0.3,1.0,0.3
2.9,7,0.025000000000000005,dro,274.5739332068322,274.5739332068322,0.0,4,0.3,1.0,0.3
2.95,7,0.025000000000000005,myopic,278.8967494078506,279.24915228524526,0.3524028773946384,4,0.3,1.0,0.3
2.95,7,0.025000000000000005,nominal_dynamic,279.24915228524526,279.24915228524526,0.0,4,0.3,1.0,0.3
2.95,7,0.025000000000000005,dro,279.24915228524526,279.24915228524526,0.0,4,0.3,1.0,0.3
3.0,7,0.025000000000000005,myopic,283.5827192812766,283.9243713636582,0.3416520823816427,4,0.3,1.0,0.3
3.0,7,0.025000000000000005,nominal_dynamic,283.9243713636582,283.9243713636582,0.0,4,0.3,1.0,0.3
3.0,7,0.025000000000000005,dro,283.9243713636582,283.9243713636582,0.0,4,0.3,1.0,0.3
0.0,8,0.03666666666666666,myopic,208.88001835160247,208.88001835160247,0.0,0,0.0,,0.0
0.0,8,0.03666666666666666,nominal_dynamic,208.88001835160247,208.88001835160247,0.0,0,0.0,,0.0
0.0,8,0.03666666666666666,dro,208.88001835160247,208.88001835160247,0.0,0,0.0,,0.0
0.05,8,0.03666666666666666,myopic,208.88001835160247,208.88001835160247,0.0,0,0.0,,0.0
0.05,8,0.03666666666666666,nominal_dynamic,208.88001835160247,208.88001835160247,0.0,0,0.0,,0.0
0.05,8,0.03666666666666666,dro,208.88001835160247,208.88001835160247,0.0,0,0.0,,0.0
0.1,8,0.03666666666666666,myopic,208.88001835160247,208.88001835160247,0.0,0,0.0,,0.0
0.1,8,0.03666666666666666,nominal_dynamic,208.88001835160247,208.88001835160247,0.0,0,0.0,,0.0
0.1,8,0.03666666666666666,dro,208.88001835160247,208.88001835160247,0.0,0,0.0,,0.0
0.15,8,0.03666666666666666,myopic,208.88001835160247,208.88001835160247,0.0,0,0.0,,0.0
0.15,8,0.03666666666666666,nominal_dynamic,208.88001835160247,208.88001835160247,0.0,0,0.0,,0.0
0.15,8,0.03666666666666666,dro,208.88001835160247,208.88001835160247,0.0,0,0.0,,0.0
0.2,8,0.03666666666666666,myopic,208.88001835160247,208.88001835160247,0.0,0,0.0,,0.0
0.2,8,0.03666666666666666,nominal_dynamic,208.88001835160247,208.88001835160247,0.0,0,0.0,,0.0
0.2,8,0.03666666666666666,dro,208.88001835160247,208.88001835160247,0.0,0,0.0,,0.0
0.25,8,0.03666666666666666,myopic,208.88001835160247,208.88001835160247,0.0,0,0.0,,0.0
0.25,8,0.03666666666666666,nominal_dynamic,208.88001835160247,208.88001835160247,0.0,0,0.0,,0.0
0.25,8,0.03666666666666666,dro,208.88001835160247,208.88001835160247,0.0,0,0.0,,0.0
0.3,8,0.03666666666666666,myopic,208.88001835160247,208.88001835160247,0.0,0,0.0,,0.0
0.3,8,0.03666666666666666,nominal_dynamic,208.88001835160247,208.88001835160247,0.0,0,0.0,,0.0
0.3,8,0.03666666666666666,dro,208.88001835160247,208.88001835160247,0.0,0,0.0,,0.0
0.35,8,0.03666666666666666,myopic,208.88001835160247,208.88001835160247,0.0,0,0.0,,0.0
0.35,8,0.03666666666666666,nominal_dynamic,208.88001835160247,208.88001835160247,0.0,0,0.0,,0.0
0.35,8,0.03666666666666666,dro,208.88001835160247,208.88001835160247,0.0,0,0.0,,0.0
0.4,8,0.03666666666666666,myopic,208.88001835160247,208.88001835160247,0.0,0,0.0,,0.0
0.4,8,0.03666666666666666,nominal_dynamic,208.88001835160247,208.88001835160247,0.0,0,0.0,,0.0
0.4,8,0.03666666666666666,dro,208.88001835160247,208.88001835160247,0.0,0,0.0,,0.0
0.45,8,0.03666666666666666,myopic,208.88001835160247,208.88001835160247,0.0,0,0.0,,0.0
0.45,8,0.03666666666666666,nominal_dynamic,208.88001835160247,208.88001835160247,0.0,0,0.0,,0.0
0.45,8,0.03666666666666666,dro,208.88001835160247,208.88001835160247,0.0,0,0.0,,0.0
0.5,8,0.03666666666666666,myopic,208.88001835160247,208.88001835160247,0.0,0,0.0,,0.0
0.5,8,0.03666666666666666,nominal_dynamic,208.88001835160247,208.88001835160247,0.0,0,0.0,,0.0
0.5,8,0.03666666666666666,dro,208.88001835160247,208.88001835160247,0.0,0,0.0,,0.0
0.55,8,0.03666666666666666,myopic,208.88001835160247,208.88001835160247,0.0,0,0.0,,0.0
0.55,8,0.03666666666666666,nominal_dynamic,208.88001835160247,208.88001835160247,0.0,0,0.0,,0.0
0.55,8,0.03666666666666666,dro,208.88001835160247,208.88001835160247,0.0,0,0.0,,0.0
0.6,8,0.03666666666666666,myopic,208.88001835160247,208.88001835160247,0.0,0,0.0,,0.0
0.6,8,0.03666666666666666,nominal_dynamic,208.88001835160247,208.88001835160247,0.0,0,0.0,,0.0
0.6,8,0.03666666666666666,dro,208.88001835160247,208.88001835160247,0.0,0,0.0,,0.0
0.65,8,0.03666666666666666,myopic,208.88001835160247,208.88001835160247,0.0,0,0.0,,0.0
0.65,8,0.03666666666666666,nominal_dynamic,208.88001835160247,208.88001835160247,0.0,0,0.0,,0.0
0.65,8,0.03666666666666666,dro,208.88001835160247,208.88001835160247,0.0,0,0.0,,0.0
0.7,8,0.03666666666666666,myopic,208.88001835160247,208.88001835160247,0.0,0,0.0,,0.0
0.7,8,0.03666666666666666,nominal_dynamic,208.88001835160247,208.88001835160247,0.0,0,0.0,,0.0
0.7,8,0.03666666666666666,dro,208.88001835160247,208.88001835160247,0.0,0,0.0,,0.0
0.75,8,0.03666666666666666,myopic,208.88001835160247,208.88001835160247,0.0,0,0.0,,0.0
0.75,8,0.03666666666666666,nominal_dynamic,208.88001835160247,208.88001835160247,0.0,0,0.0,,0.0
0.75,8,0.03666666666666666,dro,208.88001835160247,208.88001835160247,0.0,0,0.0,,0.0
0.8,8,0.03666666666666666,myopic,208.88001835160247,208.88001835160247,0.0,0,0.0,,0.0
0.8,8,0.03666666666666666,nominal_dynamic,208.88001835160247,208.88001835160247,0.0,0,0.0,,0.0
0.8,8,0.03666666666666666,dro,208.88001835160247,208.88001835160247,0.0,0,0.0,,0.0
0.85,8,0.03666666666666666,myopic,208.88001835160247,208.88001835160247,0.0,0,0.0,,0.0
0.85,8,0.03666666666666666,nominal_dynamic,208.88001835160247,208.88001835160247,0.0,0,0.0,,0.0
0.85,8,0.03666666666666666,dro,208.88001835160247,208.88001835160247,0.0,0,0.0,,0.0
0.9,8,0.03666666666666666,myopic,208.88001835160247,208.88001835160247,0.0,0,0.0,,0.0
0.9,8,0.03666666666666666,nominal_dynamic,208.88001835160247,208.88001835160247,0.0,0,0.0,,0.0
0.9,8,0.03666666666666666,dro,208.88001835160247,208.88001835160247,0.0,0,0.0,,0.0
0.95,8,0.03666666666666666,myopic,208.88001835160247,208.88001835160247,0.0,0,0.0,,0.0
0.95,8,0.03666666666666666,nominal_dynamic,208.88001835160247,208.88001835160247,0.0,0,0.0,,0.0
0.95,8,0.03666666666666666,dro,208.88001835160247,208.88001835160247,0.0,0,0.0,,0.0
1.0,8,0.03666666666666666,myopic,208.88001835160247,208.88001835160247,0.0,0,0.0,,0.0
1.0,8,0.03666666666666666,nominal_dynamic,208.88001835160247,208.88001835160247,0.0,0,0.0,,0.0
1.0,8,0.03666666666666666,dro,208.88001835160247,208.88001835160247,0.0,0,0.0,,0.0
1.05,8,0.03666666666666666,myopic,208.88001835160247,208.88001835160247,0.0,0,0.0,,0.0
1.05,8,0.03666666666666666,nominal_dynamic,208.88001835160247,208.88001835160247,0.0,0,0.0,,0.0
1.05,8,0.03666666666666666,dro,208.88001835160247,208.88001835160247,0.0,0,0.0,,0.0
1.1,8,0.03666666666666666,myopic,208.88001835160247,208.88001835160247,0.0,0,0.0,,0.0
1.1,8,0.03666666666666666,nominal_dynamic,208.88001835160247,208.88001835160247,0.0,0,0.0,,0.0
1.1,8,0.03666666666666666,dro,208.88001835160247,208.88001835160247,0.0,0,0.0,,0.0
1.15,8,0.03666666666666666,myopic,208.88001835160247,208.88001835160247,0.0,0,0.0,,0.0
1.15,8,0.03666666666666666,nominal_dynamic,208.88001835160247,208.88001835160247,0.0,0,0.0,,0.0
1.15,8,0.03666666666666666,dro,208.88001835160247,208.88001835160247,0.0,0,0.0,,0.0
1.2,8,0.03666666666666666,myopic,208.88001835160247,208.88001835160247,0.0,0,0.0,,0.0
1.2,8,0.03666666666666666,nominal_dynamic,208.88001835160247,208.88001835160247,0.0,0,0.0,,0.0
1.2,8,0.03666666666666666,dro,208.88001835160247,208.88001835160247,0.0,0,0.0,,0.0
1.25,8,0.03666666666666666,myopic,208.88001835160247,208.88001835160247,0.0,0,0.0,,0.0
1.25,8,0.03666666666666666,nominal_dynamic,208.88001835160247,208.88001835160247,0.0,0,0.0,,0.0
1.25,8,0.03666666666666666,dro,208.88001835160247,208.88001835160247,0.0,0,0.0,,0.0
1.3,8,0.03666666666666666,myopic,208.88001835160247,208.88001835160247,0.0,0,0.0,,0.0
1.3,8,0.03666666666666666,nominal_dynamic,208.88001835160247,208.88001835160247,0.0,0,0.0,,0.0
1.3,8,0.03666666666666666,dro,208.88001835160247,208.88001835160247,0.0,0,0.0,,0.0
1.35,8,0.03666666666666666,myopic,208.88001835160247,208.88001835160247,0.0,0,0.0,,0.0
1.35,8,0.03666666666666666,nominal_dynamic,208.88001835160247,208.88001835160247,0.0,0,0.0,,0.0
1.35,8,0.03666666666666666,dro,208.88001835160247,208.88001835160247,0.0,0,0.0,,0.0
1.4,8,0.03666666666666666,myopic,208.88001835160247,208.88001835160247,0.0,0,0.0,,0.0
1.4,8,0.03666666666666666,nominal_dynamic,208.88001835160247,208.88001835160247,0.0,0,0.0,,0.0
1.4,8,0.03666666666666666,dro,208.88001835160247,208.88001835160247,0.0,0,0.0,,0.0
1.45,8,0.03666666666666666,myopic,208.88001835160247,208.88001835160247,0.0,0,0.0,,0.0
1.45,8,0.03666666666666666,nominal_dynamic,208.88001835160247,208.88001835160247,0.0,0,0.0,,0.0
1.45,8,0.03666666666666666,dro,208.88001835160247,208.88001835160247,0.0,0,0.0,,0.0
1.5,8,0.03666666666666666,myopic,208.88001835160247,208.88001835160247,0.0,0,0.0,,0.0
1.5,8,0.03666666666666666,nominal_dynamic,208.88001835160247,208.88001835160247,0.0,0,0.0,,0.0
1.5,8,0.03666666666666666,dro,208.88001835160247,208.88001835160247,0.0,0,0.0,,0.0
1.55,8,0.03666666666666666,myopic,208.88001835160247,208.88001835160247,0.0,0,0.0,,0.0
1.55,8,0.03666666666666666,nominal_dynamic,208.88001835160247,208.88001835160247,0.0,0,0.0,,0.0
1.55,8,0.03666666666666666,dro,208.88001835160247,208.88001835160247,0.0,0,0.0,,0.0
1.6,8,0.03666666666666666,myopic,208.88001835160247,208.88001835160247,0.0,0,0.0,,0.0
1.6,8,0.03666666666666666,nominal_dynamic,208.88001835160247,208.88001835160247,0.0,0,0.0,,0.0
1.6,8,0.03666666666666666,dro,208.88001835160247,208.88001835160247,0.0,0,0.0,,0.0
1.65,8,0.03666666666666666,myopic,208.88001835160247,208.88001835160247,0.0,0,0.0,,0.0
1.65,8,0.03666666666666666,nominal_dynamic,208.88001835160247,208.88001835160247,0.0,0,0.0,,0.0
1.65,8,0.03666666666666666,dro,208.88001835160247,208.88001835160247,0.0,0,0.0,,0.0
1.7,8,0.03666666666666666,myopic,208.88001835160247,208.88001835160247,0.0,0,0.0,,0.0
1.7,8,0.03666666666666666,nominal_dynamic,208.88001835160247,208.88001835160247,0.0,0,0.0,,0.0
1.7,8,0.03666666666666666,dro,208.88001835160247,208.88001835160247,0.0,0,0.0,,0.0
1.75,8,0.03666666666666666,myopic,208.88001835160247,208.88001835160247,0.0,0,0.0,,0.0
1.75,8,0.03666666666666666,nominal_dynamic,208.88001835160247,208.88001835160247,0.0,0,0.0,,0.0
1.75,8,0.03666666666666666,dro,208.88001835160247,208.88001835160247,0.0,0,0.0,,0.0
1.8,8,0.03666666666666666,myopic,208.88001835160247,208.88001835160247,0.0,0,0.0,,0.0
1.8,8,0.03666666666666666,nominal_dynamic,208.88001835160247,208.88001835160247,0.0,0,0.0,,0.0
1.8,8,0.03666666666666666,dro,208.88001835160247,208.88001835160247,0.0,0,0.0,,0.0
1.85,8,0.03666666666666666,myopic,208.88001835160247,208.88001835160247,0.0,0,0.0,,0.0
1.85,8,0.03666666666666666,nominal_dynamic,208.88001835160247,208.88001835160247,0.0,0,0.0,,0.0
1.85,8,0.03666666666666666,dro,208.88001835160247,208.88001835160247,0.0,0,0.0,,0.0
1.9,8,0.03666666666666666,myopic,208.88001835160247,208.88001835160247,0.0,0,0.0,,0.0
1.9,8,0.03666666666666666,nominal_dynamic,208.88001835160247,208.88001835160247,0.0,0,0.0,,0.0
1.9,8,0.03666666666666666,dro,208.88001835160247,208.88001835160247,0.0,0,0.0,,0.0
1.95,8,0.03666666666666666,myopic,208.88001835160247,208.88001835160247,0.0,0,0.0,,0.0
1.95,8,0.03666666666666666,nominal_dynamic,208.88001835160247,208.88001835160247,0.0,0,0.0,,0.0
1.95,8,0.03666666666666666,dro,208.88001835160247,208.88001835160247,0.0,0,0.0,,0.0
2.0,8,0.03666666666666666,myopic,208.88001835160247,208.88001835160247,0.0,0,0.0,,0.0
2.0,8,0.03666666666666666,nominal_dynamic,208.88001835160247,208.88001835160247,0.0,0,0.0,,0.0
2.0,8,0.03666666666666666,dro,208.88001835160247,208.88001835160247,0.0,0,0.0,,0.0
2.05,8,0.03666666666666666,myopic,208.88001835160247,208.88001835160247,0.0,0,0.0,,0.0
2.05,8,0.03666666666666666,nominal_dynamic,208.88001835160247,208.88001835160247,0.0,0,0.0,,0.0
2.05,8,0.03666666666666666,dro,208.88001835160247,208.88001835160247,0.0,0,0.0,,0.0
2.1,8,0.03666666666666666,myopic,208.88001835160247,209.32229021576353,0.44227186416105724,0,0.0,,0.0
2.1,8,0.03666666666666666,nominal_dynamic,208.88001835160247,209.32229021576353,0.44227186416105724,0,0.0,,0.0
2.1,8,0.03666666666666666,dro,208.88001835160247,209.32229021576353,0.44227186416105724,0,0.0,,0.0
2.15,8,0.03666666666666666,myopic,208.88001835160247,211.11169650472112,2.2316781531186507,0,0.0,,0.0
2.15,8,0.03666666666666666,nominal_dynamic,208.88001835160247,211.11169650472112,2.2316781531186507,0,0.0,,0.0
2.15,8,0.03666666666666666,dro,208.88001835160247,211.11169650472112,2.2316781531186507,0,0.0,,0.0
2.2,8,0.03666666666666666,myopic,215.43919730992639,215.43919730992639,0.0,4,0.3,1.0,0.3
2.2,8,0.03666666666666666,nominal_dynamic,210.4670227713697,215.43919730992639,4.972174538556686,1,0.3,12.0,0.0
2.2,8,0.03666666666666666,dro,208.88001835160247,215.43919730992639,6.559178958323912,0,0.0,,0.0
2.25,8,0.03666666666666666,myopic,220.4322482041269,220.4322482041269,0.0,4,0.3,1.0,0.3
2.25,8,0.03666666666666666,nominal_dynamic,220.37549781148854,220.4322482041269,0.05675039263834947,4,0.3,1.0,0.3
2.25,8,0.03666666666666666,dro,211.67509986265915,220.4322482041269,8.75714834146774,1,0.3,12.0,0.0
2.3,8,0.03666666666666666,myopic,225.4252990983274,225.4252990983274,0.0,4,0.3,1.0,0.3
2.3,8,0.03666666666666666,nominal_dynamic,225.34402031573086,225.4252990983274,0.08127878259654153,4,0.3,1.0,0.3
2.3,8,0.03666666666666666,dro,212.8831769539486,225.4252990983274,12.542122144378794,1,0.3,12.0,0.0
2.35,8,0.03666666666666666,myopic,230.4183499925279,230.4183499925279,0.0,4,0.3,1.0,0.3
2.35,8,0.03666666666666666,nominal_dynamic,230.31254281997323,230.4183499925279,0.10580717255467675,4,0.3,1.0,0.3
2.35,8,0.03666666666666666,dro,230.2035051344097,230.4183499925279,0.2148448581181981,4,0.3,3.0,0.0
2.4,8,0.03666666666666666,myopic,235.41140088672847,235.41140088672847,0.0,4,0.3,1.0,0.3
2.4,8,0.03666666666666666,nominal_dynamic,235.34672308058254,235.41140088672847,0.06467780614593721,4,0.3,1.0,0.3
2.4,8,0.03666666666666666,dro,235.1467503459406,235.41140088672847,0.2646505407878692,4,0.3,3.0,0.0
2.45,8,0.03666666666666666,myopic,240.40445178092904,240.40445178092904,0.0,4,0.3,1.0,0.3
2.45,8,0.03666666666666666,nominal_dynamic,240.32760199025176,240.40445178092904,0.07684979067727227,4,0.3,1.0,0.3
2.45,8,0.03666666666666666,dro,240.1703916538588,240.40445178092904,0.2340601270702507,4,0.3,1.0,0.3
2.5,8,0.03666666666666666,myopic,245.39750267512954,245.39750267512954,0.0,4,0.3,1.0,0.3
2.5,8,0.03666666666666666,nominal_dynamic,245.30848089992102,245.39750267512954,0.08902177520852206,4,0.3,1.0,0.3
2.5,8,0.03666666666666666,dro,245.12637053756993,245.39750267512954,0.2711321375596185,4,0.3,1.0,0.3
2.55,8,0.03666666666666666,myopic,250.39055356933,250.39055356933,0.0,4,0.3,1.0,0.3
2.55,8,0.03666666666666666,nominal_dynamic,250.28935980959014,250.39055356933,0.10119375973985711,4,0.3,1.0,0.3
2.55,8,0.03666666666666666,dro,250.08234942128098,250.39055356933,0.30820414804901475,4,0.3,1.0,0.3
2.6,8,0.03666666666666666,myopic,255.38360446353062,255.38360446353062,0.0,4,0.3,1.0,0.3
2.6,8,0.03666666666666666,nominal_dynamic,255.27023871925942,255.38360446353062,0.11336574427119217,4,0.3,1.0,0.3
2.6,8,0.03666666666666666,dro,255.1551553411851,255.38360446353062,0.2284491223455234,4,0.3,1.0,0.3
2.65,8,0.03666666666666666,myopic,260.3766553577311,260.3766553577311,0.0,4,0.3,1.0,0.3
2.65,8,0.03666666666666666,nominal_dynamic,260.2511176289286,260.3766553577311,0.1255377288024988,4,0.3,1.0,0.3
2.65,8,0.03666666666666666,dro,260.1236778454274,260.3766553577311,0.2529775123037439,4,0.3,1.0,0.3
2.7,8,0.03666666666666666,myopic,265.36970625193163,265.36970625193163,0.0,4,0.3,1.0,0.3
2.7,8,0.03666666666666666,nominal_dynamic,265.23199653859785,265.36970625193163,0.13770971333377702,4,0.3,1.0,0.3
2.7,8,0.03666666666666666,dro,265.09220034966984,265.36970625193163,0.27750590226179384,4,0.3,1.0,0.3
2.75,8,0.03666666666666666,myopic,270.36275714613214,270.36275714613214,0.0,4,0.3,1.0,0.3
2.75,8,0.03666666666666666,nominal_dynamic,270.212875448267,270.36275714613214,0.14988169786511207,4,0.3,1.0,0.3
2.75,8,0.03666666666666666,dro,270.0607228539121,270.36275714613214,0.3020342922200143,4,0.3,1.0,0.3
2.8,8,0.03666666666666666,myopic,275.3558080403327,275.3558080403327,0.0,4,0.3,1.0,0.3
2.8,8,0.03666666666666666,nominal_dynamic,275.19375435793626,275.3558080403327,0.16205368239644713,4,0.3,1.0,0.3
2.8,8,0.03666666666666666,dro,275.02924535815447,275.3558080403327,0.3265626821782348,4,0.3,1.0,0.3
2.85,8,0.03666666666666666,myopic,280.34885893453327,280.34885893453327,0.0,4,0.3,1.0,0.3
2.85,8,0.03666666666666666,nominal_dynamic,280.1746332676055,280.34885893453327,0.17422566692778219,4,0.3,1.0,0.3
2.85,8,0.03666666666666666,dro,279.9977678623968,280.34885893453327,0.3510910721364553,4,0.3,1.0,0.3
2.9,8,0.03666666666666666,myopic,285.3419098287337,285.3419098287337,0.0,4,0.3,1.0,0.3
2.9,8,0.03666666666666666,nominal_dynamic,285.15551217727466,285.3419098287337,0.1863976514590604,4,0.3,1.0,0.3
2.9,8,0.03666666666666666,dro,285.15551217727466,285.3419098287337,0.1863976514590604,4,0.3,1.0,0.3
2.95,8,0.03666666666666666,myopic,290.3349607229343,290.3349607229343,0.0,4,0.3,1.0,0.3
2.95,8,0.03666666666666666,nominal_dynamic,290.13639108694395,290.3349607229343,0.1985696359903386,4,0.3,1.0,0.3
2.95,8,0.03666666666666666,dro,290.13639108694395,290.3349607229343,0.1985696359903386,4,0.3,1.0,0.3
3.0,8,0.03666666666666666,myopic,295.3280116171348,295.3280116171348,0.0,4,0.3,1.0,0.3
3.0,8,0.03666666666666666,nominal_dynamic,295.1172699966131,295.3280116171348,0.21074162052167367,4,0.3,1.0,0.3
3.0,8,0.03666666666666666,dro,295.1172699966131,295.3280116171348,0.21074162052167367,4,0.3,1.0,0.3
0.0,9,0.028333333333333335,myopic,208.88001835160247,208.88001835160247,0.0,0,0.0,,0.0
0.0,9,0.028333333333333335,nominal_dynamic,208.88001835160247,208.88001835160247,0.0,0,0.0,,0.0
0.0,9,0.028333333333333335,dro,208.88001835160247,208.88001835160247,0.0,0,0.0,,0.0
0.05,9,0.028333333333333335,myopic,208.88001835160247,208.88001835160247,0.0,0,0.0,,0.0
0.05,9,0.028333333333333335,nominal_dynamic,208.88001835160247,208.88001835160247,0.0,0,0.0,,0.0
0.05,9,0.028333333333333335,dro,208.88001835160247,208.88001835160247,0.0,0,0.0,,0.0
0.1,9,0.028333333333333335,myopic,208.88001835160247,208.88001835160247,0.0,0,0.0,,0.0
0.1,9,0.028333333333333335,nominal_dynamic,208.88001835160247,208.88001835160247,0.0,0,0.0,,0.0
0.1,9,0.028333333333333335,dro,208.88001835160247,208.88001835160247,0.0,0,0.0,,0.0
0.15,9,0.028333333333333335,myopic,208.88001835160247,208.88001835160247,0.0,0,0.0,,0.0
0.15,9,0.028333333333333335,nominal_dynamic,208.88001835160247,208.88001835160247,0.0,0,0.0,,0.0
0.15,9,0.028333333333333335,dro,208.88001835160247,208.88001835160247,0.0,0,0.0,,0.0
0.2,9,0.028333333333333335,myopic,208.88001835160247,208.88001835160247,0.0,0,0.0,,0.0
0.2,9,0.028333333333333335,nominal_dynamic,208.88001835160247,208.88001835160247,0.0,0,0.0,,0.0
0.2,9,0.028333333333333335,dro,208.88001835160247,208.88001835160247,0.0,0,0.0,,0.0
0.25,9,0.028333333333333335,myopic,208.88001835160247,208.88001835160247,0.0,0,0.0,,0.0
0.25,9,0.028333333333333335,nominal_dynamic,208.88001835160247,208.88001835160247,0.0,0,0.0,,0.0
0.25,9,0.028333333333333335,dro,208.88001835160247,208.88001835160247,0.0,0,0.0,,0.0
0.3,9,0.028333333333333335,myopic,208.88001835160247,208.88001835160247,0.0,0,0.0,,0.0
0.3,9,0.028333333333333335,nominal_dynamic,208.88001835160247,208.88001835160247,0.0,0,0.0,,0.0
0.3,9,0.028333333333333335,dro,208.88001835160247,208.88001835160247,0.0,0,0.0,,0.0
0.35,9,0.028333333333333335,myopic,208.88001835160247,208.88001835160247,0.0,0,0.0,,0.0
0.35,9,0.028333333333333335,nominal_dynamic,208.88001835160247,208.88001835160247,0.0,0,0.0,,0.0
0.35,9,0.028333333333333335,dro,208.88001835160247,208.88001835160247,0.0,0,0.0,,0.0
0.4,9,0.028333333333333335,myopic,208.88001835160247,208.88001835160247,0.0,0,0.0,,0.0
0.4,9,0.028333333333333335,nominal_dynamic,208.88001835160247,208.88001835160247,0.0,0,0.0,,0.0
0.4,9,0.028333333333333335,dro,208.88001835160247,208.88001835160247,0.0,0,0.0,,0.0
0.45,9,0.028333333333333335,myopic,208.88001835160247,208.88001835160247,0.0,0,0.0,,0.0
0.45,9,0.028333333333333335,nominal_dynamic,208.88001835160247,208.88001835160247,0.0,0,0.0,,0.0
0.45,9,0.028333333333333335,dro,208.88001835160247,208.88001835160247,0.0,0,0.0,,0.0
0.5,9,0.028333333333333335,myopic,208.88001835160247,208.88001835160247,0.0,0,0.0,,0.0
0.5,9,0.028333333333333335,nominal_dynamic,208.88001835160247,208.88001835160247,0.0,0,0.0,,0.0
0.5,9,0.028333333333333335,dro,208.88001835160247,208.88001835160247,0.0,0,0.0,,0.0
0.55,9,0.028333333333333335,myopic,208.88001835160247,208.88001835160247,0.0,0,0.0,,0.0
0.55,9,0.028333333333333335,nominal_dynamic,208.88001835160247,208.88001835160247,0.0,0,0.0,,0.0
0.55,9,0.028333333333333335,dro,208.88001835160247,208.88001835160247,0.0,0,0.0,,0.0
0.6,9,0.028333333333333335,myopic,208.88001835160247,208.88001835160247,0.0,0,0.0,,0.0
0.6,9,0.028333333333333335,nominal_dynamic,208.88001835160247,208.88001835160247,0.0,0,0.0,,0.0
0.6,9,0.028333333333333335,dro,208.88001835160247,208.88001835160247,0.0,0,0.0,,0.0
0.65,9,0.028333333333333335,myopic,208.88001835160247,208.88001835160247,0.0,0,0.0,,0.0
0.65,9,0.028333333333333335,nominal_dynamic,208.88001835160247,208.88001835160247,0.0,0,0.0,,0.0
0.65,9,0.028333333333333335,dro,208.88001835160247,208.88001835160247,0.0,0,0.0,,0.0
0.7,9,0.028333333333333335,myopic,208.88001835160247,208.88001835160247,0.0,0,0.0,,0.0
0.7,9,0.028333333333333335,nominal_dynamic,208.88001835160247,208.88001835160247,0.0,0,0.0,,0.0
0.7,9,0.028333333333333335,dro,208.88001835160247,208.88001835160247,0.0,0,0.0,,0.0
0.75,9,0.028333333333333335,myopic,208.88001835160247,208.88001835160247,0.0,0,0.0,,0.0
0.75,9,0.028333333333333335,nominal_dynamic,208.88001835160247,208.88001835160247,0.0,0,0.0,,0.0
0.75,9,0.028333333333333335,dro,208.88001835160247,208.88001835160247,0.0,0,0.0,,0.0
0.8,9,0.028333333333333335,myopic,208.88001835160247,208.88001835160247,0.0,0,0.0,,0.0
0.8,9,0.028333333333333335,nominal_dynamic,208.88001835160247,208.88001835160247,0.0,0,0.0,,0.0
0.8,9,0.028333333333333335,dro,208.88001835160247,208.88001835160247,0.0,0,0.0,,0.0
0.85,9,0.028333333333333335,myopic,208.88001835160247,208.88001835160247,0.0,0,0.0,,0.0
0.85,9,0.028333333333333335,nominal_dynamic,208.88001835160247,208.88001835160247,0.0,0,0.0,,0.0
0.85,9,0.028333333333333335,dro,208.88001835160247,208.88001835160247,0.0,0,0.0,,0.0
0.9,9,0.028333333333333335,myopic,208.88001835160247,208.88001835160247,0.0,0,0.0,,0.0
0.9,9,0.028333333333333335,nominal_dynamic,208.88001835160247,208.88001835160247,0.0,0,0.0,,0.0
0.9,9,0.028333333333333335,dro,208.88001835160247,208.88001835160247,0.0,0,0.0,,0.0
0.95,9,0.028333333333333335,myopic,208.88001835160247,208.88001835160247,0.0,0,0.0,,0.0
0.95,9,0.028333333333333335,nominal_dynamic,208.88001835160247,208.88001835160247,0.0,0,0.0,,0.0
0.95,9,0.028333333333333335,dro,208.88001835160247,208.88001835160247,0.0,0,0.0,,0.0
1.0,9,0.028333333333333335,myopic,208.88001835160247,208.88001835160247,0.0,0,0.0,,0.0
1.0,9,0.028333333333333335,nominal_dynamic,208.88001835160247,208.88001835160247,0.0,0,0.0,,0.0
1.0,9,0.028333333333333335,dro,208.88001835160247,208.88001835160247,0.0,0,0.0,,0.0
1.05,9,0.028333333333333335,myopic,208.88001835160247,208.88001835160247,0.0,0,0.0,,0.0
1.05,9,0.028333333333333335,nominal_dynamic,208.88001835160247,208.88001835160247,0.0,0,0.0,,0.0
1.05,9,0.028333333333333335,dro,208.88001835160247,208.88001835160247,0.0,0,0.0,,0.0
1.1,9,0.028333333333333335,myopic,208.88001835160247,208.88001835160247,0.0,0,0.0,,0.0
1.1,9,0.028333333333333335,nominal_dynamic,208.88001835160247,208.88001835160247,0.0,0,0.0,,0.0
1.1,9,0.028333333333333335,dro,208.88001835160247,208.88001835160247,0.0,0,0.0,,0.0
1.15,9,0.028333333333333335,myopic,208.88001835160247,208.88001835160247,0.0,0,0.0,,0.0
1.15,9,0.028333333333333335,nominal_dynamic,208.88001835160247,208.88001835160247,0.0,0,0.0,,0.0
1.15,9,0.028333333333333335,dro,208.88001835160247,208.88001835160247,0.0,0,0.0,,0.0
1.2,9,0.028333333333333335,myopic,208.88001835160247,208.88001835160247,0.0,0,0.0,,0.0
1.2,9,0.028333333333333335,nominal_dynamic,208.88001835160247,208.88001835160247,0.0,0,0.0,,0.0
1.2,9,0.028333333333333335,dro,208.88001835160247,208.88001835160247,0.0,0,0.0,,0.0
1.25,9,0.028333333333333335,myopic,208.88001835160247,208.88001835160247,0.0,0,0.0,,0.0
1.25,9,0.028333333333333335,nominal_dynamic,208.88001835160247,208.88001835160247,0.0,0,0.0,,0.0
1.25,9,0.028333333333333335,dro,208.88001835160247,208.88001835160247,0.0,0,0.0,,0.0
1.3,9,0.028333333333333335,myopic,208.88001835160247,208.88001835160247,0.0,0,0.0,,0.0
1.3,9,0.028333333333333335,nominal_dynamic,208.88001835160247,208.88001835160247,0.0,0,0.0,,0.0
1.3,9,0.028333333333333335,dro,208.88001835160247,208.88001835160247,0.0,0,0.0,,0.0
1.35,9,0.028333333333333335,myopic,208.88001835160247,208.88001835160247,0.0,0,0.0,,0.0
1.35,9,0.028333333333333335,nominal_dynamic,208.88001835160247,208.88001835160247,0.0,0,0.0,,0.0
1.35,9,0.028333333333333335,dro,208.88001835160247,208.88001835160247,0.0,0,0.0,,0.0
1.4,9,0.028333333333333335,myopic,208.88001835160247,208.88001835160247,0.0,0,0.0,,0.0
1.4,9,0.028333333333333335,nominal_dynamic,208.88001835160247,208.88001835160247,0.0,0,0.0,,0.0
1.4,9,0.028333333333333335,dro,208.88001835160247,208.88001835160247,0.0,0,0.0,,0.0
1.45,9,0.028333333333333335,myopic,208.88001835160247,208.88001835160247,0.0,0,0.0,,0.0
1.45,9,0.028333333333333335,nominal_dynamic,208.88001835160247,208.88001835160247,0.0,0,0.0,,0.0
1.45,9,0.028333333333333335,dro,208.88001835160247,208.88001835160247,0.0,0,0.0,,0.0
1.5,9,0.028333333333333335,myopic,208.88001835160247,208.88001835160247,0.0,0,0.0,,0.0
1.5,9,0.028333333333333335,nominal_dynamic,208.88001835160247,208.88001835160247,0.0,0,0.0,,0.0
1.5,9,0.028333333333333335,dro,208.88001835160247,208.88001835160247,0.0,0,0.0,,0.0
1.55,9,0.028333333333333335,myopic,208.88001835160247,208.88001835160247,0.0,0,0.0,,0.0
1.55,9,0.028333333333333335,nominal_dynamic,208.88001835160247,208.88001835160247,0.0,0,0.0,,0.0
1.55,9,0.028333333333333335,dro,208.88001835160247,208.88001835160247,0.0,0,0.0,,0.0
1.6,9,0.028333333333333335,myopic,208.88001835160247,208.88001835160247,0.0,0,0.0,,0.0
1.6,9,0.028333333333333335,nominal_dynamic,208.88001835160247,208.88001835160247,0.0,0,0.0,,0.0
1.6,9,0.028333333333333335,dro,208.88001835160247,208.88001835160247,0.0,0,0.0,,0.0
1.65,9,0.028333333333333335,myopic,208.88001835160247,208.88001835160247,0.0,0,0.0,,0.0
1.65,9,0.028333333333333335,nominal_dynamic,208.88001835160247,208.88001835160247,0.0,0,0.0,,0.0
1.65,9,0.028333333333333335,dro,208.88001835160247,208.88001835160247,0.0,0,0.0,,0.0
1.7,9,0.028333333333333335,myopic,208.88001835160247,208.88001835160247,0.0,0,0.0,,0.0
1.7,9,0.028333333333333335,nominal_dynamic,208.88001835160247,208.88001835160247,0.0,0,0.0,,0.0
1.7,9,0.028333333333333335,dro,208.88001835160247,208.88001835160247,0.0,0,0.0,,0.0
1.75,9,0.028333333333333335,myopic,208.88001835160247,208.88001835160247,0.0,0,0.0,,0.0
1.75,9,0.028333333333333335,nominal_dynamic,208.88001835160247,208.88001835160247,0.0,0,0.0,,0.0
1.75,9,0.028333333333333335,dro,208.88001835160247,208.88001835160247,0.0,0,0.0,,0.0
1.8,9,0.028333333333333335,myopic,208.88001835160247,208.88001835160247,0.0,0,0.0,,0.0
1.8,9,0.028333333333333335,nominal_dynamic,208.88001835160247,208.88001835160247,0.0,0,0.0,,0.0
1.8,9,0.028333333333333335,dro,208.88001835160247,208.88001835160247,0.0,0,0.0,,0.0
1.85,9,0.028333333333333335,myopic,208.88001835160247,208.88001835160247,0.0,0,0.0,,0.0
1.85,9,0.028333333333333335,nominal_dynamic,208.88001835160247,208.88001835160247,0.0,0,0.0,,0.0
1.85,9,0.028333333333333335,dro,208.88001835160247,208.88001835160247,0.0,0,0.0,,0.0
1.9,9,0.028333333333333335,myopic,208.88001835160247,208.88001835160247,0.0,0,0.0,,0.0
1.9,9,0.028333333333333335,nominal_dynamic,208.88001835160247,208.88001835160247,0.0,0,0.0,,0.0
1.9,9,0.028333333333333335,dro,208.88001835160247,208.88001835160247,0.0,0,0.0,,0.0
1.95,9,0.028333333333333335,myopic,208.88001835160247,208.88001835160247,0.0,0,0.0,,0.0
1.95,9,0.028333333333333335,nominal_dynamic,208.88001835160247,208.88001835160247,0.0,0,0.0,,0.0
1.95,9,0.028333333333333335,dro,208.88001835160247,208.88001835160247,0.0,0,0.0,,0.0
2.0,9,0.028333333333333335,myopic,208.88001835160247,208.88001835160247,0.0,0,0.0,,0.0
2.0,9,0.028333333333333335,nominal_dynamic,208.88001835160247,208.88001835160247,0.0,0,0.0,,0.0
2.0,9,0.028333333333333335,dro,208.88001835160247,208.88001835160247,0.0,0,0.0,,0.0
2.05,9,0.028333333333333335,myopic,208.88001835160247,208.88001835160247,0.0,0,0.0,,0.0
2.05,9,0.028333333333333335,nominal_dynamic,208.88001835160247,208.88001835160247,0.0,0,0.0,,0.0
2.05,9,0.028333333333333335,dro,208.88001835160247,208.88001835160247,0.0,0,0.0,,0.0
2.1,9,0.028333333333333335,myopic,208.88001835160247,209.04358845721748,0.1635701056150083,0,0.0,,0.0
2.1,9,0.028333333333333335,nominal_dynamic,208.88001835160247,209.04358845721748,0.1635701056150083,0,0.0,,0.0
2.1,9,0.028333333333333335,dro,208.88001835160247,209.04358845721748,0.1635701056150083,0,0.0,,0.0
2.15,9,0.028333333333333335,myopic,208.88001835160247,209.37613011648813,0.49611176488565434,0,0.0,,0.0
2.15,9,0.028333333333333335,nominal_dynamic,208.88001835160247,209.37613011648813,0.49611176488565434,0,0.0,,0.0
2.15,9,0.028333333333333335,dro,208.88001835160247,209.37613011648813,0.49611176488565434,0,0.0,,0.0
2.2,9,0.028333333333333335,myopic,207.38487252200912,210.53448595580215,3.1496134337930357,4,0.3,1.0,0.3
2.2,9,0.028333333333333335,nominal_dynamic,210.29892410642142,210.53448595580215,0.23556184938072988,1,0.3,12.0,0.0
2.2,9,0.028333333333333335,dro,208.88001835160247,210.53448595580215,1.6544676041996809,0,0.0,,0.0
2.25,9,0.028333333333333335,myopic,212.3247933312508,214.0685202658234,1.7437269345726065,4,0.3,1.0,0.3
2.25,9,0.028333333333333335,nominal_dynamic,214.0658686062963,214.0685202658234,0.002651659527089123,4,0.3,1.0,0.3
2.25,9,0.028333333333333335,dro,211.496034665258,214.0685202658234,2.572485600565386,1,0.3,12.0,0.0
2.3,9,0.028333333333333335,myopic,217.2647141404925,218.99888788583988,1.734173745347391,4,0.3,1.0,0.3
2.3,9,0.028333333333333335,nominal_dynamic,218.98406392473632,218.99888788583988,0.014823961103559213,4,0.3,1.0,0.3
2.3,9,0.028333333333333335,dro,212.69314522409462,218.99888788583988,6.305742661745256,1,0.3,12.0,0.0
2.35,9,0.028333333333333335,myopic,222.20463494973419,223.92925550585636,1.7246205561221757,4,0.3,1.0,0.3
2.35,9,0.028333333333333335,nominal_dynamic,223.90225924317636,223.92925550585636,0.026996262680000882,4,0.3,1.0,0.3
2.35,9,0.028333333333333335,dro,223.824890515727,223.92925550585636,0.10436499012936906,4,0.3,3.0,0.0
2.4,9,0.028333333333333335,myopic,227.1445557589759,228.85962312587284,1.7150673668969318,4,0.3,1.0,0.3
2.4,9,0.028333333333333335,nominal_dynamic,228.85962312587284,228.85962312587284,0.0,4,0.3,1.0,0.3
2.4,9,0.028333333333333335,dro,228.7155356148965,228.85962312587284,0.144087510976334,4,0.3,3.0,0.0
2.45,9,0.028333333333333335,myopic,232.0844765682176,233.78999074588933,1.7055141776717164,4,0.3,1.0,0.3
2.45,9,0.028333333333333335,nominal_dynamic,233.78999074588933,233.78999074588933,0.0,4,0.3,1.0,0.3
2.45,9,0.028333333333333335,dro,233.68069797821653,233.78999074588933,0.10929276767279816,4,0.3,1.0,0.3
2.5,9,0.028333333333333335,myopic,237.0243973774593,238.7203583659058,1.695960988446501,4,0.3,1.0,0.3
2.5,9,0.028333333333333335,nominal_dynamic,238.7203583659058,238.7203583659058,0.0,4,0.3,1.0,0.3
2.5,9,0.028333333333333335,dro,238.58651954200383,238.7203583659058,0.1338388239019821,4,0.3,1.0,0.3
2.55,9,0.028333333333333335,myopic,241.96431818670095,243.65072598592224,1.6864077992212856,4,0.3,1.0,0.3
2.55,9,0.028333333333333335,nominal_dynamic,243.65072598592224,243.65072598592224,0.0,4,0.3,1.0,0.3
2.55,9,0.028333333333333335,dro,243.49234110579107,243.65072598592224,0.15838488013116603,4,0.3,1.0,0.3
2.6,9,0.028333333333333335,myopic,246.9042389959427,248.58109360593878,1.6768546099960702,4,0.3,1.0,0.3
2.6,9,0.028333333333333335,nominal_dynamic,248.58109360593878,248.58109360593878,0.0,4,0.3,1.0,0.3
2.6,9,0.028333333333333335,dro,248.49323583537637,248.58109360593878,0.08785777056240818,4,0.3,1.0,0.3
2.65,9,0.028333333333333335,myopic,251.84415980518438,253.51146122595523,1.6673014207708547,4,0.3,1.0,0.3
2.65,9,0.028333333333333335,nominal_dynamic,253.51146122595523,253.51146122595523,0.0,4,0.3,1.0,0.3
2.65,9,0.028333333333333335,dro,253.4114311538164,253.51146122595523,0.10003007213882142,4,0.3,1.0,0.3
2.7,9,0.028333333333333335,myopic,256.78408061442616,258.44182884597177,1.657748231545611,4,0.3,1.0,0.3
2.7,9,0.028333333333333335,nominal_dynamic,258.44182884597177,258.44182884597177,0.0,4,0.3,1.0,0.3
2.7,9,0.028333333333333335,dro,258.32962647225645,258.44182884597177,0.11220237371531994,4,0.3,1.0,0.3
2.75,9,0.028333333333333335,myopic,261.7240014236678,263.37219646598817,1.648195042320367,4,0.3,1.0,0.3
2.75,9,0.028333333333333335,nominal_dynamic,263.37219646598817,263.37219646598817,0.0,4,0.3,1.0,0.3
2.75,9,0.028333333333333335,dro,263.24782179069643,263.37219646598817,0.12437467529173318,4,0.3,1.0,0.3
2.8,9,0.028333333333333335,myopic,266.6639222329095,268.3025640860047,1.63864185309518,4,0.3,1.0,0.3
2.8,9,0.028333333333333335,nominal_dynamic,268.3025640860047,268.3025640860047,0.0,4,0.3,1.0,0.3
2.8,9,0.028333333333333335,dro,268.1660171091364,268.3025640860047,0.13654697686826012,4,0.3,1.0,0.3
2.85,9,0.028333333333333335,myopic,271.6038430421512,273.23293170602113,1.6290886638699362,4,0.3,1.0,0.3
2.85,9,0.028333333333333335,nominal_dynamic,273.23293170602113,273.23293170602113,0.0,4,0.3,1.0,0.3
2.85,9,0.028333333333333335,dro,273.08421242757646,273.23293170602113,0.14871927844467336,4,0.3,1.0,0.3
2.9,9,0.028333333333333335,myopic,276.5437638513929,278.16329932603765,1.6195354746447492,4,0.3,1.0,0.3
2.9,9,0.028333333333333335,nominal_dynamic,278.16329932603765,278.16329932603765,0.0,4,0.3,1.0,0.3
2.9,9,0.028333333333333335,dro,278.16329932603765,278.16329932603765,0.0,4,0.3,1.0,0.3
2.95,9,0.028333333333333335,myopic,281.4836846606346,283.0936669460541,1.6099822854195054,4,0.3,1.0,0.3
2.95,9,0.028333333333333335,nominal_dynamic,283.0936669460541,283.0936669460541,0.0,4,0.3,1.0,0.3
2.95,9,0.028333333333333335,dro,283.0936669460541,283.0936669460541,0.0,4,0.3,1.0,0.3
3.0,9,0.028333333333333335,myopic,286.42360546987624,288.02403456607055,1.6004290961943184,4,0.3,1.0,0.3
3.0,9,0.028333333333333335,nominal_dynamic,288.02403456607055,288.02403456607055,0.0,4,0.3,1.0,0.3
3.0,9,0.028333333333333335,dro,288.02403456607055,288.02403456607055,0.0,4,0.3,1.0,0.3
0.0,10,0.025000000000000005,myopic,208.88001835160247,208.88001835160247,0.0,0,0.0,,0.0
0.0,10,0.025000000000000005,nominal_dynamic,208.88001835160247,208.88001835160247,0.0,0,0.0,,0.0
0.0,10,0.025000000000000005,dro,208.88001835160247,208.88001835160247,0.0,0,0.0,,0.0
0.05,10,0.025000000000000005,myopic,208.88001835160247,208.88001835160247,0.0,0,0.0,,0.0
0.05,10,0.025000000000000005,nominal_dynamic,208.88001835160247,208.88001835160247,0.0,0,0.0,,0.0
0.05,10,0.025000000000000005,dro,208.88001835160247,208.88001835160247,0.0,0,0.0,,0.0
0.1,10,0.025000000000000005,myopic,208.88001835160247,208.88001835160247,0.0,0,0.0,,0.0
0.1,10,0.025000000000000005,nominal_dynamic,208.88001835160247,208.88001835160247,0.0,0,0.0,,0.0
0.1,10,0.025000000000000005,dro,208.88001835160247,208.88001835160247,0.0,0,0.0,,0.0
0.15,10,0.025000000000000005,myopic,208.88001835160247,208.88001835160247,0.0,0,0.0,,0.0
0.15,10,0.025000000000000005,nominal_dynamic,208.88001835160247,208.88001835160247,0.0,0,0.0,,0.0
0.15,10,0.025000000000000005,dro,208.88001835160247,208.88001835160247,0.0,0,0.0,,0.0
0.2,10,0.025000000000000005,myopic,208.88001835160247,208.88001835160247,0.0,0,0.0,,0.0
0.2,10,0.025000000000000005,nominal_dynamic,208.88001835160247,208.88001835160247,0.0,0,0.0,,0.0
0.2,10,0.025000000000000005,dro,208.88001835160247,208.88001835160247,0.0,0,0.0,,0.0
0.25,10,0.025000000000000005,myopic,208.88001835160247,208.88001835160247,0.0,0,0.0,,0.0
0.25,10,0.025000000000000005,nominal_dynamic,208.88001835160247,208.88001835160247,0.0,0,0.0,,0.0
0.25,10,0.025000000000000005,dro,208.88001835160247,208.88001835160247,0.0,0,0.0,,0.0
0.3,10,0.025000000000000005,myopic,208.88001835160247,208.88001835160247,0.0,0,0.0,,0.0
0.3,10,0.025000000000000005,nominal_dynamic,208.88001835160247,208.88001835160247,0.0,0,0.0,,0.0
0.3,10,0.025000000000000005,dro,208.88001835160247,208.88001835160247,0.0,0,0.0,,0.0
0.35,10,0.025000000000000005,myopic,208.88001835160247,208.88001835160247,0.0,0,0.0,,0.0
0.35,10,0.025000000000000005,nominal_dynamic,208.88001835160247,208.88001835160247,0.0,0,0.0,,0.0
0.35,10,0.025000000000000005,dro,208.88001835160247,208.88001835160247,0.0,0,0.0,,0.0
0.4,10,0.025000000000000005,myopic,208.88001835160247,208.88001835160247,0.0,0,0.0,,0.0
0.4,10,0.025000000000000005,nominal_dynamic,208.88001835160247,208.88001835160247,0.0,0,0.0,,0.0
0.4,10,0.025000000000000005,dro,208.88001835160247,208.88001835160247,0.0,0,0.0,,0.0
0.45,10,0.025000000000000005,myopic,208.88001835160247,208.88001835160247,0.0,0,0.0,,0.0
0.45,10,0.025000000000000005,nominal_dynamic,208.88001835160247,208.88001835160247,0.0,0,0.0,,0.0
0.45,10,0.025000000000000005,dro,208.88001835160247,208.88001835160247,0.0,0,0.0,,0.0
0.5,10,0.025000000000000005,myopic,208.88001835160247,208.88001835160247,0.0,0,0.0,,0.0
0.5,10,0.025000000000000005,nominal_dynamic,208.88001835160247,208.88001835160247,0.0,0,0.0,,0.0
0.5,10,0.025000000000000005,dro,208.88001835160247,208.88001835160247,0.0,0,0.0,,0.0
0.55,10,0.025000000000000005,myopic,208.88001835160247,208.88001835160247,0.0,0,0.0,,0.0
0.55,10,0.025000000000000005,nominal_dynamic,208.88001835160247,208.88001835160247,0.0,0,0.0,,0.0
0.55,10,0.025000000000000005,dro,208.88001835160247,208.88001835160247,0.0,0,0.0,,0.0
0.6,10,0.025000000000000005,myopic,208.88001835160247,208.88001835160247,0.0,0,0.0,,0.0
0.6,10,0.025000000000000005,nominal_dynamic,208.88001835160247,208.88001835160247,0.0,0,0.0,,0.0
0.6,10,0.025000000000000005,dro,208.88001835160247,208.88001835160247,0.0,0,0.0,,0.0
0.65,10,0.025000000000000005,myopic,208.88001835160247,208.88001835160247,0.0,0,0.0,,0.0
0.65,10,0.025000000000000005,nominal_dynamic,208.88001835160247,208.88001835160247,0.0,0,0.0,,0.0
0.65,10,0.025000000000000005,dro,208.88001835160247,208.88001835160247,0.0,0,0.0,,0.0
0.7,10,0.025000000000000005,myopic,208.88001835160247,208.88001835160247,0.0,0,0.0,,0.0
0.7,10,0.025000000000000005,nominal_dynamic,208.88001835160247,208.88001835160247,0.0,0,0.0,,0.0
0.7,10,0.025000000000000005,dro,208.88001835160247,208.88001835160247,0.0,0,0.0,,0.0
0.75,10,0.025000000000000005,myopic,208.88001835160247,208.88001835160247,0.0,0,0.0,,0.0
0.75,10,0.025000000000000005,nominal_dynamic,208.88001835160247,208.88001835160247,0.0,0,0.0,,0.0
0.75,10,0.025000000000000005,dro,208.88001835160247,208.88001835160247,0.0,0,0.0,,0.0
0.8,10,0.025000000000000005,myopic,208.88001835160247,208.88001835160247,0.0,0,0.0,,0.0
0.8,10,0.025000000000000005,nominal_dynamic,208.88001835160247,208.88001835160247,0.0,0,0.0,,0.0
0.8,10,0.025000000000000005,dro,208.88001835160247,208.88001835160247,0.0,0,0.0,,0.0
0.85,10,0.025000000000000005,myopic,208.88001835160247,208.88001835160247,0.0,0,0.0,,0.0
0.85,10,0.025000000000000005,nominal_dynamic,208.88001835160247,208.88001835160247,0.0,0,0.0,,0.0
0.85,10,0.025000000000000005,dro,208.88001835160247,208.88001835160247,0.0,0,0.0,,0.0
0.9,10,0.025000000000000005,myopic,208.88001835160247,208.88001835160247,0.0,0,0.0,,0.0
0.9,10,0.025000000000000005,nominal_dynamic,208.88001835160247,208.88001835160247,0.0,0,0.0,,0.0
0.9,10,0.025000000000000005,dro,208.88001835160247,208.88001835160247,0.0,0,0.0,,0.0
0.95,10,0.025000000000000005,myopic,208.88001835160247,208.88001835160247,0.0,0,0.0,,0.0
0.95,10,0.025000000000000005,nominal_dynamic,208.88001835160247,208.88001835160247,0.0,0,0.0,,0.0
0.95,10,0.025000000000000005,dro,208.88001835160247,208.88001835160247,0.0,0,0.0,,0.0
1.0,10,0.025000000000000005,myopic,208.88001835160247,208.88001835160247,0.0,0,0.0,,0.0
1.0,10,0.025000000000000005,nominal_dynamic,208.88001835160247,208.88001835160247,0.0,0,0.0,,0.0
1.0,10,0.025000000000000005,dro,208.88001835160247,208.88001835160247,0.0,0,0.0,,0.0
1.05,10,0.025000000000000005,myopic,208.88001835160247,208.88001835160247,0.0,0,0.0,,0.0
1.05,10,0.025000000000000005,nominal_dynamic,208.88001835160247,208.88001835160247,0.0,0,0.0,,0.0
1.05,10,0.025000000000000005,dro,208.88001835160247,208.88001835160247,0.0,0,0.0,,0.0
1.1,10,0.025000000000000005,myopic,208.88001835160247,208.88001835160247,0.0,0,0.0,,0.0
1.1,10,0.025000000000000005,nominal_dynamic,208.88001835160247,208.88001835160247,0.0,0,0.0,,0.0
1.1,10,0.025000000000000005,dro,208.88001835160247,208.88001835160247,0.0,0,0.0,,0.0
1.15,10,0.025000000000000005,myopic,208.88001835160247,208.88001835160247,0.0,0,0.0,,0.0
1.15,10,0.025000000000000005,nominal_dynamic,208.88001835160247,208.88001835160247,0.0,0,0.0,,0.0
1.15,10,0.025000000000000005,dro,208.88001835160247,208.88001835160247,0.0,0,0.0,,0.0
1.2,10,0.025000000000000005,myopic,208.88001835160247,208.88001835160247,0.0,0,0.0,,0.0
1.2,10,0.025000000000000005,nominal_dynamic,208.88001835160247,208.88001835160247,0.0,0,0.0,,0.0
1.2,10,0.025000000000000005,dro,208.88001835160247,208.88001835160247,0.0,0,0.0,,0.0
1.25,10,0.025000000000000005,myopic,208.88001835160247,208.88001835160247,0.0,0,0.0,,0.0
1.25,10,0.025000000000000005,nominal_dynamic,208.88001835160247,208.88001835160247,0.0,0,0.0,,0.0
1.25,10,0.025000000000000005,dro,208.88001835160247,208.88001835160247,0.0,0,0.0,,0.0
1.3,10,0.025000000000000005,myopic,208.88001835160247,208.88001835160247,0.0,0,0.0,,0.0
1.3,10,0.025000000000000005,nominal_dynamic,208.88001835160247,208.88001835160247,0.0,0,0.0,,0.0
1.3,10,0.025000000000000005,dro,208.88001835160247,208.88001835160247,0.0,0,0.0,,0.0
1.35,10,0.025000000000000005,myopic,208.88001835160247,208.88001835160247,0.0,0,0.0,,0.0
1.35,10,0.025000000000000005,nominal_dynamic,208.88001835160247,208.88001835160247,0.0,0,0.0,,0.0
1.35,10,0.025000000000000005,dro,208.88001835160247,208.88001835160247,0.0,0,0.0,,0.0
1.4,10,0.025000000000000005,myopic,208.88001835160247,208.88001835160247,0.0,0,0.0,,0.0
1.4,10,0.025000000000000005,nominal_dynamic,208.88001835160247,208.88001835160247,0.0,0,0.0,,0.0
1.4,10,0.025000000000000005,dro,208.88001835160247,208.88001835160247,0.0,0,0.0,,0.0
1.45,10,0.025000000000000005,myopic,208.88001835160247,208.88001835160247,0.0,0,0.0,,0.0
1.45,10,0.025000000000000005,nominal_dynamic,208.88001835160247,208.88001835160247,0.0,0,0.0,,0.0
1.45,10,0.025000000000000005,dro,208.88001835160247,208.88001835160247,0.0,0,0.0,,0.0
1.5,10,0.025000000000000005,myopic,208.88001835160247,208.88001835160247,0.0,0,0.0,,0.0
1.5,10,0.025000000000000005,nominal_dynamic,208.88001835160247,208.88001835160247,0.0,0,0.0,,0.0
1.5,10,0.025000000000000005,dro,208.88001835160247,208.88001835160247,0.0,0,0.0,,0.0
1.55,10,0.025000000000000005,myopic,208.88001835160247,208.88001835160247,0.0,0,0.0,,0.0
1.55,10,0.025000000000000005,nominal_dynamic,208.88001835160247,208.88001835160247,0.0,0,0.0,,0.0
1.55,10,0.025000000000000005,dro,208.88001835160247,208.88001835160247,0.0,0,0.0,,0.0
1.6,10,0.025000000000000005,myopic,208.88001835160247,208.88001835160247,0.0,0,0.0,,0.0
1.6,10,0.025000000000000005,nominal_dynamic,208.88001835160247,208.88001835160247,0.0,0,0.0,,0.0
1.6,10,0.025000000000000005,dro,208.88001835160247,208.88001835160247,0.0,0,0.0,,0.0
1.65,10,0.025000000000000005,myopic,208.88001835160247,208.88001835160247,0.0,0,0.0,,0.0
1.65,10,0.025000000000000005,nominal_dynamic,208.88001835160247,208.88001835160247,0.0,0,0.0,,0.0
1.65,10,0.025000000000000005,dro,208.88001835160247,208.88001835160247,0.0,0,0.0,,0.0
1.7,10,0.025000000000000005,myopic,208.88001835160247,208.88001835160247,0.0,0,0.0,,0.0
1.7,10,0.025000000000000005,nominal_dynamic,208.88001835160247,208.88001835160247,0.0,0,0.0,,0.0
1.7,10,0.025000000000000005,dro,208.88001835160247,208.88001835160247,0.0,0,0.0,,0.0
1.75,10,0.025000000000000005,myopic,208.88001835160247,208.88001835160247,0.0,0,0.0,,0.0
1.75,10,0.025000000000000005,nominal_dynamic,208.88001835160247,208.88001835160247,0.0,0,0.0,,0.0
1.75,10,0.025000000000000005,dro,208.88001835160247,208.88001835160247,0.0,0,0.0,,0.0
1.8,10,0.025000000000000005,myopic,208.88001835160247,208.88001835160247,0.0,0,0.0,,0.0
1.8,10,0.025000000000000005,nominal_dynamic,208.88001835160247,208.88001835160247,0.0,0,0.0,,0.0
1.8,10,0.025000000000000005,dro,208.88001835160247,208.88001835160247,0.0,0,0.0,,0.0
1.85,10,0.025000000000000005,myopic,208.88001835160247,208.88001835160247,0.0,0,0.0,,0.0
1.85,10,0.025000000000000005,nominal_dynamic,208.88001835160247,208.88001835160247,0.0,0,0.0,,0.0
1.85,10,0.025000000000000005,dro,208.88001835160247,208.88001835160247,0.0,0,0.0,,0.0
1.9,10,0.025000000000000005,myopic,208.88001835160247,208.88001835160247,0.0,0,0.0,,0.0
1.9,10,0.025000000000000005,nominal_dynamic,208.88001835160247,208.88001835160247,0.0,0,0.0,,0.0
1.9,10,0.025000000000000005,dro,208.88001835160247,208.88001835160247,0.0,0,0.0,,0.0
1.95,10,0.025000000000000005,myopic,208.88001835160247,208.88001835160247,0.0,0,0.0,,0.0
1.95,10,0.025000000000000005,nominal_dynamic,208.88001835160247,208.88001835160247,0.0,0,0.0,,0.0
1.95,10,0.025000000000000005,dro,208.88001835160247,208.88001835160247,0.0,0,0.0,,0.0
2.0,10,0.025000000000000005,myopic,208.88001835160247,208.88001835160247,0.0,0,0.0,,0.0
2.0,10,0.025000000000000005,nominal_dynamic,208.88001835160247,208.88001835160247,0.0,0,0.0,,0.0
2.0,10,0.025000000000000005,dro,208.88001835160247,208.88001835160247,0.0,0,0.0,,0.0
2.05,10,0.025000000000000005,myopic,208.88001835160247,208.88001835160247,0.0,0,0.0,,0.0
2.05,10,0.025000000000000005,nominal_dynamic,208.88001835160247,208.88001835160247,0.0,0,0.0,,0.0
2.05,10,0.025000000000000005,dro,208.88001835160247,208.88001835160247,0.0,0,0.0,,0.0
2.1,10,0.025000000000000005,myopic,208.88001835160247,208.88001835160247,0.0,0,0.0,,0.0
2.1,10,0.025000000000000005,nominal_dynamic,208.88001835160247,208.88001835160247,0.0,0,0.0,,0.0
2.1,10,0.025000000000000005,dro,208.88001835160247,208.88001835160247,0.0,0,0.0,,0.0
2.15,10,0.025000000000000005,myopic,208.88001835160247,208.88001835160247,0.0,0,0.0,,0.0
2.15,10,0.025000000000000005,nominal_dynamic,208.88001835160247,208.88001835160247,0.0,0,0.0,,0.0
2.15,10,0.025000000000000005,dro,208.88001835160247,208.88001835160247,0.0,0,0.0,,0.0
2.2,10,0.025000000000000005,myopic,201.07672348848013,208.88001835160247,7.803294863122346,4,0.3,1.0,0.3
2.2,10,0.025000000000000005,nominal_dynamic,207.4929006604684,208.88001835160247,1.3871176911340797,1,0.3,12.0,0.0
2.2,10,0.025000000000000005,dro,208.88001835160247,208.88001835160247,0.0,0,0.0,,0.0
2.25,10,0.025000000000000005,myopic,205.26603544216158,208.88001835160247,3.6139829094408924,4,0.3,1.0,0.3
2.25,10,0.025000000000000005,nominal_dynamic,205.7780785768915,208.88001835160247,3.101939774710985,4,0.3,1.0,0.3
2.25,10,0.025000000000000005,dro,208.50694999634405,208.88001835160247,0.3730683552584253,1,0.3,12.0,0.0
2.3,10,0.025000000000000005,myopic,209.4553473958431,209.94714362399162,0.4917962281485302,4,0.3,1.0,0.3
2.3,10,0.025000000000000005,nominal_dynamic,209.94740042444678,209.94714362399162,-0.00025680045516196515,4,0.3,1.0,0.3
2.3,10,0.025000000000000005,dro,209.5209993322197,209.94714362399162,0.42614429177191937,1,0.3,12.0,0.0
2.35,10,0.025000000000000005,myopic,213.6446593495246,214.12682063412257,0.48216128459796437,4,0.3,1.0,0.3
2.35,10,0.025000000000000005,nominal_dynamic,214.11672227200208,214.12682063412257,0.010098362120487536,4,0.3,1.0,0.3
2.35,10,0.025000000000000005,dro,214.0917406022117,214.12682063412257,0.03508003191086573,4,0.3,3.0,0.0
2.4,10,0.025000000000000005,myopic,217.8339713032061,218.3064976442535,0.47252634104739855,4,0.3,1.0,0.3
2.4,10,0.025000000000000005,nominal_dynamic,218.3064976442535,218.3064976442535,0.0,4,0.3,1.0,0.3
2.4,10,0.025000000000000005,dro,218.23926416915523,218.3064976442535,0.06723347509827704,4,0.3,3.0,0.0
2.45,10,0.025000000000000005,myopic,222.02328325688762,222.48617465438446,0.4628913974968327,4,0.3,1.0,0.3
2.45,10,0.025000000000000005,nominal_dynamic,222.48617465438446,222.48617465438446,0.0,4,0.3,1.0,0.3
2.45,10,0.025000000000000005,dro,222.42241184269264,222.48617465438446,0.06376281169181652,4,0.3,1.0,0.3
2.5,10,0.025000000000000005,myopic,226.21259521056908,226.6658516645154,0.45325645394632375,4,0.3,1.0,0.3
2.5,10,0.025000000000000005,nominal_dynamic,226.6658516645154,226.6658516645154,0.0,4,0.3,1.0,0.3
2.5,10,0.025000000000000005,dro,226.5812176792517,226.6658516645154,0.08463398526370725,4,0.3,1.0,0.3
2.55,10,0.025000000000000005,myopic,230.40190716425053,230.8455286746463,0.4436215103957579,4,0.3,1.0,0.3
2.55,10,0.025000000000000005,nominal_dynamic,230.8455286746463,230.8455286746463,0.0,4,0.3,1.0,0.3
2.55,10,0.025000000000000005,dro,230.74002351581072,230.8455286746463,0.10550515883556955,4,0.3,1.0,0.3
2.6,10,0.025000000000000005,myopic,234.5912191179321,235.0252056847773,0.4339865668451921,4,0.3,1.0,0.3
2.6,10,0.025000000000000005,nominal_dynamic,235.0252056847773,235.0252056847773,0.0,4,0.3,1.0,0.3
2.6,10,0.025000000000000005,dro,234.96333150977864,235.0252056847773,0.06187417499864978,4,0.3,1.0,0.3
2.65,10,0.025000000000000005,myopic,238.78053107161355,239.20488269490818,0.4243516232946263,4,0.3,1.0,0.3
2.65,10,0.025000000000000005,nominal_dynamic,239.20488269490818,239.20488269490818,0.0,4,0.3,1.0,0.3
2.65,10,0.025000000000000005,dro,239.1326533573339,239.20488269490818,0.07222933757427086,4,0.3,1.0,0.3
2.7,10,0.025000000000000005,myopic,242.96984302529506,243.38455970503918,0.4147166797441173,4,0.3,1.0,0.3
2.7,10,0.025000000000000005,nominal_dynamic,243.38455970503918,243.38455970503918,0.0,4,0.3,1.0,0.3
2.7,10,0.025000000000000005,dro,243.3019752048892,243.38455970503918,0.0825845001499772,4,0.3,1.0,0.3
2.75,10,0.025000000000000005,myopic,247.15915497897652,247.56423671517007,0.4050817361935515,4,0.3,1.0,0.3
2.75,10,0.025000000000000005,nominal_dynamic,247.56423671517007,247.56423671517007,0.0,4,0.3,1.0,0.3
2.75,10,0.025000000000000005,dro,247.47129705244453,247.56423671517007,0.09293966272554144,4,0.3,1.0,0.3
2.8,10,0.025000000000000005,myopic,251.34846693265803,251.743913725301,0.39544679264298566,4,0.3,1.0,0.3
2.8,10,0.025000000000000005,nominal_dynamic,251.743913725301,251.743913725301,0.0,4,0.3,1.0,0.3
2.8,10,0.025000000000000005,dro,251.64061889999982,251.743913725301,0.10329482530119094,4,0.3,1.0,0.3
2.85,10,0.025000000000000005,myopic,255.53777888633948,255.92359073543193,0.38581184909244826,4,0.3,1.0,0.3
2.85,10,0.025000000000000005,nominal_dynamic,255.92359073543193,255.92359073543193,0.0,4,0.3,1.0,0.3
2.85,10,0.025000000000000005,dro,255.80994074755515,255.92359073543193,0.1136499878767836,4,0.3,1.0,0.3
2.9,10,0.025000000000000005,myopic,259.727090840021,260.1032677455629,0.37617690554191086,4,0.3,1.0,0.3
2.9,10,0.025000000000000005,nominal_dynamic,260.1032677455629,260.1032677455629,0.0,4,0.3,1.0,0.3
2.9,10,0.025000000000000005,dro,260.1032677455629,260.1032677455629,0.0,4,0.3,1.0,0.3
2.95,10,0.025000000000000005,myopic,263.9164027937025,264.28294475569385,0.36654196199134503,4,0.3,1.0,0.3
2.95,10,0.025000000000000005,nominal_dynamic,264.28294475569385,264.28294475569385,0.0,4,0.3,1.0,0.3
2.95,10,0.025000000000000005,dro,264.28294475569385,264.28294475569385,0.0,4,0.3,1.0,0.3
3.0,10,0.025000000000000005,myopic,268.105714747384,268.4626217658248,0.3569070184407792,4,0.3,1.0,0.3
3.0,10,0.025000000000000005,nominal_dynamic,268.4626217658248,268.4626217658248,0.0,4,0.3,1.0,0.3
3.0,10,0.025000000000000005,dro,268.4626217658248,268.4626217658248,0.0,4,0.3,1.0,0.3
0.0,11,0.028333333333333335,myopic,208.88001835160247,208.88001835160247,0.0,0,0.0,,0.0
0.0,11,0.028333333333333335,nominal_dynamic,208.88001835160247,208.88001835160247,0.0,0,0.0,,0.0
0.0,11,0.028333333333333335,dro,208.88001835160247,208.88001835160247,0.0,0,0.0,,0.0
0.05,11,0.028333333333333335,myopic,208.88001835160247,208.88001835160247,0.0,0,0.0,,0.0
0.05,11,0.028333333333333335,nominal_dynamic,208.88001835160247,208.88001835160247,0.0,0,0.0,,0.0
0.05,11,0.028333333333333335,dro,208.88001835160247,208.88001835160247,0.0,0,0.0,,0.0
0.1,11,0.028333333333333335,myopic,208.88001835160247,208.88001835160247,0.0,0,0.0,,0.0
0.1,11,0.028333333333333335,nominal_dynamic,208.88001835160247,208.88001835160247,0.0,0,0.0,,0.0
0.1,11,0.028333333333333335,dro,208.88001835160247,208.88001835160247,0.0,0,0.0,,0.0
0.15,11,0.028333333333333335,myopic,208.88001835160247,208.88001835160247,0.0,0,0.0,,0.0
0.15,11,0.028333333333333335,nominal_dynamic,208.88001835160247,208.88001835160247,0.0,0,0.0,,0.0
0.15,11,0.028333333333333335,dro,208.88001835160247,208.88001835160247,0.0,0,0.0,,0.0
0.2,11,0.028333333333333335,myopic,208.88001835160247,208.88001835160247,0.0,0,0.0,,0.0
0.2,11,0.028333333333333335,nominal_dynamic,208.88001835160247,208.88001835160247,0.0,0,0.0,,0.0
0.2,11,0.028333333333333335,dro,208.88001835160247,208.88001835160247,0.0,0,0.0,,0.0
0.25,11,0.028333333333333335,myopic,208.88001835160247,208.88001835160247,0.0,0,0.0,,0.0
0.25,11,0.028333333333333335,nominal_dynamic,208.88001835160247,208.88001835160247,0.0,0,0.0,,0.0
0.25,11,0.028333333333333335,dro,208.88001835160247,208.88001835160247,0.0,0,0.0,,0.0
0.3,11,0.028333333333333335,myopic,208.88001835160247,208.88001835160247,0.0,0,0.0,,0.0
0.3,11,0.028333333333333335,nominal_dynamic,208.88001835160247,208.88001835160247,0.0,0,0.0,,0.0
0.3,11,0.028333333333333335,dro,208.88001835160247,208.88001835160247,0.0,0,0.0,,0.0
0.35,11,0.028333333333333335,myopic,208.88001835160247,208.88001835160247,0.0,0,0.0,,0.0
0.35,11,0.028333333333333335,nominal_dynamic,208.88001835160247,208.88001835160247,0.0,0,0.0,,0.0
0.35,11,0.028333333333333335,dro,208.88001835160247,208.88001835160247,0.0,0,0.0,,0.0
0.4,11,0.028333333333333335,myopic,208.88001835160247,208.88001835160247,0.0,0,0.0,,0.0
0.4,11,0.028333333333333335,nominal_dynamic,208.88001835160247,208.88001835160247,0.0,0,0.0,,0.0
0.4,11,0.028333333333333335,dro,208.88001835160247,208.88001835160247,0.0,0,0.0,,0.0
0.45,11,0.028333333333333335,myopic,208.88001835160247,208.88001835160247,0.0,0,0.0,,0.0
0.45,11,0.028333333333333335,nominal_dynamic,208.88001835160247,208.88001835160247,0.0,0,0.0,,0.0
0.45,11,0.028333333333333335,dro,208.88001835160247,208.88001835160247,0.0,0,0.0,,0.0
0.5,11,0.028333333333333335,myopic,208.88001835160247,208.88001835160247,0.0,0,0.0,,0.0
0.5,11,0.028333333333333335,nominal_dynamic,208.88001835160247,208.88001835160247,0.0,0,0.0,,0.0
0.5,11,0.028333333333333335,dro,208.88001835160247,208.88001835160247,0.0,0,0.0,,0.0
0.55,11,0.028333333333333335,myopic,208.88001835160247,208.88001835160247,0.0,0,0.0,,0.0
0.55,11,0.028333333333333335,nominal_dynamic,208.88001835160247,208.88001835160247,0.0,0,0.0,,0.0
0.55,11,0.028333333333333335,dro,208.88001835160247,208.88001835160247,0.0,0,0.0,,0.0
0.6,11,0.028333333333333335,myopic,208.88001835160247,208.88001835160247,0.0,0,0.0,,0.0
0.6,11,0.028333333333333335,nominal_dynamic,208.88001835160247,208.88001835160247,0.0,0,0.0,,0.0
0.6,11,0.028333333333333335,dro,208.88001835160247,208.88001835160247,0.0,0,0.0,,0.0
0.65,11,0.028333333333333335,myopic,208.88001835160247,208.88001835160247,0.0,0,0.0,,0.0
0.65,11,0.028333333333333335,nominal_dynamic,208.88001835160247,208.88001835160247,0.0,0,0.0,,0.0
0.65,11,0.028333333333333335,dro,208.88001835160247,208.88001835160247,0.0,0,0.0,,0.0
0.7,11,0.028333333333333335,myopic,208.88001835160247,208.88001835160247,0.0,0,0.0,,0.0
0.7,11,0.028333333333333335,nominal_dynamic,208.88001835160247,208.88001835160247,0.0,0,0.0,,0.0
0.7,11,0.028333333333333335,dro,208.88001835160247,208.88001835160247,0.0,0,0.0,,0.0
0.75,11,0.028333333333333335,myopic,208.88001835160247,208.88001835160247,0.0,0,0.0,,0.0
0.75,11,0.028333333333333335,nominal_dynamic,208.88001835160247,208.88001835160247,0.0,0,0.0,,0.0
0.75,11,0.028333333333333335,dro,208.88001835160247,208.88001835160247,0.0,0,0.0,,0.0
0.8,11,0.028333333333333335,myopic,208.88001835160247,208.88001835160247,0.0,0,0.0,,0.0
0.8,11,0.028333333333333335,nominal_dynamic,208.88001835160247,208.88001835160247,0.0,0,0.0,,0.0
0.8,11,0.028333333333333335,dro,208.88001835160247,208.88001835160247,0.0,0,0.0,,0.0
0.85,11,0.028333333333333335,myopic,208.88001835160247,208.88001835160247,0.0,0,0.0,,0.0
0.85,11,0.028333333333333335,nominal_dynamic,208.88001835160247,208.88001835160247,0.0,0,0.0,,0.0
0.85,11,0.028333333333333335,dro,208.88001835160247,208.88001835160247,0.0,0,0.0,,0.0
0.9,11,0.028333333333333335,myopic,208.88001835160247,208.88001835160247,0.0,0,0.0,,0.0
0.9,11,0.028333333333333335,nominal_dynamic,208.88001835160247,208.88001835160247,0.0,0,0.0,,0.0
0.9,11,0.028333333333333335,dro,208.88001835160247,208.88001835160247,0.0,0,0.0,,0.0
0.95,11,0.028333333333333335,myopic,208.88001835160247,208.88001835160247,0.0,0,0.0,,0.0
0.95,11,0.028333333333333335,nominal_dynamic,208.88001835160247,208.88001835160247,0.0,0,0.0,,0.0
0.95,11,0.028333333333333335,dro,208.88001835160247,208.88001835160247,0.0,0,0.0,,0.0
1.0,11,0.028333333333333335,myopic,208.88001835160247,208.88001835160247,0.0,0,0.0,,0.0
1.0,11,0.028333333333333335,nominal_dynamic,208.88001835160247,208.88001835160247,0.0,0,0.0,,0.0
1.0,11,0.028333333333333335,dro,208.88001835160247,208.88001835160247,0.0,0,0.0,,0.0
1.05,11,0.028333333333333335,myopic,208.88001835160247,208.88001835160247,0.0,0,0.0,,0.0
1.05,11,0.028333333333333335,nominal_dynamic,208.88001835160247,208.88001835160247,0.0,0,0.0,,0.0
1.05,11,0.028333333333333335,dro,208.88001835160247,208.88001835160247,0.0,0,0.0,,0.0
1.1,11,0.028333333333333335,myopic,208.88001835160247,208.88001835160247,0.0,0,0.0,,0.0
1.1,11,0.028333333333333335,nominal_dynamic,208.88001835160247,208.88001835160247,0.0,0,0.0,,0.0
1.1,11,0.028333333333333335,dro,208.88001835160247,208.88001835160247,0.0,0,0.0,,0.0
1.15,11,0.028333333333333335,myopic,208.88001835160247,208.88001835160247,0.0,0,0.0,,0.0
1.15,11,0.028333333333333335,nominal_dynamic,208.88001835160247,208.88001835160247,0.0,0,0.0,,0.0
1.15,11,0.028333333333333335,dro,208.88001835160247,208.88001835160247,0.0,0,0.0,,0.0
1.2,11,0.028333333333333335,myopic,208.88001835160247,208.88001835160247,0.0,0,0.0,,0.0
1.2,11,0.028333333333333335,nominal_dynamic,208.88001835160247,208.88001835160247,0.0,0,0.0,,0.0
1.2,11,0.028333333333333335,dro,208.88001835160247,208.88001835160247,0.0,0,0.0,,0.0
1.25,11,0.028333333333333335,myopic,208.88001835160247,208.88001835160247,0.0,0,0.0,,0.0
1.25,11,0.028333333333333335,nominal_dynamic,208.88001835160247,208.88001835160247,0.0,0,0.0,,0.0
1.25,11,0.028333333333333335,dro,208.88001835160247,208.88001835160247,0.0,0,0.0,,0.0
1.3,11,0.028333333333333335,myopic,208.88001835160247,208.88001835160247,0.0,0,0.0,,0.0
1.3,11,0.028333333333333335,nominal_dynamic,208.88001835160247,208.88001835160247,0.0,0,0.0,,0.0
1.3,11,0.028333333333333335,dro,208.88001835160247,208.88001835160247,0.0,0,0.0,,0.0
1.35,11,0.028333333333333335,myopic,208.88001835160247,208.88001835160247,0.0,0,0.0,,0.0
1.35,11,0.028333333333333335,nominal_dynamic,208.88001835160247,208.88001835160247,0.0,0,0.0,,0.0
1.35,11,0.028333333333333335,dro,208.88001835160247,208.88001835160247,0.0,0,0.0,,0.0
1.4,11,0.028333333333333335,myopic,208.88001835160247,208.88001835160247,0.0,0,0.0,,0.0
1.4,11,0.028333333333333335,nominal_dynamic,208.88001835160247,208.88001835160247,0.0,0,0.0,,0.0
1.4,11,0.028333333333333335,dro,208.88001835160247,208.88001835160247,0.0,0,0.0,,0.0
1.45,11,0.028333333333333335,myopic,208.88001835160247,208.88001835160247,0.0,0,0.0,,0.0
1.45,11,0.028333333333333335,nominal_dynamic,208.88001835160247,208.88001835160247,0.0,0,0.0,,0.0
1.45,11,0.028333333333333335,dro,208.88001835160247,208.88001835160247,0.0,0,0.0,,0.0
1.5,11,0.028333333333333335,myopic,208.88001835160247,208.88001835160247,0.0,0,0.0,,0.0
1.5,11,0.028333333333333335,nominal_dynamic,208.88001835160247,208.88001835160247,0.0,0,0.0,,0.0
1.5,11,0.028333333333333335,dro,208.88001835160247,208.88001835160247,0.0,0,0.0,,0.0
1.55,11,0.028333333333333335,myopic,208.88001835160247,208.88001835160247,0.0,0,0.0,,0.0
1.55,11,0.028333333333333335,nominal_dynamic,208.88001835160247,208.88001835160247,0.0,0,0.0,,0.0
1.55,11,0.028333333333333335,dro,208.88001835160247,208.88001835160247,0.0,0,0.0,,0.0
1.6,11,0.028333333333333335,myopic,208.88001835160247,208.88001835160247,0.0,0,0.0,,0.0
1.6,11,0.028333333333333335,nominal_dynamic,208.88001835160247,208.88001835160247,0.0,0,0.0,,0.0
1.6,11,0.028333333333333335,dro,208.88001835160247,208.88001835160247,0.0,0,0.0,,0.0
1.65,11,0.028333333333333335,myopic,208.88001835160247,208.88001835160247,0.0,0,0.0,,0.0
1.65,11,0.028333333333333335,nominal_dynamic,208.88001835160247,208.88001835160247,0.0,0,0.0,,0.0
1.65,11,0.028333333333333335,dro,208.88001835160247,208.88001835160247,0.0,0,0.0,,0.0
1.7,11,0.028333333333333335,myopic,208.88001835160247,208.88001835160247,0.0,0,0.0,,0.0
1.7,11,0.028333333333333335,nominal_dynamic,208.88001835160247,208.88001835160247,0.0,0,0.0,,0.0
1.7,11,0.028333333333333335,dro,208.88001835160247,208.88001835160247,0.0,0,0.0,,0.0
1.75,11,0.028333333333333335,myopic,208.88001835160247,208.88001835160247,0.0,0,0.0,,0.0
1.75,11,0.028333333333333335,nominal_dynamic,208.88001835160247,208.88001835160247,0.0,0,0.0,,0.0
1.75,11,0.028333333333333335,dro,208.88001835160247,208.88001835160247,0.0,0,0.0,,0.0
1.8,11,0.028333333333333335,myopic,208.88001835160247,208.88001835160247,0.0,0,0.0,,0.0
1.8,11,0.028333333333333335,nominal_dynamic,208.88001835160247,208.88001835160247,0.0,0,0.0,,0.0
1.8,11,0.028333333333333335,dro,208.88001835160247,208.88001835160247,0.0,0,0.0,,0.0
1.85,11,0.028333333333333335,myopic,208.88001835160247,208.88001835160247,0.0,0,0.0,,0.0
1.85,11,0.028333333333333335,nominal_dynamic,208.88001835160247,208.88001835160247,0.0,0,0.0,,0.0
1.85,11,0.028333333333333335,dro,208.88001835160247,208.88001835160247,0.0,0,0.0,,0.0
1.9,11,0.028333333333333335,myopic,208.88001835160247,208.88001835160247,0.0,0,0.0,,0.0
1.9,11,0.028333333333333335,nominal_dynamic,208.88001835160247,208.88001835160247,0.0,0,0.0,,0.0
1.9,11,0.028333333333333335,dro,208.88001835160247,208.88001835160247,0.0,0,0.0,,0.0
1.95,11,0.028333333333333335,myopic,208.88001835160247,208.88001835160247,0.0,0,0.0,,0.0
1.95,11,0.028333333333333335,nominal_dynamic,208.88001835160247,208.88001835160247,0.0,0,0.0,,0.0
1.95,11,0.028333333333333335,dro,208.88001835160247,208.88001835160247,0.0,0,0.0,,0.0
2.0,11,0.028333333333333335,myopic,208.88001835160247,208.88001835160247,0.0,0,0.0,,0.0
2.0,11,0.028333333333333335,nominal_dynamic,208.88001835160247,208.88001835160247,0.0,0,0.0,,0.0
2.0,11,0.028333333333333335,dro,208.88001835160247,208.88001835160247,0.0,0,0.0,,0.0
2.05,11,0.028333333333333335,myopic,208.88001835160247,208.88001835160247,0.0,0,0.0,,0.0
2.05,11,0.028333333333333335,nominal_dynamic,208.88001835160247,208.88001835160247,0.0,0,0.0,,0.0
2.05,11,0.028333333333333335,dro,208.88001835160247,208.88001835160247,0.0,0,0.0,,0.0
2.1,11,0.028333333333333335,myopic,208.88001835160247,208.88001835160247,0.0,0,0.0,,0.0
2.1,11,0.028333333333333335,nominal_dynamic,208.88001835160247,208.88001835160247,0.0,0,0.0,,0.0
2.1,11,0.028333333333333335,dro,208.88001835160247,208.88001835160247,0.0,0,0.0,,0.0
2.15,11,0.028333333333333335,myopic,208.88001835160247,208.88001835160247,0.0,0,0.0,,0.0
2.15,11,0.028333333333333335,nominal_dynamic,208.88001835160247,208.88001835160247,0.0,0,0.0,,0.0
2.15,11,0.028333333333333335,dro,208.88001835160247,208.88001835160247,0.0,0,0.0,,0.0
2.2,11,0.028333333333333335,myopic,207.81013934091027,209.05898892594286,1.2488495850325876,4,0.3,1.0,0.3
2.2,11,0.028333333333333335,nominal_dynamic,208.9652628119728,209.05898892594286,0.0937261139700638,1,0.3,12.0,0.0
2.2,11,0.028333333333333335,dro,208.88001835160247,209.05898892594286,0.17897057434038288,0,0.0,,0.0
2.25,11,0.028333333333333335,myopic,212.3850578341008,212.67559025982996,0.29053242572916815,4,0.3,1.0,0.3
2.25,11,0.028333333333333335,nominal_dynamic,212.67559025982996,212.67559025982996,0.0,4,0.3,1.0,0.3
2.25,11,0.028333333333333335,dro,210.07536708868813,212.67559025982996,2.6002231711418347,1,0.3,12.0,0.0
2.3,11,0.028333333333333335,myopic,216.95997632729134,217.22889861749763,0.2689222902062909,4,0.3,1.0,0.3
2.3,11,0.028333333333333335,nominal_dynamic,217.2196479713964,217.22889861749763,0.00925064610123627,4,0.3,1.0,0.3
2.3,11,0.028333333333333335,dro,211.18547136540346,217.22889861749763,6.043427252094176,1,0.3,12.0,0.0
2.35,11,0.028333333333333335,myopic,221.53489482048184,221.78491843088645,0.25002361040461096,4,0.3,1.0,0.3
2.35,11,0.028333333333333335,nominal_dynamic,221.76370568296278,221.78491843088645,0.021212747923669895,4,0.3,1.0,0.3
2.35,11,0.028333333333333335,dro,221.72522195301784,221.78491843088645,0.059696477868612874,4,0.3,3.0,0.0
2.4,11,0.028333333333333335,myopic,226.10981331367242,226.34093824427532,0.23112493060290262,4,0.3,1.0,0.3
2.4,11,0.028333333333333335,nominal_dynamic,226.30776339452922,226.34093824427532,0.03317484974610352,4,0.3,1.0,0.3
2.4,11,0.028333333333333335,dro,226.2545056342388,226.34093824427532,0.08643261003652469,4,0.3,3.0,0.0
2.45,11,0.028333333333333335,myopic,230.68473180686297,230.89695805766416,0.21222625080119428,4,0.3,1.0,0.3
2.45,11,0.028333333333333335,nominal_dynamic,230.85182110609557,230.89695805766416,0.045136951568593986,4,0.3,1.0,0.3
2.45,11,0.028333333333333335,dro,230.89695805766416,230.89695805766416,0.0,4,0.3,1.0,0.3
2.5,11,0.028333333333333335,myopic,235.25965030005352,235.46111035179078,0.20146005173725712,4,0.3,1.0,0.3
2.5,11,0.028333333333333335,nominal_dynamic,235.395878817662,235.46111035179078,0.06523153412877036,4,0.3,1.0,0.3
2.5,11,0.028333333333333335,dro,235.45297787105298,235.46111035179078,0.008132480737799597,4,0.3,1.0,0.3
2.55,11,0.028333333333333335,myopic,239.83456879324402,240.0278832404694,0.19331444722539004,4,0.3,1.0,0.3
2.55,11,0.028333333333333335,nominal_dynamic,239.9399365292284,240.0278832404694,0.08794671124101683,4,0.3,1.0,0.3
2.55,11,0.028333333333333335,dro,240.00899768444182,240.0278832404694,0.018885556027584016,4,0.3,1.0,0.3
2.6,11,0.028333333333333335,myopic,244.4094872864346,244.5946561291481,0.18516884271349454,4,0.3,1.0,0.3
2.6,11,0.028333333333333335,nominal_dynamic,244.4839942407948,244.5946561291481,0.11066188835329172,4,0.3,1.0,0.3
2.6,11,0.028333333333333335,dro,244.5650174978307,244.5946561291481,0.029638631317396857,4,0.3,1.0,0.3
2.65,11,0.028333333333333335,myopic,248.98440577962515,249.16142901782672,0.17702323820157062,4,0.3,1.0,0.3
2.65,11,0.028333333333333335,nominal_dynamic,249.07903219478473,249.16142901782672,0.08239682304198936,4,0.3,1.0,0.3
2.65,11,0.028333333333333335,dro,249.1210373112195,249.16142901782672,0.0403917066072097,4,0.3,1.0,0.3
2.7,11,0.028333333333333335,myopic,253.5593242728157,253.7282019065054,0.16887763368970354,4,0.3,1.0,0.3
2.7,11,0.028333333333333335,nominal_dynamic,253.62973314513536,253.7282019065054,0.09846876137004301,4,0.3,1.0,0.3
2.7,11,0.028333333333333335,dro,253.67705712460838,253.7282019065054,0.05114478189702254,4,0.3,1.0,0.3
2.75,11,0.028333333333333335,myopic,258.13424276600625,258.29497479518403,0.16073202917777962,4,0.3,1.0,0.3
2.75,11,0.028333333333333335,nominal_dynamic,258.18043409548596,258.29497479518403,0.11454069969806824,4,0.3,1.0,0.3
2.75,11,0.028333333333333335,dro,258.2330769379972,258.29497479518403,0.06189785718680696,4,0.3,1.0,0.3
2.8,11,0.028333333333333335,myopic,262.70916125919683,262.8617476838627,0.1525864246658557,4,0.3,1.0,0.3
2.8,11,0.028333333333333335,nominal_dynamic,262.73113504583665,262.8617476838627,0.13061263802603662,4,0.3,1.0,0.3
2.8,11,0.028333333333333335,dro,262.78909675138607,262.8617476838627,0.0726509324766198,4,0.3,1.0,0.3
2.85,11,0.028333333333333335,myopic,267.28407975238736,267.42852057254134,0.14444082015398862,4,0.3,1.0,0.3
2.85,11,0.028333333333333335,nominal_dynamic,267.2818359961873,267.42852057254134,0.14668457635406185,4,0.3,1.0,0.3
2.85,11,0.028333333333333335,dro,267.3451165647749,267.42852057254134,0.08340400776643264,4,0.3,1.0,0.3
2.9,11,0.028333333333333335,myopic,271.8589982455779,271.99529346122,0.13629521564212155,4,0.3,1.0,0.3
2.9,11,0.028333333333333335,nominal_dynamic,271.8325369465379,271.99529346122,0.16275651468208707,4,0.3,1.0,0.3
2.9,11,0.028333333333333335,dro,271.90113637816376,271.99529346122,0.09415708305624548,4,0.3,1.0,0.3
2.95,11,0.028333333333333335,myopic,276.4339167387684,276.5620663498986,0.12814961113019763,4,0.3,1.0,0.3
2.95,11,0.028333333333333335,nominal_dynamic,276.3832378968886,276.5620663498986,0.1788284530099986,4,0.3,1.0,0.3
2.95,11,0.028333333333333335,dro,276.4571561915526,276.5620663498986,0.10491015834600148,4,0.3,1.0,0.3
3.0,11,0.028333333333333335,myopic,281.008835231959,281.12883923857726,0.1200040066182737,4,0.3,1.0,0.3
3.0,11,0.028333333333333335,nominal_dynamic,280.93393884723923,281.12883923857726,0.19490039133802384,4,0.3,1.0,0.3
3.0,11,0.028333333333333335,dro,281.01317600494144,281.12883923857726,0.11566323363581432,4,0.3,1.0,0.3
0.0,12,0.018333333333333333,myopic,208.88001835160247,208.88001835160247,0.0,0,0.0,,0.0
0.0,12,0.018333333333333333,nominal_dynamic,208.88001835160247,208.88001835160247,0.0,0,0.0,,0.0
0.0,12,0.018333333333333333,dro,208.88001835160247,208.88001835160247,0.0,0,0.0,,0.0
0.05,12,0.018333333333333333,myopic,208.88001835160247,208.88001835160247,0.0,0,0.0,,0.0
0.05,12,0.018333333333333333,nominal_dynamic,208.88001835160247,208.88001835160247,0.0,0,0.0,,0.0
0.05,12,0.018333333333333333,dro,208.88001835160247,208.88001835160247,0.0,0,0.0,,0.0
0.1,12,0.018333333333333333,myopic,208.88001835160247,208.88001835160247,0.0,0,0.0,,0.0
0.1,12,0.018333333333333333,nominal_dynamic,208.88001835160247,208.88001835160247,0.0,0,0.0,,0.0
0.1,12,0.018333333333333333,dro,208.88001835160247,208.88001835160247,0.0,0,0.0,,0.0
0.15,12,0.018333333333333333,myopic,208.88001835160247,208.88001835160247,0.0,0,0.0,,0.0
0.15,12,0.018333333333333333,nominal_dynamic,208.88001835160247,208.88001835160247,0.0,0,0.0,,0.0
0.15,12,0.018333333333333333,dro,208.88001835160247,208.88001835160247,0.0,0,0.0,,0.0
0.2,12,0.018333333333333333,myopic,208.88001835160247,208.88001835160247,0.0,0,0.0,,0.0
0.2,12,0.018333333333333333,nominal_dynamic,208.88001835160247,208.88001835160247,0.0,0,0.0,,0.0
0.2,12,0.018333333333333333,dro,208.88001835160247,208.88001835160247,0.0,0,0.0,,0.0
0.25,12,0.018333333333333333,myopic,208.88001835160247,208.88001835160247,0.0,0,0.0,,0.0
0.25,12,0.018333333333333333,nominal_dynamic,208.88001835160247,208.88001835160247,0.0,0,0.0,,0.0
0.25,12,0.018333333333333333,dro,208.88001835160247,208.88001835160247,0.0,0,0.0,,0.0
0.3,12,0.018333333333333333,myopic,208.88001835160247,208.88001835160247,0.0,0,0.0,,0.0
0.3,12,0.018333333333333333,nominal_dynamic,208.88001835160247,208.88001835160247,0.0,0,0.0,,0.0
0.3,12,0.018333333333333333,dro,208.88001835160247,208.88001835160247,0.0,0,0.0,,0.0
0.35,12,0.018333333333333333,myopic,208.88001835160247,208.88001835160247,0.0,0,0.0,,0.0
0.35,12,0.018333333333333333,nominal_dynamic,208.88001835160247,208.88001835160247,0.0,0,0.0,,0.0
0.35,12,0.018333333333333333,dro,208.88001835160247,208.88001835160247,0.0,0,0.0,,0.0
0.4,12,0.018333333333333333,myopic,208.88001835160247,208.88001835160247,0.0,0,0.0,,0.0
0.4,12,0.018333333333333333,nominal_dynamic,208.88001835160247,208.88001835160247,0.0,0,0.0,,0.0
0.4,12,0.018333333333333333,dro,208.88001835160247,208.88001835160247,0.0,0,0.0,,0.0
0.45,12,0.018333333333333333,myopic,208.88001835160247,208.88001835160247,0.0,0,0.0,,0.0
0.45,12,0.018333333333333333,nominal_dynamic,208.88001835160247,208.88001835160247,0.0,0,0.0,,0.0
0.45,12,0.018333333333333333,dro,208.88001835160247,208.88001835160247,0.0,0,0.0,,0.0
0.5,12,0.018333333333333333,myopic,208.88001835160247,208.88001835160247,0.0,0,0.0,,0.0
0.5,12,0.018333333333333333,nominal_dynamic,208.88001835160247,208.88001835160247,0.0,0,0.0,,0.0
0.5,12,0.018333333333333333,dro,208.88001835160247,208.88001835160247,0.0,0,0.0,,0.0
0.55,12,0.018333333333333333,myopic,208.88001835160247,208.88001835160247,0.0,0,0.0,,0.0
0.55,12,0.018333333333333333,nominal_dynamic,208.88001835160247,208.88001835160247,0.0,0,0.0,,0.0
0.55,12,0.018333333333333333,dro,208.88001835160247,208.88001835160247,0.0,0,0.0,,0.0
0.6,12,0.018333333333333333,myopic,208.88001835160247,208.88001835160247,0.0,0,0.0,,0.0
0.6,12,0.018333333333333333,nominal_dynamic,208.88001835160247,208.88001835160247,0.0,0,0.0,,0.0
0.6,12,0.018333333333333333,dro,208.88001835160247,208.88001835160247,0.0,0,0.0,,0.0
0.65,12,0.018333333333333333,myopic,208.88001835160247,208.88001835160247,0.0,0,0.0,,0.0
0.65,12,0.018333333333333333,nominal_dynamic,208.88001835160247,208.88001835160247,0.0,0,0.0,,0.0
0.65,12,0.018333333333333333,dro,208.88001835160247,208.88001835160247,0.0,0,0.0,,0.0
0.7,12,0.018333333333333333,myopic,208.88001835160247,208.88001835160247,0.0,0,0.0,,0.0
0.7,12,0.018333333333333333,nominal_dynamic,208.88001835160247,208.88001835160247,0.0,0,0.0,,0.0
0.7,12,0.018333333333333333,dro,208.88001835160247,208.88001835160247,0.0,0,0.0,,0.0
0.75,12,0.018333333333333333,myopic,208.88001835160247,208.88001835160247,0.0,0,0.0,,0.0
0.75,12,0.018333333333333333,nominal_dynamic,208.88001835160247,208.88001835160247,0.0,0,0.0,,0.0
0.75,12,0.018333333333333333,dro,208.88001835160247,208.88001835160247,0.0,0,0.0,,0.0
0.8,12,0.018333333333333333,myopic,208.88001835160247,208.88001835160247,0.0,0,0.0,,0.0
0.8,12,0.018333333333333333,nominal_dynamic,208.88001835160247,208.88001835160247,0.0,0,0.0,,0.0
0.8,12,0.018333333333333333,dro,208.88001835160247,208.88001835160247,0.0,0,0.0,,0.0
0.85,12,0.018333333333333333,myopic,208.88001835160247,208.88001835160247,0.0,0,0.0,,0.0
0.85,12,0.018333333333333333,nominal_dynamic,208.88001835160247,208.88001835160247,0.0,0,0.0,,0.0
0.85,12,0.018333333333333333,dro,208.88001835160247,208.88001835160247,0.0,0,0.0,,0.0
0.9,12,0.018333333333333333,myopic,208.88001835160247,208.88001835160247,0.0,0,0.0,,0.0
0.9,12,0.018333333333333333,nominal_dynamic,208.88001835160247,208.88001835160247,0.0,0,0.0,,0.0
0.9,12,0.018333333333333333,dro,208.88001835160247,208.88001835160247,0.0,0,0.0,,0.0
0.95,12,0.018333333333333333,myopic,208.88001835160247,208.88001835160247,0.0,0,0.0,,0.0
0.95,12,0.018333333333333333,nominal_dynamic,208.88001835160247,208.88001835160247,0.0,0,0.0,,0.0
0.95,12,0.018333333333333333,dro,208.88001835160247,208.88001835160247,0.0,0,0.0,,0.0
1.0,12,0.018333333333333333,myopic,208.88001835160247,208.88001835160247,0.0,0,0.0,,0.0
1.0,12,0.018333333333333333,nominal_dynamic,208.88001835160247,208.88001835160247,0.0,0,0.0,,0.0
1.0,12,0.018333333333333333,dro,208.88001835160247,208.88001835160247,0.0,0,0.0,,0.0
1.05,12,0.018333333333333333,myopic,208.88001835160247,208.88001835160247,0.0,0,0.0,,0.0
1.05,12,0.018333333333333333,nominal_dynamic,208.88001835160247,208.88001835160247,0.0,0,0.0,,0.0
1.05,12,0.018333333333333333,dro,208.88001835160247,208.88001835160247,0.0,0,0.0,,0.0
1.1,12,0.018333333333333333,myopic,208.88001835160247,208.88001835160247,0.0,0,0.0,,0.0
1.1,12,0.018333333333333333,nominal_dynamic,208.88001835160247,208.88001835160247,0.0,0,0.0,,0.0
1.1,12,0.018333333333333333,dro,208.88001835160247,208.88001835160247,0.0,0,0.0,,0.0
1.15,12,0.018333333333333333,myopic,208.88001835160247,208.88001835160247,0.0,0,0.0,,0.0
1.15,12,0.018333333333333333,nominal_dynamic,208.88001835160247,208.88001835160247,0.0,0,0.0,,0.0
1.15,12,0.018333333333333333,dro,208.88001835160247,208.88001835160247,0.0,0,0.0,,0.0
1.2,12,0.018333333333333333,myopic,208.88001835160247,208.88001835160247,0.0,0,0.0,,0.0
1.2,12,0.018333333333333333,nominal_dynamic,208.88001835160247,208.88001835160247,0.0,0,0.0,,0.0
1.2,12,0.018333333333333333,dro,208.88001835160247,208.88001835160247,0.0,0,0.0,,0.0
1.25,12,0.018333333333333333,myopic,208.88001835160247,208.88001835160247,0.0,0,0.0,,0.0
1.25,12,0.018333333333333333,nominal_dynamic,208.88001835160247,208.88001835160247,0.0,0,0.0,,0.0
1.25,12,0.018333333333333333,dro,208.88001835160247,208.88001835160247,0.0,0,0.0,,0.0
1.3,12,0.018333333333333333,myopic,208.88001835160247,208.88001835160247,0.0,0,0.0,,0.0
1.3,12,0.018333333333333333,nominal_dynamic,208.88001835160247,208.88001835160247,0.0,0,0.0,,0.0
1.3,12,0.018333333333333333,dro,208.88001835160247,208.88001835160247,0.0,0,0.0,,0.0
1.35,12,0.018333333333333333,myopic,208.88001835160247,208.88001835160247,0.0,0,0.0,,0.0
1.35,12,0.018333333333333333,nominal_dynamic,208.88001835160247,208.88001835160247,0.0,0,0.0,,0.0
1.35,12,0.018333333333333333,dro,208.88001835160247,208.88001835160247,0.0,0,0.0,,0.0
1.4,12,0.018333333333333333,myopic,208.88001835160247,208.88001835160247,0.0,0,0.0,,0.0
1.4,12,0.018333333333333333,nominal_dynamic,208.88001835160247,208.88001835160247,0.0,0,0.0,,0.0
1.4,12,0.018333333333333333,dro,208.88001835160247,208.88001835160247,0.0,0,0.0,,0.0
1.45,12,0.018333333333333333,myopic,208.88001835160247,208.88001835160247,0.0,0,0.0,,0.0
1.45,12,0.018333333333333333,nominal_dynamic,208.88001835160247,208.88001835160247,0.0,0,0.0,,0.0
1.45,12,0.018333333333333333,dro,208.88001835160247,208.88001835160247,0.0,0,0.0,,0.0
1.5,12,0.018333333333333333,myopic,208.88001835160247,208.88001835160247,0.0,0,0.0,,0.0
1.5,12,0.018333333333333333,nominal_dynamic,208.88001835160247,208.88001835160247,0.0,0,0.0,,0.0
1.5,12,0.018333333333333333,dro,208.88001835160247,208.88001835160247,0.0,0,0.0,,0.0
1.55,12,0.018333333333333333,myopic,208.88001835160247,208.88001835160247,0.0,0,0.0,,0.0
1.55,12,0.018333333333333333,nominal_dynamic,208.88001835160247,208.88001835160247,0.0,0,0.0,,0.0
1.55,12,0.018333333333333333,dro,208.88001835160247,208.88001835160247,0.0,0,0.0,,0.0
1.6,12,0.018333333333333333,myopic,208.88001835160247,208.88001835160247,0.0,0,0.0,,0.0
1.6,12,0.018333333333333333,nominal_dynamic,208.88001835160247,208.88001835160247,0.0,0,0.0,,0.0
1.6,12,0.018333333333333333,dro,208.88001835160247,208.88001835160247,0.0,0,0.0,,0.0
1.65,12,0.018333333333333333,myopic,208.88001835160247,208.88001835160247,0.0,0,0.0,,0.0
1.65,12,0.018333333333333333,nominal_dynamic,208.88001835160247,208.88001835160247,0.0,0,0.0,,0.0
1.65,12,0.018333333333333333,dro,208.88001835160247,208.88001835160247,0.0,0,0.0,,0.0
1.7,12,0.018333333333333333,myopic,208.88001835160247,208.88001835160247,0.0,0,0.0,,0.0
1.7,12,0.018333333333333333,nominal_dynamic,208.88001835160247,208.88001835160247,0.0,0,0.0,,0.0
1.7,12,0.018333333333333333,dro,208.88001835160247,208.88001835160247,0.0,0,0.0,,0.0
1.75,12,0.018333333333333333,myopic,208.88001835160247,208.88001835160247,0.0,0,0.0,,0.0
1.75,12,0.018333333333333333,nominal_dynamic,208.88001835160247,208.88001835160247,0.0,0,0.0,,0.0
1.75,12,0.018333333333333333,dro,208.88001835160247,208.88001835160247,0.0,0,0.0,,0.0
1.8,12,0.018333333333333333,myopic,208.88001835160247,208.88001835160247,0.0,0,0.0,,0.0
1.8,12,0.018333333333333333,nominal_dynamic,208.88001835160247,208.88001835160247,0.0,0,0.0,,0.0
1.8,12,0.018333333333333333,dro,208.88001835160247,208.88001835160247,0.0,0,0.0,,0.0
1.85,12,0.018333333333333333,myopic,208.88001835160247,208.88001835160247,0.0,0,0.0,,0.0
1.85,12,0.018333333333333333,nominal_dynamic,208.88001835160247,208.88001835160247,0.0,0,0.0,,0.0
1.85,12,0.018333333333333333,dro,208.88001835160247,208.88001835160247,0.0,0,0.0,,0.0
1.9,12,0.018333333333333333,myopic,208.88001835160247,208.88001835160247,0.0,0,0.0,,0.0
1.9,12,0.018333333333333333,nominal_dynamic,208.88001835160247,208.88001835160247,0.0,0,0.0,,0.0
1.9,12,0.018333333333333333,dro,208.88001835160247,208.88001835160247,0.0,0,0.0,,0.0
1.95,12,0.018333333333333333,myopic,208.88001835160247,208.88001835160247,0.0,0,0.0,,0.0
1.95,12,0.018333333333333333,nominal_dynamic,208.88001835160247,208.88001835160247,0.0,0,0.0,,0.0
1.95,12,0.018333333333333333,dro,208.88001835160247,208.88001835160247,0.0,0,0.0,,0.0
2.0,12,0.018333333333333333,myopic,208.88001835160247,208.88001835160247,0.0,0,0.0,,0.0
2.0,12,0.018333333333333333,nominal_dynamic,208.88001835160247,208.88001835160247,0.0,0,0.0,,0.0
2.0,12,0.018333333333333333,dro,208.88001835160247,208.88001835160247,0.0,0,0.0,,0.0
2.05,12,0.018333333333333333,myopic,208.88001835160247,208.88001835160247,0.0,0,0.0,,0.0
2.05,12,0.018333333333333333,nominal_dynamic,208.88001835160247,208.88001835160247,0.0,0,0.0,,0.0
2.05,12,0.018333333333333333,dro,208.88001835160247,208.88001835160247,0.0,0,0.0,,0.0
2.1,12,0.018333333333333333,myopic,208.88001835160247,208.88001835160247,0.0,0,0.0,,0.0
2.1,12,0.018333333333333333,nominal_dynamic,208.88001835160247,208.88001835160247,0.0,0,0.0,,0.0
2.1,12,0.018333333333333333,dro,208.88001835160247,208.88001835160247,0.0,0,0.0,,0.0
2.15,12,0.018333333333333333,myopic,208.88001835160247,208.88001835160247,0.0,0,0.0,,0.0
2.15,12,0.018333333333333333,nominal_dynamic,208.88001835160247,208.88001835160247,0.0,0,0.0,,0.0
2.15,12,0.018333333333333333,dro,208.88001835160247,208.88001835160247,0.0,0,0.0,,0.0
2.2,12,0.018333333333333333,myopic,202.55053910130707,208.91871047689034,6.368171375583273,4,0.3,1.0,0.3
2.2,12,0.018333333333333333,nominal_dynamic,208.51779893252115,208.91871047689034,0.40091154436919396,1,0.3,12.0,0.0
2.2,12,0.018333333333333333,dro,208.88001835160247,208.91871047689034,0.038692125287866475,0,0.0,,0.0
2.25,12,0.018333333333333333,myopic,207.01344036708642,209.5987112632029,2.5852708961164694,4,0.3,1.0,0.3
2.25,12,0.018333333333333333,nominal_dynamic,208.1764678565375,209.5987112632029,1.4222434066653875,4,0.3,1.0,0.3
2.25,12,0.018333333333333333,dro,209.5987112632029,209.5987112632029,0.0,1,0.3,12.0,0.0
2.3,12,0.018333333333333333,myopic,211.47634163286585,212.62146562314058,1.1451239902747261,4,0.3,1.0,0.3
2.3,12,0.018333333333333333,nominal_dynamic,212.61893364623225,212.62146562314058,0.002531976908329625,4,0.3,1.0,0.3
2.3,12,0.018333333333333333,dro,210.67962359388463,212.62146562314058,1.9418420292559517,1,0.3,12.0,0.0
2.35,12,0.018333333333333333,myopic,215.93924289864532,217.07494502877353,1.1357021301282089,4,0.3,1.0,0.3
2.35,12,0.018333333333333333,nominal_dynamic,217.06139943592706,217.07494502877353,0.01354559284646939,4,0.3,1.0,0.3
2.35,12,0.018333333333333333,dro,217.0220569388278,217.07494502877353,0.052888089945724914,4,0.3,3.0,0.0
2.4,12,0.018333333333333333,myopic,220.40214416442475,221.52842443440642,1.1262802699816632,4,0.3,1.0,0.3
2.4,12,0.018333333333333333,nominal_dynamic,221.52842443440642,221.52842443440642,0.0,4,0.3,1.0,0.3
2.4,12,0.018333333333333333,dro,221.44044076448105,221.52842443440642,0.08798366992536444,4,0.3,3.0,0.0
2.45,12,0.018333333333333333,myopic,224.8650454302042,225.9819038400393,1.1168584098351175,4,0.3,1.0,0.3
2.45,12,0.018333333333333333,nominal_dynamic,225.9819038400393,225.9819038400393,0.0,4,0.3,1.0,0.3
2.45,12,0.018333333333333333,dro,225.90635077788502,225.9819038400393,0.07555306215428459,4,0.3,1.0,0.3
2.5,12,0.018333333333333333,myopic,229.3279466959836,230.43538324567223,1.1074365496886287,4,0.3,1.0,0.3
2.5,12,0.018333333333333333,nominal_dynamic,230.43538324567223,230.43538324567223,0.0,4,0.3,1.0,0.3
2.5,12,0.018333333333333333,dro,230.33762610644865,230.43538324567223,0.09775713922357454,4,0.3,1.0,0.3
2.55,12,0.018333333333333333,myopic,233.79084796176298,234.88886265130506,1.098014689542083,4,0.3,1.0,0.3
2.55,12,0.018333333333333333,nominal_dynamic,234.88886265130506,234.88886265130506,0.0,4,0.3,1.0,0.3
2.55,12,0.018333333333333333,dro,234.76890143501222,234.88886265130506,0.11996121629283607,4,0.3,1.0,0.3
2.6,12,0.018333333333333333,myopic,238.25374922754247,239.342342056938,1.0885928293955374,4,0.3,1.0,0.3
2.6,12,0.018333333333333333,nominal_dynamic,239.342342056938,239.342342056938,0.0,4,0.3,1.0,0.3
2.6,12,0.018333333333333333,dro,239.27372838440087,239.342342056938,0.06861367253713979,4,0.3,1.0,0.3
2.65,12,0.018333333333333333,myopic,242.71665049332188,243.7958214625709,1.0791709692490201,4,0.3,1.0,0.3
2.65,12,0.018333333333333333,nominal_dynamic,243.7958214625709,243.7958214625709,0.0,4,0.3,1.0,0.3
2.65,12,0.018333333333333333,dro,243.71619417409556,243.7958214625709,0.0796272884753364,4,0.3,1.0,0.3
2.7,12,0.018333333333333333,myopic,247.17955175910132,248.24930086820382,1.0697491091025029,4,0.3,1.0,0.3
2.7,12,0.018333333333333333,nominal_dynamic,248.24930086820382,248.24930086820382,0.0,4,0.3,1.0,0.3
2.7,12,0.018333333333333333,dro,248.1586599637904,248.24930086820382,0.09064090441341932,4,0.3,1.0,0.3
2.75,12,0.018333333333333333,myopic,251.64245302488075,252.70278027383668,1.0603272489559288,4,0.3,1.0,0.3
2.75,12,0.018333333333333333,nominal_dynamic,252.70278027383668,252.70278027383668,0.0,4,0.3,1.0,0.3
2.75,12,0.018333333333333333,dro,252.60112575348512,252.70278027383668,0.10165452035155909,4,0.3,1.0,0.3
2.8,12,0.018333333333333333,myopic,256.10535429066016,257.1562596794696,1.05090538880944,4,0.3,1.0,0.3
2.8,12,0.018333333333333333,nominal_dynamic,257.1562596794696,257.1562596794696,0.0,4,0.3,1.0,0.3
2.8,12,0.018333333333333333,dro,257.0435915431799,257.1562596794696,0.11266813628969885,4,0.3,1.0,0.3
2.85,12,0.018333333333333333,myopic,260.56825555643957,261.6097390851025,1.0414835286629227,4,0.3,1.0,0.3
2.85,12,0.018333333333333333,nominal_dynamic,261.6097390851025,261.6097390851025,0.0,4,0.3,1.0,0.3
2.85,12,0.018333333333333333,dro,261.4860573328746,261.6097390851025,0.12368175222786704,4,0.3,1.0,0.3
2.9,12,0.018333333333333333,myopic,265.031156822219,266.0632184907354,1.0320616685164055,4,0.3,1.0,0.3
2.9,12,0.018333333333333333,nominal_dynamic,266.0632184907354,266.0632184907354,0.0,4,0.3,1.0,0.3
2.9,12,0.018333333333333333,dro,266.0632184907354,266.0632184907354,0.0,4,0.3,1.0,0.3
2.95,12,0.018333333333333333,myopic,269.49405808799844,270.51669789636827,1.0226398083698314,4,0.3,1.0,0.3
2.95,12,0.018333333333333333,nominal_dynamic,270.51669789636827,270.51669789636827,0.0,4,0.3,1.0,0.3
2.95,12,0.018333333333333333,dro,270.51669789636827,270.51669789636827,0.0,4,0.3,1.0,0.3
3.0,12,0.018333333333333333,myopic,273.95695935377785,274.97017730200116,1.0132179482233141,4,0.3,1.0,0.3
3.0,12,0.018333333333333333,nominal_dynamic,274.97017730200116,274.97017730200116,0.0,4,0.3,1.0,0.3
3.0,12,0.018333333333333333,dro,274.97017730200116,274.97017730200116,0.0,4,0.3,1.0,0.3
0.0,13,0.015000000000000001,myopic,208.88001835160247,208.88001835160247,0.0,0,0.0,,0.0
0.0,13,0.015000000000000001,nominal_dynamic,208.88001835160247,208.88001835160247,0.0,0,0.0,,0.0
0.0,13,0.015000000000000001,dro,208.88001835160247,208.88001835160247,0.0,0,0.0,,0.0
0.05,13,0.015000000000000001,myopic,208.88001835160247,208.88001835160247,0.0,0,0.0,,0.0
0.05,13,0.015000000000000001,nominal_dynamic,208.88001835160247,208.88001835160247,0.0,0,0.0,,0.0
0.05,13,0.015000000000000001,dro,208.88001835160247,208.88001835160247,0.0,0,0.0,,0.0
0.1,13,0.015000000000000001,myopic,208.88001835160247,208.88001835160247,0.0,0,0.0,,0.0
0.1,13,0.015000000000000001,nominal_dynamic,208.88001835160247,208.88001835160247,0.0,0,0.0,,0.0
0.1,13,0.015000000000000001,dro,208.88001835160247,208.88001835160247,0.0,0,0.0,,0.0
0.15,13,0.015000000000000001,myopic,208.88001835160247,208.88001835160247,0.0,0,0.0,,0.0
0.15,13,0.015000000000000001,nominal_dynamic,208.88001835160247,208.88001835160247,0.0,0,0.0,,0.0
0.15,13,0.015000000000000001,dro,208.88001835160247,208.88001835160247,0.0,0,0.0,,0.0
0.2,13,0.015000000000000001,myopic,208.88001835160247,208.88001835160247,0.0,0,0.0,,0.0
0.2,13,0.015000000000000001,nominal_dynamic,208.88001835160247,208.88001835160247,0.0,0,0.0,,0.0
0.2,13,0.015000000000000001,dro,208.88001835160247,208.88001835160247,0.0,0,0.0,,0.0
0.25,13,0.015000000000000001,myopic,208.88001835160247,208.88001835160247,0.0,0,0.0,,0.0
0.25,13,0.015000000000000001,nominal_dynamic,208.88001835160247,208.88001835160247,0.0,0,0.0,,0.0
0.25,13,0.015000000000000001,dro,208.88001835160247,208.88001835160247,0.0,0,0.0,,0.0
0.3,13,0.015000000000000001,myopic,208.88001835160247,208.88001835160247,0.0,0,0.0,,0.0
0.3,13,0.015000000000000001,nominal_dynamic,208.88001835160247,208.88001835160247,0.0,0,0.0,,0.0
0.3,13,0.015000000000000001,dro,208.88001835160247,208.88001835160247,0.0,0,0.0,,0.0
0.35,13,0.015000000000000001,myopic,208.88001835160247,208.88001835160247,0.0,0,0.0,,0.0
0.35,13,0.015000000000000001,nominal_dynamic,208.88001835160247,208.88001835160247,0.0,0,0.0,,0.0
0.35,13,0.015000000000000001,dro,208.88001835160247,208.88001835160247,0.0,0,0.0,,0.0
0.4,13,0.015000000000000001,myopic,208.88001835160247,208.88001835160247,0.0,0,0.0,,0.0
0.4,13,0.015000000000000001,nominal_dynamic,208.88001835160247,208.88001835160247,0.0,0,0.0,,0.0
0.4,13,0.015000000000000001,dro,208.88001835160247,208.88001835160247,0.0,0,0.0,,0.0
0.45,13,0.015000000000000001,myopic,208.88001835160247,208.88001835160247,0.0,0,0.0,,0.0
0.45,13,0.015000000000000001,nominal_dynamic,208.88001835160247,208.88001835160247,0.0,0,0.0,,0.0
0.45,13,0.015000000000000001,dro,208.88001835160247,208.88001835160247,0.0,0,0.0,,0.0
0.5,13,0.015000000000000001,myopic,208.88001835160247,208.88001835160247,0.0,0,0.0,,0.0
0.5,13,0.015000000000000001,nominal_dynamic,208.88001835160247,208.88001835160247,0.0,0,0.0,,0.0
0.5,13,0.015000000000000001,dro,208.88001835160247,208.88001835160247,0.0,0,0.0,,0.0
0.55,13,0.015000000000000001,myopic,208.88001835160247,208.88001835160247,0.0,0,0.0,,0.0
0.55,13,0.015000000000000001,nominal_dynamic,208.88001835160247,208.88001835160247,0.0,0,0.0,,0.0
0.55,13,0.015000000000000001,dro,208.88001835160247,208.88001835160247,0.0,0,0.0,,0.0
0.6,13,0.015000000000000001,myopic,208.88001835160247,208.88001835160247,0.0,0,0.0,,0.0
0.6,13,0.015000000000000001,nominal_dynamic,208.88001835160247,208.88001835160247,0.0,0,0.0,,0.0
0.6,13,0.015000000000000001,dro,208.88001835160247,208.88001835160247,0.0,0,0.0,,0.0
0.65,13,0.015000000000000001,myopic,208.88001835160247,208.88001835160247,0.0,0,0.0,,0.0
0.65,13,0.015000000000000001,nominal_dynamic,208.88001835160247,208.88001835160247,0.0,0,0.0,,0.0
0.65,13,0.015000000000000001,dro,208.88001835160247,208.88001835160247,0.0,0,0.0,,0.0
0.7,13,0.015000000000000001,myopic,208.88001835160247,208.88001835160247,0.0,0,0.0,,0.0
0.7,13,0.015000000000000001,nominal_dynamic,208.88001835160247,208.88001835160247,0.0,0,0.0,,0.0
0.7,13,0.015000000000000001,dro,208.88001835160247,208.88001835160247,0.0,0,0.0,,0.0
0.75,13,0.015000000000000001,myopic,208.88001835160247,208.88001835160247,0.0,0,0.0,,0.0
0.75,13,0.015000000000000001,nominal_dynamic,208.88001835160247,208.88001835160247,0.0,0,0.0,,0.0
0.75,13,0.015000000000000001,dro,208.88001835160247,208.88001835160247,0.0,0,0.0,,0.0
0.8,13,0.015000000000000001,myopic,208.88001835160247,208.88001835160247,0.0,0,0.0,,0.0
0.8,13,0.015000000000000001,nominal_dynamic,208.88001835160247,208.88001835160247,0.0,0,0.0,,0.0
0.8,13,0.015000000000000001,dro,208.88001835160247,208.88001835160247,0.0,0,0.0,,0.0
0.85,13,0.015000000000000001,myopic,208.88001835160247,208.88001835160247,0.0,0,0.0,,0.0
0.85,13,0.015000000000000001,nominal_dynamic,208.88001835160247,208.88001835160247,0.0,0,0.0,,0.0
0.85,13,0.015000000000000001,dro,208.88001835160247,208.88001835160247,0.0,0,0.0,,0.0
0.9,13,0.015000000000000001,myopic,208.88001835160247,208.88001835160247,0.0,0,0.0,,0.0
0.9,13,0.015000000000000001,nominal_dynamic,208.88001835160247,208.88001835160247,0.0,0,0.0,,0.0
0.9,13,0.015000000000000001,dro,208.88001835160247,208.88001835160247,0.0,0,0.0,,0.0
0.95,13,0.015000000000000001,myopic,208.88001835160247,208.88001835160247,0.0,0,0.0,,0.0
0.95,13,0.015000000000000001,nominal_dynamic,208.88001835160247,208.88001835160247,0.0,0,0.0,,0.0
0.95,13,0.015000000000000001,dro,208.88001835160247,208.88001835160247,0.0,0,0.0,,0.0
1.0,13,0.015000000000000001,myopic,208.88001835160247,208.88001835160247,0.0,0,0.0,,0.0
1.0,13,0.015000000000000001,nominal_dynamic,208.88001835160247,208.88001835160247,0.0,0,0.0,,0.0
1.0,13,0.015000000000000001,dro,208.88001835160247,208.88001835160247,0.0,0,0.0,,0.0
1.05,13,0.015000000000000001,myopic,208.88001835160247,208.88001835160247,0.0,0,0.0,,0.0
1.05,13,0.015000000000000001,nominal_dynamic,208.88001835160247,208.88001835160247,0.0,0,0.0,,0.0
1.05,13,0.015000000000000001,dro,208.88001835160247,208.88001835160247,0.0,0,0.0,,0.0
1.1,13,0.015000000000000001,myopic,208.88001835160247,208.88001835160247,0.0,0,0.0,,0.0
1.1,13,0.015000000000000001,nominal_dynamic,208.88001835160247,208.88001835160247,0.0,0,0.0,,0.0
1.1,13,0.015000000000000001,dro,208.88001835160247,208.88001835160247,0.0,0,0.0,,0.0
1.15,13,0.015000000000000001,myopic,208.88001835160247,208.88001835160247,0.0,0,0.0,,0.0
1.15,13,0.015000000000000001,nominal_dynamic,208.88001835160247,208.88001835160247,0.0,0,0.0,,0.0
1.15,13,0.015000000000000001,dro,208.88001835160247,208.88001835160247,0.0,0,0.0,,0.0
1.2,13,0.015000000000000001,myopic,208.88001835160247,208.88001835160247,0.0,0,0.0,,0.0
1.2,13,0.015000000000000001,nominal_dynamic,208.88001835160247,208.88001835160247,0.0,0,0.0,,0.0
1.2,13,0.015000000000000001,dro,208.88001835160247,208.88001835160247,0.0,0,0.0,,0.0
1.25,13,0.015000000000000001,myopic,208.88001835160247,208.88001835160247,0.0,0,0.0,,0.0
1.25,13,0.015000000000000001,nominal_dynamic,208.88001835160247,208.88001835160247,0.0,0,0.0,,0.0
1.25,13,0.015000000000000001,dro,208.88001835160247,208.88001835160247,0.0,0,0.0,,0.0
1.3,13,0.015000000000000001,myopic,208.88001835160247,208.88001835160247,0.0,0,0.0,,0.0
1.3,13,0.015000000000000001,nominal_dynamic,208.88001835160247,208.88001835160247,0.0,0,0.0,,0.0
1.3,13,0.015000000000000001,dro,208.88001835160247,208.88001835160247,0.0,0,0.0,,0.0
1.35,13,0.015000000000000001,myopic,208.88001835160247,208.88001835160247,0.0,0,0.0,,0.0
1.35,13,0.015000000000000001,nominal_dynamic,208.88001835160247,208.88001835160247,0.0,0,0.0,,0.0
1.35,13,0.015000000000000001,dro,208.88001835160247,208.88001835160247,0.0,0,0.0,,0.0
1.4,13,0.015000000000000001,myopic,208.88001835160247,208.88001835160247,0.0,0,0.0,,0.0
1.4,13,0.015000000000000001,nominal_dynamic,208.88001835160247,208.88001835160247,0.0,0,0.0,,0.0
1.4,13,0.015000000000000001,dro,208.88001835160247,208.88001835160247,0.0,0,0.0,,0.0
1.45,13,0.015000000000000001,myopic,208.88001835160247,208.88001835160247,0.0,0,0.0,,0.0
1.45,13,0.015000000000000001,nominal_dynamic,208.88001835160247,208.88001835160247,0.0,0,0.0,,0.0
1.45,13,0.015000000000000001,dro,208.88001835160247,208.88001835160247,0.0,0,0.0,,0.0
1.5,13,0.015000000000000001,myopic,208.88001835160247,208.88001835160247,0.0,0,0.0,,0.0
1.5,13,0.015000000000000001,nominal_dynamic,208.88001835160247,208.88001835160247,0.0,0,0.0,,0.0
1.5,13,0.015000000000000001,dro,208.88001835160247,208.88001835160247,0.0,0,0.0,,0.0
1.55,13,0.015000000000000001,myopic,208.88001835160247,208.88001835160247,0.0,0,0.0,,0.0
1.55,13,0.015000000000000001,nominal_dynamic,208.88001835160247,208.88001835160247,0.0,0,0.0,,0.0
1.55,13,0.015000000000000001,dro,208.88001835160247,208.88001835160247,0.0,0,0.0,,0.0
1.6,13,0.015000000000000001,myopic,208.88001835160247,208.88001835160247,0.0,0,0.0,,0.0
1.6,13,0.015000000000000001,nominal_dynamic,208.88001835160247,208.88001835160247,0.0,0,0.0,,0.0
1.6,13,0.015000000000000001,dro,208.88001835160247,208.88001835160247,0.0,0,0.0,,0.0
1.65,13,0.015000000000000001,myopic,208.88001835160247,208.88001835160247,0.0,0,0.0,,0.0
1.65,13,0.015000000000000001,nominal_dynamic,208.88001835160247,208.88001835160247,0.0,0,0.0,,0.0
1.65,13,0.015000000000000001,dro,208.88001835160247,208.88001835160247,0.0,0,0.0,,0.0
1.7,13,0.015000000000000001,myopic,208.88001835160247,208.88001835160247,0.0,0,0.0,,0.0
1.7,13,0.015000000000000001,nominal_dynamic,208.88001835160247,208.88001835160247,0.0,0,0.0,,0.0
1.7,13,0.015000000000000001,dro,208.88001835160247,208.88001835160247,0.0,0,0.0,,0.0
1.75,13,0.015000000000000001,myopic,208.88001835160247,208.88001835160247,0.0,0,0.0,,0.0
1.75,13,0.015000000000000001,nominal_dynamic,208.88001835160247,208.88001835160247,0.0,0,0.0,,0.0
1.75,13,0.015000000000000001,dro,208.88001835160247,208.88001835160247,0.0,0,0.0,,0.0
1.8,13,0.015000000000000001,myopic,208.88001835160247,208.88001835160247,0.0,0,0.0,,0.0
1.8,13,0.015000000000000001,nominal_dynamic,208.88001835160247,208.88001835160247,0.0,0,0.0,,0.0
1.8,13,0.015000000000000001,dro,208.88001835160247,208.88001835160247,0.0,0,0.0,,0.0
1.85,13,0.015000000000000001,myopic,208.88001835160247,208.88001835160247,0.0,0,0.0,,0.0
1.85,13,0.015000000000000001,nominal_dynamic,208.88001835160247,208.88001835160247,0.0,0,0.0,,0.0
1.85,13,0.015000000000000001,dro,208.88001835160247,208.88001835160247,0.0,0,0.0,,0.0
1.9,13,0.015000000000000001,myopic,208.88001835160247,208.88001835160247,0.0,0,0.0,,0.0
1.9,13,0.015000000000000001,nominal_dynamic,208.88001835160247,208.88001835160247,0.0,0,0.0,,0.0
1.9,13,0.015000000000000001,dro,208.88001835160247,208.88001835160247,0.0,0,0.0,,0.0
1.95,13,0.015000000000000001,myopic,208.88001835160247,208.88001835160247,0.0,0,0.0,,0.0
1.95,13,0.015000000000000001,nominal_dynamic,208.88001835160247,208.88001835160247,0.0,0,0.0,,0.0
1.95,13,0.015000000000000001,dro,208.88001835160247,208.88001835160247,0.0,0,0.0,,0.0
2.0,13,0.015000000000000001,myopic,208.88001835160247,208.88001835160247,0.0,0,0.0,,0.0
2.0,13,0.015000000000000001,nominal_dynamic,208.88001835160247,208.88001835160247,0.0,0,0.0,,0.0
2.0,13,0.015000000000000001,dro,208.88001835160247,208.88001835160247,0.0,0,0.0,,0.0
2.05,13,0.015000000000000001,myopic,208.88001835160247,208.88001835160247,0.0,0,0.0,,0.0
2.05,13,0.015000000000000001,nominal_dynamic,208.88001835160247,208.88001835160247,0.0,0,0.0,,0.0
2.05,13,0.015000000000000001,dro,208.88001835160247,208.88001835160247,0.0,0,0.0,,0.0
2.1,13,0.015000000000000001,myopic,208.88001835160247,208.88001835160247,0.0,0,0.0,,0.0
2.1,13,0.015000000000000001,nominal_dynamic,208.88001835160247,208.88001835160247,0.0,0,0.0,,0.0
2.1,13,0.015000000000000001,dro,208.88001835160247,208.88001835160247,0.0,0,0.0,,0.0
2.15,13,0.015000000000000001,myopic,208.88001835160247,209.40640888976628,0.5263905381638097,0,0.0,,0.0
2.15,13,0.015000000000000001,nominal_dynamic,208.88001835160247,209.40640888976628,0.5263905381638097,0,0.0,,0.0
2.15,13,0.015000000000000001,dro,208.88001835160247,209.40640888976628,0.5263905381638097,0,0.0,,0.0
2.2,13,0.015000000000000001,myopic,203.44367909851866,210.62477770209932,7.181098603580665,4,0.3,1.0,0.3
2.2,13,0.015000000000000001,nominal_dynamic,210.62477770209932,210.62477770209932,0.0,1,0.3,12.0,0.0
2.2,13,0.015000000000000001,dro,208.88001835160247,210.62477770209932,1.7447593504968495,0,0.0,,0.0
2.25,13,0.015000000000000001,myopic,208.34975309371896,212.03305642515596,3.6833033314370027,4,0.3,1.0,0.3
2.25,13,0.015000000000000001,nominal_dynamic,211.13021754572983,212.03305642515596,0.9028388794261275,4,0.3,1.0,0.3
2.25,13,0.015000000000000001,dro,211.84314651443236,212.03305642515596,0.18990991072359975,1,0.3,12.0,0.0
2.3,13,0.015000000000000001,myopic,213.25582708891935,216.03017631234914,2.7743492234297946,4,0.3,1.0,0.3
2.3,13,0.015000000000000001,nominal_dynamic,216.03017631234914,216.03017631234914,0.0,4,0.3,1.0,0.3
2.3,13,0.015000000000000001,dro,213.0615153267654,216.03017631234914,2.968660985583739,1,0.3,12.0,0.0
2.35,13,0.015000000000000001,myopic,218.1619010841197,220.93013507896845,2.7682339948487424,4,0.3,1.0,0.3
2.35,13,0.015000000000000001,nominal_dynamic,220.93013507896845,220.93013507896845,0.0,4,0.3,1.0,0.3
2.35,13,0.015000000000000001,dro,220.82979720715178,220.93013507896845,0.10033787181666298,4,0.3,3.0,0.0
2.4,13,0.015000000000000001,myopic,223.0679750793201,225.83009384558773,2.7621187662676334,4,0.3,1.0,0.3
2.4,13,0.015000000000000001,nominal_dynamic,225.83009384558773,225.83009384558773,0.0,4,0.3,1.0,0.3
2.4,13,0.015000000000000001,dro,225.68693311425002,225.83009384558773,0.14316073133770146,4,0.3,3.0,0.0
2.45,13,0.015000000000000001,myopic,227.97404907452045,230.73005261220703,2.7560035376865812,4,0.3,1.0,0.3
2.45,13,0.015000000000000001,nominal_dynamic,230.73005261220703,230.73005261220703,0.0,4,0.3,1.0,0.3
2.45,13,0.015000000000000001,dro,230.69934114715036,230.73005261220703,0.030711465056668885,4,0.3,1.0,0.3
2.5,13,0.015000000000000001,myopic,232.88012306972084,235.63001137882634,2.7498883091055006,4,0.3,1.0,0.3
2.5,13,0.015000000000000001,nominal_dynamic,235.63001137882634,235.63001137882634,0.0,4,0.3,1.0,0.3
2.5,13,0.015000000000000001,dro,235.6160966514938,235.63001137882634,0.013914727332547727,4,0.3,1.0,0.3
2.55,13,0.015000000000000001,myopic,237.7861970649212,240.5299701454456,2.7437730805243916,4,0.3,1.0,0.3
2.55,13,0.015000000000000001,nominal_dynamic,240.5299701454456,240.5299701454456,0.0,4,0.3,1.0,0.3
2.55,13,0.015000000000000001,dro,240.53285215583713,240.5299701454456,-0.002882010391545009,4,0.3,1.0,0.3
2.6,13,0.015000000000000001,myopic,242.69227106012158,245.42992891206492,2.7376578519433394,4,0.3,1.0,0.3
2.6,13,0.015000000000000001,nominal_dynamic,245.42992891206492,245.42992891206492,0.0,4,0.3,1.0,0.3
2.6,13,0.015000000000000001,dro,245.44960766018056,245.42992891206492,-0.019678748115637745,4,0.3,1.0,0.3
2.65,13,0.015000000000000001,myopic,247.59834505532194,250.3298876786842,2.731542623362259,4,0.3,1.0,0.3
2.65,13,0.015000000000000001,nominal_dynamic,250.3965725027772,250.3298876786842,-0.06668482409298804,4,0.3,1.0,0.3
2.65,13,0.015000000000000001,dro,250.36636316452393,250.3298876786842,-0.03647548583973048,4,0.3,1.0,0.3
2.7,13,0.015000000000000001,myopic,252.50441905052233,255.31141987984952,2.807000829327194,4,0.3,1.0,0.3
2.7,13,0.015000000000000001,nominal_dynamic,255.31141987984952,255.31141987984952,0.0,4,0.3,1.0,0.3
2.7,13,0.015000000000000001,dro,255.2831186688674,255.31141987984952,0.02830121098213567,4,0.3,1.0,0.3
2.75,13,0.015000000000000001,myopic,257.41049304572266,260.22626725692174,2.815774211199084,4,0.3,1.0,0.3
2.75,13,0.015000000000000001,nominal_dynamic,260.22626725692174,260.22626725692174,0.0,4,0.3,1.0,0.3
2.75,13,0.015000000000000001,dro,260.19987417321073,260.22626725692174,0.026393083711013787,4,0.3,1.0,0.3
2.8,13,0.015000000000000001,myopic,262.316567040923,265.14111463399405,2.8245475930710313,4,0.3,1.0,0.3
2.8,13,0.015000000000000001,nominal_dynamic,265.14111463399405,265.14111463399405,0.0,4,0.3,1.0,0.3
2.8,13,0.015000000000000001,dro,265.11662967755416,265.14111463399405,0.024484956439891903,4,0.3,1.0,0.3
2.85,13,0.015000000000000001,myopic,267.22264103612343,270.05596201106624,2.833320974942808,4,0.3,1.0,0.3
2.85,13,0.015000000000000001,nominal_dynamic,270.05596201106624,270.05596201106624,0.0,4,0.3,1.0,0.3
2.85,13,0.015000000000000001,dro,270.03338518189753,270.05596201106624,0.022576829168713175,4,0.3,1.0,0.3
2.9,13,0.015000000000000001,myopic,272.12871503132385,274.97080938813855,2.842094356814698,4,0.3,1.0,0.3
2.9,13,0.015000000000000001,nominal_dynamic,274.97080938813855,274.97080938813855,0.0,4,0.3,1.0,0.3
2.9,13,0.015000000000000001,dro,274.9501406862409,274.97080938813855,0.020668701897648134,4,0.3,1.0,0.3
2.95,13,0.015000000000000001,myopic,277.0347890265242,279.8856567652108,2.8508677386865884,4,0.3,1.0,0.3
2.95,13,0.015000000000000001,nominal_dynamic,279.8856567652108,279.8856567652108,0.0,4,0.3,1.0,0.3
2.95,13,0.015000000000000001,dro,279.8668961905843,279.8856567652108,0.018760574626469406,4,0.3,1.0,0.3
3.0,13,0.015000000000000001,myopic,281.94086302172445,284.800504142283,2.8596411205585355,4,0.3,1.0,0.3
3.0,13,0.015000000000000001,nominal_dynamic,284.800504142283,284.800504142283,0.0,4,0.3,1.0,0.3
3.0,13,0.015000000000000001,dro,284.7836516949277,284.800504142283,0.01685244735529068,4,0.3,1.0,0.3
0.0,14,0.01666666666666667,myopic,208.88001835160247,208.88001835160247,0.0,0,0.0,,0.0
0.0,14,0.01666666666666667,nominal_dynamic,208.88001835160247,208.88001835160247,0.0,0,0.0,,0.0
0.0,14,0.01666666666666667,dro,208.88001835160247,208.88001835160247,0.0,0,0.0,,0.0
0.05,14,0.01666666666666667,myopic,208.88001835160247,208.88001835160247,0.0,0,0.0,,0.0
0.05,14,0.01666666666666667,nominal_dynamic,208.88001835160247,208.88001835160247,0.0,0,0.0,,0.0
0.05,14,0.01666666666666667,dro,208.88001835160247,208.88001835160247,0.0,0,0.0,,0.0
0.1,14,0.01666666666666667,myopic,208.88001835160247,208.88001835160247,0.0,0,0.0,,0.0
0.1,14,0.01666666666666667,nominal_dynamic,208.88001835160247,208.88001835160247,0.0,0,0.0,,0.0
0.1,14,0.01666666666666667,dro,208.88001835160247,208.88001835160247,0.0,0,0.0,,0.0
0.15,14,0.01666666666666667,myopic,208.88001835160247,208.88001835160247,0.0,0,0.0,,0.0
0.15,14,0.01666666666666667,nominal_dynamic,208.88001835160247,208.88001835160247,0.0,0,0.0,,0.0
0.15,14,0.01666666666666667,dro,208.88001835160247,208.88001835160247,0.0,0,0.0,,0.0
0.2,14,0.01666666666666667,myopic,208.88001835160247,208.88001835160247,0.0,0,0.0,,0.0
0.2,14,0.01666666666666667,nominal_dynamic,208.88001835160247,208.88001835160247,0.0,0,0.0,,0.0
0.2,14,0.01666666666666667,dro,208.88001835160247,208.88001835160247,0.0,0,0.0,,0.0
0.25,14,0.01666666666666667,myopic,208.88001835160247,208.88001835160247,0.0,0,0.0,,0.0
0.25,14,0.01666666666666667,nominal_dynamic,208.88001835160247,208.88001835160247,0.0,0,0.0,,0.0
0.25,14,0.01666666666666667,dro,208.88001835160247,208.88001835160247,0.0,0,0.0,,0.0
0.3,14,0.01666666666666667,myopic,208.88001835160247,208.88001835160247,0.0,0,0.0,,0.0
0.3,14,0.01666666666666667,nominal_dynamic,208.88001835160247,208.88001835160247,0.0,0,0.0,,0.0
0.3,14,0.01666666666666667,dro,208.88001835160247,208.88001835160247,0.0,0,0.0,,0.0
0.35,14,0.01666666666666667,myopic,208.88001835160247,208.88001835160247,0.0,0,0.0,,0.0
0.35,14,0.01666666666666667,nominal_dynamic,208.88001835160247,208.88001835160247,0.0,0,0.0,,0.0
0.35,14,0.01666666666666667,dro,208.88001835160247,208.88001835160247,0.0,0,0.0,,0.0
0.4,14,0.01666666666666667,myopic,208.88001835160247,208.88001835160247,0.0,0,0.0,,0.0
0.4,14,0.01666666666666667,nominal_dynamic,208.88001835160247,208.88001835160247,0.0,0,0.0,,0.0
0.4,14,0.01666666666666667,dro,208.88001835160247,208.88001835160247,0.0,0,0.0,,0.0
0.45,14,0.01666666666666667,myopic,208.88001835160247,208.88001835160247,0.0,0,0.0,,0.0
0.45,14,0.01666666666666667,nominal_dynamic,208.88001835160247,208.88001835160247,0.0,0,0.0,,0.0
0.45,14,0.01666666666666667,dro,208.88001835160247,208.88001835160247,0.0,0,0.0,,0.0
0.5,14,0.01666666666666667,myopic,208.88001835160247,208.88001835160247,0.0,0,0.0,,0.0
0.5,14,0.01666666666666667,nominal_dynamic,208.88001835160247,208.88001835160247,0.0,0,0.0,,0.0
0.5,14,0.01666666666666667,dro,208.88001835160247,208.88001835160247,0.0,0,0.0,,0.0
0.55,14,0.01666666666666667,myopic,208.88001835160247,208.88001835160247,0.0,0,0.0,,0.0
0.55,14,0.01666666666666667,nominal_dynamic,208.88001835160247,208.88001835160247,0.0,0,0.0,,0.0
0.55,14,0.01666666666666667,dro,208.88001835160247,208.88001835160247,0.0,0,0.0,,0.0
0.6,14,0.01666666666666667,myopic,208.88001835160247,208.88001835160247,0.0,0,0.0,,0.0
0.6,14,0.01666666666666667,nominal_dynamic,208.88001835160247,208.88001835160247,0.0,0,0.0,,0.0
0.6,14,0.01666666666666667,dro,208.88001835160247,208.88001835160247,0.0,0,0.0,,0.0
0.65,14,0.01666666666666667,myopic,208.88001835160247,208.88001835160247,0.0,0,0.0,,0.0
0.65,14,0.01666666666666667,nominal_dynamic,208.88001835160247,208.88001835160247,0.0,0,0.0,,0.0
0.65,14,0.01666666666666667,dro,208.88001835160247,208.88001835160247,0.0,0,0.0,,0.0
0.7,14,0.01666666666666667,myopic,208.88001835160247,208.88001835160247,0.0,0,0.0,,0.0
0.7,14,0.01666666666666667,nominal_dynamic,208.88001835160247,208.88001835160247,0.0,0,0.0,,0.0
0.7,14,0.01666666666666667,dro,208.88001835160247,208.88001835160247,0.0,0,0.0,,0.0
0.75,14,0.01666666666666667,myopic,208.88001835160247,208.88001835160247,0.0,0,0.0,,0.0
0.75,14,0.01666666666666667,nominal_dynamic,208.88001835160247,208.88001835160247,0.0,0,0.0,,0.0
0.75,14,0.01666666666666667,dro,208.88001835160247,208.88001835160247,0.0,0,0.0,,0.0
0.8,14,0.01666666666666667,myopic,208.88001835160247,208.88001835160247,0.0,0,0.0,,0.0
0.8,14,0.01666666666666667,nominal_dynamic,208.88001835160247,208.88001835160247,0.0,0,0.0,,0.0
0.8,14,0.01666666666666667,dro,208.88001835160247,208.88001835160247,0.0,0,0.0,,0.0
0.85,14,0.01666666666666667,myopic,208.88001835160247,208.88001835160247,0.0,0,0.0,,0.0
0.85,14,0.01666666666666667,nominal_dynamic,208.88001835160247,208.88001835160247,0.0,0,0.0,,0.0
0.85,14,0.01666666666666667,dro,208.88001835160247,208.88001835160247,0.0,0,0.0,,0.0
0.9,14,0.01666666666666667,myopic,208.88001835160247,208.88001835160247,0.0,0,0.0,,0.0
0.9,14,0.01666666666666667,nominal_dynamic,208.88001835160247,208.88001835160247,0.0,0,0.0,,0.0
0.9,14,0.01666666666666667,dro,208.88001835160247,208.88001835160247,0.0,0,0.0,,0.0
0.95,14,0.01666666666666667,myopic,208.88001835160247,208.88001835160247,0.0,0,0.0,,0.0
0.95,14,0.01666666666666667,nominal_dynamic,208.88001835160247,208.88001835160247,0.0,0,0.0,,0.0
0.95,14,0.01666666666666667,dro,208.88001835160247,208.88001835160247,0.0,0,0.0,,0.0
1.0,14,0.01666666666666667,myopic,208.88001835160247,208.88001835160247,0.0,0,0.0,,0.0
1.0,14,0.01666666666666667,nominal_dynamic,208.88001835160247,208.88001835160247,0.0,0,0.0,,0.0
1.0,14,0.01666666666666667,dro,208.88001835160247,208.88001835160247,0.0,0,0.0,,0.0
1.05,14,0.01666666666666667,myopic,208.88001835160247,208.88001835160247,0.0,0,0.0,,0.0
1.05,14,0.01666666666666667,nominal_dynamic,208.88001835160247,208.88001835160247,0.0,0,0.0,,0.0
1.05,14,0.01666666666666667,dro,208.88001835160247,208.88001835160247,0.0,0,0.0,,0.0
1.1,14,0.01666666666666667,myopic,208.88001835160247,208.88001835160247,0.0,0,0.0,,0.0
1.1,14,0.01666666666666667,nominal_dynamic,208.88001835160247,208.88001835160247,0.0,0,0.0,,0.0
1.1,14,0.01666666666666667,dro,208.88001835160247,208.88001835160247,0.0,0,0.0,,0.0
1.15,14,0.01666666666666667,myopic,208.88001835160247,208.88001835160247,0.0,0,0.0,,0.0
1.15,14,0.01666666666666667,nominal_dynamic,208.88001835160247,208.88001835160247,0.0,0,0.0,,0.0
1.15,14,0.01666666666666667,dro,208.88001835160247,208.88001835160247,0.0,0,0.0,,0.0
1.2,14,0.01666666666666667,myopic,208.88001835160247,208.88001835160247,0.0,0,0.0,,0.0
1.2,14,0.01666666666666667,nominal_dynamic,208.88001835160247,208.88001835160247,0.0,0,0.0,,0.0
1.2,14,0.01666666666666667,dro,208.88001835160247,208.88001835160247,0.0,0,0.0,,0.0
1.25,14,0.01666666666666667,myopic,208.88001835160247,208.88001835160247,0.0,0,0.0,,0.0
1.25,14,0.01666666666666667,nominal_dynamic,208.88001835160247,208.88001835160247,0.0,0,0.0,,0.0
1.25,14,0.01666666666666667,dro,208.88001835160247,208.88001835160247,0.0,0,0.0,,0.0
1.3,14,0.01666666666666667,myopic,208.88001835160247,208.88001835160247,0.0,0,0.0,,0.0
1.3,14,0.01666666666666667,nominal_dynamic,208.88001835160247,208.88001835160247,0.0,0,0.0,,0.0
1.3,14,0.01666666666666667,dro,208.88001835160247,208.88001835160247,0.0,0,0.0,,0.0
1.35,14,0.01666666666666667,myopic,208.88001835160247,208.88001835160247,0.0,0,0.0,,0.0
1.35,14,0.01666666666666667,nominal_dynamic,208.88001835160247,208.88001835160247,0.0,0,0.0,,0.0
1.35,14,0.01666666666666667,dro,208.88001835160247,208.88001835160247,0.0,0,0.0,,0.0
1.4,14,0.01666666666666667,myopic,208.88001835160247,208.88001835160247,0.0,0,0.0,,0.0
1.4,14,0.01666666666666667,nominal_dynamic,208.88001835160247,208.88001835160247,0.0,0,0.0,,0.0
1.4,14,0.01666666666666667,dro,208.88001835160247,208.88001835160247,0.0,0,0.0,,0.0
1.45,14,0.01666666666666667,myopic,208.88001835160247,208.88001835160247,0.0,0,0.0,,0.0
1.45,14,0.01666666666666667,nominal_dynamic,208.88001835160247,208.88001835160247,0.0,0,0.0,,0.0
1.45,14,0.01666666666666667,dro,208.88001835160247,208.88001835160247,0.0,0,0.0,,0.0
1.5,14,0.01666666666666667,myopic,208.88001835160247,208.88001835160247,0.0,0,0.0,,0.0
1.5,14,0.01666666666666667,nominal_dynamic,208.88001835160247,208.88001835160247,0.0,0,0.0,,0.0
1.5,14,0.01666666666666667,dro,208.88001835160247,208.88001835160247,0.0,0,0.0,,0.0
1.55,14,0.01666666666666667,myopic,208.88001835160247,208.88001835160247,0.0,0,0.0,,0.0
1.55,14,0.01666666666666667,nominal_dynamic,208.88001835160247,208.88001835160247,0.0,0,0.0,,0.0
1.55,14,0.01666666666666667,dro,208.88001835160247,208.88001835160247,0.0,0,0.0,,0.0
1.6,14,0.01666666666666667,myopic,208.88001835160247,208.88001835160247,0.0,0,0.0,,0.0
1.6,14,0.01666666666666667,nominal_dynamic,208.88001835160247,208.88001835160247,0.0,0,0.0,,0.0
1.6,14,0.01666666666666667,dro,208.88001835160247,208.88001835160247,0.0,0,0.0,,0.0
1.65,14,0.01666666666666667,myopic,208.88001835160247,208.88001835160247,0.0,0,0.0,,0.0
1.65,14,0.01666666666666667,nominal_dynamic,208.88001835160247,208.88001835160247,0.0,0,0.0,,0.0
1.65,14,0.01666666666666667,dro,208.88001835160247,208.88001835160247,0.0,0,0.0,,0.0
1.7,14,0.01666666666666667,myopic,208.88001835160247,208.88001835160247,0.0,0,0.0,,0.0
1.7,14,0.01666666666666667,nominal_dynamic,208.88001835160247,208.88001835160247,0.0,0,0.0,,0.0
1.7,14,0.01666666666666667,dro,208.88001835160247,208.88001835160247,0.0,0,0.0,,0.0
1.75,14,0.01666666666666667,myopic,208.88001835160247,208.88001835160247,0.0,0,0.0,,0.0
1.75,14,0.01666666666666667,nominal_dynamic,208.88001835160247,208.88001835160247,0.0,0,0.0,,0.0
1.75,14,0.01666666666666667,dro,208.88001835160247,208.88001835160247,0.0,0,0.0,,0.0
1.8,14,0.01666666666666667,myopic,208.88001835160247,208.88001835160247,0.0,0,0.0,,0.0
1.8,14,0.01666666666666667,nominal_dynamic,208.88001835160247,208.88001835160247,0.0,0,0.0,,0.0
1.8,14,0.01666666666666667,dro,208.88001835160247,208.88001835160247,0.0,0,0.0,,0.0
1.85,14,0.01666666666666667,myopic,208.88001835160247,208.88001835160247,0.0,0,0.0,,0.0
1.85,14,0.01666666666666667,nominal_dynamic,208.88001835160247,208.88001835160247,0.0,0,0.0,,0.0
1.85,14,0.01666666666666667,dro,208.88001835160247,208.88001835160247,0.0,0,0.0,,0.0
1.9,14,0.01666666666666667,myopic,208.88001835160247,208.88001835160247,0.0,0,0.0,,0.0
1.9,14,0.01666666666666667,nominal_dynamic,208.88001835160247,208.88001835160247,0.0,0,0.0,,0.0
1.9,14,0.01666666666666667,dro,208.88001835160247,208.88001835160247,0.0,0,0.0,,0.0
1.95,14,0.01666666666666667,myopic,208.88001835160247,208.88001835160247,0.0,0,0.0,,0.0
1.95,14,0.01666666666666667,nominal_dynamic,208.88001835160247,208.88001835160247,0.0,0,0.0,,0.0
1.95,14,0.01666666666666667,dro,208.88001835160247,208.88001835160247,0.0,0,0.0,,0.0
2.0,14,0.01666666666666667,myopic,208.88001835160247,208.88001835160247,0.0,0,0.0,,0.0
2.0,14,0.01666666666666667,nominal_dynamic,208.88001835160247,208.88001835160247,0.0,0,0.0,,0.0
2.0,14,0.01666666666666667,dro,208.88001835160247,208.88001835160247,0.0,0,0.0,,0.0
2.05,14,0.01666666666666667,myopic,208.88001835160247,208.88001835160247,0.0,0,0.0,,0.0
2.05,14,0.01666666666666667,nominal_dynamic,208.88001835160247,208.88001835160247,0.0,0,0.0,,0.0
2.05,14,0.01666666666666667,dro,208.88001835160247,208.88001835160247,0.0,0,0.0,,0.0
2.1,14,0.01666666666666667,myopic,208.88001835160247,209.04358845721748,0.1635701056150083,0,0.0,,0.0
2.1,14,0.01666666666666667,nominal_dynamic,208.88001835160247,209.04358845721748,0.1635701056150083,0,0.0,,0.0
2.1,14,0.01666666666666667,dro,208.88001835160247,209.04358845721748,0.1635701056150083,0,0.0,,0.0
2.15,14,0.01666666666666667,myopic,208.88001835160247,209.37613011648813,0.49611176488565434,0,0.0,,0.0
2.15,14,0.01666666666666667,nominal_dynamic,208.88001835160247,209.37613011648813,0.49611176488565434,0,0.0,,0.0
2.15,14,0.01666666666666667,dro,208.88001835160247,209.37613011648813,0.49611176488565434,0,0.0,,0.0
2.2,14,0.01666666666666667,myopic,200.73876981137127,210.29892410642142,9.560154295050154,4,0.3,1.0,0.3
2.2,14,0.01666666666666667,nominal_dynamic,210.29892410642142,210.29892410642142,0.0,1,0.3,12.0,0.0
2.2,14,0.01666666666666667,dro,208.88001835160247,210.29892410642142,1.418905754818951,0,0.0,,0.0
2.25,14,0.01666666666666667,myopic,205.5448524649825,211.496034665258,5.951182200275497,4,0.3,1.0,0.3
2.25,14,0.01666666666666667,nominal_dynamic,208.63695212055717,211.496034665258,2.85908254470084,4,0.3,1.0,0.3
2.25,14,0.01666666666666667,dro,211.496034665258,211.496034665258,0.0,1,0.3,12.0,0.0
2.3,14,0.01666666666666667,myopic,210.35093511859387,213.4710525038118,3.120117385217924,4,0.3,1.0,0.3
2.3,14,0.01666666666666667,nominal_dynamic,213.44047824986646,213.4710525038118,0.030574253945331975,4,0.3,1.0,0.3
2.3,14,0.01666666666666667,dro,212.69314522409462,213.4710525038118,0.7779072797171693,1,0.3,12.0,0.0
2.35,14,0.01666666666666667,myopic,215.15701777220517,218.24400437917575,3.0869866069705836,4,0.3,1.0,0.3
2.35,14,0.01666666666666667,nominal_dynamic,218.24400437917575,218.24400437917575,0.0,4,0.3,1.0,0.3
2.35,14,0.01666666666666667,dro,218.1574381390977,218.24400437917575,0.08656624007804226,4,0.3,3.0,0.0
2.4,14,0.01666666666666667,myopic,219.96310042581646,223.04753050848498,3.0844300826685185,4,0.3,1.0,0.3
2.4,14,0.01666666666666667,nominal_dynamic,223.04753050848498,223.04753050848498,0.0,4,0.3,1.0,0.3
2.4,14,0.01666666666666667,dro,222.91558011823926,223.04753050848498,0.13195039024571997,4,0.3,3.0,0.0
2.45,14,0.01666666666666667,myopic,224.76918307942773,227.8510566377943,3.081873558366567,4,0.3,1.0,0.3
2.45,14,0.01666666666666667,nominal_dynamic,227.8510566377943,227.8510566377943,0.0,4,0.3,1.0,0.3
2.45,14,0.01666666666666667,dro,227.80152105254794,227.8510566377943,0.04953558524636037,4,0.3,1.0,0.3
2.5,14,0.01666666666666667,myopic,229.5752657330391,232.6545827671036,3.079317034064502,4,0.3,1.0,0.3
2.5,14,0.01666666666666667,nominal_dynamic,232.6545827671036,232.6545827671036,0.0,4,0.3,1.0,0.3
2.5,14,0.01666666666666667,dro,232.62199354983525,232.6545827671036,0.03258921726833819,4,0.3,1.0,0.3
2.55,14,0.01666666666666667,myopic,234.3813483866504,237.45810889641282,3.076760509762437,4,0.3,1.0,0.3
2.55,14,0.01666666666666667,nominal_dynamic,237.45810889641282,237.45810889641282,0.0,4,0.3,1.0,0.3
2.55,14,0.01666666666666667,dro,237.4424660471225,237.45810889641282,0.015642849290316008,4,0.3,1.0,0.3
2.6,14,0.01666666666666667,myopic,239.18743104026169,242.26163502572217,3.0742039854604855,4,0.3,1.0,0.3
2.6,14,0.01666666666666667,nominal_dynamic,242.26163502572217,242.26163502572217,0.0,4,0.3,1.0,0.3
2.6,14,0.01666666666666667,dro,242.26293854440985,242.26163502572217,-0.0013035186876777516,4,0.3,1.0,0.3
2.65,14,0.01666666666666667,myopic,243.99351369387298,247.0651611550314,3.0716474611584204,4,0.3,1.0,0.3
2.65,14,0.01666666666666667,nominal_dynamic,247.12418928178397,247.0651611550314,-0.05902812675256541,4,0.3,1.0,0.3
2.65,14,0.01666666666666667,dro,247.08341104169708,247.0651611550314,-0.01824988666567151,4,0.3,1.0,0.3
2.7,14,0.01666666666666667,myopic,248.79959634748434,251.86868728434072,3.0690909368563837,4,0.3,1.0,0.3
2.7,14,0.01666666666666667,nominal_dynamic,251.94327004262377,251.86868728434072,-0.07458275828304295,4,0.3,1.0,0.3
2.7,14,0.01666666666666667,dro,251.90388353898442,251.86868728434072,-0.03519625464369369,4,0.3,1.0,0.3
2.75,14,0.01666666666666667,myopic,253.6056790010956,256.67221341365,3.066534412554404,4,0.3,1.0,0.3
2.75,14,0.01666666666666667,nominal_dynamic,256.7623508034635,256.67221341365,-0.09013738981349206,4,0.3,1.0,0.3
2.75,14,0.01666666666666667,dro,256.7243560362717,256.67221341365,-0.05214262262165903,4,0.3,1.0,0.3
2.8,14,0.01666666666666667,myopic,258.4117616547069,261.5814315643033,3.1696699095963936,4,0.3,1.0,0.3
2.8,14,0.01666666666666667,nominal_dynamic,261.5814315643033,261.5814315643033,0.0,4,0.3,1.0,0.3
2.8,14,0.01666666666666667,dro,261.544828533559,261.5814315643033,0.03660303074428839,4,0.3,1.0,0.3
2.85,14,0.01666666666666667,myopic,263.21784430831826,266.40051232514304,3.1826680168247776,4,0.3,1.0,0.3
2.85,14,0.01666666666666667,nominal_dynamic,266.40051232514304,266.40051232514304,0.0,4,0.3,1.0,0.3
2.85,14,0.01666666666666667,dro,266.3653010308463,266.40051232514304,0.035211294296743745,4,0.3,1.0,0.3
2.9,14,0.01666666666666667,myopic,268.02392696192953,271.2195930859828,3.1956661240532753,4,0.3,1.0,0.3
2.9,14,0.01666666666666667,nominal_dynamic,271.2195930859828,271.2195930859828,0.0,4,0.3,1.0,0.3
2.9,14,0.01666666666666667,dro,271.1857735281336,271.2195930859828,0.0338195578491991,4,0.3,1.0,0.3
2.95,14,0.01666666666666667,myopic,272.8300096155408,276.0386738468226,3.208664231281773,4,0.3,1.0,0.3
2.95,14,0.01666666666666667,nominal_dynamic,276.0386738468226,276.0386738468226,0.0,4,0.3,1.0,0.3
2.95,14,0.01666666666666667,dro,276.00624602542086,276.0386738468226,0.0324278214017113,4,0.3,1.0,0.3
3.0,14,0.01666666666666667,myopic,277.636092269152,280.85775460766234,3.2216623385103276,4,0.3,1.0,0.3
3.0,14,0.01666666666666667,nominal_dynamic,280.85775460766234,280.85775460766234,0.0,4,0.3,1.0,0.3
3.0,14,0.01666666666666667,dro,280.8267185227081,280.85775460766234,0.031036084954223497,4,0.3,1.0,0.3
0.0,15,0.01666666666666667,myopic,208.88001835160247,208.88001835160247,0.0,0,0.0,,0.0
0.0,15,0.01666666666666667,nominal_dynamic,208.88001835160247,208.88001835160247,0.0,0,0.0,,0.0
0.0,15,0.01666666666666667,dro,208.88001835160247,208.88001835160247,0.0,0,0.0,,0.0
0.05,15,0.01666666666666667,myopic,208.88001835160247,208.88001835160247,0.0,0,0.0,,0.0
0.05,15,0.01666666666666667,nominal_dynamic,208.88001835160247,208.88001835160247,0.0,0,0.0,,0.0
0.05,15,0.01666666666666667,dro,208.88001835160247,208.88001835160247,0.0,0,0.0,,0.0
0.1,15,0.01666666666666667,myopic,208.88001835160247,208.88001835160247,0.0,0,0.0,,0.0
0.1,15,0.01666666666666667,nominal_dynamic,208.88001835160247,208.88001835160247,0.0,0,0.0,,0.0
0.1,15,0.01666666666666667,dro,208.88001835160247,208.88001835160247,0.0,0,0.0,,0.0
0.15,15,0.01666666666666667,myopic,208.88001835160247,208.88001835160247,0.0,0,0.0,,0.0
0.15,15,0.01666666666666667,nominal_dynamic,208.88001835160247,208.88001835160247,0.0,0,0.0,,0.0
0.15,15,0.01666666666666667,dro,208.88001835160247,208.88001835160247,0.0,0,0.0,,0.0
0.2,15,0.01666666666666667,myopic,208.88001835160247,208.88001835160247,0.0,0,0.0,,0.0
0.2,15,0.01666666666666667,nominal_dynamic,208.88001835160247,208.88001835160247,0.0,0,0.0,,0.0
0.2,15,0.01666666666666667,dro,208.88001835160247,208.88001835160247,0.0,0,0.0,,0.0
0.25,15,0.01666666666666667,myopic,208.88001835160247,208.88001835160247,0.0,0,0.0,,0.0
0.25,15,0.01666666666666667,nominal_dynamic,208.88001835160247,208.88001835160247,0.0,0,0.0,,0.0
0.25,15,0.01666666666666667,dro,208.88001835160247,208.88001835160247,0.0,0,0.0,,0.0
0.3,15,0.01666666666666667,myopic,208.88001835160247,208.88001835160247,0.0,0,0.0,,0.0
0.3,15,0.01666666666666667,nominal_dynamic,208.88001835160247,208.88001835160247,0.0,0,0.0,,0.0
0.3,15,0.01666666666666667,dro,208.88001835160247,208.88001835160247,0.0,0,0.0,,0.0
0.35,15,0.01666666666666667,myopic,208.88001835160247,208.88001835160247,0.0,0,0.0,,0.0
0.35,15,0.01666666666666667,nominal_dynamic,208.88001835160247,208.88001835160247,0.0,0,0.0,,0.0
0.35,15,0.01666666666666667,dro,208.88001835160247,208.88001835160247,0.0,0,0.0,,0.0
0.4,15,0.01666666666666667,myopic,208.88001835160247,208.88001835160247,0.0,0,0.0,,0.0
0.4,15,0.01666666666666667,nominal_dynamic,208.88001835160247,208.88001835160247,0.0,0,0.0,,0.0
0.4,15,0.01666666666666667,dro,208.88001835160247,208.88001835160247,0.0,0,0.0,,0.0
0.45,15,0.01666666666666667,myopic,208.88001835160247,208.88001835160247,0.0,0,0.0,,0.0
0.45,15,0.01666666666666667,nominal_dynamic,208.88001835160247,208.88001835160247,0.0,0,0.0,,0.0
0.45,15,0.01666666666666667,dro,208.88001835160247,208.88001835160247,0.0,0,0.0,,0.0
0.5,15,0.01666666666666667,myopic,208.88001835160247,208.88001835160247,0.0,0,0.0,,0.0
0.5,15,0.01666666666666667,nominal_dynamic,208.88001835160247,208.88001835160247,0.0,0,0.0,,0.0
0.5,15,0.01666666666666667,dro,208.88001835160247,208.88001835160247,0.0,0,0.0,,0.0
0.55,15,0.01666666666666667,myopic,208.88001835160247,208.88001835160247,0.0,0,0.0,,0.0
0.55,15,0.01666666666666667,nominal_dynamic,208.88001835160247,208.88001835160247,0.0,0,0.0,,0.0
0.55,15,0.01666666666666667,dro,208.88001835160247,208.88001835160247,0.0,0,0.0,,0.0
0.6,15,0.01666666666666667,myopic,208.88001835160247,208.88001835160247,0.0,0,0.0,,0.0
0.6,15,0.01666666666666667,nominal_dynamic,208.88001835160247,208.88001835160247,0.0,0,0.0,,0.0
0.6,15,0.01666666666666667,dro,208.88001835160247,208.88001835160247,0.0,0,0.0,,0.0
0.65,15,0.01666666666666667,myopic,208.88001835160247,208.88001835160247,0.0,0,0.0,,0.0
0.65,15,0.01666666666666667,nominal_dynamic,208.88001835160247,208.88001835160247,0.0,0,0.0,,0.0
0.65,15,0.01666666666666667,dro,208.88001835160247,208.88001835160247,0.0,0,0.0,,0.0
0.7,15,0.01666666666666667,myopic,208.88001835160247,208.88001835160247,0.0,0,0.0,,0.0
0.7,15,0.01666666666666667,nominal_dynamic,208.88001835160247,208.88001835160247,0.0,0,0.0,,0.0
0.7,15,0.01666666666666667,dro,208.88001835160247,208.88001835160247,0.0,0,0.0,,0.0
0.75,15,0.01666666666666667,myopic,208.88001835160247,208.88001835160247,0.0,0,0.0,,0.0
0.75,15,0.01666666666666667,nominal_dynamic,208.88001835160247,208.88001835160247,0.0,0,0.0,,0.0
0.75,15,0.01666666666666667,dro,208.88001835160247,208.88001835160247,0.0,0,0.0,,0.0
0.8,15,0.01666666666666667,myopic,208.88001835160247,208.88001835160247,0.0,0,0.0,,0.0
0.8,15,0.01666666666666667,nominal_dynamic,208.88001835160247,208.88001835160247,0.0,0,0.0,,0.0
0.8,15,0.01666666666666667,dro,208.88001835160247,208.88001835160247,0.0,0,0.0,,0.0
0.85,15,0.01666666666666667,myopic,208.88001835160247,208.88001835160247,0.0,0,0.0,,0.0
0.85,15,0.01666666666666667,nominal_dynamic,208.88001835160247,208.88001835160247,0.0,0,0.0,,0.0
0.85,15,0.01666666666666667,dro,208.88001835160247,208.88001835160247,0.0,0,0.0,,0.0
0.9,15,0.01666666666666667,myopic,208.88001835160247,208.88001835160247,0.0,0,0.0,,0.0
0.9,15,0.01666666666666667,nominal_dynamic,208.88001835160247,208.88001835160247,0.0,0,0.0,,0.0
0.9,15,0.01666666666666667,dro,208.88001835160247,208.88001835160247,0.0,0,0.0,,0.0
0.95,15,0.01666666666666667,myopic,208.88001835160247,208.88001835160247,0.0,0,0.0,,0.0
0.95,15,0.01666666666666667,nominal_dynamic,208.88001835160247,208.88001835160247,0.0,0,0.0,,0.0
0.95,15,0.01666666666666667,dro,208.88001835160247,208.88001835160247,0.0,0,0.0,,0.0
1.0,15,0.01666666666666667,myopic,208.88001835160247,208.88001835160247,0.0,0,0.0,,0.0
1.0,15,0.01666666666666667,nominal_dynamic,208.88001835160247,208.88001835160247,0.0,0,0.0,,0.0
1.0,15,0.01666666666666667,dro,208.88001835160247,208.88001835160247,0.0,0,0.0,,0.0
1.05,15,0.01666666666666667,myopic,208.88001835160247,208.88001835160247,0.0,0,0.0,,0.0
1.05,15,0.01666666666666667,nominal_dynamic,208.88001835160247,208.88001835160247,0.0,0,0.0,,0.0
1.05,15,0.01666666666666667,dro,208.88001835160247,208.88001835160247,0.0,0,0.0,,0.0
1.1,15,0.01666666666666667,myopic,208.88001835160247,208.88001835160247,0.0,0,0.0,,0.0
1.1,15,0.01666666666666667,nominal_dynamic,208.88001835160247,208.88001835160247,0.0,0,0.0,,0.0
1.1,15,0.01666666666666667,dro,208.88001835160247,208.88001835160247,0.0,0,0.0,,0.0
1.15,15,0.01666666666666667,myopic,208.88001835160247,208.88001835160247,0.0,0,0.0,,0.0
1.15,15,0.01666666666666667,nominal_dynamic,208.88001835160247,208.88001835160247,0.0,0,0.0,,0.0
1.15,15,0.01666666666666667,dro,208.88001835160247,208.88001835160247,0.0,0,0.0,,0.0
1.2,15,0.01666666666666667,myopic,208.88001835160247,208.88001835160247,0.0,0,0.0,,0.0
1.2,15,0.01666666666666667,nominal_dynamic,208.88001835160247,208.88001835160247,0.0,0,0.0,,0.0
1.2,15,0.01666666666666667,dro,208.88001835160247,208.88001835160247,0.0,0,0.0,,0.0
1.25,15,0.01666666666666667,myopic,208.88001835160247,208.88001835160247,0.0,0,0.0,,0.0
1.25,15,0.01666666666666667,nominal_dynamic,208.88001835160247,208.88001835160247,0.0,0,0.0,,0.0
1.25,15,0.01666666666666667,dro,208.88001835160247,208.88001835160247,0.0,0,0.0,,0.0
1.3,15,0.01666666666666667,myopic,208.88001835160247,208.88001835160247,0.0,0,0.0,,0.0
1.3,15,0.01666666666666667,nominal_dynamic,208.88001835160247,208.88001835160247,0.0,0,0.0,,0.0
1.3,15,0.01666666666666667,dro,208.88001835160247,208.88001835160247,0.0,0,0.0,,0.0
1.35,15,0.01666666666666667,myopic,208.88001835160247,208.88001835160247,0.0,0,0.0,,0.0
1.35,15,0.01666666666666667,nominal_dynamic,208.88001835160247,208.88001835160247,0.0,0,0.0,,0.0
1.35,15,0.01666666666666667,dro,208.88001835160247,208.88001835160247,0.0,0,0.0,,0.0
1.4,15,0.01666666666666667,myopic,208.88001835160247,208.88001835160247,0.0,0,0.0,,0.0
1.4,15,0.01666666666666667,nominal_dynamic,208.88001835160247,208.88001835160247,0.0,0,0.0,,0.0
1.4,15,0.01666666666666667,dro,208.88001835160247,208.88001835160247,0.0,0,0.0,,0.0
1.45,15,0.01666666666666667,myopic,208.88001835160247,208.88001835160247,0.0,0,0.0,,0.0
1.45,15,0.01666666666666667,nominal_dynamic,208.88001835160247,208.88001835160247,0.0,0,0.0,,0.0
1.45,15,0.01666666666666667,dro,208.88001835160247,208.88001835160247,0.0,0,0.0,,0.0
1.5,15,0.01666666666666667,myopic,208.88001835160247,208.88001835160247,0.0,0,0.0,,0.0
1.5,15,0.01666666666666667,nominal_dynamic,208.88001835160247,208.88001835160247,0.0,0,0.0,,0.0
1.5,15,0.01666666666666667,dro,208.88001835160247,208.88001835160247,0.0,0,0.0,,0.0
1.55,15,0.01666666666666667,myopic,208.88001835160247,208.88001835160247,0.0,0,0.0,,0.0
1.55,15,0.01666666666666667,nominal_dynamic,208.88001835160247,208.88001835160247,0.0,0,0.0,,0.0
1.55,15,0.01666666666666667,dro,208.88001835160247,208.88001835160247,0.0,0,0.0,,0.0
1.6,15,0.01666666666666667,myopic,208.88001835160247,208.88001835160247,0.0,0,0.0,,0.0
1.6,15,0.01666666666666667,nominal_dynamic,208.88001835160247,208.88001835160247,0.0,0,0.0,,0.0
1.6,15,0.01666666666666667,dro,208.88001835160247,208.88001835160247,0.0,0,0.0,,0.0
1.65,15,0.01666666666666667,myopic,208.88001835160247,208.88001835160247,0.0,0,0.0,,0.0
1.65,15,0.01666666666666667,nominal_dynamic,208.88001835160247,208.88001835160247,0.0,0,0.0,,0.0
1.65,15,0.01666666666666667,dro,208.88001835160247,208.88001835160247,0.0,0,0.0,,0.0
1.7,15,0.01666666666666667,myopic,208.88001835160247,208.88001835160247,0.0,0,0.0,,0.0
1.7,15,0.01666666666666667,nominal_dynamic,208.88001835160247,208.88001835160247,0.0,0,0.0,,0.0
1.7,15,0.01666666666666667,dro,208.88001835160247,208.88001835160247,0.0,0,0.0,,0.0
1.75,15,0.01666666666666667,myopic,208.88001835160247,208.88001835160247,0.0,0,0.0,,0.0
1.75,15,0.01666666666666667,nominal_dynamic,208.88001835160247,208.88001835160247,0.0,0,0.0,,0.0
1.75,15,0.01666666666666667,dro,208.88001835160247,208.88001835160247,0.0,0,0.0,,0.0
1.8,15,0.01666666666666667,myopic,208.88001835160247,208.88001835160247,0.0,0,0.0,,0.0
1.8,15,0.01666666666666667,nominal_dynamic,208.88001835160247,208.88001835160247,0.0,0,0.0,,0.0
1.8,15,0.01666666666666667,dro,208.88001835160247,208.88001835160247,0.0,0,0.0,,0.0
1.85,15,0.01666666666666667,myopic,208.88001835160247,208.88001835160247,0.0,0,0.0,,0.0
1.85,15,0.01666666666666667,nominal_dynamic,208.88001835160247,208.88001835160247,0.0,0,0.0,,0.0
1.85,15,0.01666666666666667,dro,208.88001835160247,208.88001835160247,0.0,0,0.0,,0.0
1.9,15,0.01666666666666667,myopic,208.88001835160247,208.88001835160247,0.0,0,0.0,,0.0
1.9,15,0.01666666666666667,nominal_dynamic,208.88001835160247,208.88001835160247,0.0,0,0.0,,0.0
1.9,15,0.01666666666666667,dro,208.88001835160247,208.88001835160247,0.0,0,0.0,,0.0
1.95,15,0.01666666666666667,myopic,208.88001835160247,208.88001835160247,0.0,0,0.0,,0.0
1.95,15,0.01666666666666667,nominal_dynamic,208.88001835160247,208.88001835160247,0.0,0,0.0,,0.0
1.95,15,0.01666666666666667,dro,208.88001835160247,208.88001835160247,0.0,0,0.0,,0.0
2.0,15,0.01666666666666667,myopic,208.88001835160247,208.88001835160247,0.0,0,0.0,,0.0
2.0,15,0.01666666666666667,nominal_dynamic,208.88001835160247,208.88001835160247,0.0,0,0.0,,0.0
2.0,15,0.01666666666666667,dro,208.88001835160247,208.88001835160247,0.0,0,0.0,,0.0
2.05,15,0.01666666666666667,myopic,208.88001835160247,208.88001835160247,0.0,0,0.0,,0.0
2.05,15,0.01666666666666667,nominal_dynamic,208.88001835160247,208.88001835160247,0.0,0,0.0,,0.0
2.05,15,0.01666666666666667,dro,208.88001835160247,208.88001835160247,0.0,0,0.0,,0.0
2.1,15,0.01666666666666667,myopic,208.88001835160247,208.88001835160247,0.0,0,0.0,,0.0
2.1,15,0.01666666666666667,nominal_dynamic,208.88001835160247,208.88001835160247,0.0,0,0.0,,0.0
2.1,15,0.01666666666666667,dro,208.88001835160247,208.88001835160247,0.0,0,0.0,,0.0
2.15,15,0.01666666666666667,myopic,208.88001835160247,208.88001835160247,0.0,0,0.0,,0.0
2.15,15,0.01666666666666667,nominal_dynamic,208.88001835160247,208.88001835160247,0.0,0,0.0,,0.0
2.15,15,0.01666666666666667,dro,208.88001835160247,208.88001835160247,0.0,0,0.0,,0.0
2.2,15,0.01666666666666667,myopic,202.59412357995825,208.88001835160247,6.285894771644223,4,0.3,1.0,0.3
2.2,15,0.01666666666666667,nominal_dynamic,208.769669855606,208.88001835160247,0.110348495996476,1,0.3,12.0,0.0
2.2,15,0.01666666666666667,dro,208.88001835160247,208.88001835160247,0.0,0,0.0,,0.0
2.25,15,0.01666666666666667,myopic,207.07551093264783,209.8670139090072,2.791502976359368,4,0.3,1.0,0.3
2.25,15,0.01666666666666667,nominal_dynamic,208.37828724889093,209.8670139090072,1.4887266601162708,4,0.3,1.0,0.3
2.25,15,0.01666666666666667,dro,209.8670139090072,209.8670139090072,0.0,1,0.3,12.0,0.0
2.3,15,0.01666666666666667,myopic,211.55689828533735,212.83907934824063,1.2821810629032768,4,0.3,1.0,0.3
2.3,15,0.01666666666666667,nominal_dynamic,212.83907934824063,212.83907934824063,0.0,4,0.3,1.0,0.3
2.3,15,0.01666666666666667,dro,210.96435796240843,212.83907934824063,1.8747213858322027,1,0.3,12.0,0.0
2.35,15,0.01666666666666667,myopic,216.03828563802693,217.29987144759036,1.261585809563428,4,0.3,1.0,0.3
2.35,15,0.01666666666666667,nominal_dynamic,217.29987144759036,217.29987144759036,0.0,4,0.3,1.0,0.3
2.35,15,0.01666666666666667,dro,217.2638131819025,217.29987144759036,0.03605826568787052,4,0.3,3.0,0.0
2.4,15,0.01666666666666667,myopic,220.51967299071646,221.7606635469401,1.240990556223636,4,0.3,1.0,0.3
2.4,15,0.01666666666666667,nominal_dynamic,221.7606635469401,221.7606635469401,0.0,4,0.3,1.0,0.3
2.4,15,0.01666666666666667,dro,221.7004986957489,221.7606635469401,0.06016485119118897,4,0.3,3.0,0.0
2.45,15,0.01666666666666667,myopic,225.00106034340604,226.22145564628985,1.2203953028838157,4,0.3,1.0,0.3
2.45,15,0.01666666666666667,nominal_dynamic,226.22145564628985,226.22145564628985,0.0,4,0.3,1.0,0.3
2.45,15,0.01666666666666667,dro,226.22151351795276,226.22145564628985,-5.787166290360801e-05,4,0.3,1.0,0.3
2.5,15,0.01666666666666667,myopic,229.48244769609556,230.6822477456396,1.1998000495440238,4,0.3,1.0,0.3
2.5,15,0.01666666666666667,nominal_dynamic,230.6822477456396,230.6822477456396,0.0,4,0.3,1.0,0.3
2.5,15,0.01666666666666667,dro,230.69546044027686,230.6822477456396,-0.013212694637275035,4,0.3,1.0,0.3
2.55,15,0.01666666666666667,myopic,233.96383504878509,235.16772408249793,1.2038890337128407,4,0.3,1.0,0.3
2.55,15,0.01666666666666667,nominal_dynamic,235.14303984498926,235.16772408249793,0.024684237508665774,4,0.3,1.0,0.3
2.55,15,0.01666666666666667,dro,235.1694073626009,235.16772408249793,-0.0016832801029806888,4,0.3,1.0,0.3
2.6,15,0.01666666666666667,myopic,238.44522240147472,239.63782487877054,1.1926024772958215,4,0.3,1.0,0.3
2.6,15,0.01666666666666667,nominal_dynamic,239.603831944339,239.63782487877054,0.03399293443155216,4,0.3,1.0,0.3
2.6,15,0.01666666666666667,dro,239.64335428492507,239.63782487877054,-0.005529406154522576,4,0.3,1.0,0.3
2.65,15,0.01666666666666667,myopic,242.9266097541642,244.1173012072491,1.1906914530849235,4,0.3,1.0,0.3
2.65,15,0.01666666666666667,nominal_dynamic,244.1079256750432,244.1173012072491,0.009375532205922354,4,0.3,1.0,0.3
2.65,15,0.01666666666666667,dro,244.1173012072491,244.1173012072491,0.0,4,0.3,1.0,0.3
2.7,15,0.01666666666666667,myopic,247.40799710685383,248.59124812957327,1.1832510227194462,4,0.3,1.0,0.3
2.7,15,0.01666666666666667,nominal_dynamic,248.5780264713158,248.59124812957327,0.013221658257464242,4,0.3,1.0,0.3
2.7,15,0.01666666666666667,dro,248.59124812957327,248.59124812957327,0.0,4,0.3,1.0,0.3
2.75,15,0.01666666666666667,myopic,251.8893844595433,253.06519505189735,1.175810592354054,4,0.3,1.0,0.3
2.75,15,0.01666666666666667,nominal_dynamic,253.04812726758846,253.06519505189735,0.017067784308892442,4,0.3,1.0,0.3
2.75,15,0.01666666666666667,dro,253.06519505189735,253.06519505189735,0.0,4,0.3,1.0,0.3
2.8,15,0.01666666666666667,myopic,256.3707718122329,257.5391419742214,1.1683701619885483,4,0.3,1.0,0.3
2.8,15,0.01666666666666667,nominal_dynamic,257.5182280638611,257.5391419742214,0.020913910360320642,4,0.3,1.0,0.3
2.8,15,0.01666666666666667,dro,257.5391419742214,257.5391419742214,0.0,4,0.3,1.0,0.3
2.85,15,0.01666666666666667,myopic,260.8521591649224,262.0130888965455,1.1609297316231277,4,0.3,1.0,0.3
2.85,15,0.01666666666666667,nominal_dynamic,261.9883288601337,262.0130888965455,0.024760036411805686,4,0.3,1.0,0.3
2.85,15,0.01666666666666667,dro,262.0130888965455,262.0130888965455,0.0,4,0.3,1.0,0.3
2.9,15,0.01666666666666667,myopic,265.333546517612,266.48703581886963,1.1534893012576504,4,0.3,1.0,0.3
2.9,15,0.01666666666666667,nominal_dynamic,266.4584296564064,266.48703581886963,0.028606162463233886,4,0.3,1.0,0.3
2.9,15,0.01666666666666667,dro,266.48703581886963,266.48703581886963,0.0,4,0.3,1.0,0.3
2.95,15,0.01666666666666667,myopic,269.81493387030156,270.96098274119373,1.146048870892173,4,0.3,1.0,0.3
2.95,15,0.01666666666666667,nominal_dynamic,270.92853045267896,270.96098274119373,0.03245228851477577,4,0.3,1.0,0.3
2.95,15,0.01666666666666667,dro,270.96098274119373,270.96098274119373,0.0,4,0.3,1.0,0.3
3.0,15,0.01666666666666667,myopic,274.296321222991,275.43492966351783,1.1386084405268093,4,0.3,1.0,0.3
3.0,15,0.01666666666666667,nominal_dynamic,275.3986312489516,275.43492966351783,0.03629841456626082,4,0.3,1.0,0.3
3.0,15,0.01666666666666667,dro,275.43492966351783,275.43492966351783,0.0,4,0.3,1.0,0.3
0.0,16,0.04833333333333332,myopic,208.88001835160247,208.88001835160247,0.0,0,0.0,,0.0
0.0,16,0.04833333333333332,nominal_dynamic,208.88001835160247,208.88001835160247,0.0,0,0.0,,0.0
0.0,16,0.04833333333333332,dro,208.88001835160247,208.88001835160247,0.0,0,0.0,,0.0
0.05,16,0.04833333333333332,myopic,208.88001835160247,208.88001835160247,0.0,0,0.0,,0.0
0.05,16,0.04833333333333332,nominal_dynamic,208.88001835160247,208.88001835160247,0.0,0,0.0,,0.0
0.05,16,0.04833333333333332,dro,208.88001835160247,208.88001835160247,0.0,0,0.0,,0.0
0.1,16,0.04833333333333332,myopic,208.88001835160247,208.88001835160247,0.0,0,0.0,,0.0
0.1,16,0.04833333333333332,nominal_dynamic,208.88001835160247,208.88001835160247,0.0,0,0.0,,0.0
0.1,16,0.04833333333333332,dro,208.88001835160247,208.88001835160247,0.0,0,0.0,,0.0
0.15,16,0.04833333333333332,myopic,208.88001835160247,208.88001835160247,0.0,0,0.0,,0.0
0.15,16,0.04833333333333332,nominal_dynamic,208.88001835160247,208.88001835160247,0.0,0,0.0,,0.0
0.15,16,0.04833333333333332,dro,208.88001835160247,208.88001835160247,0.0,0,0.0,,0.0
0.2,16,0.04833333333333332,myopic,208.88001835160247,208.88001835160247,0.0,0,0.0,,0.0
0.2,16,0.04833333333333332,nominal_dynamic,208.88001835160247,208.88001835160247,0.0,0,0.0,,0.0
0.2,16,0.04833333333333332,dro,208.88001835160247,208.88001835160247,0.0,0,0.0,,0.0
0.25,16,0.04833333333333332,myopic,208.88001835160247,208.88001835160247,0.0,0,0.0,,0.0
0.25,16,0.04833333333333332,nominal_dynamic,208.88001835160247,208.88001835160247,0.0,0,0.0,,0.0
0.25,16,0.04833333333333332,dro,208.88001835160247,208.88001835160247,0.0,0,0.0,,0.0
0.3,16,0.04833333333333332,myopic,208.88001835160247,208.88001835160247,0.0,0,0.0,,0.0
0.3,16,0.04833333333333332,nominal_dynamic,208.88001835160247,208.88001835160247,0.0,0,0.0,,0.0
0.3,16,0.04833333333333332,dro,208.88001835160247,208.88001835160247,0.0,0,0.0,,0.0
0.35,16,0.04833333333333332,myopic,208.88001835160247,208.88001835160247,0.0,0,0.0,,0.0
0.35,16,0.04833333333333332,nominal_dynamic,208.88001835160247,208.88001835160247,0.0,0,0.0,,0.0
0.35,16,0.04833333333333332,dro,208.88001835160247,208.88001835160247,0.0,0,0.0,,0.0
0.4,16,0.04833333333333332,myopic,208.88001835160247,208.88001835160247,0.0,0,0.0,,0.0
0.4,16,0.04833333333333332,nominal_dynamic,208.88001835160247,208.88001835160247,0.0,0,0.0,,0.0
0.4,16,0.04833333333333332,dro,208.88001835160247,208.88001835160247,0.0,0,0.0,,0.0
0.45,16,0.04833333333333332,myopic,208.88001835160247,208.88001835160247,0.0,0,0.0,,0.0
0.45,16,0.04833333333333332,nominal_dynamic,208.88001835160247,208.88001835160247,0.0,0,0.0,,0.0
0.45,16,0.04833333333333332,dro,208.88001835160247,208.88001835160247,0.0,0,0.0,,0.0
0.5,16,0.04833333333333332,myopic,208.88001835160247,208.88001835160247,0.0,0,0.0,,0.0
0.5,16,0.04833333333333332,nominal_dynamic,208.88001835160247,208.88001835160247,0.0,0,0.0,,0.0
0.5,16,0.04833333333333332,dro,208.88001835160247,208.88001835160247,0.0,0,0.0,,0.0
0.55,16,0.04833333333333332,myopic,208.88001835160247,208.88001835160247,0.0,0,0.0,,0.0
0.55,16,0.04833333333333332,nominal_dynamic,208.88001835160247,208.88001835160247,0.0,0,0.0,,0.0
0.55,16,0.04833333333333332,dro,208.88001835160247,208.88001835160247,0.0,0,0.0,,0.0
0.6,16,0.04833333333333332,myopic,208.88001835160247,208.88001835160247,0.0,0,0.0,,0.0
0.6,16,0.04833333333333332,nominal_dynamic,208.88001835160247,208.88001835160247,0.0,0,0.0,,0.0
0.6,16,0.04833333333333332,dro,208.88001835160247,208.88001835160247,0.0,0,0.0,,0.0
0.65,16,0.04833333333333332,myopic,208.88001835160247,208.88001835160247,0.0,0,0.0,,0.0
0.65,16,0.04833333333333332,nominal_dynamic,208.88001835160247,208.88001835160247,0.0,0,0.0,,0.0
0.65,16,0.04833333333333332,dro,208.88001835160247,208.88001835160247,0.0,0,0.0,,0.0
0.7,16,0.04833333333333332,myopic,208.88001835160247,208.88001835160247,0.0,0,0.0,,0.0
0.7,16,0.04833333333333332,nominal_dynamic,208.88001835160247,208.88001835160247,0.0,0,0.0,,0.0
0.7,16,0.04833333333333332,dro,208.88001835160247,208.88001835160247,0.0,0,0.0,,0.0
0.75,16,0.04833333333333332,myopic,208.88001835160247,208.88001835160247,0.0,0,0.0,,0.0
0.75,16,0.04833333333333332,nominal_dynamic,208.88001835160247,208.88001835160247,0.0,0,0.0,,0.0
0.75,16,0.04833333333333332,dro,208.88001835160247,208.88001835160247,0.0,0,0.0,,0.0
0.8,16,0.04833333333333332,myopic,208.88001835160247,208.88001835160247,0.0,0,0.0,,0.0
0.8,16,0.04833333333333332,nominal_dynamic,208.88001835160247,208.88001835160247,0.0,0,0.0,,0.0
0.8,16,0.04833333333333332,dro,208.88001835160247,208.88001835160247,0.0,0,0.0,,0.0
0.85,16,0.04833333333333332,myopic,208.88001835160247,208.88001835160247,0.0,0,0.0,,0.0
0.85,16,0.04833333333333332,nominal_dynamic,208.88001835160247,208.88001835160247,0.0,0,0.0,,0.0
0.85,16,0.04833333333333332,dro,208.88001835160247,208.88001835160247,0.0,0,0.0,,0.0
0.9,16,0.04833333333333332,myopic,208.88001835160247,208.88001835160247,0.0,0,0.0,,0.0
0.9,16,0.04833333333333332,nominal_dynamic,208.88001835160247,208.88001835160247,0.0,0,0.0,,0.0
0.9,16,0.04833333333333332,dro,208.88001835160247,208.88001835160247,0.0,0,0.0,,0.0
0.95,16,0.04833333333333332,myopic,208.88001835160247,208.88001835160247,0.0,0,0.0,,0.0
0.95,16,0.04833333333333332,nominal_dynamic,208.88001835160247,208.88001835160247,0.0,0,0.0,,0.0
0.95,16,0.04833333333333332,dro,208.88001835160247,208.88001835160247,0.0,0,0.0,,0.0
1.0,16,0.04833333333333332,myopic,208.88001835160247,208.88001835160247,0.0,0,0.0,,0.0
1.0,16,0.04833333333333332,nominal_dynamic,208.88001835160247,208.88001835160247,0.0,0,0.0,,0.0
1.0,16,0.04833333333333332,dro,208.88001835160247,208.88001835160247,0.0,0,0.0,,0.0
1.05,16,0.04833333333333332,myopic,208.88001835160247,208.88001835160247,0.0,0,0.0,,0.0
1.05,16,0.04833333333333332,nominal_dynamic,208.88001835160247,208.88001835160247,0.0,0,0.0,,0.0
1.05,16,0.04833333333333332,dro,208.88001835160247,208.88001835160247,0.0,0,0.0,,0.0
1.1,16,0.04833333333333332,myopic,208.88001835160247,208.88001835160247,0.0,0,0.0,,0.0
1.1,16,0.04833333333333332,nominal_dynamic,208.88001835160247,208.88001835160247,0.0,0,0.0,,0.0
1.1,16,0.04833333333333332,dro,208.88001835160247,208.88001835160247,0.0,0,0.0,,0.0
1.15,16,0.04833333333333332,myopic,208.88001835160247,208.88001835160247,0.0,0,0.0,,0.0
1.15,16,0.04833333333333332,nominal_dynamic,208.88001835160247,208.88001835160247,0.0,0,0.0,,0.0
1.15,16,0.04833333333333332,dro,208.88001835160247,208.88001835160247,0.0,0,0.0,,0.0
1.2,16,0.04833333333333332,myopic,208.88001835160247,208.88001835160247,0.0,0,0.0,,0.0
1.2,16,0.04833333333333332,nominal_dynamic,208.88001835160247,208.88001835160247,0.0,0,0.0,,0.0
1.2,16,0.04833333333333332,dro,208.88001835160247,208.88001835160247,0.0,0,0.0,,0.0
1.25,16,0.04833333333333332,myopic,208.88001835160247,208.88001835160247,0.0,0,0.0,,0.0
1.25,16,0.04833333333333332,nominal_dynamic,208.88001835160247,208.88001835160247,0.0,0,0.0,,0.0
1.25,16,0.04833333333333332,dro,208.88001835160247,208.88001835160247,0.0,0,0.0,,0.0
1.3,16,0.04833333333333332,myopic,208.88001835160247,208.88001835160247,0.0,0,0.0,,0.0
1.3,16,0.04833333333333332,nominal_dynamic,208.88001835160247,208.88001835160247,0.0,0,0.0,,0.0
1.3,16,0.04833333333333332,dro,208.88001835160247,208.88001835160247,0.0,0,0.0,,0.0
1.35,16,0.04833333333333332,myopic,208.88001835160247,208.88001835160247,0.0,0,0.0,,0.0
1.35,16,0.04833333333333332,nominal_dynamic,208.88001835160247,208.88001835160247,0.0,0,0.0,,0.0
1.35,16,0.04833333333333332,dro,208.88001835160247,208.88001835160247,0.0,0,0.0,,0.0
1.4,16,0.04833333333333332,myopic,208.88001835160247,208.88001835160247,0.0,0,0.0,,0.0
1.4,16,0.04833333333333332,nominal_dynamic,208.88001835160247,208.88001835160247,0.0,0,0.0,,0.0
1.4,16,0.04833333333333332,dro,208.88001835160247,208.88001835160247,0.0,0,0.0,,0.0
1.45,16,0.04833333333333332,myopic,208.88001835160247,208.88001835160247,0.0,0,0.0,,0.0
1.45,16,0.04833333333333332,nominal_dynamic,208.88001835160247,208.88001835160247,0.0,0,0.0,,0.0
1.45,16,0.04833333333333332,dro,208.88001835160247,208.88001835160247,0.0,0,0.0,,0.0
1.5,16,0.04833333333333332,myopic,208.88001835160247,208.88001835160247,0.0,0,0.0,,0.0
1.5,16,0.04833333333333332,nominal_dynamic,208.88001835160247,208.88001835160247,0.0,0,0.0,,0.0
1.5,16,0.04833333333333332,dro,208.88001835160247,208.88001835160247,0.0,0,0.0,,0.0
1.55,16,0.04833333333333332,myopic,208.88001835160247,208.88001835160247,0.0,0,0.0,,0.0
1.55,16,0.04833333333333332,nominal_dynamic,208.88001835160247,208.88001835160247,0.0,0,0.0,,0.0
1.55,16,0.04833333333333332,dro,208.88001835160247,208.88001835160247,0.0,0,0.0,,0.0
1.6,16,0.04833333333333332,myopic,208.88001835160247,208.88001835160247,0.0,0,0.0,,0.0
1.6,16,0.04833333333333332,nominal_dynamic,208.88001835160247,208.88001835160247,0.0,0,0.0,,0.0
1.6,16,0.04833333333333332,dro,208.88001835160247,208.88001835160247,0.0,0,0.0,,0.0
1.65,16,0.04833333333333332,myopic,208.88001835160247,208.88001835160247,0.0,0,0.0,,0.0
1.65,16,0.04833333333333332,nominal_dynamic,208.88001835160247,208.88001835160247,0.0,0,0.0,,0.0
1.65,16,0.04833333333333332,dro,208.88001835160247,208.88001835160247,0.0,0,0.0,,0.0
1.7,16,0.04833333333333332,myopic,208.88001835160247,208.88001835160247,0.0,0,0.0,,0.0
1.7,16,0.04833333333333332,nominal_dynamic,208.88001835160247,208.88001835160247,0.0,0,0.0,,0.0
1.7,16,0.04833333333333332,dro,208.88001835160247,208.88001835160247,0.0,0,0.0,,0.0
1.75,16,0.04833333333333332,myopic,208.88001835160247,208.88001835160247,0.0,0,0.0,,0.0
1.75,16,0.04833333333333332,nominal_dynamic,208.88001835160247,208.88001835160247,0.0,0,0.0,,0.0
1.75,16,0.04833333333333332,dro,208.88001835160247,208.88001835160247,0.0,0,0.0,,0.0
1.8,16,0.04833333333333332,myopic,208.88001835160247,208.88001835160247,0.0,0,0.0,,0.0
1.8,16,0.04833333333333332,nominal_dynamic,208.88001835160247,208.88001835160247,0.0,0,0.0,,0.0
1.8,16,0.04833333333333332,dro,208.88001835160247,208.88001835160247,0.0,0,0.0,,0.0
1.85,16,0.04833333333333332,myopic,208.88001835160247,208.88001835160247,0.0,0,0.0,,0.0
1.85,16,0.04833333333333332,nominal_dynamic,208.88001835160247,208.88001835160247,0.0,0,0.0,,0.0
1.85,16,0.04833333333333332,dro,208.88001835160247,208.88001835160247,0.0,0,0.0,,0.0
1.9,16,0.04833333333333332,myopic,208.88001835160247,208.88001835160247,0.0,0,0.0,,0.0
1.9,16,0.04833333333333332,nominal_dynamic,208.88001835160247,208.88001835160247,0.0,0,0.0,,0.0
1.9,16,0.04833333333333332,dro,208.88001835160247,208.88001835160247,0.0,0,0.0,,0.0
1.95,16,0.04833333333333332,myopic,208.88001835160247,208.88001835160247,0.0,0,0.0,,0.0
1.95,16,0.04833333333333332,nominal_dynamic,208.88001835160247,208.88001835160247,0.0,0,0.0,,0.0
1.95,16,0.04833333333333332,dro,208.88001835160247,208.88001835160247,0.0,0,0.0,,0.0
2.0,16,0.04833333333333332,myopic,208.88001835160247,208.88001835160247,0.0,0,0.0,,0.0
2.0,16,0.04833333333333332,nominal_dynamic,208.88001835160247,208.88001835160247,0.0,0,0.0,,0.0
2.0,16,0.04833333333333332,dro,208.88001835160247,208.88001835160247,0.0,0,0.0,,0.0
2.05,16,0.04833333333333332,myopic,208.88001835160247,208.88001835160247,0.0,0,0.0,,0.0
2.05,16,0.04833333333333332,nominal_dynamic,208.88001835160247,208.88001835160247,0.0,0,0.0,,0.0
2.05,16,0.04833333333333332,dro,208.88001835160247,208.88001835160247,0.0,0,0.0,,0.0
2.1,16,0.04833333333333332,myopic,208.88001835160247,208.88001835160247,0.0,0,0.0,,0.0
2.1,16,0.04833333333333332,nominal_dynamic,208.88001835160247,208.88001835160247,0.0,0,0.0,,0.0
2.1,16,0.04833333333333332,dro,208.88001835160247,208.88001835160247,0.0,0,0.0,,0.0
2.15,16,0.04833333333333332,myopic,208.88001835160247,208.88001835160247,0.0,0,0.0,,0.0
2.15,16,0.04833333333333332,nominal_dynamic,208.88001835160247,208.88001835160247,0.0,0,0.0,,0.0
2.15,16,0.04833333333333332,dro,208.88001835160247,208.88001835160247,0.0,0,0.0,,0.0
2.2,16,0.04833333333333332,myopic,207.4785409460891,208.88001835160247,1.4014774055133614,4,0.3,1.0,0.3
2.2,16,0.04833333333333332,nominal_dynamic,208.84601159921084,208.88001835160247,0.0340067523916332,1,0.3,12.0,0.0
2.2,16,0.04833333333333332,dro,208.88001835160247,208.88001835160247,0.0,0,0.0,,0.0
2.25,16,0.04833333333333332,myopic,212.0292812553385,212.3034972426565,0.27421598731800145,4,0.3,1.0,0.3
2.25,16,0.04833333333333332,nominal_dynamic,212.3034972426565,212.3034972426565,0.0,4,0.3,1.0,0.3
2.25,16,0.04833333333333332,dro,209.94833608603196,212.3034972426565,2.355161156624547,1,0.3,12.0,0.0
2.3,16,0.04833333333333332,myopic,216.58002156458795,216.84048052352836,0.2604589589404043,4,0.3,1.0,0.3
2.3,16,0.04833333333333332,nominal_dynamic,216.83349053497392,216.84048052352836,0.006989988554437332,4,0.3,1.0,0.3
2.3,16,0.04833333333333332,dro,211.0506605728531,216.84048052352836,5.789819950675252,1,0.3,12.0,0.0
2.35,16,0.04833333333333332,myopic,221.1307618738374,221.38164594267914,0.2508840688417422,4,0.3,1.0,0.3
2.35,16,0.04833333333333332,nominal_dynamic,221.3634838272913,221.38164594267914,0.018162115387838185,4,0.3,1.0,0.3
2.35,16,0.04833333333333332,dro,221.29754014838016,221.38164594267914,0.0841057942989778,4,0.3,3.0,0.0
2.4,16,0.04833333333333332,myopic,225.68150218308682,225.9228113618299,0.2413091787430801,4,0.3,1.0,0.3
2.4,16,0.04833333333333332,nominal_dynamic,225.9228113618299,225.9228113618299,0.0,4,0.3,1.0,0.3
2.4,16,0.04833333333333332,dro,225.80288682304484,225.9228113618299,0.11992453878505671,4,0.3,3.0,0.0
2.45,16,0.04833333333333332,myopic,230.2322424923363,230.46397678098072,0.23173428864441803,4,0.3,1.0,0.3
2.45,16,0.04833333333333332,nominal_dynamic,230.46397678098072,230.46397678098072,0.0,4,0.3,1.0,0.3
2.45,16,0.04833333333333332,dro,230.37026119617906,230.46397678098072,0.09371558480165731,4,0.3,1.0,0.3
2.5,16,0.04833333333333332,myopic,234.78298280158572,235.00514220013153,0.2221593985458128,4,0.3,1.0,0.3
2.5,16,0.04833333333333332,nominal_dynamic,235.00514220013153,235.00514220013153,0.0,4,0.3,1.0,0.3
2.5,16,0.04833333333333332,dro,234.88878626669256,235.00514220013153,0.11635593343896744,4,0.3,1.0,0.3
2.55,16,0.04833333333333332,myopic,239.33372311083514,239.5463076192823,0.2125845084471507,4,0.3,1.0,0.3
2.55,16,0.04833333333333332,nominal_dynamic,239.5463076192823,239.5463076192823,0.0,4,0.3,1.0,0.3
2.55,16,0.04833333333333332,dro,239.40731133720604,239.5463076192823,0.13899628207624914,4,0.3,1.0,0.3
2.6,16,0.04833333333333332,myopic,243.88446342008461,244.0874730384331,0.20300961834848863,4,0.3,1.0,0.3
2.6,16,0.04833333333333332,nominal_dynamic,244.0874730384331,244.0874730384331,0.0,4,0.3,1.0,0.3
2.6,16,0.04833333333333332,dro,244.01345028887823,244.0874730384331,0.07402274955487087,4,0.3,1.0,0.3
2.65,16,0.04833333333333332,myopic,248.43520372933398,248.62863845758383,0.19343472824985497,4,0.3,1.0,0.3
2.65,16,0.04833333333333332,nominal_dynamic,248.62863845758383,248.62863845758383,0.0,4,0.3,1.0,0.3
2.65,16,0.04833333333333332,dro,248.54344358119556,248.62863845758383,0.08519487638827172,4,0.3,1.0,0.3
2.7,16,0.04833333333333332,myopic,252.9859440385835,253.1698038767347,0.1838598381511929,4,0.3,1.0,0.3
2.7,16,0.04833333333333332,nominal_dynamic,253.1698038767347,253.1698038767347,0.0,4,0.3,1.0,0.3
2.7,16,0.04833333333333332,dro,253.073436873513,253.1698038767347,0.096367003221701,4,0.3,1.0,0.3
2.75,16,0.04833333333333332,myopic,257.53668434783293,257.71096929588543,0.1742849480525024,4,0.3,1.0,0.3
2.75,16,0.04833333333333332,nominal_dynamic,257.71096929588543,257.71096929588543,0.0,4,0.3,1.0,0.3
2.75,16,0.04833333333333332,dro,257.6034301658304,257.71096929588543,0.107539130055045,4,0.3,1.0,0.3
2.8,16,0.04833333333333332,myopic,262.08742465708235,262.2521347150363,0.16471005795392557,4,0.3,1.0,0.3
2.8,16,0.04833333333333332,nominal_dynamic,262.2521347150363,262.2521347150363,0.0,4,0.3,1.0,0.3
2.8,16,0.04833333333333332,dro,262.1334234581478,262.2521347150363,0.1187112568885027,4,0.3,1.0,0.3
2.85,16,0.04833333333333332,myopic,266.6381649663318,266.793300134187,0.15513516785523507,4,0.3,1.0,0.3
2.85,16,0.04833333333333332,nominal_dynamic,266.793300134187,266.793300134187,0.0,4,0.3,1.0,0.3
2.85,16,0.04833333333333332,dro,266.6634167504651,266.793300134187,0.12988338372190356,4,0.3,1.0,0.3
2.9,16,0.04833333333333332,myopic,271.1889052755812,271.3344655533378,0.1455602777566014,4,0.3,1.0,0.3
2.9,16,0.04833333333333332,nominal_dynamic,271.3344655533378,271.3344655533378,0.0,4,0.3,1.0,0.3
2.9,16,0.04833333333333332,dro,271.3344655533378,271.3344655533378,0.0,4,0.3,1.0,0.3
2.95,16,0.04833333333333332,myopic,275.73964558483067,275.8756309724886,0.1359853876579109,4,0.3,1.0,0.3
2.95,16,0.04833333333333332,nominal_dynamic,275.8756309724886,275.8756309724886,0.0,4,0.3,1.0,0.3
2.95,16,0.04833333333333332,dro,275.8756309724886,275.8756309724886,0.0,4,0.3,1.0,0.3
3.0,16,0.04833333333333332,myopic,280.2903858940801,280.4167963916394,0.1264104975593341,4,0.3,1.0,0.3
3.0,16,0.04833333333333332,nominal_dynamic,280.4167963916394,280.4167963916394,0.0,4,0.3,1.0,0.3
3.0,16,0.04833333333333332,dro,280.4167963916394,280.4167963916394,0.0,4,0.3,1.0,0.3
0.0,17,0.03333333333333333,myopic,208.88001835160247,208.88001835160247,0.0,0,0.0,,0.0
0.0,17,0.03333333333333333,nominal_dynamic,208.88001835160247,208.88001835160247,0.0,0,0.0,,0.0
0.0,17,0.03333333333333333,dro,208.88001835160247,208.88001835160247,0.0,0,0.0,,0.0
0.05,17,0.03333333333333333,myopic,208.88001835160247,208.88001835160247,0.0,0,0.0,,0.0
0.05,17,0.03333333333333333,nominal_dynamic,208.88001835160247,208.88001835160247,0.0,0,0.0,,0.0
0.05,17,0.03333333333333333,dro,208.88001835160247,208.88001835160247,0.0,0,0.0,,0.0
0.1,17,0.03333333333333333,myopic,208.88001835160247,208.88001835160247,0.0,0,0.0,,0.0
0.1,17,0.03333333333333333,nominal_dynamic,208.88001835160247,208.88001835160247,0.0,0,0.0,,0.0
0.1,17,0.03333333333333333,dro,208.88001835160247,208.88001835160247,0.0,0,0.0,,0.0
0.15,17,0.03333333333333333,myopic,208.88001835160247,208.88001835160247,0.0,0,0.0,,0.0
0.15,17,0.03333333333333333,nominal_dynamic,208.88001835160247,208.88001835160247,0.0,0,0.0,,0.0
0.15,17,0.03333333333333333,dro,208.88001835160247,208.88001835160247,0.0,0,0.0,,0.0
0.2,17,0.03333333333333333,myopic,208.88001835160247,208.88001835160247,0.0,0,0.0,,0.0
0.2,17,0.03333333333333333,nominal_dynamic,208.88001835160247,208.88001835160247,0.0,0,0.0,,0.0
0.2,17,0.03333333333333333,dro,208.88001835160247,208.88001835160247,0.0,0,0.0,,0.0
0.25,17,0.03333333333333333,myopic,208.88001835160247,208.88001835160247,0.0,0,0.0,,0.0
0.25,17,0.03333333333333333,nominal_dynamic,208.88001835160247,208.88001835160247,0.0,0,0.0,,0.0
0.25,17,0.03333333333333333,dro,208.88001835160247,208.88001835160247,0.0,0,0.0,,0.0
0.3,17,0.03333333333333333,myopic,208.88001835160247,208.88001835160247,0.0,0,0.0,,0.0
0.3,17,0.03333333333333333,nominal_dynamic,208.88001835160247,208.88001835160247,0.0,0,0.0,,0.0
0.3,17,0.03333333333333333,dro,208.88001835160247,208.88001835160247,0.0,0,0.0,,0.0
0.35,17,0.03333333333333333,myopic,208.88001835160247,208.88001835160247,0.0,0,0.0,,0.0
0.35,17,0.03333333333333333,nominal_dynamic,208.88001835160247,208.88001835160247,0.0,0,0.0,,0.0
0.35,17,0.03333333333333333,dro,208.88001835160247,208.88001835160247,0.0,0,0.0,,0.0
0.4,17,0.03333333333333333,myopic,208.88001835160247,208.88001835160247,0.0,0,0.0,,0.0
0.4,17,0.03333333333333333,nominal_dynamic,208.88001835160247,208.88001835160247,0.0,0,0.0,,0.0
0.4,17,0.03333333333333333,dro,208.88001835160247,208.88001835160247,0.0,0,0.0,,0.0
0.45,17,0.03333333333333333,myopic,208.88001835160247,208.88001835160247,0.0,0,0.0,,0.0
0.45,17,0.03333333333333333,nominal_dynamic,208.88001835160247,208.88001835160247,0.0,0,0.0,,0.0
0.45,17,0.03333333333333333,dro,208.88001835160247,208.88001835160247,0.0,0,0.0,,0.0
0.5,17,0.03333333333333333,myopic,208.88001835160247,208.88001835160247,0.0,0,0.0,,0.0
0.5,17,0.03333333333333333,nominal_dynamic,208.88001835160247,208.88001835160247,0.0,0,0.0,,0.0
0.5,17,0.03333333333333333,dro,208.88001835160247,208.88001835160247,0.0,0,0.0,,0.0
0.55,17,0.03333333333333333,myopic,208.88001835160247,208.88001835160247,0.0,0,0.0,,0.0
0.55,17,0.03333333333333333,nominal_dynamic,208.88001835160247,208.88001835160247,0.0,0,0.0,,0.0
0.55,17,0.03333333333333333,dro,208.88001835160247,208.88001835160247,0.0,0,0.0,,0.0
0.6,17,0.03333333333333333,myopic,208.88001835160247,208.88001835160247,0.0,0,0.0,,0.0
0.6,17,0.03333333333333333,nominal_dynamic,208.88001835160247,208.88001835160247,0.0,0,0.0,,0.0
0.6,17,0.03333333333333333,dro,208.88001835160247,208.88001835160247,0.0,0,0.0,,0.0
0.65,17,0.03333333333333333,myopic,208.88001835160247,208.88001835160247,0.0,0,0.0,,0.0
0.65,17,0.03333333333333333,nominal_dynamic,208.88001835160247,208.88001835160247,0.0,0,0.0,,0.0
0.65,17,0.03333333333333333,dro,208.88001835160247,208.88001835160247,0.0,0,0.0,,0.0
0.7,17,0.03333333333333333,myopic,208.88001835160247,208.88001835160247,0.0,0,0.0,,0.0
0.7,17,0.03333333333333333,nominal_dynamic,208.88001835160247,208.88001835160247,0.0,0,0.0,,0.0
0.7,17,0.03333333333333333,dro,208.88001835160247,208.88001835160247,0.0,0,0.0,,0.0
0.75,17,0.03333333333333333,myopic,208.88001835160247,208.88001835160247,0.0,0,0.0,,0.0
0.75,17,0.03333333333333333,nominal_dynamic,208.88001835160247,208.88001835160247,0.0,0,0.0,,0.0
0.75,17,0.03333333333333333,dro,208.88001835160247,208.88001835160247,0.0,0,0.0,,0.0
0.8,17,0.03333333333333333,myopic,208.88001835160247,208.88001835160247,0.0,0,0.0,,0.0
0.8,17,0.03333333333333333,nominal_dynamic,208.88001835160247,208.88001835160247,0.0,0,0.0,,0.0
0.8,17,0.03333333333333333,dro,208.88001835160247,208.88001835160247,0.0,0,0.0,,0.0
0.85,17,0.03333333333333333,myopic,208.88001835160247,208.88001835160247,0.0,0,0.0,,0.0
0.85,17,0.03333333333333333,nominal_dynamic,208.88001835160247,208.88001835160247,0.0,0,0.0,,0.0
0.85,17,0.03333333333333333,dro,208.88001835160247,208.88001835160247,0.0,0,0.0,,0.0
0.9,17,0.03333333333333333,myopic,208.88001835160247,208.88001835160247,0.0,0,0.0,,0.0
0.9,17,0.03333333333333333,nominal_dynamic,208.88001835160247,208.88001835160247,0.0,0,0.0,,0.0
0.9,17,0.03333333333333333,dro,208.88001835160247,208.88001835160247,0.0,0,0.0,,0.0
0.95,17,0.03333333333333333,myopic,208.88001835160247,208.88001835160247,0.0,0,0.0,,0.0
0.95,17,0.03333333333333333,nominal_dynamic,208.88001835160247,208.88001835160247,0.0,0,0.0,,0.0
0.95,17,0.03333333333333333,dro,208.88001835160247,208.88001835160247,0.0,0,0.0,,0.0
1.0,17,0.03333333333333333,myopic,208.88001835160247,208.88001835160247,0.0,0,0.0,,0.0
1.0,17,0.03333333333333333,nominal_dynamic,208.88001835160247,208.88001835160247,0.0,0,0.0,,0.0
1.0,17,0.03333333333333333,dro,208.88001835160247,208.88001835160247,0.0,0,0.0,,0.0
1.05,17,0.03333333333333333,myopic,208.88001835160247,208.88001835160247,0.0,0,0.0,,0.0
1.05,17,0.03333333333333333,nominal_dynamic,208.88001835160247,208.88001835160247,0.0,0,0.0,,0.0
1.05,17,0.03333333333333333,dro,208.88001835160247,208.88001835160247,0.0,0,0.0,,0.0
1.1,17,0.03333333333333333,myopic,208.88001835160247,208.88001835160247,0.0,0,0.0,,0.0
1.1,17,0.03333333333333333,nominal_dynamic,208.88001835160247,208.88001835160247,0.0,0,0.0,,0.0
1.1,17,0.03333333333333333,dro,208.88001835160247,208.88001835160247,0.0,0,0.0,,0.0
1.15,17,0.03333333333333333,myopic,208.88001835160247,208.88001835160247,0.0,0,0.0,,0.0
1.15,17,0.03333333333333333,nominal_dynamic,208.88001835160247,208.88001835160247,0.0,0,0.0,,0.0
1.15,17,0.03333333333333333,dro,208.88001835160247,208.88001835160247,0.0,0,0.0,,0.0
1.2,17,0.03333333333333333,myopic,208.88001835160247,208.88001835160247,0.0,0,0.0,,0.0
1.2,17,0.03333333333333333,nominal_dynamic,208.88001835160247,208.88001835160247,0.0,0,0.0,,0.0
1.2,17,0.03333333333333333,dro,208.88001835160247,208.88001835160247,0.0,0,0.0,,0.0
1.25,17,0.03333333333333333,myopic,208.88001835160247,208.88001835160247,0.0,0,0.0,,0.0
1.25,17,0.03333333333333333,nominal_dynamic,208.88001835160247,208.88001835160247,0.0,0,0.0,,0.0
1.25,17,0.03333333333333333,dro,208.88001835160247,208.88001835160247,0.0,0,0.0,,0.0
1.3,17,0.03333333333333333,myopic,208.88001835160247,208.88001835160247,0.0,0,0.0,,0.0
1.3,17,0.03333333333333333,nominal_dynamic,208.88001835160247,208.88001835160247,0.0,0,0.0,,0.0
1.3,17,0.03333333333333333,dro,208.88001835160247,208.88001835160247,0.0,0,0.0,,0.0
1.35,17,0.03333333333333333,myopic,208.88001835160247,208.88001835160247,0.0,0,0.0,,0.0
1.35,17,0.03333333333333333,nominal_dynamic,208.88001835160247,208.88001835160247,0.0,0,0.0,,0.0
1.35,17,0.03333333333333333,dro,208.88001835160247,208.88001835160247,0.0,0,0.0,,0.0
1.4,17,0.03333333333333333,myopic,208.88001835160247,208.88001835160247,0.0,0,0.0,,0.0
1.4,17,0.03333333333333333,nominal_dynamic,208.88001835160247,208.88001835160247,0.0,0,0.0,,0.0
1.4,17,0.03333333333333333,dro,208.88001835160247,208.88001835160247,0.0,0,0.0,,0.0
1.45,17,0.03333333333333333,myopic,208.88001835160247,208.88001835160247,0.0,0,0.0,,0.0
1.45,17,0.03333333333333333,nominal_dynamic,208.88001835160247,208.88001835160247,0.0,0,0.0,,0.0
1.45,17,0.03333333333333333,dro,208.88001835160247,208.88001835160247,0.0,0,0.0,,0.0
1.5,17,0.03333333333333333,myopic,208.88001835160247,208.88001835160247,0.0,0,0.0,,0.0
1.5,17,0.03333333333333333,nominal_dynamic,208.88001835160247,208.88001835160247,0.0,0,0.0,,0.0
1.5,17,0.03333333333333333,dro,208.88001835160247,208.88001835160247,0.0,0,0.0,,0.0
1.55,17,0.03333333333333333,myopic,208.88001835160247,208.88001835160247,0.0,0,0.0,,0.0
1.55,17,0.03333333333333333,nominal_dynamic,208.88001835160247,208.88001835160247,0.0,0,0.0,,0.0
1.55,17,0.03333333333333333,dro,208.88001835160247,208.88001835160247,0.0,0,0.0,,0.0
1.6,17,0.03333333333333333,myopic,208.88001835160247,208.88001835160247,0.0,0,0.0,,0.0
1.6,17,0.03333333333333333,nominal_dynamic,208.88001835160247,208.88001835160247,0.0,0,0.0,,0.0
1.6,17,0.03333333333333333,dro,208.88001835160247,208.88001835160247,0.0,0,0.0,,0.0
1.65,17,0.03333333333333333,myopic,208.88001835160247,208.88001835160247,0.0,0,0.0,,0.0
1.65,17,0.03333333333333333,nominal_dynamic,208.88001835160247,208.88001835160247,0.0,0,0.0,,0.0
1.65,17,0.03333333333333333,dro,208.88001835160247,208.88001835160247,0.0,0,0.0,,0.0
1.7,17,0.03333333333333333,myopic,208.88001835160247,208.88001835160247,0.0,0,0.0,,0.0
1.7,17,0.03333333333333333,nominal_dynamic,208.88001835160247,208.88001835160247,0.0,0,0.0,,0.0
1.7,17,0.03333333333333333,dro,208.88001835160247,208.88001835160247,0.0,0,0.0,,0.0
1.75,17,0.03333333333333333,myopic,208.88001835160247,208.88001835160247,0.0,0,0.0,,0.0
1.75,17,0.03333333333333333,nominal_dynamic,208.88001835160247,208.88001835160247,0.0,0,0.0,,0.0
1.75,17,0.03333333333333333,dro,208.88001835160247,208.88001835160247,0.0,0,0.0,,0.0
1.8,17,0.03333333333333333,myopic,208.88001835160247,208.88001835160247,0.0,0,0.0,,0.0
1.8,17,0.03333333333333333,nominal_dynamic,208.88001835160247,208.88001835160247,0.0,0,0.0,,0.0
1.8,17,0.03333333333333333,dro,208.88001835160247,208.88001835160247,0.0,0,0.0,,0.0
1.85,17,0.03333333333333333,myopic,208.88001835160247,208.88001835160247,0.0,0,0.0,,0.0
1.85,17,0.03333333333333333,nominal_dynamic,208.88001835160247,208.88001835160247,0.0,0,0.0,,0.0
1.85,17,0.03333333333333333,dro,208.88001835160247,208.88001835160247,0.0,0,0.0,,0.0
1.9,17,0.03333333333333333,myopic,208.88001835160247,208.88001835160247,0.0,0,0.0,,0.0
1.9,17,0.03333333333333333,nominal_dynamic,208.88001835160247,208.88001835160247,0.0,0,0.0,,0.0
1.9,17,0.03333333333333333,dro,208.88001835160247,208.88001835160247,0.0,0,0.0,,0.0
1.95,17,0.03333333333333333,myopic,208.88001835160247,208.88001835160247,0.0,0,0.0,,0.0
1.95,17,0.03333333333333333,nominal_dynamic,208.88001835160247,208.88001835160247,0.0,0,0.0,,0.0
1.95,17,0.03333333333333333,dro,208.88001835160247,208.88001835160247,0.0,0,0.0,,0.0
2.0,17,0.03333333333333333,myopic,208.88001835160247,208.88001835160247,0.0,0,0.0,,0.0
2.0,17,0.03333333333333333,nominal_dynamic,208.88001835160247,208.88001835160247,0.0,0,0.0,,0.0
2.0,17,0.03333333333333333,dro,208.88001835160247,208.88001835160247,0.0,0,0.0,,0.0
2.05,17,0.03333333333333333,myopic,208.88001835160247,208.88001835160247,0.0,0,0.0,,0.0
2.05,17,0.03333333333333333,nominal_dynamic,208.88001835160247,208.88001835160247,0.0,0,0.0,,0.0
2.05,17,0.03333333333333333,dro,208.88001835160247,208.88001835160247,0.0,0,0.0,,0.0
2.1,17,0.03333333333333333,myopic,208.88001835160247,208.88001835160247,0.0,0,0.0,,0.0
2.1,17,0.03333333333333333,nominal_dynamic,208.88001835160247,208.88001835160247,0.0,0,0.0,,0.0
2.1,17,0.03333333333333333,dro,208.88001835160247,208.88001835160247,0.0,0,0.0,,0.0
2.15,17,0.03333333333333333,myopic,208.88001835160247,209.3258499711914,0.4458316195889154,0,0.0,,0.0
2.15,17,0.03333333333333333,nominal_dynamic,208.88001835160247,209.3258499711914,0.4458316195889154,0,0.0,,0.0
2.15,17,0.03333333333333333,dro,208.88001835160247,209.3258499711914,0.4458316195889154,0,0.0,,0.0
2.2,17,0.03333333333333333,myopic,210.9718420156036,212.08745737073102,1.115615355127403,4,0.3,1.0,0.3
2.2,17,0.03333333333333333,nominal_dynamic,210.5263242328705,212.08745737073102,1.5611331378605087,1,0.3,12.0,0.0
2.2,17,0.03333333333333333,dro,208.88001835160247,212.08745737073102,3.207439019128543,0,0.0,,0.0
2.25,17,0.03333333333333333,myopic,215.97589759137972,217.08090409974514,1.1050065083654204,4,0.3,1.0,0.3
2.25,17,0.03333333333333333,nominal_dynamic,217.06716571743505,217.08090409974514,0.013738382310094721,4,0.3,1.0,0.3
2.25,17,0.03333333333333333,dro,211.7382700723279,217.08090409974514,5.342634027417233,1,0.3,12.0,0.0
2.3,17,0.03333333333333333,myopic,220.97995316715586,222.07435082875926,1.0943976616034092,4,0.3,1.0,0.3
2.3,17,0.03333333333333333,nominal_dynamic,222.04826242038502,222.07435082875926,0.02608840837424964,4,0.3,1.0,0.3
2.3,17,0.03333333333333333,dro,212.95021591178528,222.07435082875926,9.124134916973986,1,0.3,12.0,0.0
2.35,17,0.03333333333333333,myopic,225.98400874293196,227.0677975577734,1.0837888148414265,4,0.3,1.0,0.3
2.35,17,0.03333333333333333,nominal_dynamic,227.02935912333504,227.0677975577734,0.03843843443834771,4,0.3,1.0,0.3
2.35,17,0.03333333333333333,dro,226.9360404333214,227.0677975577734,0.13175712445197973,4,0.3,3.0,0.0
2.4,17,0.03333333333333333,myopic,230.98806431870815,232.06124428678757,1.0731799680794154,4,0.3,1.0,0.3
2.4,17,0.03333333333333333,nominal_dynamic,232.06124428678757,232.06124428678757,0.0,4,0.3,1.0,0.3
2.4,17,0.03333333333333333,dro,231.89018055472917,232.06124428678757,0.17106373205839986,4,0.3,3.0,0.0
2.45,17,0.03333333333333333,myopic,235.9921198944843,237.0546910158017,1.0625711213174043,4,0.3,1.0,0.3
2.45,17,0.03333333333333333,nominal_dynamic,237.0546910158017,237.0546910158017,0.0,4,0.3,1.0,0.3
2.45,17,0.03333333333333333,dro,236.92366502557127,237.0546910158017,0.13102599023042671,4,0.3,1.0,0.3
2.5,17,0.03333333333333333,myopic,240.9961754702604,242.04813774481582,1.0519622745554216,4,0.3,1.0,0.3
2.5,17,0.03333333333333333,nominal_dynamic,242.04813774481582,242.04813774481582,0.0,4,0.3,1.0,0.3
2.5,17,0.03333333333333333,dro,241.89221370392673,242.04813774481582,0.15592404088909007,4,0.3,1.0,0.3
2.55,17,0.03333333333333333,myopic,246.00023104603653,247.04158447383,1.0413534277934673,4,0.3,1.0,0.3
2.55,17,0.03333333333333333,nominal_dynamic,247.04158447383,247.04158447383,0.0,4,0.3,1.0,0.3
2.55,17,0.03333333333333333,dro,246.86076238228213,247.04158447383,0.1808220915478671,4,0.3,1.0,0.3
2.6,17,0.03333333333333333,myopic,251.0042866218127,252.03503120284412,1.0307445810314277,4,0.3,1.0,0.3
2.6,17,0.03333333333333333,nominal_dynamic,252.03503120284412,252.03503120284412,0.0,4,0.3,1.0,0.3
2.6,17,0.03333333333333333,dro,251.93484263808503,252.03503120284412,0.10018856475909388,4,0.3,1.0,0.3
2.65,17,0.03333333333333333,myopic,256.00834219758883,257.0284779318583,1.020135734269445,4,0.3,1.0,0.3
2.65,17,0.03333333333333333,nominal_dynamic,257.0284779318583,257.0284779318583,0.0,4,0.3,1.0,0.3
2.65,17,0.03333333333333333,dro,256.91593934103497,257.0284779318583,0.11253859082330564,4,0.3,1.0,0.3
2.7,17,0.03333333333333333,myopic,261.012397773365,262.02192466087246,1.009526887507434,4,0.3,1.0,0.3
2.7,17,0.03333333333333333,nominal_dynamic,262.02192466087246,262.02192466087246,0.0,4,0.3,1.0,0.3
2.7,17,0.03333333333333333,dro,261.89703604398505,262.02192466087246,0.12488861688740371,4,0.3,1.0,0.3
2.75,17,0.03333333333333333,myopic,266.0164533491411,267.0153713898866,0.9989180407454796,4,0.3,1.0,0.3
2.75,17,0.03333333333333333,nominal_dynamic,267.0153713898866,267.0153713898866,0.0,4,0.3,1.0,0.3
2.75,17,0.03333333333333333,dro,266.87813274693497,267.0153713898866,0.13723864295161547,4,0.3,1.0,0.3
2.8,17,0.03333333333333333,myopic,271.02050892491724,272.00881811890076,0.9883091939835253,4,0.3,1.0,0.3
2.8,17,0.03333333333333333,nominal_dynamic,272.00881811890076,272.00881811890076,0.0,4,0.3,1.0,0.3
2.8,17,0.03333333333333333,dro,271.859229449885,272.00881811890076,0.1495886690157704,4,0.3,1.0,0.3
2.85,17,0.03333333333333333,myopic,276.0245645006934,277.0022648479149,0.9777003472215142,4,0.3,1.0,0.3
2.85,17,0.03333333333333333,nominal_dynamic,277.0022648479149,277.0022648479149,0.0,4,0.3,1.0,0.3
2.85,17,0.03333333333333333,dro,276.840326152835,277.0022648479149,0.16193869507986847,4,0.3,1.0,0.3
2.9,17,0.03333333333333333,myopic,281.0286200764695,281.995711576929,0.9670915004595031,4,0.3,1.0,0.3
2.9,17,0.03333333333333333,nominal_dynamic,281.995711576929,281.995711576929,0.0,4,0.3,1.0,0.3
2.9,17,0.03333333333333333,dro,281.995711576929,281.995711576929,0.0,4,0.3,1.0,0.3
2.95,17,0.03333333333333333,myopic,286.03267565224564,286.98915830594314,0.956482653697492,4,0.3,1.0,0.3
2.95,17,0.03333333333333333,nominal_dynamic,286.98915830594314,286.98915830594314,0.0,4,0.3,1.0,0.3
2.95,17,0.03333333333333333,dro,286.98915830594314,286.98915830594314,0.0,4,0.3,1.0,0.3
3.0,17,0.03333333333333333,myopic,291.0367312280218,291.98260503495726,0.9458738069354808,4,0.3,1.0,0.3
3.0,17,0.03333333333333333,nominal_dynamic,291.98260503495726,291.98260503495726,0.0,4,0.3,1.0,0.3
3.0,17,0.03333333333333333,dro,291.98260503495726,291.98260503495726,0.0,4,0.3,1.0,0.3
0.0,18,0.025000000000000005,myopic,208.88001835160247,208.88001835160247,0.0,0,0.0,,0.0
0.0,18,0.025000000000000005,nominal_dynamic,208.88001835160247,208.88001835160247,0.0,0,0.0,,0.0
0.0,18,0.025000000000000005,dro,208.88001835160247,208.88001835160247,0.0,0,0.0,,0.0
0.05,18,0.025000000000000005,myopic,208.88001835160247,208.88001835160247,0.0,0,0.0,,0.0
0.05,18,0.025000000000000005,nominal_dynamic,208.88001835160247,208.88001835160247,0.0,0,0.0,,0.0
0.05,18,0.025000000000000005,dro,208.88001835160247,208.88001835160247,0.0,0,0.0,,0.0
0.1,18,0.025000000000000005,myopic,208.88001835160247,208.88001835160247,0.0,0,0.0,,0.0
0.1,18,0.025000000000000005,nominal_dynamic,208.88001835160247,208.88001835160247,0.0,0,0.0,,0.0
0.1,18,0.025000000000000005,dro,208.88001835160247,208.88001835160247,0.0,0,0.0,,0.0
0.15,18,0.025000000000000005,myopic,208.88001835160247,208.88001835160247,0.0,0,0.0,,0.0
0.15,18,0.025000000000000005,nominal_dynamic,208.88001835160247,208.88001835160247,0.0,0,0.0,,0.0
0.15,18,0.025000000000000005,dro,208.88001835160247,208.88001835160247,0.0,0,0.0,,0.0
0.2,18,0.025000000000000005,myopic,208.88001835160247,208.88001835160247,0.0,0,0.0,,0.0
0.2,18,0.025000000000000005,nominal_dynamic,208.88001835160247,208.88001835160247,0.0,0,0.0,,0.0
0.2,18,0.025000000000000005,dro,208.88001835160247,208.88001835160247,0.0,0,0.0,,0.0
0.25,18,0.025000000000000005,myopic,208.88001835160247,208.88001835160247,0.0,0,0.0,,0.0
0.25,18,0.025000000000000005,nominal_dynamic,208.88001835160247,208.88001835160247,0.0,0,0.0,,0.0
0.25,18,0.025000000000000005,dro,208.88001835160247,208.88001835160247,0.0,0,0.0,,0.0
0.3,18,0.025000000000000005,myopic,208.88001835160247,208.88001835160247,0.0,0,0.0,,0.0
0.3,18,0.025000000000000005,nominal_dynamic,208.88001835160247,208.88001835160247,0.0,0,0.0,,0.0
0.3,18,0.025000000000000005,dro,208.88001835160247,208.88001835160247,0.0,0,0.0,,0.0
0.35,18,0.025000000000000005,myopic,208.88001835160247,208.88001835160247,0.0,0,0.0,,0.0
0.35,18,0.025000000000000005,nominal_dynamic,208.88001835160247,208.88001835160247,0.0,0,0.0,,0.0
0.35,18,0.025000000000000005,dro,208.88001835160247,208.88001835160247,0.0,0,0.0,,0.0
0.4,18,0.025000000000000005,myopic,208.88001835160247,208.88001835160247,0.0,0,0.0,,0.0
0.4,18,0.025000000000000005,nominal_dynamic,208.88001835160247,208.88001835160247,0.0,0,0.0,,0.0
0.4,18,0.025000000000000005,dro,208.88001835160247,208.88001835160247,0.0,0,0.0,,0.0
0.45,18,0.025000000000000005,myopic,208.88001835160247,208.88001835160247,0.0,0,0.0,,0.0
0.45,18,0.025000000000000005,nominal_dynamic,208.88001835160247,208.88001835160247,0.0,0,0.0,,0.0
0.45,18,0.025000000000000005,dro,208.88001835160247,208.88001835160247,0.0,0,0.0,,0.0
0.5,18,0.025000000000000005,myopic,208.88001835160247,208.88001835160247,0.0,0,0.0,,0.0
0.5,18,0.025000000000000005,nominal_dynamic,208.88001835160247,208.88001835160247,0.0,0,0.0,,0.0
0.5,18,0.025000000000000005,dro,208.88001835160247,208.88001835160247,0.0,0,0.0,,0.0
0.55,18,0.025000000000000005,myopic,208.88001835160247,208.88001835160247,0.0,0,0.0,,0.0
0.55,18,0.025000000000000005,nominal_dynamic,208.88001835160247,208.88001835160247,0.0,0,0.0,,0.0
0.55,18,0.025000000000000005,dro,208.88001835160247,208.88001835160247,0.0,0,0.0,,0.0
0.6,18,0.025000000000000005,myopic,208.88001835160247,208.88001835160247,0.0,0,0.0,,0.0
0.6,18,0.025000000000000005,nominal_dynamic,208.88001835160247,208.88001835160247,0.0,0,0.0,,0.0
0.6,18,0.025000000000000005,dro,208.88001835160247,208.88001835160247,0.0,0,0.0,,0.0
0.65,18,0.025000000000000005,myopic,208.88001835160247,208.88001835160247,0.0,0,0.0,,0.0
0.65,18,0.025000000000000005,nominal_dynamic,208.88001835160247,208.88001835160247,0.0,0,0.0,,0.0
0.65,18,0.025000000000000005,dro,208.88001835160247,208.88001835160247,0.0,0,0.0,,0.0
0.7,18,0.025000000000000005,myopic,208.88001835160247,208.88001835160247,0.0,0,0.0,,0.0
0.7,18,0.025000000000000005,nominal_dynamic,208.88001835160247,208.88001835160247,0.0,0,0.0,,0.0
0.7,18,0.025000000000000005,dro,208.88001835160247,208.88001835160247,0.0,0,0.0,,0.0
0.75,18,0.025000000000000005,myopic,208.88001835160247,208.88001835160247,0.0,0,0.0,,0.0
0.75,18,0.025000000000000005,nominal_dynamic,208.88001835160247,208.88001835160247,0.0,0,0.0,,0.0
0.75,18,0.025000000000000005,dro,208.88001835160247,208.88001835160247,0.0,0,0.0,,0.0
0.8,18,0.025000000000000005,myopic,208.88001835160247,208.88001835160247,0.0,0,0.0,,0.0
0.8,18,0.025000000000000005,nominal_dynamic,208.88001835160247,208.88001835160247,0.0,0,0.0,,0.0
0.8,18,0.025000000000000005,dro,208.88001835160247,208.88001835160247,0.0,0,0.0,,0.0
0.85,18,0.025000000000000005,myopic,208.88001835160247,208.88001835160247,0.0,0,0.0,,0.0
0.85,18,0.025000000000000005,nominal_dynamic,208.88001835160247,208.88001835160247,0.0,0,0.0,,0.0
0.85,18,0.025000000000000005,dro,208.88001835160247,208.88001835160247,0.0,0,0.0,,0.0
0.9,18,0.025000000000000005,myopic,208.88001835160247,208.88001835160247,0.0,0,0.0,,0.0
0.9,18,0.025000000000000005,nominal_dynamic,208.88001835160247,208.88001835160247,0.0,0,0.0,,0.0
0.9,18,0.025000000000000005,dro,208.88001835160247,208.88001835160247,0.0,0,0.0,,0.0
0.95,18,0.025000000000000005,myopic,208.88001835160247,208.88001835160247,0.0,0,0.0,,0.0
0.95,18,0.025000000000000005,nominal_dynamic,208.88001835160247,208.88001835160247,0.0,0,0.0,,0.0
0.95,18,0.025000000000000005,dro,208.88001835160247,208.88001835160247,0.0,0,0.0,,0.0
1.0,18,0.025000000000000005,myopic,208.88001835160247,208.88001835160247,0.0,0,0.0,,0.0
1.0,18,0.025000000000000005,nominal_dynamic,208.88001835160247,208.88001835160247,0.0,0,0.0,,0.0
1.0,18,0.025000000000000005,dro,208.88001835160247,208.88001835160247,0.0,0,0.0,,0.0
1.05,18,0.025000000000000005,myopic,208.88001835160247,208.88001835160247,0.0,0,0.0,,0.0
1.05,18,0.025000000000000005,nominal_dynamic,208.88001835160247,208.88001835160247,0.0,0,0.0,,0.0
1.05,18,0.025000000000000005,dro,208.88001835160247,208.88001835160247,0.0,0,0.0,,0.0
1.1,18,0.025000000000000005,myopic,208.88001835160247,208.88001835160247,0.0,0,0.0,,0.0
1.1,18,0.025000000000000005,nominal_dynamic,208.88001835160247,208.88001835160247,0.0,0,0.0,,0.0
1.1,18,0.025000000000000005,dro,208.88001835160247,208.88001835160247,0.0,0,0.0,,0.0
1.15,18,0.025000000000000005,myopic,208.88001835160247,208.88001835160247,0.0,0,0.0,,0.0
1.15,18,0.025000000000000005,nominal_dynamic,208.88001835160247,208.88001835160247,0.0,0,0.0,,0.0
1.15,18,0.025000000000000005,dro,208.88001835160247,208.88001835160247,0.0,0,0.0,,0.0
1.2,18,0.025000000000000005,myopic,208.88001835160247,208.88001835160247,0.0,0,0.0,,0.0
1.2,18,0.025000000000000005,nominal_dynamic,208.88001835160247,208.88001835160247,0.0,0,0.0,,0.0
1.2,18,0.025000000000000005,dro,208.88001835160247,208.88001835160247,0.0,0,0.0,,0.0
1.25,18,0.025000000000000005,myopic,208.88001835160247,208.88001835160247,0.0,0,0.0,,0.0
1.25,18,0.025000000000000005,nominal_dynamic,208.88001835160247,208.88001835160247,0.0,0,0.0,,0.0
1.25,18,0.025000000000000005,dro,208.88001835160247,208.88001835160247,0.0,0,0.0,,0.0
1.3,18,0.025000000000000005,myopic,208.88001835160247,208.88001835160247,0.0,0,0.0,,0.0
1.3,18,0.025000000000000005,nominal_dynamic,208.88001835160247,208.88001835160247,0.0,0,0.0,,0.0
1.3,18,0.025000000000000005,dro,208.88001835160247,208.88001835160247,0.0,0,0.0,,0.0
1.35,18,0.025000000000000005,myopic,208.88001835160247,208.88001835160247,0.0,0,0.0,,0.0
1.35,18,0.025000000000000005,nominal_dynamic,208.88001835160247,208.88001835160247,0.0,0,0.0,,0.0
1.35,18,0.025000000000000005,dro,208.88001835160247,208.88001835160247,0.0,0,0.0,,0.0
1.4,18,0.025000000000000005,myopic,208.88001835160247,208.88001835160247,0.0,0,0.0,,0.0
1.4,18,0.025000000000000005,nominal_dynamic,208.88001835160247,208.88001835160247,0.0,0,0.0,,0.0
1.4,18,0.025000000000000005,dro,208.88001835160247,208.88001835160247,0.0,0,0.0,,0.0
1.45,18,0.025000000000000005,myopic,208.88001835160247,208.88001835160247,0.0,0,0.0,,0.0
1.45,18,0.025000000000000005,nominal_dynamic,208.88001835160247,208.88001835160247,0.0,0,0.0,,0.0
1.45,18,0.025000000000000005,dro,208.88001835160247,208.88001835160247,0.0,0,0.0,,0.0
1.5,18,0.025000000000000005,myopic,208.88001835160247,208.88001835160247,0.0,0,0.0,,0.0
1.5,18,0.025000000000000005,nominal_dynamic,208.88001835160247,208.88001835160247,0.0,0,0.0,,0.0
1.5,18,0.025000000000000005,dro,208.88001835160247,208.88001835160247,0.0,0,0.0,,0.0
1.55,18,0.025000000000000005,myopic,208.88001835160247,208.88001835160247,0.0,0,0.0,,0.0
1.55,18,0.025000000000000005,nominal_dynamic,208.88001835160247,208.88001835160247,0.0,0,0.0,,0.0
1.55,18,0.025000000000000005,dro,208.88001835160247,208.88001835160247,0.0,0,0.0,,0.0
1.6,18,0.025000000000000005,myopic,208.88001835160247,208.88001835160247,0.0,0,0.0,,0.0
1.6,18,0.025000000000000005,nominal_dynamic,208.88001835160247,208.88001835160247,0.0,0,0.0,,0.0
1.6,18,0.025000000000000005,dro,208.88001835160247,208.88001835160247,0.0,0,0.0,,0.0
1.65,18,0.025000000000000005,myopic,208.88001835160247,208.88001835160247,0.0,0,0.0,,0.0
1.65,18,0.025000000000000005,nominal_dynamic,208.88001835160247,208.88001835160247,0.0,0,0.0,,0.0
1.65,18,0.025000000000000005,dro,208.88001835160247,208.88001835160247,0.0,0,0.0,,0.0
1.7,18,0.025000000000000005,myopic,208.88001835160247,208.88001835160247,0.0,0,0.0,,0.0
1.7,18,0.025000000000000005,nominal_dynamic,208.88001835160247,208.88001835160247,0.0,0,0.0,,0.0
1.7,18,0.025000000000000005,dro,208.88001835160247,208.88001835160247,0.0,0,0.0,,0.0
1.75,18,0.025000000000000005,myopic,208.88001835160247,208.88001835160247,0.0,0,0.0,,0.0
1.75,18,0.025000000000000005,nominal_dynamic,208.88001835160247,208.88001835160247,0.0,0,0.0,,0.0
1.75,18,0.025000000000000005,dro,208.88001835160247,208.88001835160247,0.0,0,0.0,,0.0
1.8,18,0.025000000000000005,myopic,208.88001835160247,208.88001835160247,0.0,0,0.0,,0.0
1.8,18,0.025000000000000005,nominal_dynamic,208.88001835160247,208.88001835160247,0.0,0,0.0,,0.0
1.8,18,0.025000000000000005,dro,208.88001835160247,208.88001835160247,0.0,0,0.0,,0.0
1.85,18,0.025000000000000005,myopic,208.88001835160247,208.88001835160247,0.0,0,0.0,,0.0
1.85,18,0.025000000000000005,nominal_dynamic,208.88001835160247,208.88001835160247,0.0,0,0.0,,0.0
1.85,18,0.025000000000000005,dro,208.88001835160247,208.88001835160247,0.0,0,0.0,,0.0
1.9,18,0.025000000000000005,myopic,208.88001835160247,208.88001835160247,0.0,0,0.0,,0.0
1.9,18,0.025000000000000005,nominal_dynamic,208.88001835160247,208.88001835160247,0.0,0,0.0,,0.0
1.9,18,0.025000000000000005,dro,208.88001835160247,208.88001835160247,0.0,0,0.0,,0.0
1.95,18,0.025000000000000005,myopic,208.88001835160247,208.88001835160247,0.0,0,0.0,,0.0
1.95,18,0.025000000000000005,nominal_dynamic,208.88001835160247,208.88001835160247,0.0,0,0.0,,0.0
1.95,18,0.025000000000000005,dro,208.88001835160247,208.88001835160247,0.0,0,0.0,,0.0
2.0,18,0.025000000000000005,myopic,208.88001835160247,208.88001835160247,0.0,0,0.0,,0.0
2.0,18,0.025000000000000005,nominal_dynamic,208.88001835160247,208.88001835160247,0.0,0,0.0,,0.0
2.0,18,0.025000000000000005,dro,208.88001835160247,208.88001835160247,0.0,0,0.0,,0.0
2.05,18,0.025000000000000005,myopic,208.88001835160247,208.88001835160247,0.0,0,0.0,,0.0
2.05,18,0.025000000000000005,nominal_dynamic,208.88001835160247,208.88001835160247,0.0,0,0.0,,0.0
2.05,18,0.025000000000000005,dro,208.88001835160247,208.88001835160247,0.0,0,0.0,,0.0
2.1,18,0.025000000000000005,myopic,208.88001835160247,208.88001835160247,0.0,0,0.0,,0.0
2.1,18,0.025000000000000005,nominal_dynamic,208.88001835160247,208.88001835160247,0.0,0,0.0,,0.0
2.1,18,0.025000000000000005,dro,208.88001835160247,208.88001835160247,0.0,0,0.0,,0.0
2.15,18,0.025000000000000005,myopic,208.88001835160247,209.02857200304092,0.1485536514384478,0,0.0,,0.0
2.15,18,0.025000000000000005,nominal_dynamic,208.88001835160247,209.02857200304092,0.1485536514384478,0,0.0,,0.0
2.15,18,0.025000000000000005,dro,208.88001835160247,209.02857200304092,0.1485536514384478,0,0.0,,0.0
2.2,18,0.025000000000000005,myopic,209.4102733113957,210.45650280200465,1.0462294906089369,4,0.3,1.0,0.3
2.2,18,0.025000000000000005,nominal_dynamic,210.11943197805317,210.45650280200465,0.33707082395147836,1,0.3,12.0,0.0
2.2,18,0.025000000000000005,dro,208.88001835160247,210.45650280200465,1.5764844504021767,0,0.0,,0.0
2.25,18,0.025000000000000005,myopic,214.28899187401623,215.31759212346853,1.0286002494522961,4,0.3,1.0,0.3
2.25,18,0.025000000000000005,nominal_dynamic,215.31759212346853,215.31759212346853,0.0,4,0.3,1.0,0.3
2.25,18,0.025000000000000005,dro,211.30483271009612,215.31759212346853,4.012759413372407,1,0.3,12.0,0.0
2.3,18,0.025000000000000005,myopic,219.16771043663675,220.17868144493244,1.0109710082956838,4,0.3,1.0,0.3
2.3,18,0.025000000000000005,nominal_dynamic,220.17868144493244,220.17868144493244,0.0,4,0.3,1.0,0.3
2.3,18,0.025000000000000005,dro,212.4902334421391,220.17868144493244,7.688448002793336,1,0.3,12.0,0.0
2.35,18,0.025000000000000005,myopic,224.04642899925727,225.0333351778939,0.986906178636616,4,0.3,1.0,0.3
2.35,18,0.025000000000000005,nominal_dynamic,225.03977076639632,225.0333351778939,-0.006435588502426981,4,0.3,1.0,0.3
2.35,18,0.025000000000000005,dro,224.9415768560423,225.0333351778939,0.09175832185158583,4,0.3,3.0,0.0
2.4,18,0.025000000000000005,myopic,228.9251475618778,229.90614501244946,0.9809974505716639,4,0.3,1.0,0.3
2.4,18,0.025000000000000005,nominal_dynamic,229.90614501244946,229.90614501244946,0.0,4,0.3,1.0,0.3
2.4,18,0.025000000000000005,dro,229.77163020100068,229.90614501244946,0.1345148114487813,4,0.3,3.0,0.0
2.45,18,0.025000000000000005,myopic,233.8038661244983,234.77895484700502,0.9750887225067117,4,0.3,1.0,0.3
2.45,18,0.025000000000000005,nominal_dynamic,234.77895484700502,234.77895484700502,0.0,4,0.3,1.0,0.3
2.45,18,0.025000000000000005,dro,234.70070534874156,234.77895484700502,0.07824949826346028,4,0.3,1.0,0.3
2.5,18,0.025000000000000005,myopic,238.68258468711883,239.65176468156056,0.9691799944417312,4,0.3,1.0,0.3
2.5,18,0.025000000000000005,nominal_dynamic,239.65176468156056,239.65176468156056,0.0,4,0.3,1.0,0.3
2.5,18,0.025000000000000005,dro,239.54939786190545,239.65176468156056,0.10236681965511707,4,0.3,1.0,0.3
2.55,18,0.025000000000000005,myopic,243.5613032497393,244.52457451611608,0.9632712663767791,4,0.3,1.0,0.3
2.55,18,0.025000000000000005,nominal_dynamic,244.52457451611608,244.52457451611608,0.0,4,0.3,1.0,0.3
2.55,18,0.025000000000000005,dro,244.3980903750693,244.52457451611608,0.12648414104677386,4,0.3,1.0,0.3
2.6,18,0.025000000000000005,myopic,248.44002181235987,249.3973843506717,0.9573625383118269,4,0.3,1.0,0.3
2.6,18,0.025000000000000005,nominal_dynamic,249.3973843506717,249.3973843506717,0.0,4,0.3,1.0,0.3
2.6,18,0.025000000000000005,dro,249.34521737371585,249.3973843506717,0.05216697695584571,4,0.3,1.0,0.3
2.65,18,0.025000000000000005,myopic,253.31874037498034,254.27019418522718,0.9514538102468464,4,0.3,1.0,0.3
2.65,18,0.025000000000000005,nominal_dynamic,254.27019418522718,254.27019418522718,0.0,4,0.3,1.0,0.3
2.65,18,0.025000000000000005,dro,254.2063066951797,254.27019418522718,0.06388749004747751,4,0.3,1.0,0.3
2.7,18,0.025000000000000005,myopic,258.1974589376009,259.1430040197828,0.9455450821818658,4,0.3,1.0,0.3
2.7,18,0.025000000000000005,nominal_dynamic,259.1430040197828,259.1430040197828,0.0,4,0.3,1.0,0.3
2.7,18,0.025000000000000005,dro,259.06739601664367,259.1430040197828,0.07560800313910931,4,0.3,1.0,0.3
2.75,18,0.025000000000000005,myopic,263.0761775002214,264.0158138543383,0.9396363541169421,4,0.3,1.0,0.3
2.75,18,0.025000000000000005,nominal_dynamic,264.0158138543383,264.0158138543383,0.0,4,0.3,1.0,0.3
2.75,18,0.025000000000000005,dro,263.9284853381075,264.0158138543383,0.08732851623079796,4,0.3,1.0,0.3
2.8,18,0.025000000000000005,myopic,267.9548960628419,268.88862368889386,0.9337276260519616,4,0.3,1.0,0.3
2.8,18,0.025000000000000005,nominal_dynamic,268.88862368889386,268.88862368889386,0.0,4,0.3,1.0,0.3
2.8,18,0.025000000000000005,dro,268.78957465957143,268.88862368889386,0.09904902932242976,4,0.3,1.0,0.3
2.85,18,0.025000000000000005,myopic,272.8336146254624,273.76143352344945,0.9278188979870379,4,0.3,1.0,0.3
2.85,18,0.025000000000000005,nominal_dynamic,273.76143352344945,273.76143352344945,0.0,4,0.3,1.0,0.3
2.85,18,0.025000000000000005,dro,273.6506639810353,273.76143352344945,0.11076954241417525,4,0.3,1.0,0.3
2.9,18,0.025000000000000005,myopic,277.71233318808294,278.634243358005,0.9219101699220573,4,0.3,1.0,0.3
2.9,18,0.025000000000000005,nominal_dynamic,278.634243358005,278.634243358005,0.0,4,0.3,1.0,0.3
2.9,18,0.025000000000000005,dro,278.634243358005,278.634243358005,0.0,4,0.3,1.0,0.3
2.95,18,0.025000000000000005,myopic,282.59105175070346,283.5070531925606,0.9160014418571336,4,0.3,1.0,0.3
2.95,18,0.025000000000000005,nominal_dynamic,283.5070531925606,283.5070531925606,0.0,4,0.3,1.0,0.3
2.95,18,0.025000000000000005,dro,283.5070531925606,283.5070531925606,0.0,4,0.3,1.0,0.3
3.0,18,0.025000000000000005,myopic,287.4697703133239,288.3798630271161,0.9100927137921531,4,0.3,1.0,0.3
3.0,18,0.025000000000000005,nominal_dynamic,288.3798630271161,288.3798630271161,0.0,4,0.3,1.0,0.3
3.0,18,0.025000000000000005,dro,288.3798630271161,288.3798630271161,0.0,4,0.3,1.0,0.3
0.0,19,0.043333333333333335,myopic,208.88001835160247,208.88001835160247,0.0,0,0.0,,0.0
0.0,19,0.043333333333333335,nominal_dynamic,208.88001835160247,208.88001835160247,0.0,0,0.0,,0.0
0.0,19,0.043333333333333335,dro,208.88001835160247,208.88001835160247,0.0,0,0.0,,0.0
0.05,19,0.043333333333333335,myopic,208.88001835160247,208.88001835160247,0.0,0,0.0,,0.0
0.05,19,0.043333333333333335,nominal_dynamic,208.88001835160247,208.88001835160247,0.0,0,0.0,,0.0
0.05,19,0.043333333333333335,dro,208.88001835160247,208.88001835160247,0.0,0,0.0,,0.0
0.1,19,0.043333333333333335,myopic,208.88001835160247,208.88001835160247,0.0,0,0.0,,0.0
0.1,19,0.043333333333333335,nominal_dynamic,208.88001835160247,208.88001835160247,0.0,0,0.0,,0.0
0.1,19,0.043333333333333335,dro,208.88001835160247,208.88001835160247,0.0,0,0.0,,0.0
0.15,19,0.043333333333333335,myopic,208.88001835160247,208.88001835160247,0.0,0,0.0,,0.0
0.15,19,0.043333333333333335,nominal_dynamic,208.88001835160247,208.88001835160247,0.0,0,0.0,,0.0
0.15,19,0.043333333333333335,dro,208.88001835160247,208.88001835160247,0.0,0,0.0,,0.0
0.2,19,0.043333333333333335,myopic,208.88001835160247,208.88001835160247,0.0,0,0.0,,0.0
0.2,19,0.043333333333333335,nominal_dynamic,208.88001835160247,208.88001835160247,0.0,0,0.0,,0.0
0.2,19,0.043333333333333335,dro,208.88001835160247,208.88001835160247,0.0,0,0.0,,0.0
0.25,19,0.043333333333333335,myopic,208.88001835160247,208.88001835160247,0.0,0,0.0,,0.0
0.25,19,0.043333333333333335,nominal_dynamic,208.88001835160247,208.88001835160247,0.0,0,0.0,,0.0
0.25,19,0.043333333333333335,dro,208.88001835160247,208.88001835160247,0.0,0,0.0,,0.0
0.3,19,0.043333333333333335,myopic,208.88001835160247,208.88001835160247,0.0,0,0.0,,0.0
0.3,19,0.043333333333333335,nominal_dynamic,208.88001835160247,208.88001835160247,0.0,0,0.0,,0.0
0.3,19,0.043333333333333335,dro,208.88001835160247,208.88001835160247,0.0,0,0.0,,0.0
0.35,19,0.043333333333333335,myopic,208.88001835160247,208.88001835160247,0.0,0,0.0,,0.0
0.35,19,0.043333333333333335,nominal_dynamic,208.88001835160247,208.88001835160247,0.0,0,0.0,,0.0
0.35,19,0.043333333333333335,dro,208.88001835160247,208.88001835160247,0.0,0,0.0,,0.0
0.4,19,0.043333333333333335,myopic,208.88001835160247,208.88001835160247,0.0,0,0.0,,0.0
0.4,19,0.043333333333333335,nominal_dynamic,208.88001835160247,208.88001835160247,0.0,0,0.0,,0.0
0.4,19,0.043333333333333335,dro,208.88001835160247,208.88001835160247,0.0,0,0.0,,0.0
0.45,19,0.043333333333333335,myopic,208.88001835160247,208.88001835160247,0.0,0,0.0,,0.0
0.45,19,0.043333333333333335,nominal_dynamic,208.88001835160247,208.88001835160247,0.0,0,0.0,,0.0
0.45,19,0.043333333333333335,dro,208.88001835160247,208.88001835160247,0.0,0,0.0,,0.0
0.5,19,0.043333333333333335,myopic,208.88001835160247,208.88001835160247,0.0,0,0.0,,0.0
0.5,19,0.043333333333333335,nominal_dynamic,208.88001835160247,208.88001835160247,0.0,0,0.0,,0.0
0.5,19,0.043333333333333335,dro,208.88001835160247,208.88001835160247,0.0,0,0.0,,0.0
0.55,19,0.043333333333333335,myopic,208.88001835160247,208.88001835160247,0.0,0,0.0,,0.0
0.55,19,0.043333333333333335,nominal_dynamic,208.88001835160247,208.88001835160247,0.0,0,0.0,,0.0
0.55,19,0.043333333333333335,dro,208.88001835160247,208.88001835160247,0.0,0,0.0,,0.0
0.6,19,0.043333333333333335,myopic,208.88001835160247,208.88001835160247,0.0,0,0.0,,0.0
0.6,19,0.043333333333333335,nominal_dynamic,208.88001835160247,208.88001835160247,0.0,0,0.0,,0.0
0.6,19,0.043333333333333335,dro,208.88001835160247,208.88001835160247,0.0,0,0.0,,0.0
0.65,19,0.043333333333333335,myopic,208.88001835160247,208.88001835160247,0.0,0,0.0,,0.0
0.65,19,0.043333333333333335,nominal_dynamic,208.88001835160247,208.88001835160247,0.0,0,0.0,,0.0
0.65,19,0.043333333333333335,dro,208.88001835160247,208.88001835160247,0.0,0,0.0,,0.0
0.7,19,0.043333333333333335,myopic,208.88001835160247,208.88001835160247,0.0,0,0.0,,0.0
0.7,19,0.043333333333333335,nominal_dynamic,208.88001835160247,208.88001835160247,0.0,0,0.0,,0.0
0.7,19,0.043333333333333335,dro,208.88001835160247,208.88001835160247,0.0,0,0.0,,0.0
0.75,19,0.043333333333333335,myopic,208.88001835160247,208.88001835160247,0.0,0,0.0,,0.0
0.75,19,0.043333333333333335,nominal_dynamic,208.88001835160247,208.88001835160247,0.0,0,0.0,,0.0
0.75,19,0.043333333333333335,dro,208.88001835160247,208.88001835160247,0.0,0,0.0,,0.0
0.8,19,0.043333333333333335,myopic,208.88001835160247,208.88001835160247,0.0,0,0.0,,0.0
0.8,19,0.043333333333333335,nominal_dynamic,208.88001835160247,208.88001835160247,0.0,0,0.0,,0.0
0.8,19,0.043333333333333335,dro,208.88001835160247,208.88001835160247,0.0,0,0.0,,0.0
0.85,19,0.043333333333333335,myopic,208.88001835160247,208.88001835160247,0.0,0,0.0,,0.0
0.85,19,0.043333333333333335,nominal_dynamic,208.88001835160247,208.88001835160247,0.0,0,0.0,,0.0
0.85,19,0.043333333333333335,dro,208.88001835160247,208.88001835160247,0.0,0,0.0,,0.0
0.9,19,0.043333333333333335,myopic,208.88001835160247,208.88001835160247,0.0,0,0.0,,0.0
0.9,19,0.043333333333333335,nominal_dynamic,208.88001835160247,208.88001835160247,0.0,0,0.0,,0.0
0.9,19,0.043333333333333335,dro,208.88001835160247,208.88001835160247,0.0,0,0.0,,0.0
0.95,19,0.043333333333333335,myopic,208.88001835160247,208.88001835160247,0.0,0,0.0,,0.0
0.95,19,0.043333333333333335,nominal_dynamic,208.88001835160247,208.88001835160247,0.0,0,0.0,,0.0
0.95,19,0.043333333333333335,dro,208.88001835160247,208.88001835160247,0.0,0,0.0,,0.0
1.0,19,0.043333333333333335,myopic,208.88001835160247,208.88001835160247,0.0,0,0.0,,0.0
1.0,19,0.043333333333333335,nominal_dynamic,208.88001835160247,208.88001835160247,0.0,0,0.0,,0.0
1.0,19,0.043333333333333335,dro,208.88001835160247,208.88001835160247,0.0,0,0.0,,0.0
1.05,19,0.043333333333333335,myopic,208.88001835160247,208.88001835160247,0.0,0,0.0,,0.0
1.05,19,0.043333333333333335,nominal_dynamic,208.88001835160247,208.88001835160247,0.0,0,0.0,,0.0
1.05,19,0.043333333333333335,dro,208.88001835160247,208.88001835160247,0.0,0,0.0,,0.0
1.1,19,0.043333333333333335,myopic,208.88001835160247,208.88001835160247,0.0,0,0.0,,0.0
1.1,19,0.043333333333333335,nominal_dynamic,208.88001835160247,208.88001835160247,0.0,0,0.0,,0.0
1.1,19,0.043333333333333335,dro,208.88001835160247,208.88001835160247,0.0,0,0.0,,0.0
1.15,19,0.043333333333333335,myopic,208.88001835160247,208.88001835160247,0.0,0,0.0,,0.0
1.15,19,0.043333333333333335,nominal_dynamic,208.88001835160247,208.88001835160247,0.0,0,0.0,,0.0
1.15,19,0.043333333333333335,dro,208.88001835160247,208.88001835160247,0.0,0,0.0,,0.0
1.2,19,0.043333333333333335,myopic,208.88001835160247,208.88001835160247,0.0,0,0.0,,0.0
1.2,19,0.043333333333333335,nominal_dynamic,208.88001835160247,208.88001835160247,0.0,0,0.0,,0.0
1.2,19,0.043333333333333335,dro,208.88001835160247,208.88001835160247,0.0,0,0.0,,0.0
1.25,19,0.043333333333333335,myopic,208.88001835160247,208.88001835160247,0.0,0,0.0,,0.0
1.25,19,0.043333333333333335,nominal_dynamic,208.88001835160247,208.88001835160247,0.0,0,0.0,,0.0
1.25,19,0.043333333333333335,dro,208.88001835160247,208.88001835160247,0.0,0,0.0,,0.0
1.3,19,0.043333333333333335,myopic,208.88001835160247,208.88001835160247,0.0,0,0.0,,0.0
1.3,19,0.043333333333333335,nominal_dynamic,208.88001835160247,208.88001835160247,0.0,0,0.0,,0.0
1.3,19,0.043333333333333335,dro,208.88001835160247,208.88001835160247,0.0,0,0.0,,0.0
1.35,19,0.043333333333333335,myopic,208.88001835160247,208.88001835160247,0.0,0,0.0,,0.0
1.35,19,0.043333333333333335,nominal_dynamic,208.88001835160247,208.88001835160247,0.0,0,0.0,,0.0
1.35,19,0.043333333333333335,dro,208.88001835160247,208.88001835160247,0.0,0,0.0,,0.0
1.4,19,0.043333333333333335,myopic,208.88001835160247,208.88001835160247,0.0,0,0.0,,0.0
1.4,19,0.043333333333333335,nominal_dynamic,208.88001835160247,208.88001835160247,0.0,0,0.0,,0.0
1.4,19,0.043333333333333335,dro,208.88001835160247,208.88001835160247,0.0,0,0.0,,0.0
1.45,19,0.043333333333333335,myopic,208.88001835160247,208.88001835160247,0.0,0,0.0,,0.0
1.45,19,0.043333333333333335,nominal_dynamic,208.88001835160247,208.88001835160247,0.0,0,0.0,,0.0
1.45,19,0.043333333333333335,dro,208.88001835160247,208.88001835160247,0.0,0,0.0,,0.0
1.5,19,0.043333333333333335,myopic,208.88001835160247,208.88001835160247,0.0,0,0.0,,0.0
1.5,19,0.043333333333333335,nominal_dynamic,208.88001835160247,208.88001835160247,0.0,0,0.0,,0.0
1.5,19,0.043333333333333335,dro,208.88001835160247,208.88001835160247,0.0,0,0.0,,0.0
1.55,19,0.043333333333333335,myopic,208.88001835160247,208.88001835160247,0.0,0,0.0,,0.0
1.55,19,0.043333333333333335,nominal_dynamic,208.88001835160247,208.88001835160247,0.0,0,0.0,,0.0
1.55,19,0.043333333333333335,dro,208.88001835160247,208.88001835160247,0.0,0,0.0,,0.0
1.6,19,0.043333333333333335,myopic,208.88001835160247,208.88001835160247,0.0,0,0.0,,0.0
1.6,19,0.043333333333333335,nominal_dynamic,208.88001835160247,208.88001835160247,0.0,0,0.0,,0.0
1.6,19,0.043333333333333335,dro,208.88001835160247,208.88001835160247,0.0,0,0.0,,0.0
1.65,19,0.043333333333333335,myopic,208.88001835160247,208.88001835160247,0.0,0,0.0,,0.0
1.65,19,0.043333333333333335,nominal_dynamic,208.88001835160247,208.88001835160247,0.0,0,0.0,,0.0
1.65,19,0.043333333333333335,dro,208.88001835160247,208.88001835160247,0.0,0,0.0,,0.0
1.7,19,0.043333333333333335,myopic,208.88001835160247,208.88001835160247,0.0,0,0.0,,0.0
1.7,19,0.043333333333333335,nominal_dynamic,208.88001835160247,208.88001835160247,0.0,0,0.0,,0.0
1.7,19,0.043333333333333335,dro,208.88001835160247,208.88001835160247,0.0,0,0.0,,0.0
1.75,19,0.043333333333333335,myopic,208.88001835160247,208.88001835160247,0.0,0,0.0,,0.0
1.75,19,0.043333333333333335,nominal_dynamic,208.88001835160247,208.88001835160247,0.0,0,0.0,,0.0
1.75,19,0.043333333333333335,dro,208.88001835160247,208.88001835160247,0.0,0,0.0,,0.0
1.8,19,0.043333333333333335,myopic,208.88001835160247,208.88001835160247,0.0,0,0.0,,0.0
1.8,19,0.043333333333333335,nominal_dynamic,208.88001835160247,208.88001835160247,0.0,0,0.0,,0.0
1.8,19,0.043333333333333335,dro,208.88001835160247,208.88001835160247,0.0,0,0.0,,0.0
1.85,19,0.043333333333333335,myopic,208.88001835160247,208.88001835160247,0.0,0,0.0,,0.0
1.85,19,0.043333333333333335,nominal_dynamic,208.88001835160247,208.88001835160247,0.0,0,0.0,,0.0
1.85,19,0.043333333333333335,dro,208.88001835160247,208.88001835160247,0.0,0,0.0,,0.0
1.9,19,0.043333333333333335,myopic,208.88001835160247,208.88001835160247,0.0,0,0.0,,0.0
1.9,19,0.043333333333333335,nominal_dynamic,208.88001835160247,208.88001835160247,0.0,0,0.0,,0.0
1.9,19,0.043333333333333335,dro,208.88001835160247,208.88001835160247,0.0,0,0.0,,0.0
1.95,19,0.043333333333333335,myopic,208.88001835160247,208.88001835160247,0.0,0,0.0,,0.0
1.95,19,0.043333333333333335,nominal_dynamic,208.88001835160247,208.88001835160247,0.0,0,0.0,,0.0
1.95,19,0.043333333333333335,dro,208.88001835160247,208.88001835160247,0.0,0,0.0,,0.0
2.0,19,0.043333333333333335,myopic,208.88001835160247,208.88001835160247,0.0,0,0.0,,0.0
2.0,19,0.043333333333333335,nominal_dynamic,208.88001835160247,208.88001835160247,0.0,0,0.0,,0.0
2.0,19,0.043333333333333335,dro,208.88001835160247,208.88001835160247,0.0,0,0.0,,0.0
2.05,19,0.043333333333333335,myopic,208.88001835160247,208.88001835160247,0.0,0,0.0,,0.0
2.05,19,0.043333333333333335,nominal_dynamic,208.88001835160247,208.88001835160247,0.0,0,0.0,,0.0
2.05,19,0.043333333333333335,dro,208.88001835160247,208.88001835160247,0.0,0,0.0,,0.0
2.1,19,0.043333333333333335,myopic,208.88001835160247,208.88001835160247,0.0,0,0.0,,0.0
2.1,19,0.043333333333333335,nominal_dynamic,208.88001835160247,208.88001835160247,0.0,0,0.0,,0.0
2.1,19,0.043333333333333335,dro,208.88001835160247,208.88001835160247,0.0,0,0.0,,0.0
2.15,19,0.043333333333333335,myopic,208.88001835160247,208.88001835160247,0.0,0,0.0,,0.0
2.15,19,0.043333333333333335,nominal_dynamic,208.88001835160247,208.88001835160247,0.0,0,0.0,,0.0
2.15,19,0.043333333333333335,dro,208.88001835160247,208.88001835160247,0.0,0,0.0,,0.0
2.2,19,0.043333333333333335,myopic,207.1179162422066,208.98122523946864,1.8633089972620382,4,0.3,1.0,0.3
2.2,19,0.043333333333333335,nominal_dynamic,208.89042175416256,208.98122523946864,0.09080348530608262,1,0.3,12.0,0.0
2.2,19,0.043333333333333335,dro,208.88001835160247,208.98122523946864,0.10120688786616938,0,0.0,,0.0
2.25,19,0.043333333333333335,myopic,211.6841434464984,212.1070661379244,0.42292269142598116,4,0.3,1.0,0.3
2.25,19,0.043333333333333335,nominal_dynamic,212.10159737417194,212.1070661379244,0.005468763752446648,4,0.3,1.0,0.3
2.25,19,0.043333333333333335,dro,209.9956435001955,212.1070661379244,2.1114226377288787,1,0.3,12.0,0.0
2.3,19,0.043333333333333335,myopic,216.2503706507902,216.66270941171004,0.41233876091985167,4,0.3,1.0,0.3
2.3,19,0.043333333333333335,nominal_dynamic,216.64595208815192,216.66270941171004,0.016757323558124426,4,0.3,1.0,0.3
2.3,19,0.043333333333333335,dro,211.10086524622844,216.66270941171004,5.561844165481602,1,0.3,12.0,0.0
2.35,19,0.043333333333333335,myopic,220.81659785508205,221.21835268549583,0.401754830413779,4,0.3,1.0,0.3
2.35,19,0.043333333333333335,nominal_dynamic,221.190306802132,221.21835268549583,0.028045883363830626,4,0.3,1.0,0.3
2.35,19,0.043333333333333335,dro,221.12827979940232,221.21835268549583,0.09007288609350894,4,0.3,3.0,0.0
2.4,19,0.043333333333333335,myopic,225.38282505937383,225.77399595928148,0.3911708999076495,4,0.3,1.0,0.3
2.4,19,0.043333333333333335,nominal_dynamic,225.77399595928148,225.77399595928148,0.0,4,0.3,1.0,0.3
2.4,19,0.043333333333333335,dro,225.64895888733133,225.77399595928148,0.12503707195014613,4,0.3,3.0,0.0
2.45,19,0.043333333333333335,myopic,229.94905226366564,230.3296392330672,0.3805869694015769,4,0.3,1.0,0.3
2.45,19,0.043333333333333335,nominal_dynamic,230.3296392330672,230.3296392330672,0.0,4,0.3,1.0,0.3
2.45,19,0.043333333333333335,dro,230.22615593968908,230.3296392330672,0.10348329337813311,4,0.3,1.0,0.3
2.5,19,0.043333333333333335,myopic,234.51527946795747,234.88528250685292,0.3700030388954474,4,0.3,1.0,0.3
2.5,19,0.043333333333333335,nominal_dynamic,234.88528250685292,234.88528250685292,0.0,4,0.3,1.0,0.3
2.5,19,0.043333333333333335,dro,234.75904730954156,234.88528250685292,0.12623519731135957,4,0.3,1.0,0.3
2.55,19,0.043333333333333335,myopic,239.08150667224922,239.44092578063857,0.3594191083893463,4,0.3,1.0,0.3
2.55,19,0.043333333333333335,nominal_dynamic,239.44092578063857,239.44092578063857,0.0,4,0.3,1.0,0.3
2.55,19,0.043333333333333335,dro,239.2919386793941,239.44092578063857,0.14898710124447234,4,0.3,1.0,0.3
2.6,19,0.043333333333333335,myopic,243.6477338765411,243.99656905442436,0.34883517788324525,4,0.3,1.0,0.3
2.6,19,0.043333333333333335,nominal_dynamic,243.99656905442436,243.99656905442436,0.0,4,0.3,1.0,0.3
2.6,19,0.043333333333333335,dro,243.91208037203208,243.99656905442436,0.08448868239227636,4,0.3,1.0,0.3
2.65,19,0.043333333333333335,myopic,248.21396108083286,248.55221232821,0.3382512473771442,4,0.3,1.0,0.3
2.65,19,0.043333333333333335,nominal_dynamic,248.55221232821,248.55221232821,0.0,4,0.3,1.0,0.3
2.65,19,0.043333333333333335,dro,248.4564350860121,248.55221232821,0.0957772421978973,4,0.3,1.0,0.3
2.7,19,0.043333333333333335,myopic,252.78018828512475,253.1078556019958,0.3276673168710431,4,0.3,1.0,0.3
2.7,19,0.043333333333333335,nominal_dynamic,253.1078556019958,253.1078556019958,0.0,4,0.3,1.0,0.3
2.7,19,0.043333333333333335,dro,253.00078979999216,253.1078556019958,0.10706580200363192,4,0.3,1.0,0.3
2.75,19,0.043333333333333335,myopic,257.34641548941653,257.66349887578144,0.3170833863649136,4,0.3,1.0,0.3
2.75,19,0.043333333333333335,nominal_dynamic,257.66349887578144,257.66349887578144,0.0,4,0.3,1.0,0.3
2.75,19,0.043333333333333335,dro,257.54514451397216,257.66349887578144,0.11835436180928127,4,0.3,1.0,0.3
2.8,19,0.043333333333333335,myopic,261.91264269370834,262.2191421495672,0.306499455858841,4,0.3,1.0,0.3
2.8,19,0.043333333333333335,nominal_dynamic,262.2191421495672,262.2191421495672,0.0,4,0.3,1.0,0.3
2.8,19,0.043333333333333335,dro,262.08949922795216,262.2191421495672,0.1296429216150159,4,0.3,1.0,0.3
2.85,19,0.043333333333333335,myopic,266.4788698980002,266.77478542335285,0.29591552535265464,4,0.3,1.0,0.3
2.85,19,0.043333333333333335,nominal_dynamic,266.77478542335285,266.77478542335285,0.0,4,0.3,1.0,0.3
2.85,19,0.043333333333333335,dro,266.6338539419322,266.77478542335285,0.14093148142063683,4,0.3,1.0,0.3
2.9,19,0.043333333333333335,myopic,271.04509710229195,271.3304286971386,0.28533159484663884,4,0.3,1.0,0.3
2.9,19,0.043333333333333335,nominal_dynamic,271.3304286971386,271.3304286971386,0.0,4,0.3,1.0,0.3
2.9,19,0.043333333333333335,dro,271.3304286971386,271.3304286971386,0.0,4,0.3,1.0,0.3
2.95,19,0.043333333333333335,myopic,275.6113243065838,275.8860719709243,0.27474766434050935,4,0.3,1.0,0.3
2.95,19,0.043333333333333335,nominal_dynamic,275.8860719709243,275.8860719709243,0.0,4,0.3,1.0,0.3
2.95,19,0.043333333333333335,dro,275.8860719709243,275.8860719709243,0.0,4,0.3,1.0,0.3
3.0,19,0.043333333333333335,myopic,280.1775515108756,280.44171524471,0.26416373383437985,4,0.3,1.0,0.3
3.0,19,0.043333333333333335,nominal_dynamic,280.44171524471,280.44171524471,0.0,4,0.3,1.0,0.3
3.0,19,0.043333333333333335,dro,280.44171524471,280.44171524471,0.0,4,0.3,1.0,0.3
0.0,20,0.028333333333333335,myopic,208.88001835160247,208.88001835160247,0.0,0,0.0,,0.0
0.0,20,0.028333333333333335,nominal_dynamic,208.88001835160247,208.88001835160247,0.0,0,0.0,,0.0
0.0,20,0.028333333333333335,dro,208.88001835160247,208.88001835160247,0.0,0,0.0,,0.0
0.05,20,0.028333333333333335,myopic,208.88001835160247,208.88001835160247,0.0,0,0.0,,0.0
0.05,20,0.028333333333333335,nominal_dynamic,208.88001835160247,208.88001835160247,0.0,0,0.0,,0.0
0.05,20,0.028333333333333335,dro,208.88001835160247,208.88001835160247,0.0,0,0.0,,0.0
0.1,20,0.028333333333333335,myopic,208.88001835160247,208.88001835160247,0.0,0,0.0,,0.0
0.1,20,0.028333333333333335,nominal_dynamic,208.88001835160247,208.88001835160247,0.0,0,0.0,,0.0
0.1,20,0.028333333333333335,dro,208.88001835160247,208.88001835160247,0.0,0,0.0,,0.0
0.15,20,0.028333333333333335,myopic,208.88001835160247,208.88001835160247,0.0,0,0.0,,0.0
0.15,20,0.028333333333333335,nominal_dynamic,208.88001835160247,208.88001835160247,0.0,0,0.0,,0.0
0.15,20,0.028333333333333335,dro,208.88001835160247,208.88001835160247,0.0,0,0.0,,0.0
0.2,20,0.028333333333333335,myopic,208.88001835160247,208.88001835160247,0.0,0,0.0,,0.0
0.2,20,0.028333333333333335,nominal_dynamic,208.88001835160247,208.88001835160247,0.0,0,0.0,,0.0
0.2,20,0.028333333333333335,dro,208.88001835160247,208.88001835160247,0.0,0,0.0,,0.0
0.25,20,0.028333333333333335,myopic,208.88001835160247,208.88001835160247,0.0,0,0.0,,0.0
0.25,20,0.028333333333333335,nominal_dynamic,208.88001835160247,208.88001835160247,0.0,0,0.0,,0.0
0.25,20,0.028333333333333335,dro,208.88001835160247,208.88001835160247,0.0,0,0.0,,0.0
0.3,20,0.028333333333333335,myopic,208.88001835160247,208.88001835160247,0.0,0,0.0,,0.0
0.3,20,0.028333333333333335,nominal_dynamic,208.88001835160247,208.88001835160247,0.0,0,0.0,,0.0
0.3,20,0.028333333333333335,dro,208.88001835160247,208.88001835160247,0.0,0,0.0,,0.0
0.35,20,0.028333333333333335,myopic,208.88001835160247,208.88001835160247,0.0,0,0.0,,0.0
0.35,20,0.028333333333333335,nominal_dynamic,208.88001835160247,208.88001835160247,0.0,0,0.0,,0.0
0.35,20,0.028333333333333335,dro,208.88001835160247,208.88001835160247,0.0,0,0.0,,0.0
0.4,20,0.028333333333333335,myopic,208.88001835160247,208.88001835160247,0.0,0,0.0,,0.0
0.4,20,0.028333333333333335,nominal_dynamic,208.88001835160247,208.88001835160247,0.0,0,0.0,,0.0
0.4,20,0.028333333333333335,dro,208.88001835160247,208.88001835160247,0.0,0,0.0,,0.0
0.45,20,0.028333333333333335,myopic,208.88001835160247,208.88001835160247,0.0,0,0.0,,0.0
0.45,20,0.028333333333333335,nominal_dynamic,208.88001835160247,208.88001835160247,0.0,0,0.0,,0.0
0.45,20,0.028333333333333335,dro,208.88001835160247,208.88001835160247,0.0,0,0.0,,0.0
0.5,20,0.028333333333333335,myopic,208.88001835160247,208.88001835160247,0.0,0,0.0,,0.0
0.5,20,0.028333333333333335,nominal_dynamic,208.88001835160247,208.88001835160247,0.0,0,0.0,,0.0
0.5,20,0.028333333333333335,dro,208.88001835160247,208.88001835160247,0.0,0,0.0,,0.0
0.55,20,0.028333333333333335,myopic,208.88001835160247,208.88001835160247,0.0,0,0.0,,0.0
0.55,20,0.028333333333333335,nominal_dynamic,208.88001835160247,208.88001835160247,0.0,0,0.0,,0.0
0.55,20,0.028333333333333335,dro,208.88001835160247,208.88001835160247,0.0,0,0.0,,0.0
0.6,20,0.028333333333333335,myopic,208.88001835160247,208.88001835160247,0.0,0,0.0,,0.0
0.6,20,0.028333333333333335,nominal_dynamic,208.88001835160247,208.88001835160247,0.0,0,0.0,,0.0
0.6,20,0.028333333333333335,dro,208.88001835160247,208.88001835160247,0.0,0,0.0,,0.0
0.65,20,0.028333333333333335,myopic,208.88001835160247,208.88001835160247,0.0,0,0.0,,0.0
0.65,20,0.028333333333333335,nominal_dynamic,208.88001835160247,208.88001835160247,0.0,0,0.0,,0.0
0.65,20,0.028333333333333335,dro,208.88001835160247,208.88001835160247,0.0,0,0.0,,0.0
0.7,20,0.028333333333333335,myopic,208.88001835160247,208.88001835160247,0.0,0,0.0,,0.0
0.7,20,0.028333333333333335,nominal_dynamic,208.88001835160247,208.88001835160247,0.0,0,0.0,,0.0
0.7,20,0.028333333333333335,dro,208.88001835160247,208.88001835160247,0.0,0,0.0,,0.0
0.75,20,0.028333333333333335,myopic,208.88001835160247,208.88001835160247,0.0,0,0.0,,0.0
0.75,20,0.028333333333333335,nominal_dynamic,208.88001835160247,208.88001835160247,0.0,0,0.0,,0.0
0.75,20,0.028333333333333335,dro,208.88001835160247,208.88001835160247,0.0,0,0.0,,0.0
0.8,20,0.028333333333333335,myopic,208.88001835160247,208.88001835160247,0.0,0,0.0,,0.0
0.8,20,0.028333333333333335,nominal_dynamic,208.88001835160247,208.88001835160247,0.0,0,0.0,,0.0
0.8,20,0.028333333333333335,dro,208.88001835160247,208.88001835160247,0.0,0,0.0,,0.0
0.85,20,0.028333333333333335,myopic,208.88001835160247,208.88001835160247,0.0,0,0.0,,0.0
0.85,20,0.028333333333333335,nominal_dynamic,208.88001835160247,208.88001835160247,0.0,0,0.0,,0.0
0.85,20,0.028333333333333335,dro,208.88001835160247,208.88001835160247,0.0,0,0.0,,0.0
0.9,20,0.028333333333333335,myopic,208.88001835160247,208.88001835160247,0.0,0,0.0,,0.0
0.9,20,0.028333333333333335,nominal_dynamic,208.88001835160247,208.88001835160247,0.0,0,0.0,,0.0
0.9,20,0.028333333333333335,dro,208.88001835160247,208.88001835160247,0.0,0,0.0,,0.0
0.95,20,0.028333333333333335,myopic,208.88001835160247,208.88001835160247,0.0,0,0.0,,0.0
0.95,20,0.028333333333333335,nominal_dynamic,208.88001835160247,208.88001835160247,0.0,0,0.0,,0.0
0.95,20,0.028333333333333335,dro,208.88001835160247,208.88001835160247,0.0,0,0.0,,0.0
1.0,20,0.028333333333333335,myopic,208.88001835160247,208.88001835160247,0.0,0,0.0,,0.0
1.0,20,0.028333333333333335,nominal_dynamic,208.88001835160247,208.88001835160247,0.0,0,0.0,,0.0
1.0,20,0.028333333333333335,dro,208.88001835160247,208.88001835160247,0.0,0,0.0,,0.0
1.05,20,0.028333333333333335,myopic,208.88001835160247,208.88001835160247,0.0,0,0.0,,0.0
1.05,20,0.028333333333333335,nominal_dynamic,208.88001835160247,208.88001835160247,0.0,0,0.0,,0.0
1.05,20,0.028333333333333335,dro,208.88001835160247,208.88001835160247,0.0,0,0.0,,0.0
1.1,20,0.028333333333333335,myopic,208.88001835160247,208.88001835160247,0.0,0,0.0,,0.0
1.1,20,0.028333333333333335,nominal_dynamic,208.88001835160247,208.88001835160247,0.0,0,0.0,,0.0
1.1,20,0.028333333333333335,dro,208.88001835160247,208.88001835160247,0.0,0,0.0,,0.0
1.15,20,0.028333333333333335,myopic,208.88001835160247,208.88001835160247,0.0,0,0.0,,0.0
1.15,20,0.028333333333333335,nominal_dynamic,208.88001835160247,208.88001835160247,0.0,0,0.0,,0.0
1.15,20,0.028333333333333335,dro,208.88001835160247,208.88001835160247,0.0,0,0.0,,0.0
1.2,20,0.028333333333333335,myopic,208.88001835160247,208.88001835160247,0.0,0,0.0,,0.0
1.2,20,0.028333333333333335,nominal_dynamic,208.88001835160247,208.88001835160247,0.0,0,0.0,,0.0
1.2,20,0.028333333333333335,dro,208.88001835160247,208.88001835160247,0.0,0,0.0,,0.0
1.25,20,0.028333333333333335,myopic,208.88001835160247,208.88001835160247,0.0,0,0.0,,0.0
1.25,20,0.028333333333333335,nominal_dynamic,208.88001835160247,208.88001835160247,0.0,0,0.0,,0.0
1.25,20,0.028333333333333335,dro,208.88001835160247,208.88001835160247,0.0,0,0.0,,0.0
1.3,20,0.028333333333333335,myopic,208.88001835160247,208.88001835160247,0.0,0,0.0,,0.0
1.3,20,0.028333333333333335,nominal_dynamic,208.88001835160247,208.88001835160247,0.0,0,0.0,,0.0
1.3,20,0.028333333333333335,dro,208.88001835160247,208.88001835160247,0.0,0,0.0,,0.0
1.35,20,0.028333333333333335,myopic,208.88001835160247,208.88001835160247,0.0,0,0.0,,0.0
1.35,20,0.028333333333333335,nominal_dynamic,208.88001835160247,208.88001835160247,0.0,0,0.0,,0.0
1.35,20,0.028333333333333335,dro,208.88001835160247,208.88001835160247,0.0,0,0.0,,0.0
1.4,20,0.028333333333333335,myopic,208.88001835160247,208.88001835160247,0.0,0,0.0,,0.0
1.4,20,0.028333333333333335,nominal_dynamic,208.88001835160247,208.88001835160247,0.0,0,0.0,,0.0
1.4,20,0.028333333333333335,dro,208.88001835160247,208.88001835160247,0.0,0,0.0,,0.0
1.45,20,0.028333333333333335,myopic,208.88001835160247,208.88001835160247,0.0,0,0.0,,0.0
1.45,20,0.028333333333333335,nominal_dynamic,208.88001835160247,208.88001835160247,0.0,0,0.0,,0.0
1.45,20,0.028333333333333335,dro,208.88001835160247,208.88001835160247,0.0,0,0.0,,0.0
1.5,20,0.028333333333333335,myopic,208.88001835160247,208.88001835160247,0.0,0,0.0,,0.0
1.5,20,0.028333333333333335,nominal_dynamic,208.88001835160247,208.88001835160247,0.0,0,0.0,,0.0
1.5,20,0.028333333333333335,dro,208.88001835160247,208.88001835160247,0.0,0,0.0,,0.0
1.55,20,0.028333333333333335,myopic,208.88001835160247,208.88001835160247,0.0,0,0.0,,0.0
1.55,20,0.028333333333333335,nominal_dynamic,208.88001835160247,208.88001835160247,0.0,0,0.0,,0.0
1.55,20,0.028333333333333335,dro,208.88001835160247,208.88001835160247,0.0,0,0.0,,0.0
1.6,20,0.028333333333333335,myopic,208.88001835160247,208.88001835160247,0.0,0,0.0,,0.0
1.6,20,0.028333333333333335,nominal_dynamic,208.88001835160247,208.88001835160247,0.0,0,0.0,,0.0
1.6,20,0.028333333333333335,dro,208.88001835160247,208.88001835160247,0.0,0,0.0,,0.0
1.65,20,0.028333333333333335,myopic,208.88001835160247,208.88001835160247,0.0,0,0.0,,0.0
1.65,20,0.028333333333333335,nominal_dynamic,208.88001835160247,208.88001835160247,0.0,0,0.0,,0.0
1.65,20,0.028333333333333335,dro,208.88001835160247,208.88001835160247,0.0,0,0.0,,0.0
1.7,20,0.028333333333333335,myopic,208.88001835160247,208.88001835160247,0.0,0,0.0,,0.0
1.7,20,0.028333333333333335,nominal_dynamic,208.88001835160247,208.88001835160247,0.0,0,0.0,,0.0
1.7,20,0.028333333333333335,dro,208.88001835160247,208.88001835160247,0.0,0,0.0,,0.0
1.75,20,0.028333333333333335,myopic,208.88001835160247,208.88001835160247,0.0,0,0.0,,0.0
1.75,20,0.028333333333333335,nominal_dynamic,208.88001835160247,208.88001835160247,0.0,0,0.0,,0.0
1.75,20,0.028333333333333335,dro,208.88001835160247,208.88001835160247,0.0,0,0.0,,0.0
1.8,20,0.028333333333333335,myopic,208.88001835160247,208.88001835160247,0.0,0,0.0,,0.0
1.8,20,0.028333333333333335,nominal_dynamic,208.88001835160247,208.88001835160247,0.0,0,0.0,,0.0
1.8,20,0.028333333333333335,dro,208.88001835160247,208.88001835160247,0.0,0,0.0,,0.0
1.85,20,0.028333333333333335,myopic,208.88001835160247,208.88001835160247,0.0,0,0.0,,0.0
1.85,20,0.028333333333333335,nominal_dynamic,208.88001835160247,208.88001835160247,0.0,0,0.0,,0.0
1.85,20,0.028333333333333335,dro,208.88001835160247,208.88001835160247,0.0,0,0.0,,0.0
1.9,20,0.028333333333333335,myopic,208.88001835160247,208.88001835160247,0.0,0,0.0,,0.0
1.9,20,0.028333333333333335,nominal_dynamic,208.88001835160247,208.88001835160247,0.0,0,0.0,,0.0
1.9,20,0.028333333333333335,dro,208.88001835160247,208.88001835160247,0.0,0,0.0,,0.0
1.95,20,0.028333333333333335,myopic,208.88001835160247,208.88001835160247,0.0,0,0.0,,0.0
1.95,20,0.028333333333333335,nominal_dynamic,208.88001835160247,208.88001835160247,0.0,0,0.0,,0.0
1.95,20,0.028333333333333335,dro,208.88001835160247,208.88001835160247,0.0,0,0.0,,0.0
2.0,20,0.028333333333333335,myopic,208.88001835160247,208.88001835160247,0.0,0,0.0,,0.0
2.0,20,0.028333333333333335,nominal_dynamic,208.88001835160247,208.88001835160247,0.0,0,0.0,,0.0
2.0,20,0.028333333333333335,dro,208.88001835160247,208.88001835160247,0.0,0,0.0,,0.0
2.05,20,0.028333333333333335,myopic,208.88001835160247,208.88001835160247,0.0,0,0.0,,0.0
2.05,20,0.028333333333333335,nominal_dynamic,208.88001835160247,208.88001835160247,0.0,0,0.0,,0.0
2.05,20,0.028333333333333335,dro,208.88001835160247,208.88001835160247,0.0,0,0.0,,0.0
2.1,20,0.028333333333333335,myopic,208.88001835160247,208.88001835160247,0.0,0,0.0,,0.0
2.1,20,0.028333333333333335,nominal_dynamic,208.88001835160247,208.88001835160247,0.0,0,0.0,,0.0
2.1,20,0.028333333333333335,dro,208.88001835160247,208.88001835160247,0.0,0,0.0,,0.0
2.15,20,0.028333333333333335,myopic,208.88001835160247,208.88001835160247,0.0,0,0.0,,0.0
2.15,20,0.028333333333333335,nominal_dynamic,208.88001835160247,208.88001835160247,0.0,0,0.0,,0.0
2.15,20,0.028333333333333335,dro,208.88001835160247,208.88001835160247,0.0,0,0.0,,0.0
2.2,20,0.028333333333333335,myopic,195.92688783716756,208.88001835160247,12.953130514434918,4,0.3,1.0,0.3
2.2,20,0.028333333333333335,nominal_dynamic,208.52384393437973,208.88001835160247,0.35617441722274634,1,0.3,12.0,0.0
2.2,20,0.028333333333333335,dro,208.88001835160247,208.88001835160247,0.0,0,0.0,,0.0
2.25,20,0.028333333333333335,myopic,200.28994780876508,209.60515063291135,9.315202824146269,4,0.3,1.0,0.3
2.25,20,0.028333333333333335,nominal_dynamic,202.8715436933847,209.60515063291135,6.733606939526652,4,0.3,1.0,0.3
2.25,20,0.028333333333333335,dro,209.60515063291135,209.60515063291135,0.0,1,0.3,12.0,0.0
2.3,20,0.028333333333333335,myopic,204.65300778036269,210.68645733144297,6.033449551080281,4,0.3,1.0,0.3
2.3,20,0.028333333333333335,nominal_dynamic,207.22703846651052,210.68645733144297,3.459418864932445,4,0.3,1.0,0.3
2.3,20,0.028333333333333335,dro,210.68645733144297,210.68645733144297,0.0,1,0.3,12.0,0.0
2.35,20,0.028333333333333335,myopic,209.0160677519603,212.09872175913674,3.082654007176444,4,0.3,1.0,0.3
2.35,20,0.028333333333333335,nominal_dynamic,211.58253323963638,212.09872175913674,0.5161885195003606,4,0.3,1.0,0.3
2.35,20,0.028333333333333335,dro,211.5668692129519,212.09872175913674,0.5318525461848367,4,0.3,3.0,0.0
2.4,20,0.028333333333333335,myopic,213.3791277235579,215.93802801276217,2.5589002892042743,4,0.3,1.0,0.3
2.4,20,0.028333333333333335,nominal_dynamic,215.93802801276217,215.93802801276217,0.0,4,0.3,1.0,0.3
2.4,20,0.028333333333333335,dro,215.8864076613328,215.93802801276217,0.05162035142936361,4,0.3,3.0,0.0
2.45,20,0.028333333333333335,myopic,217.74218769515542,220.29352278588797,2.5513350907325503,4,0.3,1.0,0.3
2.45,20,0.028333333333333335,nominal_dynamic,220.29352278588797,220.29352278588797,0.0,4,0.3,1.0,0.3
2.45,20,0.028333333333333335,dro,220.2338087095624,220.29352278588797,0.05971407632557657,4,0.3,1.0,0.3
2.5,20,0.028333333333333335,myopic,222.10524766675303,224.64901755901383,2.543769892260798,4,0.3,1.0,0.3
2.5,20,0.028333333333333335,nominal_dynamic,224.64901755901383,224.64901755901383,0.0,4,0.3,1.0,0.3
2.5,20,0.028333333333333335,dro,224.6039348583177,224.64901755901383,0.04508270069612763,4,0.3,1.0,0.3
2.55,20,0.028333333333333335,myopic,226.46830763835058,229.00451233213963,2.5362046937890455,4,0.3,1.0,0.3
2.55,20,0.028333333333333335,nominal_dynamic,229.00451233213963,229.00451233213963,0.0,4,0.3,1.0,0.3
2.55,20,0.028333333333333335,dro,228.97406100707298,229.00451233213963,0.03045132506665027,4,0.3,1.0,0.3
2.6,20,0.028333333333333335,myopic,230.83136760994824,233.36000710526548,2.528639495317236,4,0.3,1.0,0.3
2.6,20,0.028333333333333335,nominal_dynamic,233.36000710526548,233.36000710526548,0.0,4,0.3,1.0,0.3
2.6,20,0.028333333333333335,dro,233.34418715582825,233.36000710526548,0.015819949437229752,4,0.3,1.0,0.3
2.65,20,0.028333333333333335,myopic,235.1944275815458,237.71550187839128,2.521074296845484,4,0.3,1.0,0.3
2.65,20,0.028333333333333335,nominal_dynamic,237.74373548534192,237.71550187839128,-0.028233606950635703,4,0.3,1.0,0.3
2.65,20,0.028333333333333335,dro,237.71431330458353,237.71550187839128,0.001188573807752391,4,0.3,1.0,0.3
2.7,20,0.028333333333333335,myopic,239.55748755314337,242.07099665151713,2.51350909837376,4,0.3,1.0,0.3
2.7,20,0.028333333333333335,nominal_dynamic,242.1118682941384,242.07099665151713,-0.04087164262125498,4,0.3,1.0,0.3
2.7,20,0.028333333333333335,dro,242.08443945333886,242.07099665151713,-0.01344280182172497,4,0.3,1.0,0.3
2.75,20,0.028333333333333335,myopic,243.92054752474093,246.42649142464293,2.5059438999020074,4,0.3,1.0,0.3
2.75,20,0.028333333333333335,nominal_dynamic,246.48000110293472,246.42649142464293,-0.05350967829178899,4,0.3,1.0,0.3
2.75,20,0.028333333333333335,dro,246.4545656020941,246.42649142464293,-0.02807417745117391,4,0.3,1.0,0.3
2.8,20,0.028333333333333335,myopic,248.28360749633853,250.78198619776873,2.498378701430198,4,0.3,1.0,0.3
2.8,20,0.028333333333333335,nominal_dynamic,250.84813391173117,250.78198619776873,-0.06614771396243668,4,0.3,1.0,0.3
2.8,20,0.028333333333333335,dro,250.82469175084938,250.78198619776873,-0.04270555308065127,4,0.3,1.0,0.3
2.85,20,0.028333333333333335,myopic,252.64666746793614,255.21626672052764,2.5695992525915017,4,0.3,1.0,0.3
2.85,20,0.028333333333333335,nominal_dynamic,255.21626672052764,255.21626672052764,0.0,4,0.3,1.0,0.3
2.85,20,0.028333333333333335,dro,255.19481789960466,255.21626672052764,0.02144882092298417,4,0.3,1.0,0.3
2.9,20,0.028333333333333335,myopic,257.0097274395337,259.584399529324,2.5746720897902833,4,0.3,1.0,0.3
2.9,20,0.028333333333333335,nominal_dynamic,259.584399529324,259.584399529324,0.0,4,0.3,1.0,0.3
2.9,20,0.028333333333333335,dro,259.56494404835996,259.584399529324,0.019455480964040817,4,0.3,1.0,0.3
2.95,20,0.028333333333333335,myopic,261.37278741113124,263.9525323381205,2.5797449269892354,4,0.3,1.0,0.3
2.95,20,0.028333333333333335,nominal_dynamic,263.9525323381205,263.9525323381205,0.0,4,0.3,1.0,0.3
2.95,20,0.028333333333333335,dro,263.93507019711524,263.9525323381205,0.017462141005239573,4,0.3,1.0,0.3
3.0,20,0.028333333333333335,myopic,265.7358473827289,268.32066514691684,2.58481776418796,4,0.3,1.0,0.3
3.0,20,0.028333333333333335,nominal_dynamic,268.32066514691684,268.32066514691684,0.0,4,0.3,1.0,0.3
3.0,20,0.028333333333333335,dro,268.3051963458705,268.32066514691684,0.015468801046324643,4,0.3,1.0,0.3
0.0,21,0.015000000000000001,myopic,208.88001835160247,208.88001835160247,0.0,0,0.0,,0.0
0.0,21,0.015000000000000001,nominal_dynamic,208.88001835160247,208.88001835160247,0.0,0,0.0,,0.0
0.0,21,0.015000000000000001,dro,208.88001835160247,208.88001835160247,0.0,0,0.0,,0.0
0.05,21,0.015000000000000001,myopic,208.88001835160247,208.88001835160247,0.0,0,0.0,,0.0
0.05,21,0.015000000000000001,nominal_dynamic,208.88001835160247,208.88001835160247,0.0,0,0.0,,0.0
0.05,21,0.015000000000000001,dro,208.88001835160247,208.88001835160247,0.0,0,0.0,,0.0
0.1,21,0.015000000000000001,myopic,208.88001835160247,208.88001835160247,0.0,0,0.0,,0.0
0.1,21,0.015000000000000001,nominal_dynamic,208.88001835160247,208.88001835160247,0.0,0,0.0,,0.0
0.1,21,0.015000000000000001,dro,208.88001835160247,208.88001835160247,0.0,0,0.0,,0.0
0.15,21,0.015000000000000001,myopic,208.88001835160247,208.88001835160247,0.0,0,0.0,,0.0
0.15,21,0.015000000000000001,nominal_dynamic,208.88001835160247,208.88001835160247,0.0,0,0.0,,0.0
0.15,21,0.015000000000000001,dro,208.88001835160247,208.88001835160247,0.0,0,0.0,,0.0
0.2,21,0.015000000000000001,myopic,208.88001835160247,208.88001835160247,0.0,0,0.0,,0.0
0.2,21,0.015000000000000001,nominal_dynamic,208.88001835160247,208.88001835160247,0.0,0,0.0,,0.0
0.2,21,0.015000000000000001,dro,208.88001835160247,208.88001835160247,0.0,0,0.0,,0.0
0.25,21,0.015000000000000001,myopic,208.88001835160247,208.88001835160247,0.0,0,0.0,,0.0
0.25,21,0.015000000000000001,nominal_dynamic,208.88001835160247,208.88001835160247,0.0,0,0.0,,0.0
0.25,21,0.015000000000000001,dro,208.88001835160247,208.88001835160247,0.0,0,0.0,,0.0
0.3,21,0.015000000000000001,myopic,208.88001835160247,208.88001835160247,0.0,0,0.0,,0.0
0.3,21,0.015000000000000001,nominal_dynamic,208.88001835160247,208.88001835160247,0.0,0,0.0,,0.0
0.3,21,0.015000000000000001,dro,208.88001835160247,208.88001835160247,0.0,0,0.0,,0.0
0.35,21,0.015000000000000001,myopic,208.88001835160247,208.88001835160247,0.0,0,0.0,,0.0
0.35,21,0.015000000000000001,nominal_dynamic,208.88001835160247,208.88001835160247,0.0,0,0.0,,0.0
0.35,21,0.015000000000000001,dro,208.88001835160247,208.88001835160247,0.0,0,0.0,,0.0
0.4,21,0.015000000000000001,myopic,208.88001835160247,208.88001835160247,0.0,0,0.0,,0.0
0.4,21,0.015000000000000001,nominal_dynamic,208.88001835160247,208.88001835160247,0.0,0,0.0,,0.0
0.4,21,0.015000000000000001,dro,208.88001835160247,208.88001835160247,0.0,0,0.0,,0.0
0.45,21,0.015000000000000001,myopic,208.88001835160247,208.88001835160247,0.0,0,0.0,,0.0
0.45,21,0.015000000000000001,nominal_dynamic,208.88001835160247,208.88001835160247,0.0,0,0.0,,0.0
0.45,21,0.015000000000000001,dro,208.88001835160247,208.88001835160247,0.0,0,0.0,,0.0
0.5,21,0.015000000000000001,myopic,208.88001835160247,208.88001835160247,0.0,0,0.0,,0.0
0.5,21,0.015000000000000001,nominal_dynamic,208.88001835160247,208.88001835160247,0.0,0,0.0,,0.0
0.5,21,0.015000000000000001,dro,208.88001835160247,208.88001835160247,0.0,0,0.0,,0.0
0.55,21,0.015000000000000001,myopic,208.88001835160247,208.88001835160247,0.0,0,0.0,,0.0
0.55,21,0.015000000000000001,nominal_dynamic,208.88001835160247,208.88001835160247,0.0,0,0.0,,0.0
0.55,21,0.015000000000000001,dro,208.88001835160247,208.88001835160247,0.0,0,0.0,,0.0
0.6,21,0.015000000000000001,myopic,208.88001835160247,208.88001835160247,0.0,0,0.0,,0.0
0.6,21,0.015000000000000001,nominal_dynamic,208.88001835160247,208.88001835160247,0.0,0,0.0,,0.0
0.6,21,0.015000000000000001,dro,208.88001835160247,208.88001835160247,0.0,0,0.0,,0.0
0.65,21,0.015000000000000001,myopic,208.88001835160247,208.88001835160247,0.0,0,0.0,,0.0
0.65,21,0.015000000000000001,nominal_dynamic,208.88001835160247,208.88001835160247,0.0,0,0.0,,0.0
0.65,21,0.015000000000000001,dro,208.88001835160247,208.88001835160247,0.0,0,0.0,,0.0
0.7,21,0.015000000000000001,myopic,208.88001835160247,208.88001835160247,0.0,0,0.0,,0.0
0.7,21,0.015000000000000001,nominal_dynamic,208.88001835160247,208.88001835160247,0.0,0,0.0,,0.0
0.7,21,0.015000000000000001,dro,208.88001835160247,208.88001835160247,0.0,0,0.0,,0.0
0.75,21,0.015000000000000001,myopic,208.88001835160247,208.88001835160247,0.0,0,0.0,,0.0
0.75,21,0.015000000000000001,nominal_dynamic,208.88001835160247,208.88001835160247,0.0,0,0.0,,0.0
0.75,21,0.015000000000000001,dro,208.88001835160247,208.88001835160247,0.0,0,0.0,,0.0
0.8,21,0.015000000000000001,myopic,208.88001835160247,208.88001835160247,0.0,0,0.0,,0.0
0.8,21,0.015000000000000001,nominal_dynamic,208.88001835160247,208.88001835160247,0.0,0,0.0,,0.0
0.8,21,0.015000000000000001,dro,208.88001835160247,208.88001835160247,0.0,0,0.0,,0.0
0.85,21,0.015000000000000001,myopic,208.88001835160247,208.88001835160247,0.0,0,0.0,,0.0
0.85,21,0.015000000000000001,nominal_dynamic,208.88001835160247,208.88001835160247,0.0,0,0.0,,0.0
0.85,21,0.015000000000000001,dro,208.88001835160247,208.88001835160247,0.0,0,0.0,,0.0
0.9,21,0.015000000000000001,myopic,208.88001835160247,208.88001835160247,0.0,0,0.0,,0.0
0.9,21,0.015000000000000001,nominal_dynamic,208.88001835160247,208.88001835160247,0.0,0,0.0,,0.0
0.9,21,0.015000000000000001,dro,208.88001835160247,208.88001835160247,0.0,0,0.0,,0.0
0.95,21,0.015000000000000001,myopic,208.88001835160247,208.88001835160247,0.0,0,0.0,,0.0
0.95,21,0.015000000000000001,nominal_dynamic,208.88001835160247,208.88001835160247,0.0,0,0.0,,0.0
0.95,21,0.015000000000000001,dro,208.88001835160247,208.88001835160247,0.0,0,0.0,,0.0
1.0,21,0.015000000000000001,myopic,208.88001835160247,208.88001835160247,0.0,0,0.0,,0.0
1.0,21,0.015000000000000001,nominal_dynamic,208.88001835160247,208.88001835160247,0.0,0,0.0,,0.0
1.0,21,0.015000000000000001,dro,208.88001835160247,208.88001835160247,0.0,0,0.0,,0.0
1.05,21,0.015000000000000001,myopic,208.88001835160247,208.88001835160247,0.0,0,0.0,,0.0
1.05,21,0.015000000000000001,nominal_dynamic,208.88001835160247,208.88001835160247,0.0,0,0.0,,0.0
1.05,21,0.015000000000000001,dro,208.88001835160247,208.88001835160247,0.0,0,0.0,,0.0
1.1,21,0.015000000000000001,myopic,208.88001835160247,208.88001835160247,0.0,0,0.0,,0.0
1.1,21,0.015000000000000001,nominal_dynamic,208.88001835160247,208.88001835160247,0.0,0,0.0,,0.0
1.1,21,0.015000000000000001,dro,208.88001835160247,208.88001835160247,0.0,0,0.0,,0.0
1.15,21,0.015000000000000001,myopic,208.88001835160247,208.88001835160247,0.0,0,0.0,,0.0
1.15,21,0.015000000000000001,nominal_dynamic,208.88001835160247,208.88001835160247,0.0,0,0.0,,0.0
1.15,21,0.015000000000000001,dro,208.88001835160247,208.88001835160247,0.0,0,0.0,,0.0
1.2,21,0.015000000000000001,myopic,208.88001835160247,208.88001835160247,0.0,0,0.0,,0.0
1.2,21,0.015000000000000001,nominal_dynamic,208.88001835160247,208.88001835160247,0.0,0,0.0,,0.0
1.2,21,0.015000000000000001,dro,208.88001835160247,208.88001835160247,0.0,0,0.0,,0.0
1.25,21,0.015000000000000001,myopic,208.88001835160247,208.88001835160247,0.0,0,0.0,,0.0
1.25,21,0.015000000000000001,nominal_dynamic,208.88001835160247,208.88001835160247,0.0,0,0.0,,0.0
1.25,21,0.015000000000000001,dro,208.88001835160247,208.88001835160247,0.0,0,0.0,,0.0
1.3,21,0.015000000000000001,myopic,208.88001835160247,208.88001835160247,0.0,0,0.0,,0.0
1.3,21,0.015000000000000001,nominal_dynamic,208.88001835160247,208.88001835160247,0.0,0,0.0,,0.0
1.3,21,0.015000000000000001,dro,208.88001835160247,208.88001835160247,0.0,0,0.0,,0.0
1.35,21,0.015000000000000001,myopic,208.88001835160247,208.88001835160247,0.0,0,0.0,,0.0
1.35,21,0.015000000000000001,nominal_dynamic,208.88001835160247,208.88001835160247,0.0,0,0.0,,0.0
1.35,21,0.015000000000000001,dro,208.88001835160247,208.88001835160247,0.0,0,0.0,,0.0
1.4,21,0.015000000000000001,myopic,208.88001835160247,208.88001835160247,0.0,0,0.0,,0.0
1.4,21,0.015000000000000001,nominal_dynamic,208.88001835160247,208.88001835160247,0.0,0,0.0,,0.0
1.4,21,0.015000000000000001,dro,208.88001835160247,208.88001835160247,0.0,0,0.0,,0.0
1.45,21,0.015000000000000001,myopic,208.88001835160247,208.88001835160247,0.0,0,0.0,,0.0
1.45,21,0.015000000000000001,nominal_dynamic,208.88001835160247,208.88001835160247,0.0,0,0.0,,0.0
1.45,21,0.015000000000000001,dro,208.88001835160247,208.88001835160247,0.0,0,0.0,,0.0
1.5,21,0.015000000000000001,myopic,208.88001835160247,208.88001835160247,0.0,0,0.0,,0.0
1.5,21,0.015000000000000001,nominal_dynamic,208.88001835160247,208.88001835160247,0.0,0,0.0,,0.0
1.5,21,0.015000000000000001,dro,208.88001835160247,208.88001835160247,0.0,0,0.0,,0.0
1.55,21,0.015000000000000001,myopic,208.88001835160247,208.88001835160247,0.0,0,0.0,,0.0
1.55,21,0.015000000000000001,nominal_dynamic,208.88001835160247,208.88001835160247,0.0,0,0.0,,0.0
1.55,21,0.015000000000000001,dro,208.88001835160247,208.88001835160247,0.0,0,0.0,,0.0
1.6,21,0.015000000000000001,myopic,208.88001835160247,208.88001835160247,0.0,0,0.0,,0.0
1.6,21,0.015000000000000001,nominal_dynamic,208.88001835160247,208.88001835160247,0.0,0,0.0,,0.0
1.6,21,0.015000000000000001,dro,208.88001835160247,208.88001835160247,0.0,0,0.0,,0.0
1.65,21,0.015000000000000001,myopic,208.88001835160247,208.88001835160247,0.0,0,0.0,,0.0
1.65,21,0.015000000000000001,nominal_dynamic,208.88001835160247,208.88001835160247,0.0,0,0.0,,0.0
1.65,21,0.015000000000000001,dro,208.88001835160247,208.88001835160247,0.0,0,0.0,,0.0
1.7,21,0.015000000000000001,myopic,208.88001835160247,208.88001835160247,0.0,0,0.0,,0.0
1.7,21,0.015000000000000001,nominal_dynamic,208.88001835160247,208.88001835160247,0.0,0,0.0,,0.0
1.7,21,0.015000000000000001,dro,208.88001835160247,208.88001835160247,0.0,0,0.0,,0.0
1.75,21,0.015000000000000001,myopic,208.88001835160247,208.88001835160247,0.0,0,0.0,,0.0
1.75,21,0.015000000000000001,nominal_dynamic,208.88001835160247,208.88001835160247,0.0,0,0.0,,0.0
1.75,21,0.015000000000000001,dro,208.88001835160247,208.88001835160247,0.0,0,0.0,,0.0
1.8,21,0.015000000000000001,myopic,208.88001835160247,208.88001835160247,0.0,0,0.0,,0.0
1.8,21,0.015000000000000001,nominal_dynamic,208.88001835160247,208.88001835160247,0.0,0,0.0,,0.0
1.8,21,0.015000000000000001,dro,208.88001835160247,208.88001835160247,0.0,0,0.0,,0.0
1.85,21,0.015000000000000001,myopic,208.88001835160247,208.88001835160247,0.0,0,0.0,,0.0
1.85,21,0.015000000000000001,nominal_dynamic,208.88001835160247,208.88001835160247,0.0,0,0.0,,0.0
1.85,21,0.015000000000000001,dro,208.88001835160247,208.88001835160247,0.0,0,0.0,,0.0
1.9,21,0.015000000000000001,myopic,208.88001835160247,208.88001835160247,0.0,0,0.0,,0.0
1.9,21,0.015000000000000001,nominal_dynamic,208.88001835160247,208.88001835160247,0.0,0,0.0,,0.0
1.9,21,0.015000000000000001,dro,208.88001835160247,208.88001835160247,0.0,0,0.0,,0.0
1.95,21,0.015000000000000001,myopic,208.88001835160247,208.88001835160247,0.0,0,0.0,,0.0
1.95,21,0.015000000000000001,nominal_dynamic,208.88001835160247,208.88001835160247,0.0,0,0.0,,0.0
1.95,21,0.015000000000000001,dro,208.88001835160247,208.88001835160247,0.0,0,0.0,,0.0
2.0,21,0.015000000000000001,myopic,208.88001835160247,208.88001835160247,0.0,0,0.0,,0.0
2.0,21,0.015000000000000001,nominal_dynamic,208.88001835160247,208.88001835160247,0.0,0,0.0,,0.0
2.0,21,0.015000000000000001,dro,208.88001835160247,208.88001835160247,0.0,0,0.0,,0.0
2.05,21,0.015000000000000001,myopic,208.88001835160247,208.88001835160247,0.0,0,0.0,,0.0
2.05,21,0.015000000000000001,nominal_dynamic,208.88001835160247,208.88001835160247,0.0,0,0.0,,0.0
2.05,21,0.015000000000000001,dro,208.88001835160247,208.88001835160247,0.0,0,0.0,,0.0
2.1,21,0.015000000000000001,myopic,208.88001835160247,208.88001835160247,0.0,0,0.0,,0.0
2.1,21,0.015000000000000001,nominal_dynamic,208.88001835160247,208.88001835160247,0.0,0,0.0,,0.0
2.1,21,0.015000000000000001,dro,208.88001835160247,208.88001835160247,0.0,0,0.0,,0.0
2.15,21,0.015000000000000001,myopic,208.88001835160247,208.88001835160247,0.0,0,0.0,,0.0
2.15,21,0.015000000000000001,nominal_dynamic,208.88001835160247,208.88001835160247,0.0,0,0.0,,0.0
2.15,21,0.015000000000000001,dro,208.88001835160247,208.88001835160247,0.0,0,0.0,,0.0
2.2,21,0.015000000000000001,myopic,195.5538057229329,208.88001835160247,13.326212628669566,4,0.3,1.0,0.3
2.2,21,0.015000000000000001,nominal_dynamic,207.74799243254844,208.88001835160247,1.1320259190540298,1,0.3,12.0,0.0
2.2,21,0.015000000000000001,dro,208.88001835160247,208.88001835160247,0.0,0,0.0,,0.0
2.25,21,0.015000000000000001,myopic,199.80831150204088,208.88001835160247,9.071706849561593,4,0.3,1.0,0.3
2.25,21,0.015000000000000001,nominal_dynamic,201.92529423907936,208.88001835160247,6.95472411252311,4,0.3,1.0,0.3
2.25,21,0.015000000000000001,dro,208.77868361503147,208.88001835160247,0.10133473657100467,1,0.3,12.0,0.0
2.3,21,0.015000000000000001,myopic,204.0628172811489,209.8093747975145,5.746557516365584,4,0.3,1.0,0.3
2.3,21,0.015000000000000001,nominal_dynamic,206.16066834831432,209.8093747975145,3.6487064492001764,4,0.3,1.0,0.3
2.3,21,0.015000000000000001,dro,209.8093747975145,209.8093747975145,0.0,1,0.3,12.0,0.0
2.35,21,0.015000000000000001,myopic,208.31732306025694,210.84006597999752,2.5227429197405797,4,0.3,1.0,0.3
2.35,21,0.015000000000000001,nominal_dynamic,210.39604245754927,210.84006597999752,0.44402352244824783,4,0.3,1.0,0.3
2.35,21,0.015000000000000001,dro,210.39608833046344,210.84006597999752,0.4439776495340766,4,0.3,3.0,0.0
2.4,21,0.015000000000000001,myopic,212.57182883936494,214.63685857314786,2.0650297337829215,4,0.3,1.0,0.3
2.4,21,0.015000000000000001,nominal_dynamic,214.63685857314786,214.63685857314786,0.0,4,0.3,1.0,0.3
2.4,21,0.015000000000000001,dro,214.60815541442483,214.63685857314786,0.028703158723033084,4,0.3,3.0,0.0
2.45,21,0.015000000000000001,myopic,216.82633461847297,218.88272748982732,2.0563928713543476,4,0.3,1.0,0.3
2.45,21,0.015000000000000001,nominal_dynamic,218.88272748982732,218.88272748982732,0.0,4,0.3,1.0,0.3
2.45,21,0.015000000000000001,dro,218.84701964683472,218.88272748982732,0.03570784299259344,4,0.3,1.0,0.3
2.5,21,0.015000000000000001,myopic,221.080840397581,223.1285964065068,2.047756008925802,4,0.3,1.0,0.3
2.5,21,0.015000000000000001,nominal_dynamic,223.1285964065068,223.1285964065068,0.0,4,0.3,1.0,0.3
2.5,21,0.015000000000000001,dro,223.0717336307685,223.1285964065068,0.05686277573829557,4,0.3,1.0,0.3
2.55,21,0.015000000000000001,myopic,225.335346176689,227.3744653231862,2.0391191464971996,4,0.3,1.0,0.3
2.55,21,0.015000000000000001,nominal_dynamic,227.3744653231862,227.3744653231862,0.0,4,0.3,1.0,0.3
2.55,21,0.015000000000000001,dro,227.29644761470226,227.3744653231862,0.07801770848394085,4,0.3,1.0,0.3
2.6,21,0.015000000000000001,myopic,229.58985195579706,231.62033423986568,2.0304822840686256,4,0.3,1.0,0.3
2.6,21,0.015000000000000001,nominal_dynamic,231.62033423986568,231.62033423986568,0.0,4,0.3,1.0,0.3
2.6,21,0.015000000000000001,dro,231.57291300372407,231.62033423986568,0.04742123614161642,4,0.3,1.0,0.3
2.65,21,0.015000000000000001,myopic,233.84435773490503,235.8662031565451,2.02184542164008,4,0.3,1.0,0.3
2.65,21,0.015000000000000001,nominal_dynamic,235.8662031565451,235.8662031565451,0.0,4,0.3,1.0,0.3
2.65,21,0.015000000000000001,dro,235.80828711295902,235.8662031565451,0.05791604358608993,4,0.3,1.0,0.3
2.7,21,0.015000000000000001,myopic,238.0988635140131,240.1120720732246,2.013208559211506,4,0.3,1.0,0.3
2.7,21,0.015000000000000001,nominal_dynamic,240.1120720732246,240.1120720732246,0.0,4,0.3,1.0,0.3
2.7,21,0.015000000000000001,dro,240.04366122219398,240.1120720732246,0.06841085103062028,4,0.3,1.0,0.3
2.75,21,0.015000000000000001,myopic,242.35336929312106,244.35794098990402,2.0045716967829605,4,0.3,1.0,0.3
2.75,21,0.015000000000000001,nominal_dynamic,244.35794098990402,244.35794098990402,0.0,4,0.3,1.0,0.3
2.75,21,0.015000000000000001,dro,244.2790353314289,244.35794098990402,0.07890565847512221,4,0.3,1.0,0.3
2.8,21,0.015000000000000001,myopic,246.6078750722291,248.60380990658348,1.9959348343543866,4,0.3,1.0,0.3
2.8,21,0.015000000000000001,nominal_dynamic,248.60380990658348,248.60380990658348,0.0,4,0.3,1.0,0.3
2.8,21,0.015000000000000001,dro,248.51440944066388,248.60380990658348,0.08940046591959572,4,0.3,1.0,0.3
2.85,21,0.015000000000000001,myopic,250.86238085133712,252.84967882326293,1.9872979719258126,4,0.3,1.0,0.3
2.85,21,0.015000000000000001,nominal_dynamic,252.84967882326293,252.84967882326293,0.0,4,0.3,1.0,0.3
2.85,21,0.015000000000000001,dro,252.74978354989886,252.84967882326293,0.09989527336406923,4,0.3,1.0,0.3
2.9,21,0.015000000000000001,myopic,255.11688663044512,257.0955477399424,1.978661109497267,4,0.3,1.0,0.3
2.9,21,0.015000000000000001,nominal_dynamic,257.0955477399424,257.0955477399424,0.0,4,0.3,1.0,0.3
2.9,21,0.015000000000000001,dro,257.0955477399424,257.0955477399424,0.0,4,0.3,1.0,0.3
2.95,21,0.015000000000000001,myopic,259.3713924095531,261.34141665662185,1.97002424706875,4,0.3,1.0,0.3
2.95,21,0.015000000000000001,nominal_dynamic,261.34141665662185,261.34141665662185,0.0,4,0.3,1.0,0.3
2.95,21,0.015000000000000001,dro,261.34141665662185,261.34141665662185,0.0,4,0.3,1.0,0.3
3.0,21,0.015000000000000001,myopic,263.62589818866115,265.58728557330124,1.9613873846400907,4,0.3,1.0,0.3
3.0,21,0.015000000000000001,nominal_dynamic,265.58728557330124,265.58728557330124,0.0,4,0.3,1.0,0.3
3.0,21,0.015000000000000001,dro,265.58728557330124,265.58728557330124,0.0,4,0.3,1.0,0.3
0.0,22,0.03333333333333333,myopic,208.88001835160247,208.88001835160247,0.0,0,0.0,,0.0
0.0,22,0.03333333333333333,nominal_dynamic,208.88001835160247,208.88001835160247,0.0,0,0.0,,0.0
0.0,22,0.03333333333333333,dro,208.88001835160247,208.88001835160247,0.0,0,0.0,,0.0
0.05,22,0.03333333333333333,myopic,208.88001835160247,208.88001835160247,0.0,0,0.0,,0.0
0.05,22,0.03333333333333333,nominal_dynamic,208.88001835160247,208.88001835160247,0.0,0,0.0,,0.0
0.05,22,0.03333333333333333,dro,208.88001835160247,208.88001835160247,0.0,0,0.0,,0.0
0.1,22,0.03333333333333333,myopic,208.88001835160247,208.88001835160247,0.0,0,0.0,,0.0
0.1,22,0.03333333333333333,nominal_dynamic,208.88001835160247,208.88001835160247,0.0,0,0.0,,0.0
0.1,22,0.03333333333333333,dro,208.88001835160247,208.88001835160247,0.0,0,0.0,,0.0
0.15,22,0.03333333333333333,myopic,208.88001835160247,208.88001835160247,0.0,0,0.0,,0.0
0.15,22,0.03333333333333333,nominal_dynamic,208.88001835160247,208.88001835160247,0.0,0,0.0,,0.0
0.15,22,0.03333333333333333,dro,208.88001835160247,208.88001835160247,0.0,0,0.0,,0.0
0.2,22,0.03333333333333333,myopic,208.88001835160247,208.88001835160247,0.0,0,0.0,,0.0
0.2,22,0.03333333333333333,nominal_dynamic,208.88001835160247,208.88001835160247,0.0,0,0.0,,0.0
0.2,22,0.03333333333333333,dro,208.88001835160247,208.88001835160247,0.0,0,0.0,,0.0
0.25,22,0.03333333333333333,myopic,208.88001835160247,208.88001835160247,0.0,0,0.0,,0.0
0.25,22,0.03333333333333333,nominal_dynamic,208.88001835160247,208.88001835160247,0.0,0,0.0,,0.0
0.25,22,0.03333333333333333,dro,208.88001835160247,208.88001835160247,0.0,0,0.0,,0.0
0.3,22,0.03333333333333333,myopic,208.88001835160247,208.88001835160247,0.0,0,0.0,,0.0
0.3,22,0.03333333333333333,nominal_dynamic,208.88001835160247,208.88001835160247,0.0,0,0.0,,0.0
0.3,22,0.03333333333333333,dro,208.88001835160247,208.88001835160247,0.0,0,0.0,,0.0
0.35,22,0.03333333333333333,myopic,208.88001835160247,208.88001835160247,0.0,0,0.0,,0.0
0.35,22,0.03333333333333333,nominal_dynamic,208.88001835160247,208.88001835160247,0.0,0,0.0,,0.0
0.35,22,0.03333333333333333,dro,208.88001835160247,208.88001835160247,0.0,0,0.0,,0.0
0.4,22,0.03333333333333333,myopic,208.88001835160247,208.88001835160247,0.0,0,0.0,,0.0
0.4,22,0.03333333333333333,nominal_dynamic,208.88001835160247,208.88001835160247,0.0,0,0.0,,0.0
0.4,22,0.03333333333333333,dro,208.88001835160247,208.88001835160247,0.0,0,0.0,,0.0
0.45,22,0.03333333333333333,myopic,208.88001835160247,208.88001835160247,0.0,0,0.0,,0.0
0.45,22,0.03333333333333333,nominal_dynamic,208.88001835160247,208.88001835160247,0.0,0,0.0,,0.0
0.45,22,0.03333333333333333,dro,208.88001835160247,208.88001835160247,0.0,0,0.0,,0.0
0.5,22,0.03333333333333333,myopic,208.88001835160247,208.88001835160247,0.0,0,0.0,,0.0
0.5,22,0.03333333333333333,nominal_dynamic,208.88001835160247,208.88001835160247,0.0,0,0.0,,0.0
0.5,22,0.03333333333333333,dro,208.88001835160247,208.88001835160247,0.0,0,0.0,,0.0
0.55,22,0.03333333333333333,myopic,208.88001835160247,208.88001835160247,0.0,0,0.0,,0.0
0.55,22,0.03333333333333333,nominal_dynamic,208.88001835160247,208.88001835160247,0.0,0,0.0,,0.0
0.55,22,0.03333333333333333,dro,208.88001835160247,208.88001835160247,0.0,0,0.0,,0.0
0.6,22,0.03333333333333333,myopic,208.88001835160247,208.88001835160247,0.0,0,0.0,,0.0
0.6,22,0.03333333333333333,nominal_dynamic,208.88001835160247,208.88001835160247,0.0,0,0.0,,0.0
0.6,22,0.03333333333333333,dro,208.88001835160247,208.88001835160247,0.0,0,0.0,,0.0
0.65,22,0.03333333333333333,myopic,208.88001835160247,208.88001835160247,0.0,0,0.0,,0.0
0.65,22,0.03333333333333333,nominal_dynamic,208.88001835160247,208.88001835160247,0.0,0,0.0,,0.0
0.65,22,0.03333333333333333,dro,208.88001835160247,208.88001835160247,0.0,0,0.0,,0.0
0.7,22,0.03333333333333333,myopic,208.88001835160247,208.88001835160247,0.0,0,0.0,,0.0
0.7,22,0.03333333333333333,nominal_dynamic,208.88001835160247,208.88001835160247,0.0,0,0.0,,0.0
0.7,22,0.03333333333333333,dro,208.88001835160247,208.88001835160247,0.0,0,0.0,,0.0
0.75,22,0.03333333333333333,myopic,208.88001835160247,208.88001835160247,0.0,0,0.0,,0.0
0.75,22,0.03333333333333333,nominal_dynamic,208.88001835160247,208.88001835160247,0.0,0,0.0,,0.0
0.75,22,0.03333333333333333,dro,208.88001835160247,208.88001835160247,0.0,0,0.0,,0.0
0.8,22,0.03333333333333333,myopic,208.88001835160247,208.88001835160247,0.0,0,0.0,,0.0
0.8,22,0.03333333333333333,nominal_dynamic,208.88001835160247,208.88001835160247,0.0,0,0.0,,0.0
0.8,22,0.03333333333333333,dro,208.88001835160247,208.88001835160247,0.0,0,0.0,,0.0
0.85,22,0.03333333333333333,myopic,208.88001835160247,208.88001835160247,0.0,0,0.0,,0.0
0.85,22,0.03333333333333333,nominal_dynamic,208.88001835160247,208.88001835160247,0.0,0,0.0,,0.0
0.85,22,0.03333333333333333,dro,208.88001835160247,208.88001835160247,0.0,0,0.0,,0.0
0.9,22,0.03333333333333333,myopic,208.88001835160247,208.88001835160247,0.0,0,0.0,,0.0
0.9,22,0.03333333333333333,nominal_dynamic,208.88001835160247,208.88001835160247,0.0,0,0.0,,0.0
0.9,22,0.03333333333333333,dro,208.88001835160247,208.88001835160247,0.0,0,0.0,,0.0
0.95,22,0.03333333333333333,myopic,208.88001835160247,208.88001835160247,0.0,0,0.0,,0.0
0.95,22,0.03333333333333333,nominal_dynamic,208.88001835160247,208.88001835160247,0.0,0,0.0,,0.0
0.95,22,0.03333333333333333,dro,208.88001835160247,208.88001835160247,0.0,0,0.0,,0.0
1.0,22,0.03333333333333333,myopic,208.88001835160247,208.88001835160247,0.0,0,0.0,,0.0
1.0,22,0.03333333333333333,nominal_dynamic,208.88001835160247,208.88001835160247,0.0,0,0.0,,0.0
1.0,22,0.03333333333333333,dro,208.88001835160247,208.88001835160247,0.0,0,0.0,,0.0
1.05,22,0.03333333333333333,myopic,208.88001835160247,208.88001835160247,0.0,0,0.0,,0.0
1.05,22,0.03333333333333333,nominal_dynamic,208.88001835160247,208.88001835160247,0.0,0,0.0,,0.0
1.05,22,0.03333333333333333,dro,208.88001835160247,208.88001835160247,0.0,0,0.0,,0.0
1.1,22,0.03333333333333333,myopic,208.88001835160247,208.88001835160247,0.0,0,0.0,,0.0
1.1,22,0.03333333333333333,nominal_dynamic,208.88001835160247,208.88001835160247,0.0,0,0.0,,0.0
1.1,22,0.03333333333333333,dro,208.88001835160247,208.88001835160247,0.0,0,0.0,,0.0
1.15,22,0.03333333333333333,myopic,208.88001835160247,208.88001835160247,0.0,0,0.0,,0.0
1.15,22,0.03333333333333333,nominal_dynamic,208.88001835160247,208.88001835160247,0.0,0,0.0,,0.0
1.15,22,0.03333333333333333,dro,208.88001835160247,208.88001835160247,0.0,0,0.0,,0.0
1.2,22,0.03333333333333333,myopic,208.88001835160247,208.88001835160247,0.0,0,0.0,,0.0
1.2,22,0.03333333333333333,nominal_dynamic,208.88001835160247,208.88001835160247,0.0,0,0.0,,0.0
1.2,22,0.03333333333333333,dro,208.88001835160247,208.88001835160247,0.0,0,0.0,,0.0
1.25,22,0.03333333333333333,myopic,208.88001835160247,208.88001835160247,0.0,0,0.0,,0.0
1.25,22,0.03333333333333333,nominal_dynamic,208.88001835160247,208.88001835160247,0.0,0,0.0,,0.0
1.25,22,0.03333333333333333,dro,208.88001835160247,208.88001835160247,0.0,0,0.0,,0.0
1.3,22,0.03333333333333333,myopic,208.88001835160247,208.88001835160247,0.0,0,0.0,,0.0
1.3,22,0.03333333333333333,nominal_dynamic,208.88001835160247,208.88001835160247,0.0,0,0.0,,0.0
1.3,22,0.03333333333333333,dro,208.88001835160247,208.88001835160247,0.0,0,0.0,,0.0
1.35,22,0.03333333333333333,myopic,208.88001835160247,208.88001835160247,0.0,0,0.0,,0.0
1.35,22,0.03333333333333333,nominal_dynamic,208.88001835160247,208.88001835160247,0.0,0,0.0,,0.0
1.35,22,0.03333333333333333,dro,208.88001835160247,208.88001835160247,0.0,0,0.0,,0.0
1.4,22,0.03333333333333333,myopic,208.88001835160247,208.88001835160247,0.0,0,0.0,,0.0
1.4,22,0.03333333333333333,nominal_dynamic,208.88001835160247,208.88001835160247,0.0,0,0.0,,0.0
1.4,22,0.03333333333333333,dro,208.88001835160247,208.88001835160247,0.0,0,0.0,,0.0
1.45,22,0.03333333333333333,myopic,208.88001835160247,208.88001835160247,0.0,0,0.0,,0.0
1.45,22,0.03333333333333333,nominal_dynamic,208.88001835160247,208.88001835160247,0.0,0,0.0,,0.0
1.45,22,0.03333333333333333,dro,208.88001835160247,208.88001835160247,0.0,0,0.0,,0.0
1.5,22,0.03333333333333333,myopic,208.88001835160247,208.88001835160247,0.0,0,0.0,,0.0
1.5,22,0.03333333333333333,nominal_dynamic,208.88001835160247,208.88001835160247,0.0,0,0.0,,0.0
1.5,22,0.03333333333333333,dro,208.88001835160247,208.88001835160247,0.0,0,0.0,,0.0
1.55,22,0.03333333333333333,myopic,208.88001835160247,208.88001835160247,0.0,0,0.0,,0.0
1.55,22,0.03333333333333333,nominal_dynamic,208.88001835160247,208.88001835160247,0.0,0,0.0,,0.0
1.55,22,0.03333333333333333,dro,208.88001835160247,208.88001835160247,0.0,0,0.0,,0.0
1.6,22,0.03333333333333333,myopic,208.88001835160247,208.88001835160247,0.0,0,0.0,,0.0
1.6,22,0.03333333333333333,nominal_dynamic,208.88001835160247,208.88001835160247,0.0,0,0.0,,0.0
1.6,22,0.03333333333333333,dro,208.88001835160247,208.88001835160247,0.0,0,0.0,,0.0
1.65,22,0.03333333333333333,myopic,208.88001835160247,208.88001835160247,0.0,0,0.0,,0.0
1.65,22,0.03333333333333333,nominal_dynamic,208.88001835160247,208.88001835160247,0.0,0,0.0,,0.0
1.65,22,0.03333333333333333,dro,208.88001835160247,208.88001835160247,0.0,0,0.0,,0.0
1.7,22,0.03333333333333333,myopic,208.88001835160247,208.88001835160247,0.0,0,0.0,,0.0
1.7,22,0.03333333333333333,nominal_dynamic,208.88001835160247,208.88001835160247,0.0,0,0.0,,0.0
1.7,22,0.03333333333333333,dro,208.88001835160247,208.88001835160247,0.0,0,0.0,,0.0
1.75,22,0.03333333333333333,myopic,208.88001835160247,208.88001835160247,0.0,0,0.0,,0.0
1.75,22,0.03333333333333333,nominal_dynamic,208.88001835160247,208.88001835160247,0.0,0,0.0,,0.0
1.75,22,0.03333333333333333,dro,208.88001835160247,208.88001835160247,0.0,0,0.0,,0.0
1.8,22,0.03333333333333333,myopic,208.88001835160247,208.88001835160247,0.0,0,0.0,,0.0
1.8,22,0.03333333333333333,nominal_dynamic,208.88001835160247,208.88001835160247,0.0,0,0.0,,0.0
1.8,22,0.03333333333333333,dro,208.88001835160247,208.88001835160247,0.0,0,0.0,,0.0
1.85,22,0.03333333333333333,myopic,208.88001835160247,208.88001835160247,0.0,0,0.0,,0.0
1.85,22,0.03333333333333333,nominal_dynamic,208.88001835160247,208.88001835160247,0.0,0,0.0,,0.0
1.85,22,0.03333333333333333,dro,208.88001835160247,208.88001835160247,0.0,0,0.0,,0.0
1.9,22,0.03333333333333333,myopic,208.88001835160247,208.88001835160247,0.0,0,0.0,,0.0
1.9,22,0.03333333333333333,nominal_dynamic,208.88001835160247,208.88001835160247,0.0,0,0.0,,0.0
1.9,22,0.03333333333333333,dro,208.88001835160247,208.88001835160247,0.0,0,0.0,,0.0
1.95,22,0.03333333333333333,myopic,208.88001835160247,208.88001835160247,0.0,0,0.0,,0.0
1.95,22,0.03333333333333333,nominal_dynamic,208.88001835160247,208.88001835160247,0.0,0,0.0,,0.0
1.95,22,0.03333333333333333,dro,208.88001835160247,208.88001835160247,0.0,0,0.0,,0.0
2.0,22,0.03333333333333333,myopic,208.88001835160247,208.88001835160247,0.0,0,0.0,,0.0
2.0,22,0.03333333333333333,nominal_dynamic,208.88001835160247,208.88001835160247,0.0,0,0.0,,0.0
2.0,22,0.03333333333333333,dro,208.88001835160247,208.88001835160247,0.0,0,0.0,,0.0
2.05,22,0.03333333333333333,myopic,208.88001835160247,208.88001835160247,0.0,0,0.0,,0.0
2.05,22,0.03333333333333333,nominal_dynamic,208.88001835160247,208.88001835160247,0.0,0,0.0,,0.0
2.05,22,0.03333333333333333,dro,208.88001835160247,208.88001835160247,0.0,0,0.0,,0.0
2.1,22,0.03333333333333333,myopic,208.88001835160247,208.88001835160247,0.0,0,0.0,,0.0
2.1,22,0.03333333333333333,nominal_dynamic,208.88001835160247,208.88001835160247,0.0,0,0.0,,0.0
2.1,22,0.03333333333333333,dro,208.88001835160247,208.88001835160247,0.0,0,0.0,,0.0
2.15,22,0.03333333333333333,myopic,208.88001835160247,208.88001835160247,0.0,0,0.0,,0.0
2.15,22,0.03333333333333333,nominal_dynamic,208.88001835160247,208.88001835160247,0.0,0,0.0,,0.0
2.15,22,0.03333333333333333,dro,208.88001835160247,208.88001835160247,0.0,0,0.0,,0.0
2.2,22,0.03333333333333333,myopic,200.1912379354767,208.88001835160247,8.68878041612578,4,0.3,1.0,0.3
2.2,22,0.03333333333333333,nominal_dynamic,208.39797469605458,208.88001835160247,0.48204365554789774,1,0.3,12.0,0.0
2.2,22,0.03333333333333333,dro,208.88001835160247,208.88001835160247,0.0,0,0.0,,0.0
2.25,22,0.03333333333333333,myopic,204.6200473790869,209.4710698535407,4.851022474453799,4,0.3,1.0,0.3
2.25,22,0.03333333333333333,nominal_dynamic,206.2394846886956,209.4710698535407,3.2315851648451144,4,0.3,1.0,0.3
2.25,22,0.03333333333333333,dro,209.4710698535407,209.4710698535407,0.0,1,0.3,12.0,0.0
2.3,22,0.03333333333333333,myopic,209.04885682269716,210.64860681948363,1.5997499967864712,4,0.3,1.0,0.3
2.3,22,0.03333333333333333,nominal_dynamic,210.64860681948363,210.64860681948363,0.0,4,0.3,1.0,0.3
2.3,22,0.03333333333333333,dro,210.54416501102688,210.64860681948363,0.10444180845675533,1,0.3,12.0,0.0
2.35,22,0.03333333333333333,myopic,213.4776662663074,215.0637295311794,1.5860632648719957,4,0.3,1.0,0.3
2.35,22,0.03333333333333333,nominal_dynamic,215.05772895027172,215.0637295311794,0.006000580907681297,4,0.3,1.0,0.3
2.35,22,0.03333333333333333,dro,215.0297947033397,215.0637295311794,0.033934827839715354,4,0.3,3.0,0.0
2.4,22,0.03333333333333333,myopic,217.90647570991766,219.48376889002452,1.5772931801068637,4,0.3,1.0,0.3
2.4,22,0.03333333333333333,nominal_dynamic,219.48376889002452,219.48376889002452,0.0,4,0.3,1.0,0.3
2.4,22,0.03333333333333333,dro,219.41442677274992,219.48376889002452,0.06934211727460138,4,0.3,3.0,0.0
2.45,22,0.03333333333333333,myopic,222.3352851535279,223.90380824886967,1.5685230953417602,4,0.3,1.0,0.3
2.45,22,0.03333333333333333,nominal_dynamic,223.90380824886967,223.90380824886967,0.0,4,0.3,1.0,0.3
2.45,22,0.03333333333333333,dro,223.84241299016094,223.90380824886967,0.061395258708728306,4,0.3,1.0,0.3
2.5,22,0.03333333333333333,myopic,226.76409459713815,228.3238476077148,1.5597530105766566,4,0.3,1.0,0.3
2.5,22,0.03333333333333333,nominal_dynamic,228.3238476077148,228.3238476077148,0.0,4,0.3,1.0,0.3
2.5,22,0.03333333333333333,dro,228.2404386206125,228.3238476077148,0.08340898710230249,4,0.3,1.0,0.3
2.55,22,0.03333333333333333,myopic,231.19290404074837,232.7438869665599,1.5509829258115246,4,0.3,1.0,0.3
2.55,22,0.03333333333333333,nominal_dynamic,232.7438869665599,232.7438869665599,0.0,4,0.3,1.0,0.3
2.55,22,0.03333333333333333,dro,232.63846425106402,232.7438869665599,0.10542271549587667,4,0.3,1.0,0.3
2.6,22,0.03333333333333333,myopic,235.62171348435865,237.16392632540507,1.542212841046421,4,0.3,1.0,0.3
2.6,22,0.03333333333333333,nominal_dynamic,237.16392632540507,237.16392632540507,0.0,4,0.3,1.0,0.3
2.6,22,0.03333333333333333,dro,237.10333960421212,237.16392632540507,0.060586721192947834,4,0.3,1.0,0.3
2.65,22,0.03333333333333333,myopic,240.05052292796887,241.5839656842502,1.5334427562813175,4,0.3,1.0,0.3
2.65,22,0.03333333333333333,nominal_dynamic,241.5839656842502,241.5839656842502,0.0,4,0.3,1.0,0.3
2.65,22,0.03333333333333333,dro,241.51246173500016,241.5839656842502,0.07150394925002956,4,0.3,1.0,0.3
2.7,22,0.03333333333333333,myopic,244.47933237157915,246.00400504309533,1.5246726715161856,4,0.3,1.0,0.3
2.7,22,0.03333333333333333,nominal_dynamic,246.00400504309533,246.00400504309533,0.0,4,0.3,1.0,0.3
2.7,22,0.03333333333333333,dro,245.92158386578825,246.00400504309533,0.08242117730708287,4,0.3,1.0,0.3
2.75,22,0.03333333333333333,myopic,248.90814181518937,250.42404440194045,1.515902586751082,4,0.3,1.0,0.3
2.75,22,0.03333333333333333,nominal_dynamic,250.42404440194045,250.42404440194045,0.0,4,0.3,1.0,0.3
2.75,22,0.03333333333333333,dro,250.3307059965763,250.42404440194045,0.09333840536413618,4,0.3,1.0,0.3
2.8,22,0.03333333333333333,myopic,253.3369512587996,254.84408376078557,1.5071325019859785,4,0.3,1.0,0.3
2.8,22,0.03333333333333333,nominal_dynamic,254.84408376078557,254.84408376078557,0.0,4,0.3,1.0,0.3
2.8,22,0.03333333333333333,dro,254.73982812736435,254.84408376078557,0.10425563342121791,4,0.3,1.0,0.3
2.85,22,0.03333333333333333,myopic,257.76576070240986,259.2641231196307,1.4983624172208465,4,0.3,1.0,0.3
2.85,22,0.03333333333333333,nominal_dynamic,259.2641231196307,259.2641231196307,0.0,4,0.3,1.0,0.3
2.85,22,0.03333333333333333,dro,259.14895025815247,259.2641231196307,0.1151728614782428,4,0.3,1.0,0.3
2.9,22,0.03333333333333333,myopic,262.19457014602006,263.68416247847586,1.4895923324557998,4,0.3,1.0,0.3
2.9,22,0.03333333333333333,nominal_dynamic,263.68416247847586,263.68416247847586,0.0,4,0.3,1.0,0.3
2.9,22,0.03333333333333333,dro,263.68416247847586,263.68416247847586,0.0,4,0.3,1.0,0.3
2.95,22,0.03333333333333333,myopic,266.6233795896303,268.10420183732094,1.4808222476906394,4,0.3,1.0,0.3
2.95,22,0.03333333333333333,nominal_dynamic,268.10420183732094,268.10420183732094,0.0,4,0.3,1.0,0.3
2.95,22,0.03333333333333333,dro,268.10420183732094,268.10420183732094,0.0,4,0.3,1.0,0.3
3.0,22,0.03333333333333333,myopic,271.0521890332405,272.52424119616603,1.4720521629255359,4,0.3,1.0,0.3
3.0,22,0.03333333333333333,nominal_dynamic,272.52424119616603,272.52424119616603,0.0,4,0.3,1.0,0.3
3.0,22,0.03333333333333333,dro,272.52424119616603,272.52424119616603,0.0,4,0.3,1.0,0.3
0.0,23,0.018333333333333337,myopic,208.88001835160247,208.88001835160247,0.0,0,0.0,,0.0
0.0,23,0.018333333333333337,nominal_dynamic,208.88001835160247,208.88001835160247,0.0,0,0.0,,0.0
0.0,23,0.018333333333333337,dro,208.88001835160247,208.88001835160247,0.0,0,0.0,,0.0
0.05,23,0.018333333333333337,myopic,208.88001835160247,208.88001835160247,0.0,0,0.0,,0.0
0.05,23,0.018333333333333337,nominal_dynamic,208.88001835160247,208.88001835160247,0.0,0,0.0,,0.0
0.05,23,0.018333333333333337,dro,208.88001835160247,208.88001835160247,0.0,0,0.0,,0.0
0.1,23,0.018333333333333337,myopic,208.88001835160247,208.88001835160247,0.0,0,0.0,,0.0
0.1,23,0.018333333333333337,nominal_dynamic,208.88001835160247,208.88001835160247,0.0,0,0.0,,0.0
0.1,23,0.018333333333333337,dro,208.88001835160247,208.88001835160247,0.0,0,0.0,,0.0
0.15,23,0.018333333333333337,myopic,208.88001835160247,208.88001835160247,0.0,0,0.0,,0.0
0.15,23,0.018333333333333337,nominal_dynamic,208.88001835160247,208.88001835160247,0.0,0,0.0,,0.0
0.15,23,0.018333333333333337,dro,208.88001835160247,208.88001835160247,0.0,0,0.0,,0.0
0.2,23,0.018333333333333337,myopic,208.88001835160247,208.88001835160247,0.0,0,0.0,,0.0
0.2,23,0.018333333333333337,nominal_dynamic,208.88001835160247,208.88001835160247,0.0,0,0.0,,0.0
0.2,23,0.018333333333333337,dro,208.88001835160247,208.88001835160247,0.0,0,0.0,,0.0
0.25,23,0.018333333333333337,myopic,208.88001835160247,208.88001835160247,0.0,0,0.0,,0.0
0.25,23,0.018333333333333337,nominal_dynamic,208.88001835160247,208.88001835160247,0.0,0,0.0,,0.0
0.25,23,0.018333333333333337,dro,208.88001835160247,208.88001835160247,0.0,0,0.0,,0.0
0.3,23,0.018333333333333337,myopic,208.88001835160247,208.88001835160247,0.0,0,0.0,,0.0
0.3,23,0.018333333333333337,nominal_dynamic,208.88001835160247,208.88001835160247,0.0,0,0.0,,0.0
0.3,23,0.018333333333333337,dro,208.88001835160247,208.88001835160247,0.0,0,0.0,,0.0
0.35,23,0.018333333333333337,myopic,208.88001835160247,208.88001835160247,0.0,0,0.0,,0.0
0.35,23,0.018333333333333337,nominal_dynamic,208.88001835160247,208.88001835160247,0.0,0,0.0,,0.0
0.35,23,0.018333333333333337,dro,208.88001835160247,208.88001835160247,0.0,0,0.0,,0.0
0.4,23,0.018333333333333337,myopic,208.88001835160247,208.88001835160247,0.0,0,0.0,,0.0
0.4,23,0.018333333333333337,nominal_dynamic,208.88001835160247,208.88001835160247,0.0,0,0.0,,0.0
0.4,23,0.018333333333333337,dro,208.88001835160247,208.88001835160247,0.0,0,0.0,,0.0
0.45,23,0.018333333333333337,myopic,208.88001835160247,208.88001835160247,0.0,0,0.0,,0.0
0.45,23,0.018333333333333337,nominal_dynamic,208.88001835160247,208.88001835160247,0.0,0,0.0,,0.0
0.45,23,0.018333333333333337,dro,208.88001835160247,208.88001835160247,0.0,0,0.0,,0.0
0.5,23,0.018333333333333337,myopic,208.88001835160247,208.88001835160247,0.0,0,0.0,,0.0
0.5,23,0.018333333333333337,nominal_dynamic,208.88001835160247,208.88001835160247,0.0,0,0.0,,0.0
0.5,23,0.018333333333333337,dro,208.88001835160247,208.88001835160247,0.0,0,0.0,,0.0
0.55,23,0.018333333333333337,myopic,208.88001835160247,208.88001835160247,0.0,0,0.0,,0.0
0.55,23,0.018333333333333337,nominal_dynamic,208.88001835160247,208.88001835160247,0.0,0,0.0,,0.0
0.55,23,0.018333333333333337,dro,208.88001835160247,208.88001835160247,0.0,0,0.0,,0.0
0.6,23,0.018333333333333337,myopic,208.88001835160247,208.88001835160247,0.0,0,0.0,,0.0
0.6,23,0.018333333333333337,nominal_dynamic,208.88001835160247,208.88001835160247,0.0,0,0.0,,0.0
0.6,23,0.018333333333333337,dro,208.88001835160247,208.88001835160247,0.0,0,0.0,,0.0
0.65,23,0.018333333333333337,myopic,208.88001835160247,208.88001835160247,0.0,0,0.0,,0.0
0.65,23,0.018333333333333337,nominal_dynamic,208.88001835160247,208.88001835160247,0.0,0,0.0,,0.0
0.65,23,0.018333333333333337,dro,208.88001835160247,208.88001835160247,0.0,0,0.0,,0.0
0.7,23,0.018333333333333337,myopic,208.88001835160247,208.88001835160247,0.0,0,0.0,,0.0
0.7,23,0.018333333333333337,nominal_dynamic,208.88001835160247,208.88001835160247,0.0,0,0.0,,0.0
0.7,23,0.018333333333333337,dro,208.88001835160247,208.88001835160247,0.0,0,0.0,,0.0
0.75,23,0.018333333333333337,myopic,208.88001835160247,208.88001835160247,0.0,0,0.0,,0.0
0.75,23,0.018333333333333337,nominal_dynamic,208.88001835160247,208.88001835160247,0.0,0,0.0,,0.0
0.75,23,0.018333333333333337,dro,208.88001835160247,208.88001835160247,0.0,0,0.0,,0.0
0.8,23,0.018333333333333337,myopic,208.88001835160247,208.88001835160247,0.0,0,0.0,,0.0
0.8,23,0.018333333333333337,nominal_dynamic,208.88001835160247,208.88001835160247,0.0,0,0.0,,0.0
0.8,23,0.018333333333333337,dro,208.88001835160247,208.88001835160247,0.0,0,0.0,,0.0
0.85,23,0.018333333333333337,myopic,208.88001835160247,208.88001835160247,0.0,0,0.0,,0.0
0.85,23,0.018333333333333337,nominal_dynamic,208.88001835160247,208.88001835160247,0.0,0,0.0,,0.0
0.85,23,0.018333333333333337,dro,208.88001835160247,208.88001835160247,0.0,0,0.0,,0.0
0.9,23,0.018333333333333337,myopic,208.88001835160247,208.88001835160247,0.0,0,0.0,,0.0
0.9,23,0.018333333333333337,nominal_dynamic,208.88001835160247,208.88001835160247,0.0,0,0.0,,0.0
0.9,23,0.018333333333333337,dro,208.88001835160247,208.88001835160247,0.0,0,0.0,,0.0
0.95,23,0.018333333333333337,myopic,208.88001835160247,208.88001835160247,0.0,0,0.0,,0.0
0.95,23,0.018333333333333337,nominal_dynamic,208.88001835160247,208.88001835160247,0.0,0,0.0,,0.0
0.95,23,0.018333333333333337,dro,208.88001835160247,208.88001835160247,0.0,0,0.0,,0.0
1.0,23,0.018333333333333337,myopic,208.88001835160247,208.88001835160247,0.0,0,0.0,,0.0
1.0,23,0.018333333333333337,nominal_dynamic,208.88001835160247,208.88001835160247,0.0,0,0.0,,0.0
1.0,23,0.018333333333333337,dro,208.88001835160247,208.88001835160247,0.0,0,0.0,,0.0
1.05,23,0.018333333333333337,myopic,208.88001835160247,208.88001835160247,0.0,0,0.0,,0.0
1.05,23,0.018333333333333337,nominal_dynamic,208.88001835160247,208.88001835160247,0.0,0,0.0,,0.0
1.05,23,0.018333333333333337,dro,208.88001835160247,208.88001835160247,0.0,0,0.0,,0.0
1.1,23,0.018333333333333337,myopic,208.88001835160247,208.88001835160247,0.0,0,0.0,,0.0
1.1,23,0.018333333333333337,nominal_dynamic,208.88001835160247,208.88001835160247,0.0,0,0.0,,0.0
1.1,23,0.018333333333333337,dro,208.88001835160247,208.88001835160247,0.0,0,0.0,,0.0
1.15,23,0.018333333333333337,myopic,208.88001835160247,208.88001835160247,0.0,0,0.0,,0.0
1.15,23,0.018333333333333337,nominal_dynamic,208.88001835160247,208.88001835160247,0.0,0,0.0,,0.0
1.15,23,0.018333333333333337,dro,208.88001835160247,208.88001835160247,0.0,0,0.0,,0.0
1.2,23,0.018333333333333337,myopic,208.88001835160247,208.88001835160247,0.0,0,0.0,,0.0
1.2,23,0.018333333333333337,nominal_dynamic,208.88001835160247,208.88001835160247,0.0,0,0.0,,0.0
1.2,23,0.018333333333333337,dro,208.88001835160247,208.88001835160247,0.0,0,0.0,,0.0
1.25,23,0.018333333333333337,myopic,208.88001835160247,208.88001835160247,0.0,0,0.0,,0.0
1.25,23,0.018333333333333337,nominal_dynamic,208.88001835160247,208.88001835160247,0.0,0,0.0,,0.0
1.25,23,0.018333333333333337,dro,208.88001835160247,208.88001835160247,0.0,0,0.0,,0.0
1.3,23,0.018333333333333337,myopic,208.88001835160247,208.88001835160247,0.0,0,0.0,,0.0
1.3,23,0.018333333333333337,nominal_dynamic,208.88001835160247,208.88001835160247,0.0,0,0.0,,0.0
1.3,23,0.018333333333333337,dro,208.88001835160247,208.88001835160247,0.0,0,0.0,,0.0
1.35,23,0.018333333333333337,myopic,208.88001835160247,208.88001835160247,0.0,0,0.0,,0.0
1.35,23,0.018333333333333337,nominal_dynamic,208.88001835160247,208.88001835160247,0.0,0,0.0,,0.0
1.35,23,0.018333333333333337,dro,208.88001835160247,208.88001835160247,0.0,0,0.0,,0.0
1.4,23,0.018333333333333337,myopic,208.88001835160247,208.88001835160247,0.0,0,0.0,,0.0
1.4,23,0.018333333333333337,nominal_dynamic,208.88001835160247,208.88001835160247,0.0,0,0.0,,0.0
1.4,23,0.018333333333333337,dro,208.88001835160247,208.88001835160247,0.0,0,0.0,,0.0
1.45,23,0.018333333333333337,myopic,208.88001835160247,208.88001835160247,0.0,0,0.0,,0.0
1.45,23,0.018333333333333337,nominal_dynamic,208.88001835160247,208.88001835160247,0.0,0,0.0,,0.0
1.45,23,0.018333333333333337,dro,208.88001835160247,208.88001835160247,0.0,0,0.0,,0.0
1.5,23,0.018333333333333337,myopic,208.88001835160247,208.88001835160247,0.0,0,0.0,,0.0
1.5,23,0.018333333333333337,nominal_dynamic,208.88001835160247,208.88001835160247,0.0,0,0.0,,0.0
1.5,23,0.018333333333333337,dro,208.88001835160247,208.88001835160247,0.0,0,0.0,,0.0
1.55,23,0.018333333333333337,myopic,208.88001835160247,208.88001835160247,0.0,0,0.0,,0.0
1.55,23,0.018333333333333337,nominal_dynamic,208.88001835160247,208.88001835160247,0.0,0,0.0,,0.0
1.55,23,0.018333333333333337,dro,208.88001835160247,208.88001835160247,0.0,0,0.0,,0.0
1.6,23,0.018333333333333337,myopic,208.88001835160247,208.88001835160247,0.0,0,0.0,,0.0
1.6,23,0.018333333333333337,nominal_dynamic,208.88001835160247,208.88001835160247,0.0,0,0.0,,0.0
1.6,23,0.018333333333333337,dro,208.88001835160247,208.88001835160247,0.0,0,0.0,,0.0
1.65,23,0.018333333333333337,myopic,208.88001835160247,208.88001835160247,0.0,0,0.0,,0.0
1.65,23,0.018333333333333337,nominal_dynamic,208.88001835160247,208.88001835160247,0.0,0,0.0,,0.0
1.65,23,0.018333333333333337,dro,208.88001835160247,208.88001835160247,0.0,0,0.0,,0.0
1.7,23,0.018333333333333337,myopic,208.88001835160247,208.88001835160247,0.0,0,0.0,,0.0
1.7,23,0.018333333333333337,nominal_dynamic,208.88001835160247,208.88001835160247,0.0,0,0.0,,0.0
1.7,23,0.018333333333333337,dro,208.88001835160247,208.88001835160247,0.0,0,0.0,,0.0
1.75,23,0.018333333333333337,myopic,208.88001835160247,208.88001835160247,0.0,0,0.0,,0.0
1.75,23,0.018333333333333337,nominal_dynamic,208.88001835160247,208.88001835160247,0.0,0,0.0,,0.0
1.75,23,0.018333333333333337,dro,208.88001835160247,208.88001835160247,0.0,0,0.0,,0.0
1.8,23,0.018333333333333337,myopic,208.88001835160247,208.88001835160247,0.0,0,0.0,,0.0
1.8,23,0.018333333333333337,nominal_dynamic,208.88001835160247,208.88001835160247,0.0,0,0.0,,0.0
1.8,23,0.018333333333333337,dro,208.88001835160247,208.88001835160247,0.0,0,0.0,,0.0
1.85,23,0.018333333333333337,myopic,208.88001835160247,208.88001835160247,0.0,0,0.0,,0.0
1.85,23,0.018333333333333337,nominal_dynamic,208.88001835160247,208.88001835160247,0.0,0,0.0,,0.0
1.85,23,0.018333333333333337,dro,208.88001835160247,208.88001835160247,0.0,0,0.0,,0.0
1.9,23,0.018333333333333337,myopic,208.88001835160247,208.88001835160247,0.0,0,0.0,,0.0
1.9,23,0.018333333333333337,nominal_dynamic,208.88001835160247,208.88001835160247,0.0,0,0.0,,0.0
1.9,23,0.018333333333333337,dro,208.88001835160247,208.88001835160247,0.0,0,0.0,,0.0
1.95,23,0.018333333333333337,myopic,208.88001835160247,208.88001835160247,0.0,0,0.0,,0.0
1.95,23,0.018333333333333337,nominal_dynamic,208.88001835160247,208.88001835160247,0.0,0,0.0,,0.0
1.95,23,0.018333333333333337,dro,208.88001835160247,208.88001835160247,0.0,0,0.0,,0.0
2.0,23,0.018333333333333337,myopic,208.88001835160247,208.88001835160247,0.0,0,0.0,,0.0
2.0,23,0.018333333333333337,nominal_dynamic,208.88001835160247,208.88001835160247,0.0,0,0.0,,0.0
2.0,23,0.018333333333333337,dro,208.88001835160247,208.88001835160247,0.0,0,0.0,,0.0
2.05,23,0.018333333333333337,myopic,208.88001835160247,208.88001835160247,0.0,0,0.0,,0.0
2.05,23,0.018333333333333337,nominal_dynamic,208.88001835160247,208.88001835160247,0.0,0,0.0,,0.0
2.05,23,0.018333333333333337,dro,208.88001835160247,208.88001835160247,0.0,0,0.0,,0.0
2.1,23,0.018333333333333337,myopic,208.88001835160247,208.88001835160247,0.0,0,0.0,,0.0
2.1,23,0.018333333333333337,nominal_dynamic,208.88001835160247,208.88001835160247,0.0,0,0.0,,0.0
2.1,23,0.018333333333333337,dro,208.88001835160247,208.88001835160247,0.0,0,0.0,,0.0
2.15,23,0.018333333333333337,myopic,208.88001835160247,208.88001835160247,0.0,0,0.0,,0.0
2.15,23,0.018333333333333337,nominal_dynamic,208.88001835160247,208.88001835160247,0.0,0,0.0,,0.0
2.15,23,0.018333333333333337,dro,208.88001835160247,208.88001835160247,0.0,0,0.0,,0.0
2.2,23,0.018333333333333337,myopic,201.84212721701266,208.88001835160247,7.037891134589813,4,0.3,1.0,0.3
2.2,23,0.018333333333333337,nominal_dynamic,207.29434275682422,208.88001835160247,1.5856755947782517,1,0.3,12.0,0.0
2.2,23,0.018333333333333337,dro,208.88001835160247,208.88001835160247,0.0,0,0.0,,0.0
2.25,23,0.018333333333333337,myopic,205.97560688012118,208.88001835160247,2.9044114714812963,4,0.3,1.0,0.3
2.25,23,0.018333333333333337,nominal_dynamic,206.10489328144664,208.88001835160247,2.7751250701558376,4,0.3,1.0,0.3
2.25,23,0.018333333333333337,dro,208.29543844018423,208.88001835160247,0.5845799114182455,1,0.3,12.0,0.0
2.3,23,0.018333333333333337,myopic,210.1090865432297,210.2086492653823,0.09956272215259787,4,0.3,1.0,0.3
2.3,23,0.018333333333333337,nominal_dynamic,210.2086492653823,210.2086492653823,0.0,4,0.3,1.0,0.3
2.3,23,0.018333333333333337,dro,209.2965341235442,210.2086492653823,0.9121151418380862,1,0.3,12.0,0.0
2.35,23,0.018333333333333337,myopic,214.2425662063382,214.3219396904716,0.07937348413338441,4,0.3,1.0,0.3
2.35,23,0.018333333333333337,nominal_dynamic,214.31240524931792,214.3219396904716,0.009534441153675743,4,0.3,1.0,0.3
2.35,23,0.018333333333333337,dro,214.2984260859888,214.3219396904716,0.023513604482786832,4,0.3,3.0,0.0
2.4,23,0.018333333333333337,myopic,218.37604586944673,218.44071231108916,0.06466644164243007,4,0.3,1.0,0.3
2.4,23,0.018333333333333337,nominal_dynamic,218.41616123325355,218.44071231108916,0.024551077835610613,4,0.3,1.0,0.3
2.4,23,0.018333333333333337,dro,218.3906742894578,218.44071231108916,0.05003802163136584,4,0.3,3.0,0.0
2.45,23,0.018333333333333337,myopic,222.5095255325553,222.5650508666579,0.05552533410261162,4,0.3,1.0,0.3
2.45,23,0.018333333333333337,nominal_dynamic,222.5199172171892,222.5650508666579,0.04513364946870979,4,0.3,1.0,0.3
2.45,23,0.018333333333333337,dro,222.55051226715128,222.5650508666579,0.014538599506636274,4,0.3,1.0,0.3
2.5,23,0.018333333333333337,myopic,226.64300519566382,226.6893894222266,0.046384226562793174,4,0.3,1.0,0.3
2.5,23,0.018333333333333337,nominal_dynamic,226.62367320112486,226.6893894222266,0.06571622110175213,4,0.3,1.0,0.3
2.5,23,0.018333333333333337,dro,226.6647985554911,226.6893894222266,0.024590866735508143,4,0.3,1.0,0.3
2.55,23,0.018333333333333337,myopic,230.77648485877233,230.81372797779537,0.03724311902303157,4,0.3,1.0,0.3
2.55,23,0.018333333333333337,nominal_dynamic,230.72742918506046,230.81372797779537,0.08629879273490815,4,0.3,1.0,0.3
2.55,23,0.018333333333333337,dro,230.7790848438309,230.81372797779537,0.03464313396446528,4,0.3,1.0,0.3
2.6,23,0.018333333333333337,myopic,234.9099645218809,234.93806653336412,0.02810201148321312,4,0.3,1.0,0.3
2.6,23,0.018333333333333337,nominal_dynamic,234.83118516899611,234.93806653336412,0.10688136436800733,4,0.3,1.0,0.3
2.6,23,0.018333333333333337,dro,234.89337113217078,234.93806653336412,0.04469540119333715,4,0.3,1.0,0.3
2.65,23,0.018333333333333337,myopic,239.04344418498937,239.0624050889328,0.01896090394342309,4,0.3,1.0,0.3
2.65,23,0.018333333333333337,nominal_dynamic,238.97225848157677,239.0624050889328,0.09014660735601865,4,0.3,1.0,0.3
2.65,23,0.018333333333333337,dro,239.00765742051055,239.0624050889328,0.05474766842223744,4,0.3,1.0,0.3
2.7,23,0.018333333333333337,myopic,243.17692384809794,243.18674364450158,0.009819796403633063,4,0.3,1.0,0.3
2.7,23,0.018333333333333337,nominal_dynamic,243.0814772857132,243.18674364450158,0.1052663587883842,4,0.3,1.0,0.3
2.7,23,0.018333333333333337,dro,243.1219437088504,243.18674364450158,0.06479993565116615,4,0.3,1.0,0.3
2.75,23,0.018333333333333337,myopic,247.31040351120646,247.31040351120646,0.0,4,0.3,1.0,0.3
2.75,23,0.018333333333333337,nominal_dynamic,247.19069608984952,247.31040351120646,0.11970742135693513,4,0.3,1.0,0.3
2.75,23,0.018333333333333337,dro,247.2362299971902,247.31040351120646,0.07417351401625183,4,0.3,1.0,0.3
2.8,23,0.018333333333333337,myopic,251.44388317431498,251.44388317431498,0.0,4,0.3,1.0,0.3
2.8,23,0.018333333333333337,nominal_dynamic,251.29991489398589,251.44388317431498,0.1439682803290907,4,0.3,1.0,0.3
2.8,23,0.018333333333333337,dro,251.35051628553003,251.44388317431498,0.09336688878494215,4,0.3,1.0,0.3
2.85,23,0.018333333333333337,myopic,255.5773628374235,255.5773628374235,0.0,4,0.3,1.0,0.3
2.85,23,0.018333333333333337,nominal_dynamic,255.40913369812222,255.5773628374235,0.1682291393012747,4,0.3,1.0,0.3
2.85,23,0.018333333333333337,dro,255.46480257386986,255.5773628374235,0.11256026355363247,4,0.3,1.0,0.3
2.9,23,0.018333333333333337,myopic,259.710842500532,259.710842500532,0.0,4,0.3,1.0,0.3
2.9,23,0.018333333333333337,nominal_dynamic,259.5183525022586,259.710842500532,0.19248999827340185,4,0.3,1.0,0.3
2.9,23,0.018333333333333337,dro,259.5790888622097,259.710842500532,0.13175363832232279,4,0.3,1.0,0.3
2.95,23,0.018333333333333337,myopic,263.8443221636405,263.8443221636405,0.0,4,0.3,1.0,0.3
2.95,23,0.018333333333333337,nominal_dynamic,263.62757130639494,263.8443221636405,0.21675085724558585,4,0.3,1.0,0.3
2.95,23,0.018333333333333337,dro,263.6933751505495,263.8443221636405,0.1509470130910131,4,0.3,1.0,0.3
3.0,23,0.018333333333333337,myopic,267.97780182674904,267.97780182674904,0.0,4,0.3,1.0,0.3
3.0,23,0.018333333333333337,nominal_dynamic,267.7367901105313,267.97780182674904,0.24101171621776984,4,0.3,1.0,0.3
3.0,23,0.018333333333333337,dro,267.8076614388893,267.97780182674904,0.17014038785976027,4,0.3,1.0,0.3
0.0,24,0.023333333333333334,myopic,208.88001835160247,208.88001835160247,0.0,0,0.0,,0.0
0.0,24,0.023333333333333334,nominal_dynamic,208.88001835160247,208.88001835160247,0.0,0,0.0,,0.0
0.0,24,0.023333333333333334,dro,208.88001835160247,208.88001835160247,0.0,0,0.0,,0.0
0.05,24,0.023333333333333334,myopic,208.88001835160247,208.88001835160247,0.0,0,0.0,,0.0
0.05,24,0.023333333333333334,nominal_dynamic,208.88001835160247,208.88001835160247,0.0,0,0.0,,0.0
0.05,24,0.023333333333333334,dro,208.88001835160247,208.88001835160247,0.0,0,0.0,,0.0
0.1,24,0.023333333333333334,myopic,208.88001835160247,208.88001835160247,0.0,0,0.0,,0.0
0.1,24,0.023333333333333334,nominal_dynamic,208.88001835160247,208.88001835160247,0.0,0,0.0,,0.0
0.1,24,0.023333333333333334,dro,208.88001835160247,208.88001835160247,0.0,0,0.0,,0.0
0.15,24,0.023333333333333334,myopic,208.88001835160247,208.88001835160247,0.0,0,0.0,,0.0
0.15,24,0.023333333333333334,nominal_dynamic,208.88001835160247,208.88001835160247,0.0,0,0.0,,0.0
0.15,24,0.023333333333333334,dro,208.88001835160247,208.88001835160247,0.0,0,0.0,,0.0
0.2,24,0.023333333333333334,myopic,208.88001835160247,208.88001835160247,0.0,0,0.0,,0.0
0.2,24,0.023333333333333334,nominal_dynamic,208.88001835160247,208.88001835160247,0.0,0,0.0,,0.0
0.2,24,0.023333333333333334,dro,208.88001835160247,208.88001835160247,0.0,0,0.0,,0.0
0.25,24,0.023333333333333334,myopic,208.88001835160247,208.88001835160247,0.0,0,0.0,,0.0
0.25,24,0.023333333333333334,nominal_dynamic,208.88001835160247,208.88001835160247,0.0,0,0.0,,0.0
0.25,24,0.023333333333333334,dro,208.88001835160247,208.88001835160247,0.0,0,0.0,,0.0
0.3,24,0.023333333333333334,myopic,208.88001835160247,208.88001835160247,0.0,0,0.0,,0.0
0.3,24,0.023333333333333334,nominal_dynamic,208.88001835160247,208.88001835160247,0.0,0,0.0,,0.0
0.3,24,0.023333333333333334,dro,208.88001835160247,208.88001835160247,0.0,0,0.0,,0.0
0.35,24,0.023333333333333334,myopic,208.88001835160247,208.88001835160247,0.0,0,0.0,,0.0
0.35,24,0.023333333333333334,nominal_dynamic,208.88001835160247,208.88001835160247,0.0,0,0.0,,0.0
0.35,24,0.023333333333333334,dro,208.88001835160247,208.88001835160247,0.0,0,0.0,,0.0
0.4,24,0.023333333333333334,myopic,208.88001835160247,208.88001835160247,0.0,0,0.0,,0.0
0.4,24,0.023333333333333334,nominal_dynamic,208.88001835160247,208.88001835160247,0.0,0,0.0,,0.0
0.4,24,0.023333333333333334,dro,208.88001835160247,208.88001835160247,0.0,0,0.0,,0.0
0.45,24,0.023333333333333334,myopic,208.88001835160247,208.88001835160247,0.0,0,0.0,,0.0
0.45,24,0.023333333333333334,nominal_dynamic,208.88001835160247,208.88001835160247,0.0,0,0.0,,0.0
0.45,24,0.023333333333333334,dro,208.88001835160247,208.88001835160247,0.0,0,0.0,,0.0
0.5,24,0.023333333333333334,myopic,208.88001835160247,208.88001835160247,0.0,0,0.0,,0.0
0.5,24,0.023333333333333334,nominal_dynamic,208.88001835160247,208.88001835160247,0.0,0,0.0,,0.0
0.5,24,0.023333333333333334,dro,208.88001835160247,208.88001835160247,0.0,0,0.0,,0.0
0.55,24,0.023333333333333334,myopic,208.88001835160247,208.88001835160247,0.0,0,0.0,,0.0
0.55,24,0.023333333333333334,nominal_dynamic,208.88001835160247,208.88001835160247,0.0,0,0.0,,0.0
0.55,24,0.023333333333333334,dro,208.88001835160247,208.88001835160247,0.0,0,0.0,,0.0
0.6,24,0.023333333333333334,myopic,208.88001835160247,208.88001835160247,0.0,0,0.0,,0.0
0.6,24,0.023333333333333334,nominal_dynamic,208.88001835160247,208.88001835160247,0.0,0,0.0,,0.0
0.6,24,0.023333333333333334,dro,208.88001835160247,208.88001835160247,0.0,0,0.0,,0.0
0.65,24,0.023333333333333334,myopic,208.88001835160247,208.88001835160247,0.0,0,0.0,,0.0
0.65,24,0.023333333333333334,nominal_dynamic,208.88001835160247,208.88001835160247,0.0,0,0.0,,0.0
0.65,24,0.023333333333333334,dro,208.88001835160247,208.88001835160247,0.0,0,0.0,,0.0
0.7,24,0.023333333333333334,myopic,208.88001835160247,208.88001835160247,0.0,0,0.0,,0.0
0.7,24,0.023333333333333334,nominal_dynamic,208.88001835160247,208.88001835160247,0.0,0,0.0,,0.0
0.7,24,0.023333333333333334,dro,208.88001835160247,208.88001835160247,0.0,0,0.0,,0.0
0.75,24,0.023333333333333334,myopic,208.88001835160247,208.88001835160247,0.0,0,0.0,,0.0
0.75,24,0.023333333333333334,nominal_dynamic,208.88001835160247,208.88001835160247,0.0,0,0.0,,0.0
0.75,24,0.023333333333333334,dro,208.88001835160247,208.88001835160247,0.0,0,0.0,,0.0
0.8,24,0.023333333333333334,myopic,208.88001835160247,208.88001835160247,0.0,0,0.0,,0.0
0.8,24,0.023333333333333334,nominal_dynamic,208.88001835160247,208.88001835160247,0.0,0,0.0,,0.0
0.8,24,0.023333333333333334,dro,208.88001835160247,208.88001835160247,0.0,0,0.0,,0.0
0.85,24,0.023333333333333334,myopic,208.88001835160247,208.88001835160247,0.0,0,0.0,,0.0
0.85,24,0.023333333333333334,nominal_dynamic,208.88001835160247,208.88001835160247,0.0,0,0.0,,0.0
0.85,24,0.023333333333333334,dro,208.88001835160247,208.88001835160247,0.0,0,0.0,,0.0
0.9,24,0.023333333333333334,myopic,208.88001835160247,208.88001835160247,0.0,0,0.0,,0.0
0.9,24,0.023333333333333334,nominal_dynamic,208.88001835160247,208.88001835160247,0.0,0,0.0,,0.0
0.9,24,0.023333333333333334,dro,208.88001835160247,208.88001835160247,0.0,0,0.0,,0.0
0.95,24,0.023333333333333334,myopic,208.88001835160247,208.88001835160247,0.0,0,0.0,,0.0
0.95,24,0.023333333333333334,nominal_dynamic,208.88001835160247,208.88001835160247,0.0,0,0.0,,0.0
0.95,24,0.023333333333333334,dro,208.88001835160247,208.88001835160247,0.0,0,0.0,,0.0
1.0,24,0.023333333333333334,myopic,208.88001835160247,208.88001835160247,0.0,0,0.0,,0.0
1.0,24,0.023333333333333334,nominal_dynamic,208.88001835160247,208.88001835160247,0.0,0,0.0,,0.0
1.0,24,0.023333333333333334,dro,208.88001835160247,208.88001835160247,0.0,0,0.0,,0.0
1.05,24,0.023333333333333334,myopic,208.88001835160247,208.88001835160247,0.0,0,0.0,,0.0
1.05,24,0.023333333333333334,nominal_dynamic,208.88001835160247,208.88001835160247,0.0,0,0.0,,0.0
1.05,24,0.023333333333333334,dro,208.88001835160247,208.88001835160247,0.0,0,0.0,,0.0
1.1,24,0.023333333333333334,myopic,208.88001835160247,208.88001835160247,0.0,0,0.0,,0.0
1.1,24,0.023333333333333334,nominal_dynamic,208.88001835160247,208.88001835160247,0.0,0,0.0,,0.0
1.1,24,0.023333333333333334,dro,208.88001835160247,208.88001835160247,0.0,0,0.0,,0.0
1.15,24,0.023333333333333334,myopic,208.88001835160247,208.88001835160247,0.0,0,0.0,,0.0
1.15,24,0.023333333333333334,nominal_dynamic,208.88001835160247,208.88001835160247,0.0,0,0.0,,0.0
1.15,24,0.023333333333333334,dro,208.88001835160247,208.88001835160247,0.0,0,0.0,,0.0
1.2,24,0.023333333333333334,myopic,208.88001835160247,208.88001835160247,0.0,0,0.0,,0.0
1.2,24,0.023333333333333334,nominal_dynamic,208.88001835160247,208.88001835160247,0.0,0,0.0,,0.0
1.2,24,0.023333333333333334,dro,208.88001835160247,208.88001835160247,0.0,0,0.0,,0.0
1.25,24,0.023333333333333334,myopic,208.88001835160247,208.88001835160247,0.0,0,0.0,,0.0
1.25,24,0.023333333333333334,nominal_dynamic,208.88001835160247,208.88001835160247,0.0,0,0.0,,0.0
1.25,24,0.023333333333333334,dro,208.88001835160247,208.88001835160247,0.0,0,0.0,,0.0
1.3,24,0.023333333333333334,myopic,208.88001835160247,208.88001835160247,0.0,0,0.0,,0.0
1.3,24,0.023333333333333334,nominal_dynamic,208.88001835160247,208.88001835160247,0.0,0,0.0,,0.0
1.3,24,0.023333333333333334,dro,208.88001835160247,208.88001835160247,0.0,0,0.0,,0.0
1.35,24,0.023333333333333334,myopic,208.88001835160247,208.88001835160247,0.0,0,0.0,,0.0
1.35,24,0.023333333333333334,nominal_dynamic,208.88001835160247,208.88001835160247,0.0,0,0.0,,0.0
1.35,24,0.023333333333333334,dro,208.88001835160247,208.88001835160247,0.0,0,0.0,,0.0
1.4,24,0.023333333333333334,myopic,208.88001835160247,208.88001835160247,0.0,0,0.0,,0.0
1.4,24,0.023333333333333334,nominal_dynamic,208.88001835160247,208.88001835160247,0.0,0,0.0,,0.0
1.4,24,0.023333333333333334,dro,208.88001835160247,208.88001835160247,0.0,0,0.0,,0.0
1.45,24,0.023333333333333334,myopic,208.88001835160247,208.88001835160247,0.0,0,0.0,,0.0
1.45,24,0.023333333333333334,nominal_dynamic,208.88001835160247,208.88001835160247,0.0,0,0.0,,0.0
1.45,24,0.023333333333333334,dro,208.88001835160247,208.88001835160247,0.0,0,0.0,,0.0
1.5,24,0.023333333333333334,myopic,208.88001835160247,208.88001835160247,0.0,0,0.0,,0.0
1.5,24,0.023333333333333334,nominal_dynamic,208.88001835160247,208.88001835160247,0.0,0,0.0,,0.0
1.5,24,0.023333333333333334,dro,208.88001835160247,208.88001835160247,0.0,0,0.0,,0.0
1.55,24,0.023333333333333334,myopic,208.88001835160247,208.88001835160247,0.0,0,0.0,,0.0
1.55,24,0.023333333333333334,nominal_dynamic,208.88001835160247,208.88001835160247,0.0,0,0.0,,0.0
1.55,24,0.023333333333333334,dro,208.88001835160247,208.88001835160247,0.0,0,0.0,,0.0
1.6,24,0.023333333333333334,myopic,208.88001835160247,208.88001835160247,0.0,0,0.0,,0.0
1.6,24,0.023333333333333334,nominal_dynamic,208.88001835160247,208.88001835160247,0.0,0,0.0,,0.0
1.6,24,0.023333333333333334,dro,208.88001835160247,208.88001835160247,0.0,0,0.0,,0.0
1.65,24,0.023333333333333334,myopic,208.88001835160247,208.88001835160247,0.0,0,0.0,,0.0
1.65,24,0.023333333333333334,nominal_dynamic,208.88001835160247,208.88001835160247,0.0,0,0.0,,0.0
1.65,24,0.023333333333333334,dro,208.88001835160247,208.88001835160247,0.0,0,0.0,,0.0
1.7,24,0.023333333333333334,myopic,208.88001835160247,208.88001835160247,0.0,0,0.0,,0.0
1.7,24,0.023333333333333334,nominal_dynamic,208.88001835160247,208.88001835160247,0.0,0,0.0,,0.0
1.7,24,0.023333333333333334,dro,208.88001835160247,208.88001835160247,0.0,0,0.0,,0.0
1.75,24,0.023333333333333334,myopic,208.88001835160247,208.88001835160247,0.0,0,0.0,,0.0
1.75,24,0.023333333333333334,nominal_dynamic,208.88001835160247,208.88001835160247,0.0,0,0.0,,0.0
1.75,24,0.023333333333333334,dro,208.88001835160247,208.88001835160247,0.0,0,0.0,,0.0
1.8,24,0.023333333333333334,myopic,208.88001835160247,208.88001835160247,0.0,0,0.0,,0.0
1.8,24,0.023333333333333334,nominal_dynamic,208.88001835160247,208.88001835160247,0.0,0,0.0,,0.0
1.8,24,0.023333333333333334,dro,208.88001835160247,208.88001835160247,0.0,0,0.0,,0.0
1.85,24,0.023333333333333334,myopic,208.88001835160247,208.88001835160247,0.0,0,0.0,,0.0
1.85,24,0.023333333333333334,nominal_dynamic,208.88001835160247,208.88001835160247,0.0,0,0.0,,0.0
1.85,24,0.023333333333333334,dro,208.88001835160247,208.88001835160247,0.0,0,0.0,,0.0
1.9,24,0.023333333333333334,myopic,208.88001835160247,208.88001835160247,0.0,0,0.0,,0.0
1.9,24,0.023333333333333334,nominal_dynamic,208.88001835160247,208.88001835160247,0.0,0,0.0,,0.0
1.9,24,0.023333333333333334,dro,208.88001835160247,208.88001835160247,0.0,0,0.0,,0.0
1.95,24,0.023333333333333334,myopic,208.88001835160247,208.88001835160247,0.0,0,0.0,,0.0
1.95,24,0.023333333333333334,nominal_dynamic,208.88001835160247,208.88001835160247,0.0,0,0.0,,0.0
1.95,24,0.023333333333333334,dro,208.88001835160247,208.88001835160247,0.0,0,0.0,,0.0
2.0,24,0.023333333333333334,myopic,208.88001835160247,208.88001835160247,0.0,0,0.0,,0.0
2.0,24,0.023333333333333334,nominal_dynamic,208.88001835160247,208.88001835160247,0.0,0,0.0,,0.0
2.0,24,0.023333333333333334,dro,208.88001835160247,208.88001835160247,0.0,0,0.0,,0.0
2.05,24,0.023333333333333334,myopic,208.88001835160247,208.88001835160247,0.0,0,0.0,,0.0
2.05,24,0.023333333333333334,nominal_dynamic,208.88001835160247,208.88001835160247,0.0,0,0.0,,0.0
2.05,24,0.023333333333333334,dro,208.88001835160247,208.88001835160247,0.0,0,0.0,,0.0
2.1,24,0.023333333333333334,myopic,208.88001835160247,208.88001835160247,0.0,0,0.0,,0.0
2.1,24,0.023333333333333334,nominal_dynamic,208.88001835160247,208.88001835160247,0.0,0,0.0,,0.0
2.1,24,0.023333333333333334,dro,208.88001835160247,208.88001835160247,0.0,0,0.0,,0.0
2.15,24,0.023333333333333334,myopic,208.88001835160247,208.88001835160247,0.0,0,0.0,,0.0
2.15,24,0.023333333333333334,nominal_dynamic,208.88001835160247,208.88001835160247,0.0,0,0.0,,0.0
2.15,24,0.023333333333333334,dro,208.88001835160247,208.88001835160247,0.0,0,0.0,,0.0
2.2,24,0.023333333333333334,myopic,193.7706149973297,208.88001835160247,15.109403354272786,4,0.3,1.0,0.3
2.2,24,0.023333333333333334,nominal_dynamic,207.13926035616748,208.88001835160247,1.7407579954349899,1,0.3,12.0,0.0
2.2,24,0.023333333333333334,dro,208.88001835160247,208.88001835160247,0.0,0,0.0,,0.0
2.25,24,0.023333333333333334,myopic,197.83599638744246,208.88001835160247,11.04402196416001,4,0.3,1.0,0.3
2.25,24,0.023333333333333334,nominal_dynamic,199.6961947604383,208.88001835160247,9.183823591164185,4,0.3,1.0,0.3
2.25,24,0.023333333333333334,dro,208.13023867077746,208.88001835160247,0.7497796808250143,1,0.3,12.0,0.0
2.3,24,0.023333333333333334,myopic,201.90137777755524,209.1212169853874,7.219839207832166,4,0.3,1.0,0.3
2.3,24,0.023333333333333334,nominal_dynamic,203.75094579679987,209.1212169853874,5.370271188587537,4,0.3,1.0,0.3
2.3,24,0.023333333333333334,dro,209.1212169853874,209.1212169853874,0.0,1,0.3,12.0,0.0
2.35,24,0.023333333333333334,myopic,205.96675916766804,210.11219529999738,4.145436132329337,4,0.3,1.0,0.3
2.35,24,0.023333333333333334,nominal_dynamic,207.80569683316145,210.11219529999738,2.306498466835933,4,0.3,1.0,0.3
2.35,24,0.023333333333333334,dro,207.81827840022206,210.11219529999738,2.2939168997753256,4,0.3,3.0,0.0
2.4,24,0.023333333333333334,myopic,210.03214055778082,211.86044786952294,1.8283073117421225,4,0.3,1.0,0.3
2.4,24,0.023333333333333334,nominal_dynamic,211.78896979162167,211.86044786952294,0.07147807790127558,4,0.3,1.0,0.3
2.4,24,0.023333333333333334,dro,211.84310761096847,211.86044786952294,0.0173402585544693,4,0.3,3.0,0.0
2.45,24,0.023333333333333334,myopic,214.09752194789363,215.91519890588452,1.8176769579908978,4,0.3,1.0,0.3
2.45,24,0.023333333333333334,nominal_dynamic,215.85326191001732,215.91519890588452,0.061936995867199585,4,0.3,1.0,0.3
2.45,24,0.023333333333333334,dro,215.90530635500872,215.91519890588452,0.009892550875804318,4,0.3,1.0,0.3
2.5,24,0.023333333333333334,myopic,218.16290333800634,219.96994994224607,1.80704660423973,4,0.3,1.0,0.3
2.5,24,0.023333333333333334,nominal_dynamic,219.91755402841295,219.96994994224607,0.052395913833123586,4,0.3,1.0,0.3
2.5,24,0.023333333333333334,dro,219.9496381873182,219.96994994224607,0.020311754927888614,4,0.3,1.0,0.3
2.55,24,0.023333333333333334,myopic,222.22828472811915,223.98184614680864,1.7535614186894861,4,0.3,1.0,0.3
2.55,24,0.023333333333333334,nominal_dynamic,223.98184614680864,223.98184614680864,0.0,4,0.3,1.0,0.3
2.55,24,0.023333333333333334,dro,223.99397001962757,223.98184614680864,-0.012123872818932568,4,0.3,1.0,0.3
2.6,24,0.023333333333333334,myopic,226.29366611823198,228.04613826520438,1.7524721469723943,4,0.3,1.0,0.3
2.6,24,0.023333333333333334,nominal_dynamic,228.04613826520438,228.04613826520438,0.0,4,0.3,1.0,0.3
2.6,24,0.023333333333333334,dro,228.0794520149692,228.04613826520438,-0.03331374976482948,4,0.3,1.0,0.3
2.65,24,0.023333333333333334,myopic,230.3590475083447,232.11043038359998,1.751382875255274,4,0.3,1.0,0.3
2.65,24,0.023333333333333334,nominal_dynamic,232.11043038359998,232.11043038359998,0.0,4,0.3,1.0,0.3
2.65,24,0.023333333333333334,dro,232.1342030513307,232.11043038359998,-0.02377266773072506,4,0.3,1.0,0.3
2.7,24,0.023333333333333334,myopic,234.4244288984575,236.1747225019957,1.7502936035381822,4,0.3,1.0,0.3
2.7,24,0.023333333333333334,nominal_dynamic,236.1747225019957,236.1747225019957,0.0,4,0.3,1.0,0.3
2.7,24,0.023333333333333334,dro,236.18895408769228,236.1747225019957,-0.01423158569659222,4,0.3,1.0,0.3
2.75,24,0.023333333333333334,myopic,238.48981028857028,240.23901462039134,1.749204331821062,4,0.3,1.0,0.3
2.75,24,0.023333333333333334,nominal_dynamic,240.23901462039134,240.23901462039134,0.0,4,0.3,1.0,0.3
2.75,24,0.023333333333333334,dro,240.24370512405386,240.23901462039134,-0.004690503662516221,4,0.3,1.0,0.3
2.8,24,0.023333333333333334,myopic,242.55519167868303,244.30330673878697,1.7481150601039417,4,0.3,1.0,0.3
2.8,24,0.023333333333333334,nominal_dynamic,244.30330673878697,244.30330673878697,0.0,4,0.3,1.0,0.3
2.8,24,0.023333333333333334,dro,244.29845616041538,244.30330673878697,0.004850578371588199,4,0.3,1.0,0.3
2.85,24,0.023333333333333334,myopic,246.62057306879586,248.3675988571827,1.7470257883868499,4,0.3,1.0,0.3
2.85,24,0.023333333333333334,nominal_dynamic,248.3675988571827,248.3675988571827,0.0,4,0.3,1.0,0.3
2.85,24,0.023333333333333334,dro,248.35320719677696,248.3675988571827,0.014391660405749462,4,0.3,1.0,0.3
2.9,24,0.023333333333333334,myopic,250.6859544589086,252.43189097557834,1.7459365166697296,4,0.3,1.0,0.3
2.9,24,0.023333333333333334,nominal_dynamic,252.43189097557834,252.43189097557834,0.0,4,0.3,1.0,0.3
2.9,24,0.023333333333333334,dro,252.43189097557834,252.43189097557834,0.0,4,0.3,1.0,0.3
2.95,24,0.023333333333333334,myopic,254.7513358490214,256.496183093974,1.7448472449526378,4,0.3,1.0,0.3
2.95,24,0.023333333333333334,nominal_dynamic,256.496183093974,256.496183093974,0.0,4,0.3,1.0,0.3
2.95,24,0.023333333333333334,dro,256.496183093974,256.496183093974,0.0,4,0.3,1.0,0.3
3.0,24,0.023333333333333334,myopic,258.81671723913416,260.5604752123697,1.7437579732355175,4,0.3,1.0,0.3
3.0,24,0.023333333333333334,nominal_dynamic,260.5604752123697,260.5604752123697,0.0,4,0.3,1.0,0.3
3.0,24,0.023333333333333334,dro,260.5604752123697,260.5604752123697,0.0,4,0.3,1.0,0.3
0.0,25,0.01666666666666667,myopic,208.88001835160247,208.88001835160247,0.0,0,0.0,,0.0
0.0,25,0.01666666666666667,nominal_dynamic,208.88001835160247,208.88001835160247,0.0,0,0.0,,0.0
0.0,25,0.01666666666666667,dro,208.88001835160247,208.88001835160247,0.0,0,0.0,,0.0
0.05,25,0.01666666666666667,myopic,208.88001835160247,208.88001835160247,0.0,0,0.0,,0.0
0.05,25,0.01666666666666667,nominal_dynamic,208.88001835160247,208.88001835160247,0.0,0,0.0,,0.0
0.05,25,0.01666666666666667,dro,208.88001835160247,208.88001835160247,0.0,0,0.0,,0.0
0.1,25,0.01666666666666667,myopic,208.88001835160247,208.88001835160247,0.0,0,0.0,,0.0
0.1,25,0.01666666666666667,nominal_dynamic,208.88001835160247,208.88001835160247,0.0,0,0.0,,0.0
0.1,25,0.01666666666666667,dro,208.88001835160247,208.88001835160247,0.0,0,0.0,,0.0
0.15,25,0.01666666666666667,myopic,208.88001835160247,208.88001835160247,0.0,0,0.0,,0.0
0.15,25,0.01666666666666667,nominal_dynamic,208.88001835160247,208.88001835160247,0.0,0,0.0,,0.0
0.15,25,0.01666666666666667,dro,208.88001835160247,208.88001835160247,0.0,0,0.0,,0.0
0.2,25,0.01666666666666667,myopic,208.88001835160247,208.88001835160247,0.0,0,0.0,,0.0
0.2,25,0.01666666666666667,nominal_dynamic,208.88001835160247,208.88001835160247,0.0,0,0.0,,0.0
0.2,25,0.01666666666666667,dro,208.88001835160247,208.88001835160247,0.0,0,0.0,,0.0
0.25,25,0.01666666666666667,myopic,208.88001835160247,208.88001835160247,0.0,0,0.0,,0.0
0.25,25,0.01666666666666667,nominal_dynamic,208.88001835160247,208.88001835160247,0.0,0,0.0,,0.0
0.25,25,0.01666666666666667,dro,208.88001835160247,208.88001835160247,0.0,0,0.0,,0.0
0.3,25,0.01666666666666667,myopic,208.88001835160247,208.88001835160247,0.0,0,0.0,,0.0
0.3,25,0.01666666666666667,nominal_dynamic,208.88001835160247,208.88001835160247,0.0,0,0.0,,0.0
0.3,25,0.01666666666666667,dro,208.88001835160247,208.88001835160247,0.0,0,0.0,,0.0
0.35,25,0.01666666666666667,myopic,208.88001835160247,208.88001835160247,0.0,0,0.0,,0.0
0.35,25,0.01666666666666667,nominal_dynamic,208.88001835160247,208.88001835160247,0.0,0,0.0,,0.0
0.35,25,0.01666666666666667,dro,208.88001835160247,208.88001835160247,0.0,0,0.0,,0.0
0.4,25,0.01666666666666667,myopic,208.88001835160247,208.88001835160247,0.0,0,0.0,,0.0
0.4,25,0.01666666666666667,nominal_dynamic,208.88001835160247,208.88001835160247,0.0,0,0.0,,0.0
0.4,25,0.01666666666666667,dro,208.88001835160247,208.88001835160247,0.0,0,0.0,,0.0
0.45,25,0.01666666666666667,myopic,208.88001835160247,208.88001835160247,0.0,0,0.0,,0.0
0.45,25,0.01666666666666667,nominal_dynamic,208.88001835160247,208.88001835160247,0.0,0,0.0,,0.0
0.45,25,0.01666666666666667,dro,208.88001835160247,208.88001835160247,0.0,0,0.0,,0.0
0.5,25,0.01666666666666667,myopic,208.88001835160247,208.88001835160247,0.0,0,0.0,,0.0
0.5,25,0.01666666666666667,nominal_dynamic,208.88001835160247,208.88001835160247,0.0,0,0.0,,0.0
0.5,25,0.01666666666666667,dro,208.88001835160247,208.88001835160247,0.0,0,0.0,,0.0
0.55,25,0.01666666666666667,myopic,208.88001835160247,208.88001835160247,0.0,0,0.0,,0.0
0.55,25,0.01666666666666667,nominal_dynamic,208.88001835160247,208.88001835160247,0.0,0,0.0,,0.0
0.55,25,0.01666666666666667,dro,208.88001835160247,208.88001835160247,0.0,0,0.0,,0.0
0.6,25,0.01666666666666667,myopic,208.88001835160247,208.88001835160247,0.0,0,0.0,,0.0
0.6,25,0.01666666666666667,nominal_dynamic,208.88001835160247,208.88001835160247,0.0,0,0.0,,0.0
0.6,25,0.01666666666666667,dro,208.88001835160247,208.88001835160247,0.0,0,0.0,,0.0
0.65,25,0.01666666666666667,myopic,208.88001835160247,208.88001835160247,0.0,0,0.0,,0.0
0.65,25,0.01666666666666667,nominal_dynamic,208.88001835160247,208.88001835160247,0.0,0,0.0,,0.0
0.65,25,0.01666666666666667,dro,208.88001835160247,208.88001835160247,0.0,0,0.0,,0.0
0.7,25,0.01666666666666667,myopic,208.88001835160247,208.88001835160247,0.0,0,0.0,,0.0
0.7,25,0.01666666666666667,nominal_dynamic,208.88001835160247,208.88001835160247,0.0,0,0.0,,0.0
0.7,25,0.01666666666666667,dro,208.88001835160247,208.88001835160247,0.0,0,0.0,,0.0
0.75,25,0.01666666666666667,myopic,208.88001835160247,208.88001835160247,0.0,0,0.0,,0.0
0.75,25,0.01666666666666667,nominal_dynamic,208.88001835160247,208.88001835160247,0.0,0,0.0,,0.0
0.75,25,0.01666666666666667,dro,208.88001835160247,208.88001835160247,0.0,0,0.0,,0.0
0.8,25,0.01666666666666667,myopic,208.88001835160247,208.88001835160247,0.0,0,0.0,,0.0
0.8,25,0.01666666666666667,nominal_dynamic,208.88001835160247,208.88001835160247,0.0,0,0.0,,0.0
0.8,25,0.01666666666666667,dro,208.88001835160247,208.88001835160247,0.0,0,0.0,,0.0
0.85,25,0.01666666666666667,myopic,208.88001835160247,208.88001835160247,0.0,0,0.0,,0.0
0.85,25,0.01666666666666667,nominal_dynamic,208.88001835160247,208.88001835160247,0.0,0,0.0,,0.0
0.85,25,0.01666666666666667,dro,208.88001835160247,208.88001835160247,0.0,0,0.0,,0.0
0.9,25,0.01666666666666667,myopic,208.88001835160247,208.88001835160247,0.0,0,0.0,,0.0
0.9,25,0.01666666666666667,nominal_dynamic,208.88001835160247,208.88001835160247,0.0,0,0.0,,0.0
0.9,25,0.01666666666666667,dro,208.88001835160247,208.88001835160247,0.0,0,0.0,,0.0
0.95,25,0.01666666666666667,myopic,208.88001835160247,208.88001835160247,0.0,0,0.0,,0.0
0.95,25,0.01666666666666667,nominal_dynamic,208.88001835160247,208.88001835160247,0.0,0,0.0,,0.0
0.95,25,0.01666666666666667,dro,208.88001835160247,208.88001835160247,0.0,0,0.0,,0.0
1.0,25,0.01666666666666667,myopic,208.88001835160247,208.88001835160247,0.0,0,0.0,,0.0
1.0,25,0.01666666666666667,nominal_dynamic,208.88001835160247,208.88001835160247,0.0,0,0.0,,0.0
1.0,25,0.01666666666666667,dro,208.88001835160247,208.88001835160247,0.0,0,0.0,,0.0
1.05,25,0.01666666666666667,myopic,208.88001835160247,208.88001835160247,0.0,0,0.0,,0.0
1.05,25,0.01666666666666667,nominal_dynamic,208.88001835160247,208.88001835160247,0.0,0,0.0,,0.0
1.05,25,0.01666666666666667,dro,208.88001835160247,208.88001835160247,0.0,0,0.0,,0.0
1.1,25,0.01666666666666667,myopic,208.88001835160247,208.88001835160247,0.0,0,0.0,,0.0
1.1,25,0.01666666666666667,nominal_dynamic,208.88001835160247,208.88001835160247,0.0,0,0.0,,0.0
1.1,25,0.01666666666666667,dro,208.88001835160247,208.88001835160247,0.0,0,0.0,,0.0
1.15,25,0.01666666666666667,myopic,208.88001835160247,208.88001835160247,0.0,0,0.0,,0.0
1.15,25,0.01666666666666667,nominal_dynamic,208.88001835160247,208.88001835160247,0.0,0,0.0,,0.0
1.15,25,0.01666666666666667,dro,208.88001835160247,208.88001835160247,0.0,0,0.0,,0.0
1.2,25,0.01666666666666667,myopic,208.88001835160247,208.88001835160247,0.0,0,0.0,,0.0
1.2,25,0.01666666666666667,nominal_dynamic,208.88001835160247,208.88001835160247,0.0,0,0.0,,0.0
1.2,25,0.01666666666666667,dro,208.88001835160247,208.88001835160247,0.0,0,0.0,,0.0
1.25,25,0.01666666666666667,myopic,208.88001835160247,208.88001835160247,0.0,0,0.0,,0.0
1.25,25,0.01666666666666667,nominal_dynamic,208.88001835160247,208.88001835160247,0.0,0,0.0,,0.0
1.25,25,0.01666666666666667,dro,208.88001835160247,208.88001835160247,0.0,0,0.0,,0.0
1.3,25,0.01666666666666667,myopic,208.88001835160247,208.88001835160247,0.0,0,0.0,,0.0
1.3,25,0.01666666666666667,nominal_dynamic,208.88001835160247,208.88001835160247,0.0,0,0.0,,0.0
1.3,25,0.01666666666666667,dro,208.88001835160247,208.88001835160247,0.0,0,0.0,,0.0
1.35,25,0.01666666666666667,myopic,208.88001835160247,208.88001835160247,0.0,0,0.0,,0.0
1.35,25,0.01666666666666667,nominal_dynamic,208.88001835160247,208.88001835160247,0.0,0,0.0,,0.0
1.35,25,0.01666666666666667,dro,208.88001835160247,208.88001835160247,0.0,0,0.0,,0.0
1.4,25,0.01666666666666667,myopic,208.88001835160247,208.88001835160247,0.0,0,0.0,,0.0
1.4,25,0.01666666666666667,nominal_dynamic,208.88001835160247,208.88001835160247,0.0,0,0.0,,0.0
1.4,25,0.01666666666666667,dro,208.88001835160247,208.88001835160247,0.0,0,0.0,,0.0
1.45,25,0.01666666666666667,myopic,208.88001835160247,208.88001835160247,0.0,0,0.0,,0.0
1.45,25,0.01666666666666667,nominal_dynamic,208.88001835160247,208.88001835160247,0.0,0,0.0,,0.0
1.45,25,0.01666666666666667,dro,208.88001835160247,208.88001835160247,0.0,0,0.0,,0.0
1.5,25,0.01666666666666667,myopic,208.88001835160247,208.88001835160247,0.0,0,0.0,,0.0
1.5,25,0.01666666666666667,nominal_dynamic,208.88001835160247,208.88001835160247,0.0,0,0.0,,0.0
1.5,25,0.01666666666666667,dro,208.88001835160247,208.88001835160247,0.0,0,0.0,,0.0
1.55,25,0.01666666666666667,myopic,208.88001835160247,208.88001835160247,0.0,0,0.0,,0.0
1.55,25,0.01666666666666667,nominal_dynamic,208.88001835160247,208.88001835160247,0.0,0,0.0,,0.0
1.55,25,0.01666666666666667,dro,208.88001835160247,208.88001835160247,0.0,0,0.0,,0.0
1.6,25,0.01666666666666667,myopic,208.88001835160247,208.88001835160247,0.0,0,0.0,,0.0
1.6,25,0.01666666666666667,nominal_dynamic,208.88001835160247,208.88001835160247,0.0,0,0.0,,0.0
1.6,25,0.01666666666666667,dro,208.88001835160247,208.88001835160247,0.0,0,0.0,,0.0
1.65,25,0.01666666666666667,myopic,208.88001835160247,208.88001835160247,0.0,0,0.0,,0.0
1.65,25,0.01666666666666667,nominal_dynamic,208.88001835160247,208.88001835160247,0.0,0,0.0,,0.0
1.65,25,0.01666666666666667,dro,208.88001835160247,208.88001835160247,0.0,0,0.0,,0.0
1.7,25,0.01666666666666667,myopic,208.88001835160247,208.88001835160247,0.0,0,0.0,,0.0
1.7,25,0.01666666666666667,nominal_dynamic,208.88001835160247,208.88001835160247,0.0,0,0.0,,0.0
1.7,25,0.01666666666666667,dro,208.88001835160247,208.88001835160247,0.0,0,0.0,,0.0
1.75,25,0.01666666666666667,myopic,208.88001835160247,208.88001835160247,0.0,0,0.0,,0.0
1.75,25,0.01666666666666667,nominal_dynamic,208.88001835160247,208.88001835160247,0.0,0,0.0,,0.0
1.75,25,0.01666666666666667,dro,208.88001835160247,208.88001835160247,0.0,0,0.0,,0.0
1.8,25,0.01666666666666667,myopic,208.88001835160247,208.88001835160247,0.0,0,0.0,,0.0
1.8,25,0.01666666666666667,nominal_dynamic,208.88001835160247,208.88001835160247,0.0,0,0.0,,0.0
1.8,25,0.01666666666666667,dro,208.88001835160247,208.88001835160247,0.0,0,0.0,,0.0
1.85,25,0.01666666666666667,myopic,208.88001835160247,208.88001835160247,0.0,0,0.0,,0.0
1.85,25,0.01666666666666667,nominal_dynamic,208.88001835160247,208.88001835160247,0.0,0,0.0,,0.0
1.85,25,0.01666666666666667,dro,208.88001835160247,208.88001835160247,0.0,0,0.0,,0.0
1.9,25,0.01666666666666667,myopic,208.88001835160247,208.88001835160247,0.0,0,0.0,,0.0
1.9,25,0.01666666666666667,nominal_dynamic,208.88001835160247,208.88001835160247,0.0,0,0.0,,0.0
1.9,25,0.01666666666666667,dro,208.88001835160247,208.88001835160247,0.0,0,0.0,,0.0
1.95,25,0.01666666666666667,myopic,208.88001835160247,208.88001835160247,0.0,0,0.0,,0.0
1.95,25,0.01666666666666667,nominal_dynamic,208.88001835160247,208.88001835160247,0.0,0,0.0,,0.0
1.95,25,0.01666666666666667,dro,208.88001835160247,208.88001835160247,0.0,0,0.0,,0.0
2.0,25,0.01666666666666667,myopic,208.88001835160247,208.88001835160247,0.0,0,0.0,,0.0
2.0,25,0.01666666666666667,nominal_dynamic,208.88001835160247,208.88001835160247,0.0,0,0.0,,0.0
2.0,25,0.01666666666666667,dro,208.88001835160247,208.88001835160247,0.0,0,0.0,,0.0
2.05,25,0.01666666666666667,myopic,208.88001835160247,208.88001835160247,0.0,0,0.0,,0.0
2.05,25,0.01666666666666667,nominal_dynamic,208.88001835160247,208.88001835160247,0.0,0,0.0,,0.0
2.05,25,0.01666666666666667,dro,208.88001835160247,208.88001835160247,0.0,0,0.0,,0.0
2.1,25,0.01666666666666667,myopic,208.88001835160247,209.02405701716924,0.14403866556676803,0,0.0,,0.0
2.1,25,0.01666666666666667,nominal_dynamic,208.88001835160247,209.02405701716924,0.14403866556676803,0,0.0,,0.0
2.1,25,0.01666666666666667,dro,208.88001835160247,209.02405701716924,0.14403866556676803,0,0.0,,0.0
2.15,25,0.01666666666666667,myopic,208.88001835160247,209.89835344574678,1.0183350941443052,0,0.0,,0.0
2.15,25,0.01666666666666667,nominal_dynamic,208.88001835160247,209.89835344574678,1.0183350941443052,0,0.0,,0.0
2.15,25,0.01666666666666667,dro,208.88001835160247,209.89835344574678,1.0183350941443052,0,0.0,,0.0
2.2,25,0.01666666666666667,myopic,212.1518436527622,213.46818555343523,1.3163419006730237,4,0.3,1.0,0.3
2.2,25,0.01666666666666667,nominal_dynamic,211.1510559481564,213.46818555343523,2.3171296052788364,1,0.3,12.0,0.0
2.2,25,0.01666666666666667,dro,208.88001835160247,213.46818555343523,4.588167201832761,0,0.0,,0.0
2.25,25,0.01666666666666667,myopic,217.26593781022592,218.55919224483523,1.2932544346093096,4,0.3,1.0,0.3
2.25,25,0.01666666666666667,nominal_dynamic,218.55919224483523,218.55919224483523,0.0,4,0.3,1.0,0.3
2.25,25,0.01666666666666667,dro,212.403758450566,218.55919224483523,6.155433794269243,1,0.3,12.0,0.0
2.3,25,0.01666666666666667,myopic,222.38003196768966,223.65019893623526,1.2701669685455954,4,0.3,1.0,0.3
2.3,25,0.01666666666666667,nominal_dynamic,223.65019893623526,223.65019893623526,0.0,4,0.3,1.0,0.3
2.3,25,0.01666666666666667,dro,213.6564609529756,223.65019893623526,9.99373798325965,1,0.3,12.0,0.0
2.35,25,0.01666666666666667,myopic,227.4941261251534,228.74120562763525,1.2470795024818528,4,0.3,1.0,0.3
2.35,25,0.01666666666666667,nominal_dynamic,228.74120562763525,228.74120562763525,0.0,4,0.3,1.0,0.3
2.35,25,0.01666666666666667,dro,228.6417940166783,228.74120562763525,0.09941161095696316,4,0.3,3.0,0.0
2.4,25,0.01666666666666667,myopic,232.60822028261714,233.8539567386785,1.2457364560613655,4,0.3,1.0,0.3
2.4,25,0.01666666666666667,nominal_dynamic,233.8322123190353,233.8539567386785,0.021744419643198398,4,0.3,1.0,0.3
2.4,25,0.01666666666666667,dro,233.70487508492133,233.8539567386785,0.14908165375717886,4,0.3,3.0,0.0
2.45,25,0.01666666666666667,myopic,237.72231444008088,238.9557063788963,1.23339193881543,4,0.3,1.0,0.3
2.45,25,0.01666666666666667,nominal_dynamic,238.9232190104353,238.9557063788963,0.03248736846100542,4,0.3,1.0,0.3
2.45,25,0.01666666666666667,dro,238.95969229088243,238.9557063788963,-0.003985911986120527,4,0.3,1.0,0.3
2.5,25,0.01666666666666667,myopic,242.8364085975446,244.06577248911648,1.229363891571893,4,0.3,1.0,0.3
2.5,25,0.01666666666666667,nominal_dynamic,244.01422570183533,244.06577248911648,0.05154678728115414,4,0.3,1.0,0.3
2.5,25,0.01666666666666667,dro,244.06577248911648,244.06577248911648,0.0,4,0.3,1.0,0.3
2.55,25,0.01666666666666667,myopic,247.95050275500833,249.17185268735048,1.2213499323421502,4,0.3,1.0,0.3
2.55,25,0.01666666666666667,nominal_dynamic,249.10523239323533,249.17185268735048,0.06662029411515391,4,0.3,1.0,0.3
2.55,25,0.01666666666666667,dro,249.17185268735048,249.17185268735048,0.0,4,0.3,1.0,0.3
2.6,25,0.01666666666666667,myopic,253.06459691247207,254.27793288558453,1.2133359731124642,4,0.3,1.0,0.3
2.6,25,0.01666666666666667,nominal_dynamic,254.19623908463544,254.27793288558453,0.08169380094909684,4,0.3,1.0,0.3
2.6,25,0.01666666666666667,dro,254.27793288558453,254.27793288558453,0.0,4,0.3,1.0,0.3
2.65,25,0.01666666666666667,myopic,258.1786910699358,259.38401308381856,1.2053220138827783,4,0.3,1.0,0.3
2.65,25,0.01666666666666667,nominal_dynamic,259.36270493976735,259.38401308381856,0.02130814405120418,4,0.3,1.0,0.3
2.65,25,0.01666666666666667,dro,259.38401308381856,259.38401308381856,0.0,4,0.3,1.0,0.3
2.7,25,0.01666666666666667,myopic,263.2927852273996,264.4900932820526,1.1973080546530355,4,0.3,1.0,0.3
2.7,25,0.01666666666666667,nominal_dynamic,264.4644545799852,264.4900932820526,0.025638702067396935,4,0.3,1.0,0.3
2.7,25,0.01666666666666667,dro,264.4900932820526,264.4900932820526,0.0,4,0.3,1.0,0.3
2.75,25,0.01666666666666667,myopic,268.40687938486326,269.5961734802866,1.1892940954233495,4,0.3,1.0,0.3
2.75,25,0.01666666666666667,nominal_dynamic,269.56620422020296,269.5961734802866,0.02996926008364653,4,0.3,1.0,0.3
2.75,25,0.01666666666666667,dro,269.5961734802866,269.5961734802866,0.0,4,0.3,1.0,0.3
2.8,25,0.01666666666666667,myopic,273.52097354232706,274.70225367852066,1.1812801361936067,4,0.3,1.0,0.3
2.8,25,0.01666666666666667,nominal_dynamic,274.6679538604207,274.70225367852066,0.03429981809995297,4,0.3,1.0,0.3
2.8,25,0.01666666666666667,dro,274.70225367852066,274.70225367852066,0.0,4,0.3,1.0,0.3
2.85,25,0.01666666666666667,myopic,278.63506769979074,279.8083338767547,1.1732661769639776,4,0.3,1.0,0.3
2.85,25,0.01666666666666667,nominal_dynamic,279.76970350063846,279.8083338767547,0.03863037611625941,4,0.3,1.0,0.3
2.85,25,0.01666666666666667,dro,279.8083338767547,279.8083338767547,0.0,4,0.3,1.0,0.3
2.9,25,0.01666666666666667,myopic,283.74916185725453,284.91441407498877,1.1652522177342348,4,0.3,1.0,0.3
2.9,25,0.01666666666666667,nominal_dynamic,284.8714531408563,284.91441407498877,0.042960934132452167,4,0.3,1.0,0.3
2.9,25,0.01666666666666667,dro,284.91441407498877,284.91441407498877,0.0,4,0.3,1.0,0.3
2.95,25,0.01666666666666667,myopic,288.8632560147182,290.02049427322277,1.1572382585045489,4,0.3,1.0,0.3
2.95,25,0.01666666666666667,nominal_dynamic,289.97320278107406,290.02049427322277,0.047291492148701764,4,0.3,1.0,0.3
2.95,25,0.01666666666666667,dro,290.02049427322277,290.02049427322277,0.0,4,0.3,1.0,0.3
3.0,25,0.01666666666666667,myopic,293.9773501721819,295.12657447145676,1.149224299274863,4,0.3,1.0,0.3
3.0,25,0.01666666666666667,nominal_dynamic,295.07495242129187,295.12657447145676,0.05162205016489452,4,0.3,1.0,0.3
3.0,25,0.01666666666666667,dro,295.12657447145676,295.12657447145676,0.0,4,0.3,1.0,0.3
0.0,26,0.03833333333333332,myopic,208.88001835160247,208.88001835160247,0.0,0,0.0,,0.0
0.0,26,0.03833333333333332,nominal_dynamic,208.88001835160247,208.88001835160247,0.0,0,0.0,,0.0
0.0,26,0.03833333333333332,dro,208.88001835160247,208.88001835160247,0.0,0,0.0,,0.0
0.05,26,0.03833333333333332,myopic,208.88001835160247,208.88001835160247,0.0,0,0.0,,0.0
0.05,26,0.03833333333333332,nominal_dynamic,208.88001835160247,208.88001835160247,0.0,0,0.0,,0.0
0.05,26,0.03833333333333332,dro,208.88001835160247,208.88001835160247,0.0,0,0.0,,0.0
0.1,26,0.03833333333333332,myopic,208.88001835160247,208.88001835160247,0.0,0,0.0,,0.0
0.1,26,0.03833333333333332,nominal_dynamic,208.88001835160247,208.88001835160247,0.0,0,0.0,,0.0
0.1,26,0.03833333333333332,dro,208.88001835160247,208.88001835160247,0.0,0,0.0,,0.0
0.15,26,0.03833333333333332,myopic,208.88001835160247,208.88001835160247,0.0,0,0.0,,0.0
0.15,26,0.03833333333333332,nominal_dynamic,208.88001835160247,208.88001835160247,0.0,0,0.0,,0.0
0.15,26,0.03833333333333332,dro,208.88001835160247,208.88001835160247,0.0,0,0.0,,0.0
0.2,26,0.03833333333333332,myopic,208.88001835160247,208.88001835160247,0.0,0,0.0,,0.0
0.2,26,0.03833333333333332,nominal_dynamic,208.88001835160247,208.88001835160247,0.0,0,0.0,,0.0
0.2,26,0.03833333333333332,dro,208.88001835160247,208.88001835160247,0.0,0,0.0,,0.0
0.25,26,0.03833333333333332,myopic,208.88001835160247,208.88001835160247,0.0,0,0.0,,0.0
0.25,26,0.03833333333333332,nominal_dynamic,208.88001835160247,208.88001835160247,0.0,0,0.0,,0.0
0.25,26,0.03833333333333332,dro,208.88001835160247,208.88001835160247,0.0,0,0.0,,0.0
0.3,26,0.03833333333333332,myopic,208.88001835160247,208.88001835160247,0.0,0,0.0,,0.0
0.3,26,0.03833333333333332,nominal_dynamic,208.88001835160247,208.88001835160247,0.0,0,0.0,,0.0
0.3,26,0.03833333333333332,dro,208.88001835160247,208.88001835160247,0.0,0,0.0,,0.0
0.35,26,0.03833333333333332,myopic,208.88001835160247,208.88001835160247,0.0,0,0.0,,0.0
0.35,26,0.03833333333333332,nominal_dynamic,208.88001835160247,208.88001835160247,0.0,0,0.0,,0.0
0.35,26,0.03833333333333332,dro,208.88001835160247,208.88001835160247,0.0,0,0.0,,0.0
0.4,26,0.03833333333333332,myopic,208.88001835160247,208.88001835160247,0.0,0,0.0,,0.0
0.4,26,0.03833333333333332,nominal_dynamic,208.88001835160247,208.88001835160247,0.0,0,0.0,,0.0
0.4,26,0.03833333333333332,dro,208.88001835160247,208.88001835160247,0.0,0,0.0,,0.0
0.45,26,0.03833333333333332,myopic,208.88001835160247,208.88001835160247,0.0,0,0.0,,0.0
0.45,26,0.03833333333333332,nominal_dynamic,208.88001835160247,208.88001835160247,0.0,0,0.0,,0.0
0.45,26,0.03833333333333332,dro,208.88001835160247,208.88001835160247,0.0,0,0.0,,0.0
0.5,26,0.03833333333333332,myopic,208.88001835160247,208.88001835160247,0.0,0,0.0,,0.0
0.5,26,0.03833333333333332,nominal_dynamic,208.88001835160247,208.88001835160247,0.0,0,0.0,,0.0
0.5,26,0.03833333333333332,dro,208.88001835160247,208.88001835160247,0.0,0,0.0,,0.0
0.55,26,0.03833333333333332,myopic,208.88001835160247,208.88001835160247,0.0,0,0.0,,0.0
0.55,26,0.03833333333333332,nominal_dynamic,208.88001835160247,208.88001835160247,0.0,0,0.0,,0.0
0.55,26,0.03833333333333332,dro,208.88001835160247,208.88001835160247,0.0,0,0.0,,0.0
0.6,26,0.03833333333333332,myopic,208.88001835160247,208.88001835160247,0.0,0,0.0,,0.0
0.6,26,0.03833333333333332,nominal_dynamic,208.88001835160247,208.88001835160247,0.0,0,0.0,,0.0
0.6,26,0.03833333333333332,dro,208.88001835160247,208.88001835160247,0.0,0,0.0,,0.0
0.65,26,0.03833333333333332,myopic,208.88001835160247,208.88001835160247,0.0,0,0.0,,0.0
0.65,26,0.03833333333333332,nominal_dynamic,208.88001835160247,208.88001835160247,0.0,0,0.0,,0.0
0.65,26,0.03833333333333332,dro,208.88001835160247,208.88001835160247,0.0,0,0.0,,0.0
0.7,26,0.03833333333333332,myopic,208.88001835160247,208.88001835160247,0.0,0,0.0,,0.0
0.7,26,0.03833333333333332,nominal_dynamic,208.88001835160247,208.88001835160247,0.0,0,0.0,,0.0
0.7,26,0.03833333333333332,dro,208.88001835160247,208.88001835160247,0.0,0,0.0,,0.0
0.75,26,0.03833333333333332,myopic,208.88001835160247,208.88001835160247,0.0,0,0.0,,0.0
0.75,26,0.03833333333333332,nominal_dynamic,208.88001835160247,208.88001835160247,0.0,0,0.0,,0.0
0.75,26,0.03833333333333332,dro,208.88001835160247,208.88001835160247,0.0,0,0.0,,0.0
0.8,26,0.03833333333333332,myopic,208.88001835160247,208.88001835160247,0.0,0,0.0,,0.0
0.8,26,0.03833333333333332,nominal_dynamic,208.88001835160247,208.88001835160247,0.0,0,0.0,,0.0
0.8,26,0.03833333333333332,dro,208.88001835160247,208.88001835160247,0.0,0,0.0,,0.0
0.85,26,0.03833333333333332,myopic,208.88001835160247,208.88001835160247,0.0,0,0.0,,0.0
0.85,26,0.03833333333333332,nominal_dynamic,208.88001835160247,208.88001835160247,0.0,0,0.0,,0.0
0.85,26,0.03833333333333332,dro,208.88001835160247,208.88001835160247,0.0,0,0.0,,0.0
0.9,26,0.03833333333333332,myopic,208.88001835160247,208.88001835160247,0.0,0,0.0,,0.0
0.9,26,0.03833333333333332,nominal_dynamic,208.88001835160247,208.88001835160247,0.0,0,0.0,,0.0
0.9,26,0.03833333333333332,dro,208.88001835160247,208.88001835160247,0.0,0,0.0,,0.0
0.95,26,0.03833333333333332,myopic,208.88001835160247,208.88001835160247,0.0,0,0.0,,0.0
0.95,26,0.03833333333333332,nominal_dynamic,208.88001835160247,208.88001835160247,0.0,0,0.0,,0.0
0.95,26,0.03833333333333332,dro,208.88001835160247,208.88001835160247,0.0,0,0.0,,0.0
1.0,26,0.03833333333333332,myopic,208.88001835160247,208.88001835160247,0.0,0,0.0,,0.0
1.0,26,0.03833333333333332,nominal_dynamic,208.88001835160247,208.88001835160247,0.0,0,0.0,,0.0
1.0,26,0.03833333333333332,dro,208.88001835160247,208.88001835160247,0.0,0,0.0,,0.0
1.05,26,0.03833333333333332,myopic,208.88001835160247,208.88001835160247,0.0,0,0.0,,0.0
1.05,26,0.03833333333333332,nominal_dynamic,208.88001835160247,208.88001835160247,0.0,0,0.0,,0.0
1.05,26,0.03833333333333332,dro,208.88001835160247,208.88001835160247,0.0,0,0.0,,0.0
1.1,26,0.03833333333333332,myopic,208.88001835160247,208.88001835160247,0.0,0,0.0,,0.0
1.1,26,0.03833333333333332,nominal_dynamic,208.88001835160247,208.88001835160247,0.0,0,0.0,,0.0
1.1,26,0.03833333333333332,dro,208.88001835160247,208.88001835160247,0.0,0,0.0,,0.0
1.15,26,0.03833333333333332,myopic,208.88001835160247,208.88001835160247,0.0,0,0.0,,0.0
1.15,26,0.03833333333333332,nominal_dynamic,208.88001835160247,208.88001835160247,0.0,0,0.0,,0.0
1.15,26,0.03833333333333332,dro,208.88001835160247,208.88001835160247,0.0,0,0.0,,0.0
1.2,26,0.03833333333333332,myopic,208.88001835160247,208.88001835160247,0.0,0,0.0,,0.0
1.2,26,0.03833333333333332,nominal_dynamic,208.88001835160247,208.88001835160247,0.0,0,0.0,,0.0
1.2,26,0.03833333333333332,dro,208.88001835160247,208.88001835160247,0.0,0,0.0,,0.0
1.25,26,0.03833333333333332,myopic,208.88001835160247,208.88001835160247,0.0,0,0.0,,0.0
1.25,26,0.03833333333333332,nominal_dynamic,208.88001835160247,208.88001835160247,0.0,0,0.0,,0.0
1.25,26,0.03833333333333332,dro,208.88001835160247,208.88001835160247,0.0,0,0.0,,0.0
1.3,26,0.03833333333333332,myopic,208.88001835160247,208.88001835160247,0.0,0,0.0,,0.0
1.3,26,0.03833333333333332,nominal_dynamic,208.88001835160247,208.88001835160247,0.0,0,0.0,,0.0
1.3,26,0.03833333333333332,dro,208.88001835160247,208.88001835160247,0.0,0,0.0,,0.0
1.35,26,0.03833333333333332,myopic,208.88001835160247,208.88001835160247,0.0,0,0.0,,0.0
1.35,26,0.03833333333333332,nominal_dynamic,208.88001835160247,208.88001835160247,0.0,0,0.0,,0.0
1.35,26,0.03833333333333332,dro,208.88001835160247,208.88001835160247,0.0,0,0.0,,0.0
1.4,26,0.03833333333333332,myopic,208.88001835160247,208.88001835160247,0.0,0,0.0,,0.0
1.4,26,0.03833333333333332,nominal_dynamic,208.88001835160247,208.88001835160247,0.0,0,0.0,,0.0
1.4,26,0.03833333333333332,dro,208.88001835160247,208.88001835160247,0.0,0,0.0,,0.0
1.45,26,0.03833333333333332,myopic,208.88001835160247,208.88001835160247,0.0,0,0.0,,0.0
1.45,26,0.03833333333333332,nominal_dynamic,208.88001835160247,208.88001835160247,0.0,0,0.0,,0.0
1.45,26,0.03833333333333332,dro,208.88001835160247,208.88001835160247,0.0,0,0.0,,0.0
1.5,26,0.03833333333333332,myopic,208.88001835160247,208.88001835160247,0.0,0,0.0,,0.0
1.5,26,0.03833333333333332,nominal_dynamic,208.88001835160247,208.88001835160247,0.0,0,0.0,,0.0
1.5,26,0.03833333333333332,dro,208.88001835160247,208.88001835160247,0.0,0,0.0,,0.0
1.55,26,0.03833333333333332,myopic,208.88001835160247,208.88001835160247,0.0,0,0.0,,0.0
1.55,26,0.03833333333333332,nominal_dynamic,208.88001835160247,208.88001835160247,0.0,0,0.0,,0.0
1.55,26,0.03833333333333332,dro,208.88001835160247,208.88001835160247,0.0,0,0.0,,0.0
1.6,26,0.03833333333333332,myopic,208.88001835160247,208.88001835160247,0.0,0,0.0,,0.0
1.6,26,0.03833333333333332,nominal_dynamic,208.88001835160247,208.88001835160247,0.0,0,0.0,,0.0
1.6,26,0.03833333333333332,dro,208.88001835160247,208.88001835160247,0.0,0,0.0,,0.0
1.65,26,0.03833333333333332,myopic,208.88001835160247,208.88001835160247,0.0,0,0.0,,0.0
1.65,26,0.03833333333333332,nominal_dynamic,208.88001835160247,208.88001835160247,0.0,0,0.0,,0.0
1.65,26,0.03833333333333332,dro,208.88001835160247,208.88001835160247,0.0,0,0.0,,0.0
1.7,26,0.03833333333333332,myopic,208.88001835160247,208.88001835160247,0.0,0,0.0,,0.0
1.7,26,0.03833333333333332,nominal_dynamic,208.88001835160247,208.88001835160247,0.0,0,0.0,,0.0
1.7,26,0.03833333333333332,dro,208.88001835160247,208.88001835160247,0.0,0,0.0,,0.0
1.75,26,0.03833333333333332,myopic,208.88001835160247,208.88001835160247,0.0,0,0.0,,0.0
1.75,26,0.03833333333333332,nominal_dynamic,208.88001835160247,208.88001835160247,0.0,0,0.0,,0.0
1.75,26,0.03833333333333332,dro,208.88001835160247,208.88001835160247,0.0,0,0.0,,0.0
1.8,26,0.03833333333333332,myopic,208.88001835160247,208.88001835160247,0.0,0,0.0,,0.0
1.8,26,0.03833333333333332,nominal_dynamic,208.88001835160247,208.88001835160247,0.0,0,0.0,,0.0
1.8,26,0.03833333333333332,dro,208.88001835160247,208.88001835160247,0.0,0,0.0,,0.0
1.85,26,0.03833333333333332,myopic,208.88001835160247,208.88001835160247,0.0,0,0.0,,0.0
1.85,26,0.03833333333333332,nominal_dynamic,208.88001835160247,208.88001835160247,0.0,0,0.0,,0.0
1.85,26,0.03833333333333332,dro,208.88001835160247,208.88001835160247,0.0,0,0.0,,0.0
1.9,26,0.03833333333333332,myopic,208.88001835160247,208.88001835160247,0.0,0,0.0,,0.0
1.9,26,0.03833333333333332,nominal_dynamic,208.88001835160247,208.88001835160247,0.0,0,0.0,,0.0
1.9,26,0.03833333333333332,dro,208.88001835160247,208.88001835160247,0.0,0,0.0,,0.0
1.95,26,0.03833333333333332,myopic,208.88001835160247,208.88001835160247,0.0,0,0.0,,0.0
1.95,26,0.03833333333333332,nominal_dynamic,208.88001835160247,208.88001835160247,0.0,0,0.0,,0.0
1.95,26,0.03833333333333332,dro,208.88001835160247,208.88001835160247,0.0,0,0.0,,0.0
2.0,26,0.03833333333333332,myopic,208.88001835160247,208.88001835160247,0.0,0,0.0,,0.0
2.0,26,0.03833333333333332,nominal_dynamic,208.88001835160247,208.88001835160247,0.0,0,0.0,,0.0
2.0,26,0.03833333333333332,dro,208.88001835160247,208.88001835160247,0.0,0,0.0,,0.0
2.05,26,0.03833333333333332,myopic,208.88001835160247,208.88001835160247,0.0,0,0.0,,0.0
2.05,26,0.03833333333333332,nominal_dynamic,208.88001835160247,208.88001835160247,0.0,0,0.0,,0.0
2.05,26,0.03833333333333332,dro,208.88001835160247,208.88001835160247,0.0,0,0.0,,0.0
2.1,26,0.03833333333333332,myopic,208.88001835160247,208.88001835160247,0.0,0,0.0,,0.0
2.1,26,0.03833333333333332,nominal_dynamic,208.88001835160247,208.88001835160247,0.0,0,0.0,,0.0
2.1,26,0.03833333333333332,dro,208.88001835160247,208.88001835160247,0.0,0,0.0,,0.0
2.15,26,0.03833333333333332,myopic,208.88001835160247,208.88001835160247,0.0,0,0.0,,0.0
2.15,26,0.03833333333333332,nominal_dynamic,208.88001835160247,208.88001835160247,0.0,0,0.0,,0.0
2.15,26,0.03833333333333332,dro,208.88001835160247,208.88001835160247,0.0,0,0.0,,0.0
2.2,26,0.03833333333333332,myopic,207.7483646716585,208.88001835160247,1.1316536799439803,4,0.3,1.0,0.3
2.2,26,0.03833333333333332,nominal_dynamic,208.84601159921084,208.88001835160247,0.0340067523916332,1,0.3,12.0,0.0
2.2,26,0.03833333333333332,dro,208.88001835160247,208.88001835160247,0.0,0,0.0,,0.0
2.25,26,0.03833333333333332,myopic,212.30339799020692,212.53102890901357,0.22763091880665343,4,0.3,1.0,0.3
2.25,26,0.03833333333333332,nominal_dynamic,212.5233677638008,212.53102890901357,0.0076611452127792745,4,0.3,1.0,0.3
2.25,26,0.03833333333333332,dro,209.94833608603196,212.53102890901357,2.5826928229816133,1,0.3,12.0,0.0
2.3,26,0.03833333333333332,myopic,216.85843130875537,217.07525659908498,0.2168252903296093,4,0.3,1.0,0.3
2.3,26,0.03833333333333332,nominal_dynamic,217.05632933185245,217.07525659908498,0.018927267232527356,4,0.3,1.0,0.3
2.3,26,0.03833333333333332,dro,211.0506605728531,217.07525659908498,6.024596026231876,1,0.3,12.0,0.0
2.35,26,0.03833333333333332,myopic,221.41346462730382,221.61948428915636,0.20601966185253673,4,0.3,1.0,0.3
2.35,26,0.03833333333333332,nominal_dynamic,221.58929089990406,221.61948428915636,0.03019338925230386,4,0.3,1.0,0.3
2.35,26,0.03833333333333332,dro,221.52497425925142,221.61948428915636,0.09451002990493862,4,0.3,3.0,0.0
2.4,26,0.03833333333333332,myopic,225.96849794585228,226.1637119792277,0.19521403337543575,4,0.3,1.0,0.3
2.4,26,0.03833333333333332,nominal_dynamic,226.1637119792277,226.1637119792277,0.0,4,0.3,1.0,0.3
2.4,26,0.03833333333333332,dro,226.03457112044737,226.1637119792277,0.12914085878034598,4,0.3,3.0,0.0
2.45,26,0.03833333333333332,myopic,230.52353126440073,230.7079396692991,0.1844084048983632,4,0.3,1.0,0.3
2.45,26,0.03833333333333332,nominal_dynamic,230.7079396692991,230.7079396692991,0.0,4,0.3,1.0,0.3
2.45,26,0.03833333333333332,dro,230.6008788425918,230.7079396692991,0.10706082670728279,4,0.3,1.0,0.3
2.5,26,0.03833333333333332,myopic,235.07856458294916,235.25216735937045,0.17360277642129063,4,0.3,1.0,0.3
2.5,26,0.03833333333333332,nominal_dynamic,235.25216735937045,235.25216735937045,0.0,4,0.3,1.0,0.3
2.5,26,0.03833333333333332,dro,235.12240154854288,235.25216735937045,0.1297658108275641,4,0.3,1.0,0.3
2.55,26,0.03833333333333332,myopic,239.63359790149758,239.7963950494418,0.16279714794421807,4,0.3,1.0,0.3
2.55,26,0.03833333333333332,nominal_dynamic,239.7963950494418,239.7963950494418,0.0,4,0.3,1.0,0.3
2.55,26,0.03833333333333332,dro,239.6439242544939,239.7963950494418,0.15247079494790228,4,0.3,1.0,0.3
2.6,26,0.03833333333333332,myopic,244.18863122004606,244.3406227395132,0.1519915194671455,4,0.3,1.0,0.3
2.6,26,0.03833333333333332,nominal_dynamic,244.3406227395132,244.3406227395132,0.0,4,0.3,1.0,0.3
2.6,26,0.03833333333333332,dro,244.25409874016216,244.3406227395132,0.08652399935104427,4,0.3,1.0,0.3
2.65,26,0.03833333333333332,myopic,248.7436645385945,248.88485042958453,0.14118589099004453,4,0.3,1.0,0.3
2.65,26,0.03833333333333332,nominal_dynamic,248.88485042958453,248.88485042958453,0.0,4,0.3,1.0,0.3
2.65,26,0.03833333333333332,dro,248.7870603082138,248.88485042958453,0.0977901213707355,4,0.3,1.0,0.3
2.7,26,0.03833333333333332,myopic,253.29869785714297,253.42907811965597,0.1303802625130004,4,0.3,1.0,0.3
2.7,26,0.03833333333333332,nominal_dynamic,253.42907811965597,253.42907811965597,0.0,4,0.3,1.0,0.3
2.7,26,0.03833333333333332,dro,253.32002187626543,253.42907811965597,0.10905624339054043,4,0.3,1.0,0.3
2.75,26,0.03833333333333332,myopic,257.85373117569134,257.97330580972726,0.11957463403592783,4,0.3,1.0,0.3
2.75,26,0.03833333333333332,nominal_dynamic,257.97330580972726,257.97330580972726,0.0,4,0.3,1.0,0.3
2.75,26,0.03833333333333332,dro,257.852983444317,257.97330580972726,0.12032236541028851,4,0.3,1.0,0.3
2.8,26,0.03833333333333332,myopic,262.40876449423985,262.5175334997987,0.10876900555882685,4,0.3,1.0,0.3
2.8,26,0.03833333333333332,nominal_dynamic,262.5175334997987,262.5175334997987,0.0,4,0.3,1.0,0.3
2.8,26,0.03833333333333332,dro,262.38594501236867,262.5175334997987,0.13158848743000817,4,0.3,1.0,0.3
2.85,26,0.03833333333333332,myopic,266.96379781278824,267.06176118987,0.09796337708178271,4,0.3,1.0,0.3
2.85,26,0.03833333333333332,nominal_dynamic,267.06176118987,267.06176118987,0.0,4,0.3,1.0,0.3
2.85,26,0.03833333333333332,dro,266.91890658042024,267.06176118987,0.14285460944978468,4,0.3,1.0,0.3
2.9,26,0.03833333333333332,myopic,271.5188311313367,271.6059888799414,0.08715774860468173,4,0.3,1.0,0.3
2.9,26,0.03833333333333332,nominal_dynamic,271.6059888799414,271.6059888799414,0.0,4,0.3,1.0,0.3
2.9,26,0.03833333333333332,dro,271.6059888799414,271.6059888799414,0.0,4,0.3,1.0,0.3
2.95,26,0.03833333333333332,myopic,276.07386444988515,276.1502165700128,0.07635212012763759,4,0.3,1.0,0.3
2.95,26,0.03833333333333332,nominal_dynamic,276.1502165700128,276.1502165700128,0.0,4,0.3,1.0,0.3
2.95,26,0.03833333333333332,dro,276.1502165700128,276.1502165700128,0.0,4,0.3,1.0,0.3
3.0,26,0.03833333333333332,myopic,280.6288977684336,280.69444426008414,0.06554649165053661,4,0.3,1.0,0.3
3.0,26,0.03833333333333332,nominal_dynamic,280.69444426008414,280.69444426008414,0.0,4,0.3,1.0,0.3
3.0,26,0.03833333333333332,dro,280.69444426008414,280.69444426008414,0.0,4,0.3,1.0,0.3
0.0,27,0.02666666666666667,myopic,208.88001835160247,208.88001835160247,0.0,0,0.0,,0.0
0.0,27,0.02666666666666667,nominal_dynamic,208.88001835160247,208.88001835160247,0.0,0,0.0,,0.0
0.0,27,0.02666666666666667,dro,208.88001835160247,208.88001835160247,0.0,0,0.0,,0.0
0.05,27,0.02666666666666667,myopic,208.88001835160247,208.88001835160247,0.0,0,0.0,,0.0
0.05,27,0.02666666666666667,nominal_dynamic,208.88001835160247,208.88001835160247,0.0,0,0.0,,0.0
0.05,27,0.02666666666666667,dro,208.88001835160247,208.88001835160247,0.0,0,0.0,,0.0
0.1,27,0.02666666666666667,myopic,208.88001835160247,208.88001835160247,0.0,0,0.0,,0.0
0.1,27,0.02666666666666667,nominal_dynamic,208.88001835160247,208.88001835160247,0.0,0,0.0,,0.0
0.1,27,0.02666666666666667,dro,208.88001835160247,208.88001835160247,0.0,0,0.0,,0.0
0.15,27,0.02666666666666667,myopic,208.88001835160247,208.88001835160247,0.0,0,0.0,,0.0
0.15,27,0.02666666666666667,nominal_dynamic,208.88001835160247,208.88001835160247,0.0,0,0.0,,0.0
0.15,27,0.02666666666666667,dro,208.88001835160247,208.88001835160247,0.0,0,0.0,,0.0
0.2,27,0.02666666666666667,myopic,208.88001835160247,208.88001835160247,0.0,0,0.0,,0.0
0.2,27,0.02666666666666667,nominal_dynamic,208.88001835160247,208.88001835160247,0.0,0,0.0,,0.0
0.2,27,0.02666666666666667,dro,208.88001835160247,208.88001835160247,0.0,0,0.0,,0.0
0.25,27,0.02666666666666667,myopic,208.88001835160247,208.88001835160247,0.0,0,0.0,,0.0
0.25,27,0.02666666666666667,nominal_dynamic,208.88001835160247,208.88001835160247,0.0,0,0.0,,0.0
0.25,27,0.02666666666666667,dro,208.88001835160247,208.88001835160247,0.0,0,0.0,,0.0
0.3,27,0.02666666666666667,myopic,208.88001835160247,208.88001835160247,0.0,0,0.0,,0.0
0.3,27,0.02666666666666667,nominal_dynamic,208.88001835160247,208.88001835160247,0.0,0,0.0,,0.0
0.3,27,0.02666666666666667,dro,208.88001835160247,208.88001835160247,0.0,0,0.0,,0.0
0.35,27,0.02666666666666667,myopic,208.88001835160247,208.88001835160247,0.0,0,0.0,,0.0
0.35,27,0.02666666666666667,nominal_dynamic,208.88001835160247,208.88001835160247,0.0,0,0.0,,0.0
0.35,27,0.02666666666666667,dro,208.88001835160247,208.88001835160247,0.0,0,0.0,,0.0
0.4,27,0.02666666666666667,myopic,208.88001835160247,208.88001835160247,0.0,0,0.0,,0.0
0.4,27,0.02666666666666667,nominal_dynamic,208.88001835160247,208.88001835160247,0.0,0,0.0,,0.0
0.4,27,0.02666666666666667,dro,208.88001835160247,208.88001835160247,0.0,0,0.0,,0.0
0.45,27,0.02666666666666667,myopic,208.88001835160247,208.88001835160247,0.0,0,0.0,,0.0
0.45,27,0.02666666666666667,nominal_dynamic,208.88001835160247,208.88001835160247,0.0,0,0.0,,0.0
0.45,27,0.02666666666666667,dro,208.88001835160247,208.88001835160247,0.0,0,0.0,,0.0
0.5,27,0.02666666666666667,myopic,208.88001835160247,208.88001835160247,0.0,0,0.0,,0.0
0.5,27,0.02666666666666667,nominal_dynamic,208.88001835160247,208.88001835160247,0.0,0,0.0,,0.0
0.5,27,0.02666666666666667,dro,208.88001835160247,208.88001835160247,0.0,0,0.0,,0.0
0.55,27,0.02666666666666667,myopic,208.88001835160247,208.88001835160247,0.0,0,0.0,,0.0
0.55,27,0.02666666666666667,nominal_dynamic,208.88001835160247,208.88001835160247,0.0,0,0.0,,0.0
0.55,27,0.02666666666666667,dro,208.88001835160247,208.88001835160247,0.0,0,0.0,,0.0
0.6,27,0.02666666666666667,myopic,208.88001835160247,208.88001835160247,0.0,0,0.0,,0.0
0.6,27,0.02666666666666667,nominal_dynamic,208.88001835160247,208.88001835160247,0.0,0,0.0,,0.0
0.6,27,0.02666666666666667,dro,208.88001835160247,208.88001835160247,0.0,0,0.0,,0.0
0.65,27,0.02666666666666667,myopic,208.88001835160247,208.88001835160247,0.0,0,0.0,,0.0
0.65,27,0.02666666666666667,nominal_dynamic,208.88001835160247,208.88001835160247,0.0,0,0.0,,0.0
0.65,27,0.02666666666666667,dro,208.88001835160247,208.88001835160247,0.0,0,0.0,,0.0
0.7,27,0.02666666666666667,myopic,208.88001835160247,208.88001835160247,0.0,0,0.0,,0.0
0.7,27,0.02666666666666667,nominal_dynamic,208.88001835160247,208.88001835160247,0.0,0,0.0,,0.0
0.7,27,0.02666666666666667,dro,208.88001835160247,208.88001835160247,0.0,0,0.0,,0.0
0.75,27,0.02666666666666667,myopic,208.88001835160247,208.88001835160247,0.0,0,0.0,,0.0
0.75,27,0.02666666666666667,nominal_dynamic,208.88001835160247,208.88001835160247,0.0,0,0.0,,0.0
0.75,27,0.02666666666666667,dro,208.88001835160247,208.88001835160247,0.0,0,0.0,,0.0
0.8,27,0.02666666666666667,myopic,208.88001835160247,208.88001835160247,0.0,0,0.0,,0.0
0.8,27,0.02666666666666667,nominal_dynamic,208.88001835160247,208.88001835160247,0.0,0,0.0,,0.0
0.8,27,0.02666666666666667,dro,208.88001835160247,208.88001835160247,0.0,0,0.0,,0.0
0.85,27,0.02666666666666667,myopic,208.88001835160247,208.88001835160247,0.0,0,0.0,,0.0
0.85,27,0.02666666666666667,nominal_dynamic,208.88001835160247,208.88001835160247,0.0,0,0.0,,0.0
0.85,27,0.02666666666666667,dro,208.88001835160247,208.88001835160247,0.0,0,0.0,,0.0
0.9,27,0.02666666666666667,myopic,208.88001835160247,208.88001835160247,0.0,0,0.0,,0.0
0.9,27,0.02666666666666667,nominal_dynamic,208.88001835160247,208.88001835160247,0.0,0,0.0,,0.0
0.9,27,0.02666666666666667,dro,208.88001835160247,208.88001835160247,0.0,0,0.0,,0.0
0.95,27,0.02666666666666667,myopic,208.88001835160247,208.88001835160247,0.0,0,0.0,,0.0
0.95,27,0.02666666666666667,nominal_dynamic,208.88001835160247,208.88001835160247,0.0,0,0.0,,0.0
0.95,27,0.02666666666666667,dro,208.88001835160247,208.88001835160247,0.0,0,0.0,,0.0
1.0,27,0.02666666666666667,myopic,208.88001835160247,208.88001835160247,0.0,0,0.0,,0.0
1.0,27,0.02666666666666667,nominal_dynamic,208.88001835160247,208.88001835160247,0.0,0,0.0,,0.0
1.0,27,0.02666666666666667,dro,208.88001835160247,208.88001835160247,0.0,0,0.0,,0.0
1.05,27,0.02666666666666667,myopic,208.88001835160247,208.88001835160247,0.0,0,0.0,,0.0
1.05,27,0.02666666666666667,nominal_dynamic,208.88001835160247,208.88001835160247,0.0,0,0.0,,0.0
1.05,27,0.02666666666666667,dro,208.88001835160247,208.88001835160247,0.0,0,0.0,,0.0
1.1,27,0.02666666666666667,myopic,208.88001835160247,208.88001835160247,0.0,0,0.0,,0.0
1.1,27,0.02666666666666667,nominal_dynamic,208.88001835160247,208.88001835160247,0.0,0,0.0,,0.0
1.1,27,0.02666666666666667,dro,208.88001835160247,208.88001835160247,0.0,0,0.0,,0.0
1.15,27,0.02666666666666667,myopic,208.88001835160247,208.88001835160247,0.0,0,0.0,,0.0
1.15,27,0.02666666666666667,nominal_dynamic,208.88001835160247,208.88001835160247,0.0,0,0.0,,0.0
1.15,27,0.02666666666666667,dro,208.88001835160247,208.88001835160247,0.0,0,0.0,,0.0
1.2,27,0.02666666666666667,myopic,208.88001835160247,208.88001835160247,0.0,0,0.0,,0.0
1.2,27,0.02666666666666667,nominal_dynamic,208.88001835160247,208.88001835160247,0.0,0,0.0,,0.0
1.2,27,0.02666666666666667,dro,208.88001835160247,208.88001835160247,0.0,0,0.0,,0.0
1.25,27,0.02666666666666667,myopic,208.88001835160247,208.88001835160247,0.0,0,0.0,,0.0
1.25,27,0.02666666666666667,nominal_dynamic,208.88001835160247,208.88001835160247,0.0,0,0.0,,0.0
1.25,27,0.02666666666666667,dro,208.88001835160247,208.88001835160247,0.0,0,0.0,,0.0
1.3,27,0.02666666666666667,myopic,208.88001835160247,208.88001835160247,0.0,0,0.0,,0.0
1.3,27,0.02666666666666667,nominal_dynamic,208.88001835160247,208.88001835160247,0.0,0,0.0,,0.0
1.3,27,0.02666666666666667,dro,208.88001835160247,208.88001835160247,0.0,0,0.0,,0.0
1.35,27,0.02666666666666667,myopic,208.88001835160247,208.88001835160247,0.0,0,0.0,,0.0
1.35,27,0.02666666666666667,nominal_dynamic,208.88001835160247,208.88001835160247,0.0,0,0.0,,0.0
1.35,27,0.02666666666666667,dro,208.88001835160247,208.88001835160247,0.0,0,0.0,,0.0
1.4,27,0.02666666666666667,myopic,208.88001835160247,208.88001835160247,0.0,0,0.0,,0.0
1.4,27,0.02666666666666667,nominal_dynamic,208.88001835160247,208.88001835160247,0.0,0,0.0,,0.0
1.4,27,0.02666666666666667,dro,208.88001835160247,208.88001835160247,0.0,0,0.0,,0.0
1.45,27,0.02666666666666667,myopic,208.88001835160247,208.88001835160247,0.0,0,0.0,,0.0
1.45,27,0.02666666666666667,nominal_dynamic,208.88001835160247,208.88001835160247,0.0,0,0.0,,0.0
1.45,27,0.02666666666666667,dro,208.88001835160247,208.88001835160247,0.0,0,0.0,,0.0
1.5,27,0.02666666666666667,myopic,208.88001835160247,208.88001835160247,0.0,0,0.0,,0.0
1.5,27,0.02666666666666667,nominal_dynamic,208.88001835160247,208.88001835160247,0.0,0,0.0,,0.0
1.5,27,0.02666666666666667,dro,208.88001835160247,208.88001835160247,0.0,0,0.0,,0.0
1.55,27,0.02666666666666667,myopic,208.88001835160247,208.88001835160247,0.0,0,0.0,,0.0
1.55,27,0.02666666666666667,nominal_dynamic,208.88001835160247,208.88001835160247,0.0,0,0.0,,0.0
1.55,27,0.02666666666666667,dro,208.88001835160247,208.88001835160247,0.0,0,0.0,,0.0
1.6,27,0.02666666666666667,myopic,208.88001835160247,208.88001835160247,0.0,0,0.0,,0.0
1.6,27,0.02666666666666667,nominal_dynamic,208.88001835160247,208.88001835160247,0.0,0,0.0,,0.0
1.6,27,0.02666666666666667,dro,208.88001835160247,208.88001835160247,0.0,0,0.0,,0.0
1.65,27,0.02666666666666667,myopic,208.88001835160247,208.88001835160247,0.0,0,0.0,,0.0
1.65,27,0.02666666666666667,nominal_dynamic,208.88001835160247,208.88001835160247,0.0,0,0.0,,0.0
1.65,27,0.02666666666666667,dro,208.88001835160247,208.88001835160247,0.0,0,0.0,,0.0
1.7,27,0.02666666666666667,myopic,208.88001835160247,208.88001835160247,0.0,0,0.0,,0.0
1.7,27,0.02666666666666667,nominal_dynamic,208.88001835160247,208.88001835160247,0.0,0,0.0,,0.0
1.7,27,0.02666666666666667,dro,208.88001835160247,208.88001835160247,0.0,0,0.0,,0.0
1.75,27,0.02666666666666667,myopic,208.88001835160247,208.88001835160247,0.0,0,0.0,,0.0
1.75,27,0.02666666666666667,nominal_dynamic,208.88001835160247,208.88001835160247,0.0,0,0.0,,0.0
1.75,27,0.02666666666666667,dro,208.88001835160247,208.88001835160247,0.0,0,0.0,,0.0
1.8,27,0.02666666666666667,myopic,208.88001835160247,208.88001835160247,0.0,0,0.0,,0.0
1.8,27,0.02666666666666667,nominal_dynamic,208.88001835160247,208.88001835160247,0.0,0,0.0,,0.0
1.8,27,0.02666666666666667,dro,208.88001835160247,208.88001835160247,0.0,0,0.0,,0.0
1.85,27,0.02666666666666667,myopic,208.88001835160247,208.88001835160247,0.0,0,0.0,,0.0
1.85,27,0.02666666666666667,nominal_dynamic,208.88001835160247,208.88001835160247,0.0,0,0.0,,0.0
1.85,27,0.02666666666666667,dro,208.88001835160247,208.88001835160247,0.0,0,0.0,,0.0
1.9,27,0.02666666666666667,myopic,208.88001835160247,208.88001835160247,0.0,0,0.0,,0.0
1.9,27,0.02666666666666667,nominal_dynamic,208.88001835160247,208.88001835160247,0.0,0,0.0,,0.0
1.9,27,0.02666666666666667,dro,208.88001835160247,208.88001835160247,0.0,0,0.0,,0.0
1.95,27,0.02666666666666667,myopic,208.88001835160247,208.88001835160247,0.0,0,0.0,,0.0
1.95,27,0.02666666666666667,nominal_dynamic,208.88001835160247,208.88001835160247,0.0,0,0.0,,0.0
1.95,27,0.02666666666666667,dro,208.88001835160247,208.88001835160247,0.0,0,0.0,,0.0
2.0,27,0.02666666666666667,myopic,208.88001835160247,208.88001835160247,0.0,0,0.0,,0.0
2.0,27,0.02666666666666667,nominal_dynamic,208.88001835160247,208.88001835160247,0.0,0,0.0,,0.0
2.0,27,0.02666666666666667,dro,208.88001835160247,208.88001835160247,0.0,0,0.0,,0.0
2.05,27,0.02666666666666667,myopic,208.88001835160247,208.88001835160247,0.0,0,0.0,,0.0
2.05,27,0.02666666666666667,nominal_dynamic,208.88001835160247,208.88001835160247,0.0,0,0.0,,0.0
2.05,27,0.02666666666666667,dro,208.88001835160247,208.88001835160247,0.0,0,0.0,,0.0
2.1,27,0.02666666666666667,myopic,208.88001835160247,208.88001835160247,0.0,0,0.0,,0.0
2.1,27,0.02666666666666667,nominal_dynamic,208.88001835160247,208.88001835160247,0.0,0,0.0,,0.0
2.1,27,0.02666666666666667,dro,208.88001835160247,208.88001835160247,0.0,0,0.0,,0.0
2.15,27,0.02666666666666667,myopic,208.88001835160247,208.88001835160247,0.0,0,0.0,,0.0
2.15,27,0.02666666666666667,nominal_dynamic,208.88001835160247,208.88001835160247,0.0,0,0.0,,0.0
2.15,27,0.02666666666666667,dro,208.88001835160247,208.88001835160247,0.0,0,0.0,,0.0
2.2,27,0.02666666666666667,myopic,202.77532359984622,209.33147754063586,6.556153940789642,4,0.3,1.0,0.3
2.2,27,0.02666666666666667,nominal_dynamic,209.33147754063586,209.33147754063586,0.0,1,0.3,12.0,0.0
2.2,27,0.02666666666666667,dro,208.88001835160247,209.33147754063586,0.4514591890333861,0,0.0,,0.0
2.25,27,0.02666666666666667,myopic,207.38598650021967,210.46547317727266,3.0794866770529836,4,0.3,1.0,0.3
2.25,27,0.02666666666666667,nominal_dynamic,209.15576085666504,210.46547317727266,1.3097123206076162,4,0.3,1.0,0.3
2.25,27,0.02666666666666667,dro,210.46547317727266,210.46547317727266,0.0,1,0.3,12.0,0.0
2.3,27,0.02666666666666667,myopic,211.99664940059316,213.75006484680407,1.7534154462109086,4,0.3,1.0,0.3
2.3,27,0.02666666666666667,nominal_dynamic,213.75006484680407,213.75006484680407,0.0,4,0.3,1.0,0.3
2.3,27,0.02666666666666667,dro,211.59946881390948,213.75006484680407,2.1505960328945832,1,0.3,12.0,0.0
2.35,27,0.02666666666666667,myopic,216.6073123009666,218.34436883694315,1.737056535976535,4,0.3,1.0,0.3
2.35,27,0.02666666666666667,nominal_dynamic,218.34436883694315,218.34436883694315,0.0,4,0.3,1.0,0.3
2.35,27,0.02666666666666667,dro,218.2931555836712,218.34436883694315,0.05121325327195336,4,0.3,3.0,0.0
2.4,27,0.02666666666666667,myopic,221.21797520134012,222.93867282708217,1.7206976257420479,4,0.3,1.0,0.3
2.4,27,0.02666666666666667,nominal_dynamic,222.93867282708217,222.93867282708217,0.0,4,0.3,1.0,0.3
2.4,27,0.02666666666666667,dro,222.85782712161347,222.93867282708217,0.08084570546870395,4,0.3,3.0,0.0
2.45,27,0.02666666666666667,myopic,225.8286381017136,227.53297681722123,1.7043387155076175,4,0.3,1.0,0.3
2.45,27,0.02666666666666667,nominal_dynamic,227.53297681722123,227.53297681722123,0.0,4,0.3,1.0,0.3
2.45,27,0.02666666666666667,dro,227.5220060440187,227.53297681722123,0.010970773202529926,4,0.3,1.0,0.3
2.5,27,0.02666666666666667,myopic,230.43930100208712,232.1272808073603,1.6879798052731871,4,0.3,1.0,0.3
2.5,27,0.02666666666666667,nominal_dynamic,232.1272808073603,232.1272808073603,0.0,4,0.3,1.0,0.3
2.5,27,0.02666666666666667,dro,232.13055535594796,232.1272808073603,-0.0032745485876546354,4,0.3,1.0,0.3
2.55,27,0.02666666666666667,myopic,235.04996390246058,236.72158479749933,1.6716208950387568,4,0.3,1.0,0.3
2.55,27,0.02666666666666667,nominal_dynamic,236.72158479749933,236.72158479749933,0.0,4,0.3,1.0,0.3
2.55,27,0.02666666666666667,dro,236.73910466787714,236.72158479749933,-0.017519870377810776,4,0.3,1.0,0.3
2.6,27,0.02666666666666667,myopic,239.6606268028341,241.35335523480185,1.6927284319677653,4,0.3,1.0,0.3
2.6,27,0.02666666666666667,nominal_dynamic,241.31588878763841,241.35335523480185,0.03746644716343894,4,0.3,1.0,0.3
2.6,27,0.02666666666666667,dro,241.34765397980647,241.35335523480185,0.005701254995386762,4,0.3,1.0,0.3
2.65,27,0.02666666666666667,myopic,244.27128970320754,245.9586272695683,1.6873375663607533,4,0.3,1.0,0.3
2.65,27,0.02666666666666667,nominal_dynamic,245.9586272695683,245.9586272695683,0.0,4,0.3,1.0,0.3
2.65,27,0.02666666666666667,dro,245.9562032917357,245.9586272695683,0.0024239778325920724,4,0.3,1.0,0.3
2.7,27,0.02666666666666667,myopic,248.88195260358106,250.56389930433483,1.6819467007537696,4,0.3,1.0,0.3
2.7,27,0.02666666666666667,nominal_dynamic,250.56389930433483,250.56389930433483,0.0,4,0.3,1.0,0.3
2.7,27,0.02666666666666667,dro,250.56475260366494,250.56389930433483,-0.0008532993301173519,4,0.3,1.0,0.3
2.75,27,0.02666666666666667,myopic,253.49261550395454,255.16917133910133,1.676555835146786,4,0.3,1.0,0.3
2.75,27,0.02666666666666667,nominal_dynamic,255.16917133910133,255.16917133910133,0.0,4,0.3,1.0,0.3
2.75,27,0.02666666666666667,dro,255.17330191559418,255.16917133910133,-0.004130576492855198,4,0.3,1.0,0.3
2.8,27,0.02666666666666667,myopic,258.103278404328,259.7744433738678,1.6711649695398023,4,0.3,1.0,0.3
2.8,27,0.02666666666666667,nominal_dynamic,259.7744433738678,259.7744433738678,0.0,4,0.3,1.0,0.3
2.8,27,0.02666666666666667,dro,259.7818512275234,259.7744433738678,-0.007407853655593044,4,0.3,1.0,0.3
2.85,27,0.02666666666666667,myopic,262.7139413047015,264.3797154086343,1.6657741039327902,4,0.3,1.0,0.3
2.85,27,0.02666666666666667,nominal_dynamic,264.3797154086343,264.3797154086343,0.0,4,0.3,1.0,0.3
2.85,27,0.02666666666666667,dro,264.3904005394527,264.3797154086343,-0.010685130818387734,4,0.3,1.0,0.3
2.9,27,0.02666666666666667,myopic,267.324604205075,268.9989498513819,1.6743456463069037,4,0.3,1.0,0.3
2.9,27,0.02666666666666667,nominal_dynamic,268.9849874434008,268.9989498513819,0.013962407981068736,4,0.3,1.0,0.3
2.9,27,0.02666666666666667,dro,268.9989498513819,268.9989498513819,0.0,4,0.3,1.0,0.3
2.95,27,0.02666666666666667,myopic,271.93526710544853,273.60749916331116,1.6722320578626295,4,0.3,1.0,0.3
2.95,27,0.02666666666666667,nominal_dynamic,273.5902594781673,273.60749916331116,0.017239685143863426,4,0.3,1.0,0.3
2.95,27,0.02666666666666667,dro,273.60749916331116,273.60749916331116,0.0,4,0.3,1.0,0.3
3.0,27,0.02666666666666667,myopic,276.54593000582196,278.21604847524037,1.6701184694184121,4,0.3,1.0,0.3
3.0,27,0.02666666666666667,nominal_dynamic,278.19553151293377,278.21604847524037,0.020516962306601272,4,0.3,1.0,0.3
3.0,27,0.02666666666666667,dro,278.21604847524037,278.21604847524037,0.0,4,0.3,1.0,0.3
0.0,28,0.030000000000000002,myopic,208.88001835160247,208.88001835160247,0.0,0,0.0,,0.0
0.0,28,0.030000000000000002,nominal_dynamic,208.88001835160247,208.88001835160247,0.0,0,0.0,,0.0
0.0,28,0.030000000000000002,dro,208.88001835160247,208.88001835160247,0.0,0,0.0,,0.0
0.05,28,0.030000000000000002,myopic,208.88001835160247,208.88001835160247,0.0,0,0.0,,0.0
0.05,28,0.030000000000000002,nominal_dynamic,208.88001835160247,208.88001835160247,0.0,0,0.0,,0.0
0.05,28,0.030000000000000002,dro,208.88001835160247,208.88001835160247,0.0,0,0.0,,0.0
0.1,28,0.030000000000000002,myopic,208.88001835160247,208.88001835160247,0.0,0,0.0,,0.0
0.1,28,0.030000000000000002,nominal_dynamic,208.88001835160247,208.88001835160247,0.0,0,0.0,,0.0
0.1,28,0.030000000000000002,dro,208.88001835160247,208.88001835160247,0.0,0,0.0,,0.0
0.15,28,0.030000000000000002,myopic,208.88001835160247,208.88001835160247,0.0,0,0.0,,0.0
0.15,28,0.030000000000000002,nominal_dynamic,208.88001835160247,208.88001835160247,0.0,0,0.0,,0.0
0.15,28,0.030000000000000002,dro,208.88001835160247,208.88001835160247,0.0,0,0.0,,0.0
0.2,28,0.030000000000000002,myopic,208.88001835160247,208.88001835160247,0.0,0,0.0,,0.0
0.2,28,0.030000000000000002,nominal_dynamic,208.88001835160247,208.88001835160247,0.0,0,0.0,,0.0
0.2,28,0.030000000000000002,dro,208.88001835160247,208.88001835160247,0.0,0,0.0,,0.0
0.25,28,0.030000000000000002,myopic,208.88001835160247,208.88001835160247,0.0,0,0.0,,0.0
0.25,28,0.030000000000000002,nominal_dynamic,208.88001835160247,208.88001835160247,0.0,0,0.0,,0.0
0.25,28,0.030000000000000002,dro,208.88001835160247,208.88001835160247,0.0,0,0.0,,0.0
0.3,28,0.030000000000000002,myopic,208.88001835160247,208.88001835160247,0.0,0,0.0,,0.0
0.3,28,0.030000000000000002,nominal_dynamic,208.88001835160247,208.88001835160247,0.0,0,0.0,,0.0
0.3,28,0.030000000000000002,dro,208.88001835160247,208.88001835160247,0.0,0,0.0,,0.0
0.35,28,0.030000000000000002,myopic,208.88001835160247,208.88001835160247,0.0,0,0.0,,0.0
0.35,28,0.030000000000000002,nominal_dynamic,208.88001835160247,208.88001835160247,0.0,0,0.0,,0.0
0.35,28,0.030000000000000002,dro,208.88001835160247,208.88001835160247,0.0,0,0.0,,0.0
0.4,28,0.030000000000000002,myopic,208.88001835160247,208.88001835160247,0.0,0,0.0,,0.0
0.4,28,0.030000000000000002,nominal_dynamic,208.88001835160247,208.88001835160247,0.0,0,0.0,,0.0
0.4,28,0.030000000000000002,dro,208.88001835160247,208.88001835160247,0.0,0,0.0,,0.0
0.45,28,0.030000000000000002,myopic,208.88001835160247,208.88001835160247,0.0,0,0.0,,0.0
0.45,28,0.030000000000000002,nominal_dynamic,208.88001835160247,208.88001835160247,0.0,0,0.0,,0.0
0.45,28,0.030000000000000002,dro,208.88001835160247,208.88001835160247,0.0,0,0.0,,0.0
0.5,28,0.030000000000000002,myopic,208.88001835160247,208.88001835160247,0.0,0,0.0,,0.0
0.5,28,0.030000000000000002,nominal_dynamic,208.88001835160247,208.88001835160247,0.0,0,0.0,,0.0
0.5,28,0.030000000000000002,dro,208.88001835160247,208.88001835160247,0.0,0,0.0,,0.0
0.55,28,0.030000000000000002,myopic,208.88001835160247,208.88001835160247,0.0,0,0.0,,0.0
0.55,28,0.030000000000000002,nominal_dynamic,208.88001835160247,208.88001835160247,0.0,0,0.0,,0.0
0.55,28,0.030000000000000002,dro,208.88001835160247,208.88001835160247,0.0,0,0.0,,0.0
0.6,28,0.030000000000000002,myopic,208.88001835160247,208.88001835160247,0.0,0,0.0,,0.0
0.6,28,0.030000000000000002,nominal_dynamic,208.88001835160247,208.88001835160247,0.0,0,0.0,,0.0
0.6,28,0.030000000000000002,dro,208.88001835160247,208.88001835160247,0.0,0,0.0,,0.0
0.65,28,0.030000000000000002,myopic,208.88001835160247,208.88001835160247,0.0,0,0.0,,0.0
0.65,28,0.030000000000000002,nominal_dynamic,208.88001835160247,208.88001835160247,0.0,0,0.0,,0.0
0.65,28,0.030000000000000002,dro,208.88001835160247,208.88001835160247,0.0,0,0.0,,0.0
0.7,28,0.030000000000000002,myopic,208.88001835160247,208.88001835160247,0.0,0,0.0,,0.0
0.7,28,0.030000000000000002,nominal_dynamic,208.88001835160247,208.88001835160247,0.0,0,0.0,,0.0
0.7,28,0.030000000000000002,dro,208.88001835160247,208.88001835160247,0.0,0,0.0,,0.0
0.75,28,0.030000000000000002,myopic,208.88001835160247,208.88001835160247,0.0,0,0.0,,0.0
0.75,28,0.030000000000000002,nominal_dynamic,208.88001835160247,208.88001835160247,0.0,0,0.0,,0.0
0.75,28,0.030000000000000002,dro,208.88001835160247,208.88001835160247,0.0,0,0.0,,0.0
0.8,28,0.030000000000000002,myopic,208.88001835160247,208.88001835160247,0.0,0,0.0,,0.0
0.8,28,0.030000000000000002,nominal_dynamic,208.88001835160247,208.88001835160247,0.0,0,0.0,,0.0
0.8,28,0.030000000000000002,dro,208.88001835160247,208.88001835160247,0.0,0,0.0,,0.0
0.85,28,0.030000000000000002,myopic,208.88001835160247,208.88001835160247,0.0,0,0.0,,0.0
0.85,28,0.030000000000000002,nominal_dynamic,208.88001835160247,208.88001835160247,0.0,0,0.0,,0.0
0.85,28,0.030000000000000002,dro,208.88001835160247,208.88001835160247,0.0,0,0.0,,0.0
0.9,28,0.030000000000000002,myopic,208.88001835160247,208.88001835160247,0.0,0,0.0,,0.0
0.9,28,0.030000000000000002,nominal_dynamic,208.88001835160247,208.88001835160247,0.0,0,0.0,,0.0
0.9,28,0.030000000000000002,dro,208.88001835160247,208.88001835160247,0.0,0,0.0,,0.0
0.95,28,0.030000000000000002,myopic,208.88001835160247,208.88001835160247,0.0,0,0.0,,0.0
0.95,28,0.030000000000000002,nominal_dynamic,208.88001835160247,208.88001835160247,0.0,0,0.0,,0.0
0.95,28,0.030000000000000002,dro,208.88001835160247,208.88001835160247,0.0,0,0.0,,0.0
1.0,28,0.030000000000000002,myopic,208.88001835160247,208.88001835160247,0.0,0,0.0,,0.0
1.0,28,0.030000000000000002,nominal_dynamic,208.88001835160247,208.88001835160247,0.0,0,0.0,,0.0
1.0,28,0.030000000000000002,dro,208.88001835160247,208.88001835160247,0.0,0,0.0,,0.0
1.05,28,0.030000000000000002,myopic,208.88001835160247,208.88001835160247,0.0,0,0.0,,0.0
1.05,28,0.030000000000000002,nominal_dynamic,208.88001835160247,208.88001835160247,0.0,0,0.0,,0.0
1.05,28,0.030000000000000002,dro,208.88001835160247,208.88001835160247,0.0,0,0.0,,0.0
1.1,28,0.030000000000000002,myopic,208.88001835160247,208.88001835160247,0.0,0,0.0,,0.0
1.1,28,0.030000000000000002,nominal_dynamic,208.88001835160247,208.88001835160247,0.0,0,0.0,,0.0
1.1,28,0.030000000000000002,dro,208.88001835160247,208.88001835160247,0.0,0,0.0,,0.0
1.15,28,0.030000000000000002,myopic,208.88001835160247,208.88001835160247,0.0,0,0.0,,0.0
1.15,28,0.030000000000000002,nominal_dynamic,208.88001835160247,208.88001835160247,0.0,0,0.0,,0.0
1.15,28,0.030000000000000002,dro,208.88001835160247,208.88001835160247,0.0,0,0.0,,0.0
1.2,28,0.030000000000000002,myopic,208.88001835160247,208.88001835160247,0.0,0,0.0,,0.0
1.2,28,0.030000000000000002,nominal_dynamic,208.88001835160247,208.88001835160247,0.0,0,0.0,,0.0
1.2,28,0.030000000000000002,dro,208.88001835160247,208.88001835160247,0.0,0,0.0,,0.0
1.25,28,0.030000000000000002,myopic,208.88001835160247,208.88001835160247,0.0,0,0.0,,0.0
1.25,28,0.030000000000000002,nominal_dynamic,208.88001835160247,208.88001835160247,0.0,0,0.0,,0.0
1.25,28,0.030000000000000002,dro,208.88001835160247,208.88001835160247,0.0,0,0.0,,0.0
1.3,28,0.030000000000000002,myopic,208.88001835160247,208.88001835160247,0.0,0,0.0,,0.0
1.3,28,0.030000000000000002,nominal_dynamic,208.88001835160247,208.88001835160247,0.0,0,0.0,,0.0
1.3,28,0.030000000000000002,dro,208.88001835160247,208.88001835160247,0.0,0,0.0,,0.0
1.35,28,0.030000000000000002,myopic,208.88001835160247,208.88001835160247,0.0,0,0.0,,0.0
1.35,28,0.030000000000000002,nominal_dynamic,208.88001835160247,208.88001835160247,0.0,0,0.0,,0.0
1.35,28,0.030000000000000002,dro,208.88001835160247,208.88001835160247,0.0,0,0.0,,0.0
1.4,28,0.030000000000000002,myopic,208.88001835160247,208.88001835160247,0.0,0,0.0,,0.0
1.4,28,0.030000000000000002,nominal_dynamic,208.88001835160247,208.88001835160247,0.0,0,0.0,,0.0
1.4,28,0.030000000000000002,dro,208.88001835160247,208.88001835160247,0.0,0,0.0,,0.0
1.45,28,0.030000000000000002,myopic,208.88001835160247,208.88001835160247,0.0,0,0.0,,0.0
1.45,28,0.030000000000000002,nominal_dynamic,208.88001835160247,208.88001835160247,0.0,0,0.0,,0.0
1.45,28,0.030000000000000002,dro,208.88001835160247,208.88001835160247,0.0,0,0.0,,0.0
1.5,28,0.030000000000000002,myopic,208.88001835160247,208.88001835160247,0.0,0,0.0,,0.0
1.5,28,0.030000000000000002,nominal_dynamic,208.88001835160247,208.88001835160247,0.0,0,0.0,,0.0
1.5,28,0.030000000000000002,dro,208.88001835160247,208.88001835160247,0.0,0,0.0,,0.0
1.55,28,0.030000000000000002,myopic,208.88001835160247,208.88001835160247,0.0,0,0.0,,0.0
1.55,28,0.030000000000000002,nominal_dynamic,208.88001835160247,208.88001835160247,0.0,0,0.0,,0.0
1.55,28,0.030000000000000002,dro,208.88001835160247,208.88001835160247,0.0,0,0.0,,0.0
1.6,28,0.030000000000000002,myopic,208.88001835160247,208.88001835160247,0.0,0,0.0,,0.0
1.6,28,0.030000000000000002,nominal_dynamic,208.88001835160247,208.88001835160247,0.0,0,0.0,,0.0
1.6,28,0.030000000000000002,dro,208.88001835160247,208.88001835160247,0.0,0,0.0,,0.0
1.65,28,0.030000000000000002,myopic,208.88001835160247,208.88001835160247,0.0,0,0.0,,0.0
1.65,28,0.030000000000000002,nominal_dynamic,208.88001835160247,208.88001835160247,0.0,0,0.0,,0.0
1.65,28,0.030000000000000002,dro,208.88001835160247,208.88001835160247,0.0,0,0.0,,0.0
1.7,28,0.030000000000000002,myopic,208.88001835160247,208.88001835160247,0.0,0,0.0,,0.0
1.7,28,0.030000000000000002,nominal_dynamic,208.88001835160247,208.88001835160247,0.0,0,0.0,,0.0
1.7,28,0.030000000000000002,dro,208.88001835160247,208.88001835160247,0.0,0,0.0,,0.0
1.75,28,0.030000000000000002,myopic,208.88001835160247,208.88001835160247,0.0,0,0.0,,0.0
1.75,28,0.030000000000000002,nominal_dynamic,208.88001835160247,208.88001835160247,0.0,0,0.0,,0.0
1.75,28,0.030000000000000002,dro,208.88001835160247,208.88001835160247,0.0,0,0.0,,0.0
1.8,28,0.030000000000000002,myopic,208.88001835160247,208.88001835160247,0.0,0,0.0,,0.0
1.8,28,0.030000000000000002,nominal_dynamic,208.88001835160247,208.88001835160247,0.0,0,0.0,,0.0
1.8,28,0.030000000000000002,dro,208.88001835160247,208.88001835160247,0.0,0,0.0,,0.0
1.85,28,0.030000000000000002,myopic,208.88001835160247,208.88001835160247,0.0,0,0.0,,0.0
1.85,28,0.030000000000000002,nominal_dynamic,208.88001835160247,208.88001835160247,0.0,0,0.0,,0.0
1.85,28,0.030000000000000002,dro,208.88001835160247,208.88001835160247,0.0,0,0.0,,0.0
1.9,28,0.030000000000000002,myopic,208.88001835160247,208.88001835160247,0.0,0,0.0,,0.0
1.9,28,0.030000000000000002,nominal_dynamic,208.88001835160247,208.88001835160247,0.0,0,0.0,,0.0
1.9,28,0.030000000000000002,dro,208.88001835160247,208.88001835160247,0.0,0,0.0,,0.0
1.95,28,0.030000000000000002,myopic,208.88001835160247,208.88001835160247,0.0,0,0.0,,0.0
1.95,28,0.030000000000000002,nominal_dynamic,208.88001835160247,208.88001835160247,0.0,0,0.0,,0.0
1.95,28,0.030000000000000002,dro,208.88001835160247,208.88001835160247,0.0,0,0.0,,0.0
2.0,28,0.030000000000000002,myopic,208.88001835160247,208.88001835160247,0.0,0,0.0,,0.0
2.0,28,0.030000000000000002,nominal_dynamic,208.88001835160247,208.88001835160247,0.0,0,0.0,,0.0
2.0,28,0.030000000000000002,dro,208.88001835160247,208.88001835160247,0.0,0,0.0,,0.0
2.05,28,0.030000000000000002,myopic,208.88001835160247,208.88001835160247,0.0,0,0.0,,0.0
2.05,28,0.030000000000000002,nominal_dynamic,208.88001835160247,208.88001835160247,0.0,0,0.0,,0.0
2.05,28,0.030000000000000002,dro,208.88001835160247,208.88001835160247,0.0,0,0.0,,0.0
2.1,28,0.030000000000000002,myopic,208.88001835160247,208.88001835160247,0.0,0,0.0,,0.0
2.1,28,0.030000000000000002,nominal_dynamic,208.88001835160247,208.88001835160247,0.0,0,0.0,,0.0
2.1,28,0.030000000000000002,dro,208.88001835160247,208.88001835160247,0.0,0,0.0,,0.0
2.15,28,0.030000000000000002,myopic,208.88001835160247,208.88001835160247,0.0,0,0.0,,0.0
2.15,28,0.030000000000000002,nominal_dynamic,208.88001835160247,208.88001835160247,0.0,0,0.0,,0.0
2.15,28,0.030000000000000002,dro,208.88001835160247,208.88001835160247,0.0,0,0.0,,0.0
2.2,28,0.030000000000000002,myopic,203.41618846769117,208.88001835160247,5.463829883911302,4,0.3,1.0,0.3
2.2,28,0.030000000000000002,nominal_dynamic,208.60124247345368,208.88001835160247,0.27877587814879234,1,0.3,12.0,0.0
2.2,28,0.030000000000000002,dro,208.88001835160247,208.88001835160247,0.0,0,0.0,,0.0
2.25,28,0.030000000000000002,myopic,207.90207300889608,209.68759854933054,1.7855255404344632,4,0.3,1.0,0.3
2.25,28,0.030000000000000002,nominal_dynamic,208.9364857639689,209.68759854933054,0.7511127853616415,4,0.3,1.0,0.3
2.25,28,0.030000000000000002,dro,209.68759854933054,209.68759854933054,0.0,1,0.3,12.0,0.0
2.3,28,0.030000000000000002,myopic,212.38795755010102,213.40685974631663,1.0189021962156062,4,0.3,1.0,0.3
2.3,28,0.030000000000000002,nominal_dynamic,213.4016643036359,213.40685974631663,0.0051954426807299114,4,0.3,1.0,0.3
2.3,28,0.030000000000000002,dro,210.7739546252074,213.40685974631663,2.632905121109218,1,0.3,12.0,0.0
2.35,28,0.030000000000000002,myopic,216.873842091306,217.8831120419847,1.0092699506787142,4,0.3,1.0,0.3
2.35,28,0.030000000000000002,nominal_dynamic,217.86684284330283,217.8831120419847,0.016269198681868602,4,0.3,1.0,0.3
2.35,28,0.030000000000000002,dro,217.82302448977697,217.8831120419847,0.0600875522077331,4,0.3,3.0,0.0
2.4,28,0.030000000000000002,myopic,221.35972663251093,222.3593643376528,0.999637705141879,4,0.3,1.0,0.3
2.4,28,0.030000000000000002,nominal_dynamic,222.3593643376528,222.3593643376528,0.0,4,0.3,1.0,0.3
2.4,28,0.030000000000000002,dro,222.26416233268338,222.3593643376528,0.09520200496942266,4,0.3,3.0,0.0
2.45,28,0.030000000000000002,myopic,225.84561117371587,226.8356166333209,0.9900054596050438,4,0.3,1.0,0.3
2.45,28,0.030000000000000002,nominal_dynamic,226.8356166333209,226.8356166333209,0.0,4,0.3,1.0,0.3
2.45,28,0.030000000000000002,dro,226.75473898430812,226.8356166333209,0.08087764901279115,4,0.3,1.0,0.3
2.5,28,0.030000000000000002,myopic,230.33149571492083,231.311868928989,0.9803732140681802,4,0.3,1.0,0.3
2.5,28,0.030000000000000002,nominal_dynamic,231.311868928989,231.311868928989,0.0,4,0.3,1.0,0.3
2.5,28,0.030000000000000002,dro,231.2086670671484,231.311868928989,0.10320186184060276,4,0.3,1.0,0.3
2.55,28,0.030000000000000002,myopic,234.81738025612574,235.7881212246571,0.9707409685313451,4,0.3,1.0,0.3
2.55,28,0.030000000000000002,nominal_dynamic,235.7881212246571,235.7881212246571,0.0,4,0.3,1.0,0.3
2.55,28,0.030000000000000002,dro,235.66259514998865,235.7881212246571,0.1255260746684428,4,0.3,1.0,0.3
2.6,28,0.030000000000000002,myopic,239.30326479733074,240.26437352032522,0.9611087229944815,4,0.3,1.0,0.3
2.6,28,0.030000000000000002,nominal_dynamic,240.26437352032522,240.26437352032522,0.0,4,0.3,1.0,0.3
2.6,28,0.030000000000000002,dro,240.19273554163772,240.26437352032522,0.07163797868750521,4,0.3,1.0,0.3
2.65,28,0.030000000000000002,myopic,243.78914933853565,244.74062581599327,0.9514764774576179,4,0.3,1.0,0.3
2.65,28,0.030000000000000002,nominal_dynamic,244.74062581599327,244.74062581599327,0.0,4,0.3,1.0,0.3
2.65,28,0.030000000000000002,dro,244.6579140813047,244.74062581599327,0.08271173468855864,4,0.3,1.0,0.3
2.7,28,0.030000000000000002,myopic,248.27503387974065,249.21687811166143,0.9418442319207827,4,0.3,1.0,0.3
2.7,28,0.030000000000000002,nominal_dynamic,249.21687811166143,249.21687811166143,0.0,4,0.3,1.0,0.3
2.7,28,0.030000000000000002,dro,249.1230926209717,249.21687811166143,0.09378549068972575,4,0.3,1.0,0.3
2.75,28,0.030000000000000002,myopic,252.7609184209456,253.6931304073295,0.9322119863839191,4,0.3,1.0,0.3
2.75,28,0.030000000000000002,nominal_dynamic,253.6931304073295,253.6931304073295,0.0,4,0.3,1.0,0.3
2.75,28,0.030000000000000002,dro,253.58827116063864,253.6931304073295,0.10485924669086444,4,0.3,1.0,0.3
2.8,28,0.030000000000000002,myopic,257.24680296215047,258.1693827029976,0.9225797408471408,4,0.3,1.0,0.3
2.8,28,0.030000000000000002,nominal_dynamic,258.1693827029976,258.1693827029976,0.0,4,0.3,1.0,0.3
2.8,28,0.030000000000000002,dro,258.05344970030563,258.1693827029976,0.11593300269197471,4,0.3,1.0,0.3
2.85,28,0.030000000000000002,myopic,261.7326875033554,262.6456349986657,0.9129474953102772,4,0.3,1.0,0.3
2.85,28,0.030000000000000002,nominal_dynamic,262.6456349986657,262.6456349986657,0.0,4,0.3,1.0,0.3
2.85,28,0.030000000000000002,dro,262.5186282399726,262.6456349986657,0.12700675869308498,4,0.3,1.0,0.3
2.9,28,0.030000000000000002,myopic,266.2185720445604,267.1218872943338,0.9033152497734136,4,0.3,1.0,0.3
2.9,28,0.030000000000000002,nominal_dynamic,267.1218872943338,267.1218872943338,0.0,4,0.3,1.0,0.3
2.9,28,0.030000000000000002,dro,267.1218872943338,267.1218872943338,0.0,4,0.3,1.0,0.3
2.95,28,0.030000000000000002,myopic,270.70445658576534,271.5981395900019,0.89368300423655,4,0.3,1.0,0.3
2.95,28,0.030000000000000002,nominal_dynamic,271.5981395900019,271.5981395900019,0.0,4,0.3,1.0,0.3
2.95,28,0.030000000000000002,dro,271.5981395900019,271.5981395900019,0.0,4,0.3,1.0,0.3
3.0,28,0.030000000000000002,myopic,275.1903411269703,276.07439188566997,0.8840507586996864,4,0.3,1.0,0.3
3.0,28,0.030000000000000002,nominal_dynamic,276.07439188566997,276.07439188566997,0.0,4,0.3,1.0,0.3
3.0,28,0.030000000000000002,dro,276.07439188566997,276.07439188566997,0.0,4,0.3,1.0,0.3
0.0,29,0.005000000000000001,myopic,208.88001835160247,208.88001835160247,0.0,0,0.0,,0.0
0.0,29,0.005000000000000001,nominal_dynamic,208.88001835160247,208.88001835160247,0.0,0,0.0,,0.0
0.0,29,0.005000000000000001,dro,208.88001835160247,208.88001835160247,0.0,0,0.0,,0.0
0.05,29,0.005000000000000001,myopic,208.88001835160247,208.88001835160247,0.0,0,0.0,,0.0
0.05,29,0.005000000000000001,nominal_dynamic,208.88001835160247,208.88001835160247,0.0,0,0.0,,0.0
0.05,29,0.005000000000000001,dro,208.88001835160247,208.88001835160247,0.0,0,0.0,,0.0
0.1,29,0.005000000000000001,myopic,208.88001835160247,208.88001835160247,0.0,0,0.0,,0.0
0.1,29,0.005000000000000001,nominal_dynamic,208.88001835160247,208.88001835160247,0.0,0,0.0,,0.0
0.1,29,0.005000000000000001,dro,208.88001835160247,208.88001835160247,0.0,0,0.0,,0.0
0.15,29,0.005000000000000001,myopic,208.88001835160247,208.88001835160247,0.0,0,0.0,,0.0
0.15,29,0.005000000000000001,nominal_dynamic,208.88001835160247,208.88001835160247,0.0,0,0.0,,0.0
0.15,29,0.005000000000000001,dro,208.88001835160247,208.88001835160247,0.0,0,0.0,,0.0
0.2,29,0.005000000000000001,myopic,208.88001835160247,208.88001835160247,0.0,0,0.0,,0.0
0.2,29,0.005000000000000001,nominal_dynamic,208.88001835160247,208.88001835160247,0.0,0,0.0,,0.0
0.2,29,0.005000000000000001,dro,208.88001835160247,208.88001835160247,0.0,0,0.0,,0.0
0.25,29,0.005000000000000001,myopic,208.88001835160247,208.88001835160247,0.0,0,0.0,,0.0
0.25,29,0.005000000000000001,nominal_dynamic,208.88001835160247,208.88001835160247,0.0,0,0.0,,0.0
0.25,29,0.005000000000000001,dro,208.88001835160247,208.88001835160247,0.0,0,0.0,,0.0
0.3,29,0.005000000000000001,myopic,208.88001835160247,208.88001835160247,0.0,0,0.0,,0.0
0.3,29,0.005000000000000001,nominal_dynamic,208.88001835160247,208.88001835160247,0.0,0,0.0,,0.0
0.3,29,0.005000000000000001,dro,208.88001835160247,208.88001835160247,0.0,0,0.0,,0.0
0.35,29,0.005000000000000001,myopic,208.88001835160247,208.88001835160247,0.0,0,0.0,,0.0
0.35,29,0.005000000000000001,nominal_dynamic,208.88001835160247,208.88001835160247,0.0,0,0.0,,0.0
0.35,29,0.005000000000000001,dro,208.88001835160247,208.88001835160247,0.0,0,0.0,,0.0
0.4,29,0.005000000000000001,myopic,208.88001835160247,208.88001835160247,0.0,0,0.0,,0.0
0.4,29,0.005000000000000001,nominal_dynamic,208.88001835160247,208.88001835160247,0.0,0,0.0,,0.0
0.4,29,0.005000000000000001,dro,208.88001835160247,208.88001835160247,0.0,0,0.0,,0.0
0.45,29,0.005000000000000001,myopic,208.88001835160247,208.88001835160247,0.0,0,0.0,,0.0
0.45,29,0.005000000000000001,nominal_dynamic,208.88001835160247,208.88001835160247,0.0,0,0.0,,0.0
0.45,29,0.005000000000000001,dro,208.88001835160247,208.88001835160247,0.0,0,0.0,,0.0
0.5,29,0.005000000000000001,myopic,208.88001835160247,208.88001835160247,0.0,0,0.0,,0.0
0.5,29,0.005000000000000001,nominal_dynamic,208.88001835160247,208.88001835160247,0.0,0,0.0,,0.0
0.5,29,0.005000000000000001,dro,208.88001835160247,208.88001835160247,0.0,0,0.0,,0.0
0.55,29,0.005000000000000001,myopic,208.88001835160247,208.88001835160247,0.0,0,0.0,,0.0
0.55,29,0.005000000000000001,nominal_dynamic,208.88001835160247,208.88001835160247,0.0,0,0.0,,0.0
0.55,29,0.005000000000000001,dro,208.88001835160247,208.88001835160247,0.0,0,0.0,,0.0
0.6,29,0.005000000000000001,myopic,208.88001835160247,208.88001835160247,0.0,0,0.0,,0.0
0.6,29,0.005000000000000001,nominal_dynamic,208.88001835160247,208.88001835160247,0.0,0,0.0,,0.0
0.6,29,0.005000000000000001,dro,208.88001835160247,208.88001835160247,0.0,0,0.0,,0.0
0.65,29,0.005000000000000001,myopic,208.88001835160247,208.88001835160247,0.0,0,0.0,,0.0
0.65,29,0.005000000000000001,nominal_dynamic,208.88001835160247,208.88001835160247,0.0,0,0.0,,0.0
0.65,29,0.005000000000000001,dro,208.88001835160247,208.88001835160247,0.0,0,0.0,,0.0
0.7,29,0.005000000000000001,myopic,208.88001835160247,208.88001835160247,0.0,0,0.0,,0.0
0.7,29,0.005000000000000001,nominal_dynamic,208.88001835160247,208.88001835160247,0.0,0,0.0,,0.0
0.7,29,0.005000000000000001,dro,208.88001835160247,208.88001835160247,0.0,0,0.0,,0.0
0.75,29,0.005000000000000001,myopic,208.88001835160247,208.88001835160247,0.0,0,0.0,,0.0
0.75,29,0.005000000000000001,nominal_dynamic,208.88001835160247,208.88001835160247,0.0,0,0.0,,0.0
0.75,29,0.005000000000000001,dro,208.88001835160247,208.88001835160247,0.0,0,0.0,,0.0
0.8,29,0.005000000000000001,myopic,208.88001835160247,208.88001835160247,0.0,0,0.0,,0.0
0.8,29,0.005000000000000001,nominal_dynamic,208.88001835160247,208.88001835160247,0.0,0,0.0,,0.0
0.8,29,0.005000000000000001,dro,208.88001835160247,208.88001835160247,0.0,0,0.0,,0.0
0.85,29,0.005000000000000001,myopic,208.88001835160247,208.88001835160247,0.0,0,0.0,,0.0
0.85,29,0.005000000000000001,nominal_dynamic,208.88001835160247,208.88001835160247,0.0,0,0.0,,0.0
0.85,29,0.005000000000000001,dro,208.88001835160247,208.88001835160247,0.0,0,0.0,,0.0
0.9,29,0.005000000000000001,myopic,208.88001835160247,208.88001835160247,0.0,0,0.0,,0.0
0.9,29,0.005000000000000001,nominal_dynamic,208.88001835160247,208.88001835160247,0.0,0,0.0,,0.0
0.9,29,0.005000000000000001,dro,208.88001835160247,208.88001835160247,0.0,0,0.0,,0.0
0.95,29,0.005000000000000001,myopic,208.88001835160247,208.88001835160247,0.0,0,0.0,,0.0
0.95,29,0.005000000000000001,nominal_dynamic,208.88001835160247,208.88001835160247,0.0,0,0.0,,0.0
0.95,29,0.005000000000000001,dro,208.88001835160247,208.88001835160247,0.0,0,0.0,,0.0
1.0,29,0.005000000000000001,myopic,208.88001835160247,208.88001835160247,0.0,0,0.0,,0.0
1.0,29,0.005000000000000001,nominal_dynamic,208.88001835160247,208.88001835160247,0.0,0,0.0,,0.0
1.0,29,0.005000000000000001,dro,208.88001835160247,208.88001835160247,0.0,0,0.0,,0.0
1.05,29,0.005000000000000001,myopic,208.88001835160247,208.88001835160247,0.0,0,0.0,,0.0
1.05,29,0.005000000000000001,nominal_dynamic,208.88001835160247,208.88001835160247,0.0,0,0.0,,0.0
1.05,29,0.005000000000000001,dro,208.88001835160247,208.88001835160247,0.0,0,0.0,,0.0
1.1,29,0.005000000000000001,myopic,208.88001835160247,208.88001835160247,0.0,0,0.0,,0.0
1.1,29,0.005000000000000001,nominal_dynamic,208.88001835160247,208.88001835160247,0.0,0,0.0,,0.0
1.1,29,0.005000000000000001,dro,208.88001835160247,208.88001835160247,0.0,0,0.0,,0.0
1.15,29,0.005000000000000001,myopic,208.88001835160247,208.88001835160247,0.0,0,0.0,,0.0
1.15,29,0.005000000000000001,nominal_dynamic,208.88001835160247,208.88001835160247,0.0,0,0.0,,0.0
1.15,29,0.005000000000000001,dro,208.88001835160247,208.88001835160247,0.0,0,0.0,,0.0
1.2,29,0.005000000000000001,myopic,208.88001835160247,208.88001835160247,0.0,0,0.0,,0.0
1.2,29,0.005000000000000001,nominal_dynamic,208.88001835160247,208.88001835160247,0.0,0,0.0,,0.0
1.2,29,0.005000000000000001,dro,208.88001835160247,208.88001835160247,0.0,0,0.0,,0.0
1.25,29,0.005000000000000001,myopic,208.88001835160247,208.88001835160247,0.0,0,0.0,,0.0
1.25,29,0.005000000000000001,nominal_dynamic,208.88001835160247,208.88001835160247,0.0,0,0.0,,0.0
1.25,29,0.005000000000000001,dro,208.88001835160247,208.88001835160247,0.0,0,0.0,,0.0
1.3,29,0.005000000000000001,myopic,208.88001835160247,208.88001835160247,0.0,0,0.0,,0.0
1.3,29,0.005000000000000001,nominal_dynamic,208.88001835160247,208.88001835160247,0.0,0,0.0,,0.0
1.3,29,0.005000000000000001,dro,208.88001835160247,208.88001835160247,0.0,0,0.0,,0.0
1.35,29,0.005000000000000001,myopic,208.88001835160247,208.88001835160247,0.0,0,0.0,,0.0
1.35,29,0.005000000000000001,nominal_dynamic,208.88001835160247,208.88001835160247,0.0,0,0.0,,0.0
1.35,29,0.005000000000000001,dro,208.88001835160247,208.88001835160247,0.0,0,0.0,,0.0
1.4,29,0.005000000000000001,myopic,208.88001835160247,208.88001835160247,0.0,0,0.0,,0.0
1.4,29,0.005000000000000001,nominal_dynamic,208.88001835160247,208.88001835160247,0.0,0,0.0,,0.0
1.4,29,0.005000000000000001,dro,208.88001835160247,208.88001835160247,0.0,0,0.0,,0.0
1.45,29,0.005000000000000001,myopic,208.88001835160247,208.88001835160247,0.0,0,0.0,,0.0
1.45,29,0.005000000000000001,nominal_dynamic,208.88001835160247,208.88001835160247,0.0,0,0.0,,0.0
1.45,29,0.005000000000000001,dro,208.88001835160247,208.88001835160247,0.0,0,0.0,,0.0
1.5,29,0.005000000000000001,myopic,208.88001835160247,208.88001835160247,0.0,0,0.0,,0.0
1.5,29,0.005000000000000001,nominal_dynamic,208.88001835160247,208.88001835160247,0.0,0,0.0,,0.0
1.5,29,0.005000000000000001,dro,208.88001835160247,208.88001835160247,0.0,0,0.0,,0.0
1.55,29,0.005000000000000001,myopic,208.88001835160247,208.88001835160247,0.0,0,0.0,,0.0
1.55,29,0.005000000000000001,nominal_dynamic,208.88001835160247,208.88001835160247,0.0,0,0.0,,0.0
1.55,29,0.005000000000000001,dro,208.88001835160247,208.88001835160247,0.0,0,0.0,,0.0
1.6,29,0.005000000000000001,myopic,208.88001835160247,208.88001835160247,0.0,0,0.0,,0.0
1.6,29,0.005000000000000001,nominal_dynamic,208.88001835160247,208.88001835160247,0.0,0,0.0,,0.0
1.6,29,0.005000000000000001,dro,208.88001835160247,208.88001835160247,0.0,0,0.0,,0.0
1.65,29,0.005000000000000001,myopic,208.88001835160247,208.88001835160247,0.0,0,0.0,,0.0
1.65,29,0.005000000000000001,nominal_dynamic,208.88001835160247,208.88001835160247,0.0,0,0.0,,0.0
1.65,29,0.005000000000000001,dro,208.88001835160247,208.88001835160247,0.0,0,0.0,,0.0
1.7,29,0.005000000000000001,myopic,208.88001835160247,208.88001835160247,0.0,0,0.0,,0.0
1.7,29,0.005000000000000001,nominal_dynamic,208.88001835160247,208.88001835160247,0.0,0,0.0,,0.0
1.7,29,0.005000000000000001,dro,208.88001835160247,208.88001835160247,0.0,0,0.0,,0.0
1.75,29,0.005000000000000001,myopic,208.88001835160247,208.88001835160247,0.0,0,0.0,,0.0
1.75,29,0.005000000000000001,nominal_dynamic,208.88001835160247,208.88001835160247,0.0,0,0.0,,0.0
1.75,29,0.005000000000000001,dro,208.88001835160247,208.88001835160247,0.0,0,0.0,,0.0
1.8,29,0.005000000000000001,myopic,208.88001835160247,208.88001835160247,0.0,0,0.0,,0.0
1.8,29,0.005000000000000001,nominal_dynamic,208.88001835160247,208.88001835160247,0.0,0,0.0,,0.0
1.8,29,0.005000000000000001,dro,208.88001835160247,208.88001835160247,0.0,0,0.0,,0.0
1.85,29,0.005000000000000001,myopic,208.88001835160247,208.88001835160247,0.0,0,0.0,,0.0
1.85,29,0.005000000000000001,nominal_dynamic,208.88001835160247,208.88001835160247,0.0,0,0.0,,0.0
1.85,29,0.005000000000000001,dro,208.88001835160247,208.88001835160247,0.0,0,0.0,,0.0
1.9,29,0.005000000000000001,myopic,208.88001835160247,208.88001835160247,0.0,0,0.0,,0.0
1.9,29,0.005000000000000001,nominal_dynamic,208.88001835160247,208.88001835160247,0.0,0,0.0,,0.0
1.9,29,0.005000000000000001,dro,208.88001835160247,208.88001835160247,0.0,0,0.0,,0.0
1.95,29,0.005000000000000001,myopic,208.88001835160247,208.88001835160247,0.0,0,0.0,,0.0
1.95,29,0.005000000000000001,nominal_dynamic,208.88001835160247,208.88001835160247,0.0,0,0.0,,0.0
1.95,29,0.005000000000000001,dro,208.88001835160247,208.88001835160247,0.0,0,0.0,,0.0
2.0,29,0.005000000000000001,myopic,208.88001835160247,208.88001835160247,0.0,0,0.0,,0.0
2.0,29,0.005000000000000001,nominal_dynamic,208.88001835160247,208.88001835160247,0.0,0,0.0,,0.0
2.0,29,0.005000000000000001,dro,208.88001835160247,208.88001835160247,0.0,0,0.0,,0.0
2.05,29,0.005000000000000001,myopic,208.88001835160247,208.88001835160247,0.0,0,0.0,,0.0
2.05,29,0.005000000000000001,nominal_dynamic,208.88001835160247,208.88001835160247,0.0,0,0.0,,0.0
2.05,29,0.005000000000000001,dro,208.88001835160247,208.88001835160247,0.0,0,0.0,,0.0
2.1,29,0.005000000000000001,myopic,208.88001835160247,208.88001835160247,0.0,0,0.0,,0.0
2.1,29,0.005000000000000001,nominal_dynamic,208.88001835160247,208.88001835160247,0.0,0,0.0,,0.0
2.1,29,0.005000000000000001,dro,208.88001835160247,208.88001835160247,0.0,0,0.0,,0.0
2.15,29,0.005000000000000001,myopic,208.88001835160247,208.88001835160247,0.0,0,0.0,,0.0
2.15,29,0.005000000000000001,nominal_dynamic,208.88001835160247,208.88001835160247,0.0,0,0.0,,0.0
2.15,29,0.005000000000000001,dro,208.88001835160247,208.88001835160247,0.0,0,0.0,,0.0
2.2,29,0.005000000000000001,myopic,187.89237504852173,208.88001835160247,20.987643303080745,4,0.3,1.0,0.3
2.2,29,0.005000000000000001,nominal_dynamic,206.19943197848622,208.88001835160247,2.680586373116256,1,0.3,12.0,0.0
2.2,29,0.005000000000000001,dro,208.88001835160247,208.88001835160247,0.0,0,0.0,,0.0
2.25,29,0.005000000000000001,myopic,191.6810784484108,208.88001835160247,17.198939903191672,4,0.3,1.0,0.3
2.25,29,0.005000000000000001,nominal_dynamic,193.9696116842651,208.88001835160247,14.910406667337384,4,0.3,1.0,0.3
2.25,29,0.005000000000000001,dro,207.12909714461205,208.88001835160247,1.7509212069904265,1,0.3,12.0,0.0
2.3,29,0.005000000000000001,myopic,195.46978184829987,208.88001835160247,13.410236503302599,4,0.3,1.0,0.3
2.3,29,0.005000000000000001,nominal_dynamic,197.75555657536526,208.88001835160247,11.124461776237212,4,0.3,1.0,0.3
2.3,29,0.005000000000000001,dro,208.05876231073785,208.88001835160247,0.8212560408646254,1,0.3,12.0,0.0
2.35,29,0.005000000000000001,myopic,199.25848524818895,208.98842747686365,9.729942228674702,4,0.3,1.0,0.3
2.35,29,0.005000000000000001,nominal_dynamic,201.5415014664655,208.98842747686365,7.446926010398158,4,0.3,1.0,0.3
2.35,29,0.005000000000000001,dro,201.60911807531784,208.98842747686365,7.379309401545811,4,0.3,3.0,0.0
2.4,29,0.005000000000000001,myopic,203.04718864807802,209.91809264298948,6.870903994911458,4,0.3,1.0,0.3
2.4,29,0.005000000000000001,nominal_dynamic,205.32744635756572,209.91809264298948,4.590646285423759,4,0.3,1.0,0.3
2.4,29,0.005000000000000001,dro,205.360029158793,209.91809264298948,4.558063484196481,4,0.3,3.0,0.0
2.45,29,0.005000000000000001,myopic,206.8358920479671,210.84775780911528,4.0118657611481865,4,0.3,1.0,0.3
2.45,29,0.005000000000000001,nominal_dynamic,209.11339124866592,210.84775780911528,1.7343665604493594,4,0.3,1.0,0.3
2.45,29,0.005000000000000001,dro,209.09884028547305,210.84775780911528,1.748917523642234,4,0.3,1.0,0.3
2.5,29,0.005000000000000001,myopic,210.6245954478561,212.89933613976612,2.2747406919100115,4,0.3,1.0,0.3
2.5,29,0.005000000000000001,nominal_dynamic,212.89933613976612,212.89933613976612,0.0,4,0.3,1.0,0.3
2.5,29,0.005000000000000001,dro,212.88477002742343,212.89933613976612,0.014566112342691895,4,0.3,1.0,0.3
2.55,29,0.005000000000000001,myopic,214.41329884774518,216.68528103086632,2.271982183121139,4,0.3,1.0,0.3
2.55,29,0.005000000000000001,nominal_dynamic,216.68528103086632,216.68528103086632,0.0,4,0.3,1.0,0.3
2.55,29,0.005000000000000001,dro,216.67069976937375,216.68528103086632,0.014581261492566,4,0.3,1.0,0.3
2.6,29,0.005000000000000001,myopic,218.20200224763425,220.47122592196655,2.269223674332295,4,0.3,1.0,0.3
2.6,29,0.005000000000000001,nominal_dynamic,220.47122592196655,220.47122592196655,0.0,4,0.3,1.0,0.3
2.6,29,0.005000000000000001,dro,220.45662951132414,220.47122592196655,0.014596410642411684,4,0.3,1.0,0.3
2.65,29,0.005000000000000001,myopic,221.99070564752327,224.25717081306675,2.2664651655434795,4,0.3,1.0,0.3
2.65,29,0.005000000000000001,nominal_dynamic,224.25717081306675,224.25717081306675,0.0,4,0.3,1.0,0.3
2.65,29,0.005000000000000001,dro,224.24255925327446,224.25717081306675,0.014611559792285789,4,0.3,1.0,0.3
2.7,29,0.005000000000000001,myopic,225.7794090474124,228.04311570416695,2.2637066567545503,4,0.3,1.0,0.3
2.7,29,0.005000000000000001,nominal_dynamic,228.04311570416695,228.04311570416695,0.0,4,0.3,1.0,0.3
2.7,29,0.005000000000000001,dro,228.02848899522485,228.04311570416695,0.01462670894210305,4,0.3,1.0,0.3
2.75,29,0.005000000000000001,myopic,229.56811244730142,231.82906059526715,2.2609481479657347,4,0.3,1.0,0.3
2.75,29,0.005000000000000001,nominal_dynamic,231.82906059526715,231.82906059526715,0.0,4,0.3,1.0,0.3
2.75,29,0.005000000000000001,dro,231.81441873717517,231.82906059526715,0.014641858091977156,4,0.3,1.0,0.3
2.8,29,0.005000000000000001,myopic,233.3568158471905,235.61500548636738,2.2581896391768908,4,0.3,1.0,0.3
2.8,29,0.005000000000000001,nominal_dynamic,235.61500548636738,235.61500548636738,0.0,4,0.3,1.0,0.3
2.8,29,0.005000000000000001,dro,235.60034847912553,235.61500548636738,0.014657007241851261,4,0.3,1.0,0.3
2.85,29,0.005000000000000001,myopic,237.1455192470795,239.40095037746755,2.2554311303880468,4,0.3,1.0,0.3
2.85,29,0.005000000000000001,nominal_dynamic,239.40095037746755,239.40095037746755,0.0,4,0.3,1.0,0.3
2.85,29,0.005000000000000001,dro,239.38627822107588,239.40095037746755,0.014672156391668523,4,0.3,1.0,0.3
2.9,29,0.005000000000000001,myopic,240.93422264696858,243.1868952685678,2.252672621599231,4,0.3,1.0,0.3
2.9,29,0.005000000000000001,nominal_dynamic,243.1868952685678,243.1868952685678,0.0,4,0.3,1.0,0.3
2.9,29,0.005000000000000001,dro,243.17220796302627,243.1868952685678,0.014687305541542628,4,0.3,1.0,0.3
2.95,29,0.005000000000000001,myopic,244.7229260468577,246.972840159668,2.249914112810302,4,0.3,1.0,0.3
2.95,29,0.005000000000000001,nominal_dynamic,246.972840159668,246.972840159668,0.0,4,0.3,1.0,0.3
2.95,29,0.005000000000000001,dro,246.92517672514552,246.972840159668,0.04766343452249089,4,0.3,1.0,0.3
3.0,29,0.005000000000000001,myopic,248.51162944674672,250.75878505076818,2.247155604021458,4,0.3,1.0,0.3
3.0,29,0.005000000000000001,nominal_dynamic,250.75878505076818,250.75878505076818,0.0,4,0.3,1.0,0.3
3.0,29,0.005000000000000001,dro,250.7202433094588,250.75878505076818,0.03854174130938759,4,0.3,1.0,0.3
0.0,30,0.020000000000000004,myopic,208.88001835160247,208.88001835160247,0.0,0,0.0,,0.0
0.0,30,0.020000000000000004,nominal_dynamic,208.88001835160247,208.88001835160247,0.0,0,0.0,,0.0
0.0,30,0.020000000000000004,dro,208.88001835160247,208.88001835160247,0.0,0,0.0,,0.0
0.05,30,0.020000000000000004,myopic,208.88001835160247,208.88001835160247,0.0,0,0.0,,0.0
0.05,30,0.020000000000000004,nominal_dynamic,208.88001835160247,208.88001835160247,0.0,0,0.0,,0.0
0.05,30,0.020000000000000004,dro,208.88001835160247,208.88001835160247,0.0,0,0.0,,0.0
0.1,30,0.020000000000000004,myopic,208.88001835160247,208.88001835160247,0.0,0,0.0,,0.0
0.1,30,0.020000000000000004,nominal_dynamic,208.88001835160247,208.88001835160247,0.0,0,0.0,,0.0
0.1,30,0.020000000000000004,dro,208.88001835160247,208.88001835160247,0.0,0,0.0,,0.0
0.15,30,0.020000000000000004,myopic,208.88001835160247,208.88001835160247,0.0,0,0.0,,0.0
0.15,30,0.020000000000000004,nominal_dynamic,208.88001835160247,208.88001835160247,0.0,0,0.0,,0.0
0.15,30,0.020000000000000004,dro,208.88001835160247,208.88001835160247,0.0,0,0.0,,0.0
0.2,30,0.020000000000000004,myopic,208.88001835160247,208.88001835160247,0.0,0,0.0,,0.0
0.2,30,0.020000000000000004,nominal_dynamic,208.88001835160247,208.88001835160247,0.0,0,0.0,,0.0
0.2,30,0.020000000000000004,dro,208.88001835160247,208.88001835160247,0.0,0,0.0,,0.0
0.25,30,0.020000000000000004,myopic,208.88001835160247,208.88001835160247,0.0,0,0.0,,0.0
0.25,30,0.020000000000000004,nominal_dynamic,208.88001835160247,208.88001835160247,0.0,0,0.0,,0.0
0.25,30,0.020000000000000004,dro,208.88001835160247,208.88001835160247,0.0,0,0.0,,0.0
0.3,30,0.020000000000000004,myopic,208.88001835160247,208.88001835160247,0.0,0,0.0,,0.0
0.3,30,0.020000000000000004,nominal_dynamic,208.88001835160247,208.88001835160247,0.0,0,0.0,,0.0
0.3,30,0.020000000000000004,dro,208.88001835160247,208.88001835160247,0.0,0,0.0,,0.0
0.35,30,0.020000000000000004,myopic,208.88001835160247,208.88001835160247,0.0,0,0.0,,0.0
0.35,30,0.020000000000000004,nominal_dynamic,208.88001835160247,208.88001835160247,0.0,0,0.0,,0.0
0.35,30,0.020000000000000004,dro,208.88001835160247,208.88001835160247,0.0,0,0.0,,0.0
0.4,30,0.020000000000000004,myopic,208.88001835160247,208.88001835160247,0.0,0,0.0,,0.0
0.4,30,0.020000000000000004,nominal_dynamic,208.88001835160247,208.88001835160247,0.0,0,0.0,,0.0
0.4,30,0.020000000000000004,dro,208.88001835160247,208.88001835160247,0.0,0,0.0,,0.0
0.45,30,0.020000000000000004,myopic,208.88001835160247,208.88001835160247,0.0,0,0.0,,0.0
0.45,30,0.020000000000000004,nominal_dynamic,208.88001835160247,208.88001835160247,0.0,0,0.0,,0.0
0.45,30,0.020000000000000004,dro,208.88001835160247,208.88001835160247,0.0,0,0.0,,0.0
0.5,30,0.020000000000000004,myopic,208.88001835160247,208.88001835160247,0.0,0,0.0,,0.0
0.5,30,0.020000000000000004,nominal_dynamic,208.88001835160247,208.88001835160247,0.0,0,0.0,,0.0
0.5,30,0.020000000000000004,dro,208.88001835160247,208.88001835160247,0.0,0,0.0,,0.0
0.55,30,0.020000000000000004,myopic,208.88001835160247,208.88001835160247,0.0,0,0.0,,0.0
0.55,30,0.020000000000000004,nominal_dynamic,208.88001835160247,208.88001835160247,0.0,0,0.0,,0.0
0.55,30,0.020000000000000004,dro,208.88001835160247,208.88001835160247,0.0,0,0.0,,0.0
0.6,30,0.020000000000000004,myopic,208.88001835160247,208.88001835160247,0.0,0,0.0,,0.0
0.6,30,0.020000000000000004,nominal_dynamic,208.88001835160247,208.88001835160247,0.0,0,0.0,,0.0
0.6,30,0.020000000000000004,dro,208.88001835160247,208.88001835160247,0.0,0,0.0,,0.0
0.65,30,0.020000000000000004,myopic,208.88001835160247,208.88001835160247,0.0,0,0.0,,0.0
0.65,30,0.020000000000000004,nominal_dynamic,208.88001835160247,208.88001835160247,0.0,0,0.0,,0.0
0.65,30,0.020000000000000004,dro,208.88001835160247,208.88001835160247,0.0,0,0.0,,0.0
0.7,30,0.020000000000000004,myopic,208.88001835160247,208.88001835160247,0.0,0,0.0,,0.0
0.7,30,0.020000000000000004,nominal_dynamic,208.88001835160247,208.88001835160247,0.0,0,0.0,,0.0
0.7,30,0.020000000000000004,dro,208.88001835160247,208.88001835160247,0.0,0,0.0,,0.0
0.75,30,0.020000000000000004,myopic,208.88001835160247,208.88001835160247,0.0,0,0.0,,0.0
0.75,30,0.020000000000000004,nominal_dynamic,208.88001835160247,208.88001835160247,0.0,0,0.0,,0.0
0.75,30,0.020000000000000004,dro,208.88001835160247,208.88001835160247,0.0,0,0.0,,0.0
0.8,30,0.020000000000000004,myopic,208.88001835160247,208.88001835160247,0.0,0,0.0,,0.0
0.8,30,0.020000000000000004,nominal_dynamic,208.88001835160247,208.88001835160247,0.0,0,0.0,,0.0
0.8,30,0.020000000000000004,dro,208.88001835160247,208.88001835160247,0.0,0,0.0,,0.0
0.85,30,0.020000000000000004,myopic,208.88001835160247,208.88001835160247,0.0,0,0.0,,0.0
0.85,30,0.020000000000000004,nominal_dynamic,208.88001835160247,208.88001835160247,0.0,0,0.0,,0.0
0.85,30,0.020000000000000004,dro,208.88001835160247,208.88001835160247,0.0,0,0.0,,0.0
0.9,30,0.020000000000000004,myopic,208.88001835160247,208.88001835160247,0.0,0,0.0,,0.0
0.9,30,0.020000000000000004,nominal_dynamic,208.88001835160247,208.88001835160247,0.0,0,0.0,,0.0
0.9,30,0.020000000000000004,dro,208.88001835160247,208.88001835160247,0.0,0,0.0,,0.0
0.95,30,0.020000000000000004,myopic,208.88001835160247,208.88001835160247,0.0,0,0.0,,0.0
0.95,30,0.020000000000000004,nominal_dynamic,208.88001835160247,208.88001835160247,0.0,0,0.0,,0.0
0.95,30,0.020000000000000004,dro,208.88001835160247,208.88001835160247,0.0,0,0.0,,0.0
1.0,30,0.020000000000000004,myopic,208.88001835160247,208.88001835160247,0.0,0,0.0,,0.0
1.0,30,0.020000000000000004,nominal_dynamic,208.88001835160247,208.88001835160247,0.0,0,0.0,,0.0
1.0,30,0.020000000000000004,dro,208.88001835160247,208.88001835160247,0.0,0,0.0,,0.0
1.05,30,0.020000000000000004,myopic,208.88001835160247,208.88001835160247,0.0,0,0.0,,0.0
1.05,30,0.020000000000000004,nominal_dynamic,208.88001835160247,208.88001835160247,0.0,0,0.0,,0.0
1.05,30,0.020000000000000004,dro,208.88001835160247,208.88001835160247,0.0,0,0.0,,0.0
1.1,30,0.020000000000000004,myopic,208.88001835160247,208.88001835160247,0.0,0,0.0,,0.0
1.1,30,0.020000000000000004,nominal_dynamic,208.88001835160247,208.88001835160247,0.0,0,0.0,,0.0
1.1,30,0.020000000000000004,dro,208.88001835160247,208.88001835160247,0.0,0,0.0,,0.0
1.15,30,0.020000000000000004,myopic,208.88001835160247,208.88001835160247,0.0,0,0.0,,0.0
1.15,30,0.020000000000000004,nominal_dynamic,208.88001835160247,208.88001835160247,0.0,0,0.0,,0.0
1.15,30,0.020000000000000004,dro,208.88001835160247,208.88001835160247,0.0,0,0.0,,0.0
1.2,30,0.020000000000000004,myopic,208.88001835160247,208.88001835160247,0.0,0,0.0,,0.0
1.2,30,0.020000000000000004,nominal_dynamic,208.88001835160247,208.88001835160247,0.0,0,0.0,,0.0
1.2,30,0.020000000000000004,dro,208.88001835160247,208.88001835160247,0.0,0,0.0,,0.0
1.25,30,0.020000000000000004,myopic,208.88001835160247,208.88001835160247,0.0,0,0.0,,0.0
1.25,30,0.020000000000000004,nominal_dynamic,208.88001835160247,208.88001835160247,0.0,0,0.0,,0.0
1.25,30,0.020000000000000004,dro,208.88001835160247,208.88001835160247,0.0,0,0.0,,0.0
1.3,30,0.020000000000000004,myopic,208.88001835160247,208.88001835160247,0.0,0,0.0,,0.0
1.3,30,0.020000000000000004,nominal_dynamic,208.88001835160247,208.88001835160247,0.0,0,0.0,,0.0
1.3,30,0.020000000000000004,dro,208.88001835160247,208.88001835160247,0.0,0,0.0,,0.0
1.35,30,0.020000000000000004,myopic,208.88001835160247,208.88001835160247,0.0,0,0.0,,0.0
1.35,30,0.020000000000000004,nominal_dynamic,208.88001835160247,208.88001835160247,0.0,0,0.0,,0.0
1.35,30,0.020000000000000004,dro,208.88001835160247,208.88001835160247,0.0,0,0.0,,0.0
1.4,30,0.020000000000000004,myopic,208.88001835160247,208.88001835160247,0.0,0,0.0,,0.0
1.4,30,0.020000000000000004,nominal_dynamic,208.88001835160247,208.88001835160247,0.0,0,0.0,,0.0
1.4,30,0.020000000000000004,dro,208.88001835160247,208.88001835160247,0.0,0,0.0,,0.0
1.45,30,0.020000000000000004,myopic,208.88001835160247,208.88001835160247,0.0,0,0.0,,0.0
1.45,30,0.020000000000000004,nominal_dynamic,208.88001835160247,208.88001835160247,0.0,0,0.0,,0.0
1.45,30,0.020000000000000004,dro,208.88001835160247,208.88001835160247,0.0,0,0.0,,0.0
1.5,30,0.020000000000000004,myopic,208.88001835160247,208.88001835160247,0.0,0,0.0,,0.0
1.5,30,0.020000000000000004,nominal_dynamic,208.88001835160247,208.88001835160247,0.0,0,0.0,,0.0
1.5,30,0.020000000000000004,dro,208.88001835160247,208.88001835160247,0.0,0,0.0,,0.0
1.55,30,0.020000000000000004,myopic,208.88001835160247,208.88001835160247,0.0,0,0.0,,0.0
1.55,30,0.020000000000000004,nominal_dynamic,208.88001835160247,208.88001835160247,0.0,0,0.0,,0.0
1.55,30,0.020000000000000004,dro,208.88001835160247,208.88001835160247,0.0,0,0.0,,0.0
1.6,30,0.020000000000000004,myopic,208.88001835160247,208.88001835160247,0.0,0,0.0,,0.0
1.6,30,0.020000000000000004,nominal_dynamic,208.88001835160247,208.88001835160247,0.0,0,0.0,,0.0
1.6,30,0.020000000000000004,dro,208.88001835160247,208.88001835160247,0.0,0,0.0,,0.0
1.65,30,0.020000000000000004,myopic,208.88001835160247,208.88001835160247,0.0,0,0.0,,0.0
1.65,30,0.020000000000000004,nominal_dynamic,208.88001835160247,208.88001835160247,0.0,0,0.0,,0.0
1.65,30,0.020000000000000004,dro,208.88001835160247,208.88001835160247,0.0,0,0.0,,0.0
1.7,30,0.020000000000000004,myopic,208.88001835160247,208.88001835160247,0.0,0,0.0,,0.0
1.7,30,0.020000000000000004,nominal_dynamic,208.88001835160247,208.88001835160247,0.0,0,0.0,,0.0
1.7,30,0.020000000000000004,dro,208.88001835160247,208.88001835160247,0.0,0,0.0,,0.0
1.75,30,0.020000000000000004,myopic,208.88001835160247,208.88001835160247,0.0,0,0.0,,0.0
1.75,30,0.020000000000000004,nominal_dynamic,208.88001835160247,208.88001835160247,0.0,0,0.0,,0.0
1.75,30,0.020000000000000004,dro,208.88001835160247,208.88001835160247,0.0,0,0.0,,0.0
1.8,30,0.020000000000000004,myopic,208.88001835160247,208.88001835160247,0.0,0,0.0,,0.0
1.8,30,0.020000000000000004,nominal_dynamic,208.88001835160247,208.88001835160247,0.0,0,0.0,,0.0
1.8,30,0.020000000000000004,dro,208.88001835160247,208.88001835160247,0.0,0,0.0,,0.0
1.85,30,0.020000000000000004,myopic,208.88001835160247,208.88001835160247,0.0,0,0.0,,0.0
1.85,30,0.020000000000000004,nominal_dynamic,208.88001835160247,208.88001835160247,0.0,0,0.0,,0.0
1.85,30,0.020000000000000004,dro,208.88001835160247,208.88001835160247,0.0,0,0.0,,0.0
1.9,30,0.020000000000000004,myopic,208.88001835160247,208.88001835160247,0.0,0,0.0,,0.0
1.9,30,0.020000000000000004,nominal_dynamic,208.88001835160247,208.88001835160247,0.0,0,0.0,,0.0
1.9,30,0.020000000000000004,dro,208.88001835160247,208.88001835160247,0.0,0,0.0,,0.0
1.95,30,0.020000000000000004,myopic,208.88001835160247,208.88001835160247,0.0,0,0.0,,0.0
1.95,30,0.020000000000000004,nominal_dynamic,208.88001835160247,208.88001835160247,0.0,0,0.0,,0.0
1.95,30,0.020000000000000004,dro,208.88001835160247,208.88001835160247,0.0,0,0.0,,0.0
2.0,30,0.020000000000000004,myopic,208.88001835160247,208.88001835160247,0.0,0,0.0,,0.0
2.0,30,0.020000000000000004,nominal_dynamic,208.88001835160247,208.88001835160247,0.0,0,0.0,,0.0
2.0,30,0.020000000000000004,dro,208.88001835160247,208.88001835160247,0.0,0,0.0,,0.0
2.05,30,0.020000000000000004,myopic,208.88001835160247,208.88001835160247,0.0,0,0.0,,0.0
2.05,30,0.020000000000000004,nominal_dynamic,208.88001835160247,208.88001835160247,0.0,0,0.0,,0.0
2.05,30,0.020000000000000004,dro,208.88001835160247,208.88001835160247,0.0,0,0.0,,0.0
2.1,30,0.020000000000000004,myopic,208.88001835160247,208.88001835160247,0.0,0,0.0,,0.0
2.1,30,0.020000000000000004,nominal_dynamic,208.88001835160247,208.88001835160247,0.0,0,0.0,,0.0
2.1,30,0.020000000000000004,dro,208.88001835160247,208.88001835160247,0.0,0,0.0,,0.0
2.15,30,0.020000000000000004,myopic,208.88001835160247,209.6970812689537,0.8170629173512225,0,0.0,,0.0
2.15,30,0.020000000000000004,nominal_dynamic,208.88001835160247,209.6970812689537,0.8170629173512225,0,0.0,,0.0
2.15,30,0.020000000000000004,dro,208.88001835160247,209.6970812689537,0.8170629173512225,0,0.0,,0.0
2.2,30,0.020000000000000004,myopic,211.64832519157963,213.0038523337805,1.355527142200856,4,0.3,1.0,0.3
2.2,30,0.020000000000000004,nominal_dynamic,210.9357366263039,213.0038523337805,2.0681157074765792,1,0.3,12.0,0.0
2.2,30,0.020000000000000004,dro,208.88001835160247,213.0038523337805,4.123833982178013,0,0.0,,0.0
2.25,30,0.020000000000000004,myopic,216.76153252600858,218.10658027797908,1.3450477519704975,4,0.3,1.0,0.3
2.25,30,0.020000000000000004,nominal_dynamic,218.09170895271492,218.10658027797908,0.014871325264152802,4,0.3,1.0,0.3
2.25,30,0.020000000000000004,dro,212.1743919836541,218.10658027797908,5.9321882943249875,1,0.3,12.0,0.0
2.3,30,0.020000000000000004,myopic,221.8747398604376,223.20930822217775,1.3345683617401676,4,0.3,1.0,0.3
2.3,30,0.020000000000000004,nominal_dynamic,223.1818251118804,223.20930822217775,0.027483110297339408,4,0.3,1.0,0.3
2.3,30,0.020000000000000004,dro,213.4130473410043,223.20930822217775,9.796260881173453,1,0.3,12.0,0.0
2.35,30,0.020000000000000004,myopic,226.98794719486662,228.31203616637646,1.3240889715098376,4,0.3,1.0,0.3
2.35,30,0.020000000000000004,nominal_dynamic,228.27194127104588,228.31203616637646,0.04009489533058286,4,0.3,1.0,0.3
2.35,30,0.020000000000000004,dro,228.17129800015982,228.31203616637646,0.14073816621663582,4,0.3,3.0,0.0
2.4,30,0.020000000000000004,myopic,232.1011545292956,233.4147641105751,1.3136095812795077,4,0.3,1.0,0.3
2.4,30,0.020000000000000004,nominal_dynamic,233.4147641105751,233.4147641105751,0.0,4,0.3,1.0,0.3
2.4,30,0.020000000000000004,dro,233.23350109142788,233.4147641105751,0.18126301914722376,4,0.3,3.0,0.0
2.45,30,0.020000000000000004,myopic,237.21436186372463,238.51749205477378,1.3031301910491493,4,0.3,1.0,0.3
2.45,30,0.020000000000000004,nominal_dynamic,238.51749205477378,238.51749205477378,0.0,4,0.3,1.0,0.3
2.45,30,0.020000000000000004,dro,238.3812770439784,238.51749205477378,0.13621501079538234,4,0.3,1.0,0.3
2.5,30,0.020000000000000004,myopic,242.3275691981536,243.62021999897246,1.2926508008188478,4,0.3,1.0,0.3
2.5,30,0.020000000000000004,nominal_dynamic,243.62021999897246,243.62021999897246,0.0,4,0.3,1.0,0.3
2.5,30,0.020000000000000004,dro,243.45857674891369,243.62021999897246,0.16164325005877345,4,0.3,1.0,0.3
2.55,30,0.020000000000000004,myopic,247.4407765325826,248.72294794317108,1.2821714105884894,4,0.3,1.0,0.3
2.55,30,0.020000000000000004,nominal_dynamic,248.72294794317108,248.72294794317108,0.0,4,0.3,1.0,0.3
2.55,30,0.020000000000000004,dro,248.5358764538489,248.72294794317108,0.18707148932216455,4,0.3,1.0,0.3
2.6,30,0.020000000000000004,myopic,252.55398386701162,253.82567588736978,1.2716920203581594,4,0.3,1.0,0.3
2.6,30,0.020000000000000004,nominal_dynamic,253.82567588736978,253.82567588736978,0.0,4,0.3,1.0,0.3
2.6,30,0.020000000000000004,dro,253.7225220668731,253.82567588736978,0.10315382049668642,4,0.3,1.0,0.3
2.65,30,0.020000000000000004,myopic,257.66719120144063,258.92840383156846,1.2612126301278295,4,0.3,1.0,0.3
2.65,30,0.020000000000000004,nominal_dynamic,258.92840383156846,258.92840383156846,0.0,4,0.3,1.0,0.3
2.65,30,0.020000000000000004,dro,258.8126382260386,258.92840383156846,0.11576560552987303,4,0.3,1.0,0.3
2.7,30,0.020000000000000004,myopic,262.78039853586967,264.0311317757671,1.2507332398974427,4,0.3,1.0,0.3
2.7,30,0.020000000000000004,nominal_dynamic,264.0311317757671,264.0311317757671,0.0,4,0.3,1.0,0.3
2.7,30,0.020000000000000004,dro,263.90275438520405,264.0311317757671,0.12837739056305963,4,0.3,1.0,0.3
2.75,30,0.020000000000000004,myopic,267.89360587029864,269.13385971996576,1.2402538496671127,4,0.3,1.0,0.3
2.75,30,0.020000000000000004,nominal_dynamic,269.13385971996576,269.13385971996576,0.0,4,0.3,1.0,0.3
2.75,30,0.020000000000000004,dro,268.99287054436945,269.13385971996576,0.14098917559630308,4,0.3,1.0,0.3
2.8,30,0.020000000000000004,myopic,273.00681320472756,274.23658766416446,1.2297744594368964,4,0.3,1.0,0.3
2.8,30,0.020000000000000004,nominal_dynamic,274.23658766416446,274.23658766416446,0.0,4,0.3,1.0,0.3
2.8,30,0.020000000000000004,dro,274.0829867035349,274.23658766416446,0.15360096062954653,4,0.3,1.0,0.3
2.85,30,0.020000000000000004,myopic,278.1200205391566,279.3393156083631,1.2192950692065097,4,0.3,1.0,0.3
2.85,30,0.020000000000000004,nominal_dynamic,279.3393156083631,279.3393156083631,0.0,4,0.3,1.0,0.3
2.85,30,0.020000000000000004,dro,279.1731028627004,279.3393156083631,0.16621274566273314,4,0.3,1.0,0.3
2.9,30,0.020000000000000004,myopic,283.23322787358563,284.4420435525618,1.2088156789761797,4,0.3,1.0,0.3
2.9,30,0.020000000000000004,nominal_dynamic,284.4420435525618,284.4420435525618,0.0,4,0.3,1.0,0.3
2.9,30,0.020000000000000004,dro,284.4420435525618,284.4420435525618,0.0,4,0.3,1.0,0.3
2.95,30,0.020000000000000004,myopic,288.3464352080146,289.54477149676046,1.1983362887458497,4,0.3,1.0,0.3
2.95,30,0.020000000000000004,nominal_dynamic,289.54477149676046,289.54477149676046,0.0,4,0.3,1.0,0.3
2.95,30,0.020000000000000004,dro,289.54477149676046,289.54477149676046,0.0,4,0.3,1.0,0.3
3.0,30,0.020000000000000004,myopic,293.4596425424436,294.6474994409591,1.1878568985155198,4,0.3,1.0,0.3
3.0,30,0.020000000000000004,nominal_dynamic,294.6474994409591,294.6474994409591,0.0,4,0.3,1.0,0.3
3.0,30,0.020000000000000004,dro,294.6474994409591,294.6474994409591,0.0,4,0.3,1.0,0.3
0.0,31,0.030000000000000002,myopic,208.88001835160247,208.88001835160247,0.0,0,0.0,,0.0
0.0,31,0.030000000000000002,nominal_dynamic,208.88001835160247,208.88001835160247,0.0,0,0.0,,0.0
0.0,31,0.030000000000000002,dro,208.88001835160247,208.88001835160247,0.0,0,0.0,,0.0
0.05,31,0.030000000000000002,myopic,208.88001835160247,208.88001835160247,0.0,0,0.0,,0.0
0.05,31,0.030000000000000002,nominal_dynamic,208.88001835160247,208.88001835160247,0.0,0,0.0,,0.0
0.05,31,0.030000000000000002,dro,208.88001835160247,208.88001835160247,0.0,0,0.0,,0.0
0.1,31,0.030000000000000002,myopic,208.88001835160247,208.88001835160247,0.0,0,0.0,,0.0
0.1,31,0.030000000000000002,nominal_dynamic,208.88001835160247,208.88001835160247,0.0,0,0.0,,0.0
0.1,31,0.030000000000000002,dro,208.88001835160247,208.88001835160247,0.0,0,0.0,,0.0
0.15,31,0.030000000000000002,myopic,208.88001835160247,208.88001835160247,0.0,0,0.0,,0.0
0.15,31,0.030000000000000002,nominal_dynamic,208.88001835160247,208.88001835160247,0.0,0,0.0,,0.0
0.15,31,0.030000000000000002,dro,208.88001835160247,208.88001835160247,0.0,0,0.0,,0.0
0.2,31,0.030000000000000002,myopic,208.88001835160247,208.88001835160247,0.0,0,0.0,,0.0
0.2,31,0.030000000000000002,nominal_dynamic,208.88001835160247,208.88001835160247,0.0,0,0.0,,0.0
0.2,31,0.030000000000000002,dro,208.88001835160247,208.88001835160247,0.0,0,0.0,,0.0
0.25,31,0.030000000000000002,myopic,208.88001835160247,208.88001835160247,0.0,0,0.0,,0.0
0.25,31,0.030000000000000002,nominal_dynamic,208.88001835160247,208.88001835160247,0.0,0,0.0,,0.0
0.25,31,0.030000000000000002,dro,208.88001835160247,208.88001835160247,0.0,0,0.0,,0.0
0.3,31,0.030000000000000002,myopic,208.88001835160247,208.88001835160247,0.0,0,0.0,,0.0
0.3,31,0.030000000000000002,nominal_dynamic,208.88001835160247,208.88001835160247,0.0,0,0.0,,0.0
0.3,31,0.030000000000000002,dro,208.88001835160247,208.88001835160247,0.0,0,0.0,,0.0
0.35,31,0.030000000000000002,myopic,208.88001835160247,208.88001835160247,0.0,0,0.0,,0.0
0.35,31,0.030000000000000002,nominal_dynamic,208.88001835160247,208.88001835160247,0.0,0,0.0,,0.0
0.35,31,0.030000000000000002,dro,208.88001835160247,208.88001835160247,0.0,0,0.0,,0.0
0.4,31,0.030000000000000002,myopic,208.88001835160247,208.88001835160247,0.0,0,0.0,,0.0
0.4,31,0.030000000000000002,nominal_dynamic,208.88001835160247,208.88001835160247,0.0,0,0.0,,0.0
0.4,31,0.030000000000000002,dro,208.88001835160247,208.88001835160247,0.0,0,0.0,,0.0
0.45,31,0.030000000000000002,myopic,208.88001835160247,208.88001835160247,0.0,0,0.0,,0.0
0.45,31,0.030000000000000002,nominal_dynamic,208.88001835160247,208.88001835160247,0.0,0,0.0,,0.0
0.45,31,0.030000000000000002,dro,208.88001835160247,208.88001835160247,0.0,0,0.0,,0.0
0.5,31,0.030000000000000002,myopic,208.88001835160247,208.88001835160247,0.0,0,0.0,,0.0
0.5,31,0.030000000000000002,nominal_dynamic,208.88001835160247,208.88001835160247,0.0,0,0.0,,0.0
0.5,31,0.030000000000000002,dro,208.88001835160247,208.88001835160247,0.0,0,0.0,,0.0
0.55,31,0.030000000000000002,myopic,208.88001835160247,208.88001835160247,0.0,0,0.0,,0.0
0.55,31,0.030000000000000002,nominal_dynamic,208.88001835160247,208.88001835160247,0.0,0,0.0,,0.0
0.55,31,0.030000000000000002,dro,208.88001835160247,208.88001835160247,0.0,0,0.0,,0.0
0.6,31,0.030000000000000002,myopic,208.88001835160247,208.88001835160247,0.0,0,0.0,,0.0
0.6,31,0.030000000000000002,nominal_dynamic,208.88001835160247,208.88001835160247,0.0,0,0.0,,0.0
0.6,31,0.030000000000000002,dro,208.88001835160247,208.88001835160247,0.0,0,0.0,,0.0
0.65,31,0.030000000000000002,myopic,208.88001835160247,208.88001835160247,0.0,0,0.0,,0.0
0.65,31,0.030000000000000002,nominal_dynamic,208.88001835160247,208.88001835160247,0.0,0,0.0,,0.0
0.65,31,0.030000000000000002,dro,208.88001835160247,208.88001835160247,0.0,0,0.0,,0.0
0.7,31,0.030000000000000002,myopic,208.88001835160247,208.88001835160247,0.0,0,0.0,,0.0
0.7,31,0.030000000000000002,nominal_dynamic,208.88001835160247,208.88001835160247,0.0,0,0.0,,0.0
0.7,31,0.030000000000000002,dro,208.88001835160247,208.88001835160247,0.0,0,0.0,,0.0
0.75,31,0.030000000000000002,myopic,208.88001835160247,208.88001835160247,0.0,0,0.0,,0.0
0.75,31,0.030000000000000002,nominal_dynamic,208.88001835160247,208.88001835160247,0.0,0,0.0,,0.0
0.75,31,0.030000000000000002,dro,208.88001835160247,208.88001835160247,0.0,0,0.0,,0.0
0.8,31,0.030000000000000002,myopic,208.88001835160247,208.88001835160247,0.0,0,0.0,,0.0
0.8,31,0.030000000000000002,nominal_dynamic,208.88001835160247,208.88001835160247,0.0,0,0.0,,0.0
0.8,31,0.030000000000000002,dro,208.88001835160247,208.88001835160247,0.0,0,0.0,,0.0
0.85,31,0.030000000000000002,myopic,208.88001835160247,208.88001835160247,0.0,0,0.0,,0.0
0.85,31,0.030000000000000002,nominal_dynamic,208.88001835160247,208.88001835160247,0.0,0,0.0,,0.0
0.85,31,0.030000000000000002,dro,208.88001835160247,208.88001835160247,0.0,0,0.0,,0.0
0.9,31,0.030000000000000002,myopic,208.88001835160247,208.88001835160247,0.0,0,0.0,,0.0
0.9,31,0.030000000000000002,nominal_dynamic,208.88001835160247,208.88001835160247,0.0,0,0.0,,0.0
0.9,31,0.030000000000000002,dro,208.88001835160247,208.88001835160247,0.0,0,0.0,,0.0
0.95,31,0.030000000000000002,myopic,208.88001835160247,208.88001835160247,0.0,0,0.0,,0.0
0.95,31,0.030000000000000002,nominal_dynamic,208.88001835160247,208.88001835160247,0.0,0,0.0,,0.0
0.95,31,0.030000000000000002,dro,208.88001835160247,208.88001835160247,0.0,0,0.0,,0.0
1.0,31,0.030000000000000002,myopic,208.88001835160247,208.88001835160247,0.0,0,0.0,,0.0
1.0,31,0.030000000000000002,nominal_dynamic,208.88001835160247,208.88001835160247,0.0,0,0.0,,0.0
1.0,31,0.030000000000000002,dro,208.88001835160247,208.88001835160247,0.0,0,0.0,,0.0
1.05,31,0.030000000000000002,myopic,208.88001835160247,208.88001835160247,0.0,0,0.0,,0.0
1.05,31,0.030000000000000002,nominal_dynamic,208.88001835160247,208.88001835160247,0.0,0,0.0,,0.0
1.05,31,0.030000000000000002,dro,208.88001835160247,208.88001835160247,0.0,0,0.0,,0.0
1.1,31,0.030000000000000002,myopic,208.88001835160247,208.88001835160247,0.0,0,0.0,,0.0
1.1,31,0.030000000000000002,nominal_dynamic,208.88001835160247,208.88001835160247,0.0,0,0.0,,0.0
1.1,31,0.030000000000000002,dro,208.88001835160247,208.88001835160247,0.0,0,0.0,,0.0
1.15,31,0.030000000000000002,myopic,208.88001835160247,208.88001835160247,0.0,0,0.0,,0.0
1.15,31,0.030000000000000002,nominal_dynamic,208.88001835160247,208.88001835160247,0.0,0,0.0,,0.0
1.15,31,0.030000000000000002,dro,208.88001835160247,208.88001835160247,0.0,0,0.0,,0.0
1.2,31,0.030000000000000002,myopic,208.88001835160247,208.88001835160247,0.0,0,0.0,,0.0
1.2,31,0.030000000000000002,nominal_dynamic,208.88001835160247,208.88001835160247,0.0,0,0.0,,0.0
1.2,31,0.030000000000000002,dro,208.88001835160247,208.88001835160247,0.0,0,0.0,,0.0
1.25,31,0.030000000000000002,myopic,208.88001835160247,208.88001835160247,0.0,0,0.0,,0.0
1.25,31,0.030000000000000002,nominal_dynamic,208.88001835160247,208.88001835160247,0.0,0,0.0,,0.0
1.25,31,0.030000000000000002,dro,208.88001835160247,208.88001835160247,0.0,0,0.0,,0.0
1.3,31,0.030000000000000002,myopic,208.88001835160247,208.88001835160247,0.0,0,0.0,,0.0
1.3,31,0.030000000000000002,nominal_dynamic,208.88001835160247,208.88001835160247,0.0,0,0.0,,0.0
1.3,31,0.030000000000000002,dro,208.88001835160247,208.88001835160247,0.0,0,0.0,,0.0
1.35,31,0.030000000000000002,myopic,208.88001835160247,208.88001835160247,0.0,0,0.0,,0.0
1.35,31,0.030000000000000002,nominal_dynamic,208.88001835160247,208.88001835160247,0.0,0,0.0,,0.0
1.35,31,0.030000000000000002,dro,208.88001835160247,208.88001835160247,0.0,0,0.0,,0.0
1.4,31,0.030000000000000002,myopic,208.88001835160247,208.88001835160247,0.0,0,0.0,,0.0
1.4,31,0.030000000000000002,nominal_dynamic,208.88001835160247,208.88001835160247,0.0,0,0.0,,0.0
1.4,31,0.030000000000000002,dro,208.88001835160247,208.88001835160247,0.0,0,0.0,,0.0
1.45,31,0.030000000000000002,myopic,208.88001835160247,208.88001835160247,0.0,0,0.0,,0.0
1.45,31,0.030000000000000002,nominal_dynamic,208.88001835160247,208.88001835160247,0.0,0,0.0,,0.0
1.45,31,0.030000000000000002,dro,208.88001835160247,208.88001835160247,0.0,0,0.0,,0.0
1.5,31,0.030000000000000002,myopic,208.88001835160247,208.88001835160247,0.0,0,0.0,,0.0
1.5,31,0.030000000000000002,nominal_dynamic,208.88001835160247,208.88001835160247,0.0,0,0.0,,0.0
1.5,31,0.030000000000000002,dro,208.88001835160247,208.88001835160247,0.0,0,0.0,,0.0
1.55,31,0.030000000000000002,myopic,208.88001835160247,208.88001835160247,0.0,0,0.0,,0.0
1.55,31,0.030000000000000002,nominal_dynamic,208.88001835160247,208.88001835160247,0.0,0,0.0,,0.0
1.55,31,0.030000000000000002,dro,208.88001835160247,208.88001835160247,0.0,0,0.0,,0.0
1.6,31,0.030000000000000002,myopic,208.88001835160247,208.88001835160247,0.0,0,0.0,,0.0
1.6,31,0.030000000000000002,nominal_dynamic,208.88001835160247,208.88001835160247,0.0,0,0.0,,0.0
1.6,31,0.030000000000000002,dro,208.88001835160247,208.88001835160247,0.0,0,0.0,,0.0
1.65,31,0.030000000000000002,myopic,208.88001835160247,208.88001835160247,0.0,0,0.0,,0.0
1.65,31,0.030000000000000002,nominal_dynamic,208.88001835160247,208.88001835160247,0.0,0,0.0,,0.0
1.65,31,0.030000000000000002,dro,208.88001835160247,208.88001835160247,0.0,0,0.0,,0.0
1.7,31,0.030000000000000002,myopic,208.88001835160247,208.88001835160247,0.0,0,0.0,,0.0
1.7,31,0.030000000000000002,nominal_dynamic,208.88001835160247,208.88001835160247,0.0,0,0.0,,0.0
1.7,31,0.030000000000000002,dro,208.88001835160247,208.88001835160247,0.0,0,0.0,,0.0
1.75,31,0.030000000000000002,myopic,208.88001835160247,208.88001835160247,0.0,0,0.0,,0.0
1.75,31,0.030000000000000002,nominal_dynamic,208.88001835160247,208.88001835160247,0.0,0,0.0,,0.0
1.75,31,0.030000000000000002,dro,208.88001835160247,208.88001835160247,0.0,0,0.0,,0.0
1.8,31,0.030000000000000002,myopic,208.88001835160247,208.88001835160247,0.0,0,0.0,,0.0
1.8,31,0.030000000000000002,nominal_dynamic,208.88001835160247,208.88001835160247,0.0,0,0.0,,0.0
1.8,31,0.030000000000000002,dro,208.88001835160247,208.88001835160247,0.0,0,0.0,,0.0
1.85,31,0.030000000000000002,myopic,208.88001835160247,208.88001835160247,0.0,0,0.0,,0.0
1.85,31,0.030000000000000002,nominal_dynamic,208.88001835160247,208.88001835160247,0.0,0,0.0,,0.0
1.85,31,0.030000000000000002,dro,208.88001835160247,208.88001835160247,0.0,0,0.0,,0.0
1.9,31,0.030000000000000002,myopic,208.88001835160247,208.88001835160247,0.0,0,0.0,,0.0
1.9,31,0.030000000000000002,nominal_dynamic,208.88001835160247,208.88001835160247,0.0,0,0.0,,0.0
1.9,31,0.030000000000000002,dro,208.88001835160247,208.88001835160247,0.0,0,0.0,,0.0
1.95,31,0.030000000000000002,myopic,208.88001835160247,208.88001835160247,0.0,0,0.0,,0.0
1.95,31,0.030000000000000002,nominal_dynamic,208.88001835160247,208.88001835160247,0.0,0,0.0,,0.0
1.95,31,0.030000000000000002,dro,208.88001835160247,208.88001835160247,0.0,0,0.0,,0.0
2.0,31,0.030000000000000002,myopic,208.88001835160247,208.88001835160247,0.0,0,0.0,,0.0
2.0,31,0.030000000000000002,nominal_dynamic,208.88001835160247,208.88001835160247,0.0,0,0.0,,0.0
2.0,31,0.030000000000000002,dro,208.88001835160247,208.88001835160247,0.0,0,0.0,,0.0
2.05,31,0.030000000000000002,myopic,208.88001835160247,208.88001835160247,0.0,0,0.0,,0.0
2.05,31,0.030000000000000002,nominal_dynamic,208.88001835160247,208.88001835160247,0.0,0,0.0,,0.0
2.05,31,0.030000000000000002,dro,208.88001835160247,208.88001835160247,0.0,0,0.0,,0.0
2.1,31,0.030000000000000002,myopic,208.88001835160247,208.88001835160247,0.0,0,0.0,,0.0
2.1,31,0.030000000000000002,nominal_dynamic,208.88001835160247,208.88001835160247,0.0,0,0.0,,0.0
2.1,31,0.030000000000000002,dro,208.88001835160247,208.88001835160247,0.0,0,0.0,,0.0
2.15,31,0.030000000000000002,myopic,208.88001835160247,208.88001835160247,0.0,0,0.0,,0.0
2.15,31,0.030000000000000002,nominal_dynamic,208.88001835160247,208.88001835160247,0.0,0,0.0,,0.0
2.15,31,0.030000000000000002,dro,208.88001835160247,208.88001835160247,0.0,0,0.0,,0.0
2.2,31,0.030000000000000002,myopic,196.85099824925092,208.88001835160247,12.029020102351552,4,0.3,1.0,0.3
2.2,31,0.030000000000000002,nominal_dynamic,207.9514393307675,208.88001835160247,0.9285790208349738,1,0.3,12.0,0.0
2.2,31,0.030000000000000002,dro,208.88001835160247,208.88001835160247,0.0,0,0.0,,0.0
2.25,31,0.030000000000000002,myopic,201.09277471540994,208.99540311724436,7.90262840183442,4,0.3,1.0,0.3
2.25,31,0.030000000000000002,nominal_dynamic,202.95429782311925,208.99540311724436,6.041105294125117,4,0.3,1.0,0.3
2.25,31,0.030000000000000002,dro,208.99540311724436,208.99540311724436,0.0,1,0.3,12.0,0.0
2.3,31,0.030000000000000002,myopic,205.33455118156897,210.03936690372126,4.70481572215229,4,0.3,1.0,0.3
2.3,31,0.030000000000000002,nominal_dynamic,207.1816963587599,210.03936690372126,2.8576705449613655,4,0.3,1.0,0.3
2.3,31,0.030000000000000002,dro,210.03936690372126,210.03936690372126,0.0,1,0.3,12.0,0.0
2.35,31,0.030000000000000002,myopic,209.576327647728,211.47924338737315,1.9029157396451524,4,0.3,1.0,0.3
2.35,31,0.030000000000000002,nominal_dynamic,211.40909489440054,211.47924338737315,0.07014849297260639,4,0.3,1.0,0.3
2.35,31,0.030000000000000002,dro,211.4021287453081,211.47924338737315,0.07711464206505525,4,0.3,3.0,0.0
2.4,31,0.030000000000000002,myopic,213.81810411388702,215.6364934300412,1.818389316154196,4,0.3,1.0,0.3
2.4,31,0.030000000000000002,nominal_dynamic,215.6364934300412,215.6364934300412,0.0,4,0.3,1.0,0.3
2.4,31,0.030000000000000002,dro,215.6015934912172,215.6364934300412,0.03489993882402587,4,0.3,3.0,0.0
2.45,31,0.030000000000000002,myopic,218.05988058004607,219.8638919656819,1.8040113856358175,4,0.3,1.0,0.3
2.45,31,0.030000000000000002,nominal_dynamic,219.8638919656819,219.8638919656819,0.0,4,0.3,1.0,0.3
2.45,31,0.030000000000000002,dro,219.82676548625975,219.8638919656819,0.037126479422141756,4,0.3,1.0,0.3
2.5,31,0.030000000000000002,myopic,222.30165704620507,224.09129050132256,1.789633455117496,4,0.3,1.0,0.3
2.5,31,0.030000000000000002,nominal_dynamic,224.09129050132256,224.09129050132256,0.0,4,0.3,1.0,0.3
2.5,31,0.030000000000000002,dro,224.06736804943523,224.09129050132256,0.02392245188733,4,0.3,1.0,0.3
2.55,31,0.030000000000000002,myopic,226.5434335123641,228.31868903696318,1.775255524599089,4,0.3,1.0,0.3
2.55,31,0.030000000000000002,nominal_dynamic,228.31868903696318,228.31868903696318,0.0,4,0.3,1.0,0.3
2.55,31,0.030000000000000002,dro,228.30797061261063,228.31868903696318,0.010718424352546663,4,0.3,1.0,0.3
2.6,31,0.030000000000000002,myopic,230.78520997852317,232.54608757260388,1.7608775940807107,4,0.3,1.0,0.3
2.6,31,0.030000000000000002,nominal_dynamic,232.54608757260388,232.54608757260388,0.0,4,0.3,1.0,0.3
2.6,31,0.030000000000000002,dro,232.54857317578615,232.54608757260388,-0.002485603182265095,4,0.3,1.0,0.3
2.65,31,0.030000000000000002,myopic,235.0269864446822,236.7734861082445,1.7464996635623038,4,0.3,1.0,0.3
2.65,31,0.030000000000000002,nominal_dynamic,236.79993988858902,236.7734861082445,-0.026453780344525057,4,0.3,1.0,0.3
2.65,31,0.030000000000000002,dro,236.78917573896155,236.7734861082445,-0.01568963071704843,4,0.3,1.0,0.3
2.7,31,0.030000000000000002,myopic,239.26876291084125,241.00088464388517,1.7321217330439254,4,0.3,1.0,0.3
2.7,31,0.030000000000000002,nominal_dynamic,241.03762175938004,241.00088464388517,-0.036737115494872796,4,0.3,1.0,0.3
2.7,31,0.030000000000000002,dro,241.0297783021371,241.00088464388517,-0.02889365825191703,4,0.3,1.0,0.3
2.75,31,0.030000000000000002,myopic,243.51053937700024,245.275303630171,1.7647642531707675,4,0.3,1.0,0.3
2.75,31,0.030000000000000002,nominal_dynamic,245.275303630171,245.275303630171,0.0,4,0.3,1.0,0.3
2.75,31,0.030000000000000002,dro,245.2703808653125,245.275303630171,0.004922764858520168,4,0.3,1.0,0.3
2.8,31,0.030000000000000002,myopic,247.7523158431593,249.51298550096197,1.76066965780268,4,0.3,1.0,0.3
2.8,31,0.030000000000000002,nominal_dynamic,249.51298550096197,249.51298550096197,0.0,4,0.3,1.0,0.3
2.8,31,0.030000000000000002,dro,249.51098342848798,249.51298550096197,0.0020020724739993057,4,0.3,1.0,0.3
2.85,31,0.030000000000000002,myopic,251.9940923093183,253.7506673717529,1.7565750624346208,4,0.3,1.0,0.3
2.85,31,0.030000000000000002,nominal_dynamic,253.7506673717529,253.7506673717529,0.0,4,0.3,1.0,0.3
2.85,31,0.030000000000000002,dro,253.75158599166343,253.7506673717529,-0.0009186199105215564,4,0.3,1.0,0.3
2.9,31,0.030000000000000002,myopic,256.23586877547734,257.9883492425439,1.7524804670665617,4,0.3,1.0,0.3
2.9,31,0.030000000000000002,nominal_dynamic,257.9883492425439,257.9883492425439,0.0,4,0.3,1.0,0.3
2.9,31,0.030000000000000002,dro,257.9921885548389,257.9883492425439,-0.003839312294985575,4,0.3,1.0,0.3
2.95,31,0.030000000000000002,myopic,260.47764524163637,262.2260311133349,1.748385871698531,4,0.3,1.0,0.3
2.95,31,0.030000000000000002,nominal_dynamic,262.2260311133349,262.2260311133349,0.0,4,0.3,1.0,0.3
2.95,31,0.030000000000000002,dro,262.23279111801435,262.2260311133349,-0.006760004679449594,4,0.3,1.0,0.3
3.0,31,0.030000000000000002,myopic,264.7194217077954,266.46371298412583,1.7442912763304435,4,0.3,1.0,0.3
3.0,31,0.030000000000000002,nominal_dynamic,266.46371298412583,266.46371298412583,0.0,4,0.3,1.0,0.3
3.0,31,0.030000000000000002,dro,266.4733936811898,266.46371298412583,-0.009680697063970456,4,0.3,1.0,0.3
0.0,32,0.025000000000000005,myopic,208.88001835160247,208.88001835160247,0.0,0,0.0,,0.0
0.0,32,0.025000000000000005,nominal_dynamic,208.88001835160247,208.88001835160247,0.0,0,0.0,,0.0
0.0,32,0.025000000000000005,dro,208.88001835160247,208.88001835160247,0.0,0,0.0,,0.0
0.05,32,0.025000000000000005,myopic,208.88001835160247,208.88001835160247,0.0,0,0.0,,0.0
0.05,32,0.025000000000000005,nominal_dynamic,208.88001835160247,208.88001835160247,0.0,0,0.0,,0.0
0.05,32,0.025000000000000005,dro,208.88001835160247,208.88001835160247,0.0,0,0.0,,0.0
0.1,32,0.025000000000000005,myopic,208.88001835160247,208.88001835160247,0.0,0,0.0,,0.0
0.1,32,0.025000000000000005,nominal_dynamic,208.88001835160247,208.88001835160247,0.0,0,0.0,,0.0
0.1,32,0.025000000000000005,dro,208.88001835160247,208.88001835160247,0.0,0,0.0,,0.0
0.15,32,0.025000000000000005,myopic,208.88001835160247,208.88001835160247,0.0,0,0.0,,0.0
0.15,32,0.025000000000000005,nominal_dynamic,208.88001835160247,208.88001835160247,0.0,0,0.0,,0.0
0.15,32,0.025000000000000005,dro,208.88001835160247,208.88001835160247,0.0,0,0.0,,0.0
0.2,32,0.025000000000000005,myopic,208.88001835160247,208.88001835160247,0.0,0,0.0,,0.0
0.2,32,0.025000000000000005,nominal_dynamic,208.88001835160247,208.88001835160247,0.0,0,0.0,,0.0
0.2,32,0.025000000000000005,dro,208.88001835160247,208.88001835160247,0.0,0,0.0,,0.0
0.25,32,0.025000000000000005,myopic,208.88001835160247,208.88001835160247,0.0,0,0.0,,0.0
0.25,32,0.025000000000000005,nominal_dynamic,208.88001835160247,208.88001835160247,0.0,0,0.0,,0.0
0.25,32,0.025000000000000005,dro,208.88001835160247,208.88001835160247,0.0,0,0.0,,0.0
0.3,32,0.025000000000000005,myopic,208.88001835160247,208.88001835160247,0.0,0,0.0,,0.0
0.3,32,0.025000000000000005,nominal_dynamic,208.88001835160247,208.88001835160247,0.0,0,0.0,,0.0
0.3,32,0.025000000000000005,dro,208.88001835160247,208.88001835160247,0.0,0,0.0,,0.0
0.35,32,0.025000000000000005,myopic,208.88001835160247,208.88001835160247,0.0,0,0.0,,0.0
0.35,32,0.025000000000000005,nominal_dynamic,208.88001835160247,208.88001835160247,0.0,0,0.0,,0.0
0.35,32,0.025000000000000005,dro,208.88001835160247,208.88001835160247,0.0,0,0.0,,0.0
0.4,32,0.025000000000000005,myopic,208.88001835160247,208.88001835160247,0.0,0,0.0,,0.0
0.4,32,0.025000000000000005,nominal_dynamic,208.88001835160247,208.88001835160247,0.0,0,0.0,,0.0
0.4,32,0.025000000000000005,dro,208.88001835160247,208.88001835160247,0.0,0,0.0,,0.0
0.45,32,0.025000000000000005,myopic,208.88001835160247,208.88001835160247,0.0,0,0.0,,0.0
0.45,32,0.025000000000000005,nominal_dynamic,208.88001835160247,208.88001835160247,0.0,0,0.0,,0.0
0.45,32,0.025000000000000005,dro,208.88001835160247,208.88001835160247,0.0,0,0.0,,0.0
0.5,32,0.025000000000000005,myopic,208.88001835160247,208.88001835160247,0.0,0,0.0,,0.0
0.5,32,0.025000000000000005,nominal_dynamic,208.88001835160247,208.88001835160247,0.0,0,0.0,,0.0
0.5,32,0.025000000000000005,dro,208.88001835160247,208.88001835160247,0.0,0,0.0,,0.0
0.55,32,0.025000000000000005,myopic,208.88001835160247,208.88001835160247,0.0,0,0.0,,0.0
0.55,32,0.025000000000000005,nominal_dynamic,208.88001835160247,208.88001835160247,0.0,0,0.0,,0.0
0.55,32,0.025000000000000005,dro,208.88001835160247,208.88001835160247,0.0,0,0.0,,0.0
0.6,32,0.025000000000000005,myopic,208.88001835160247,208.88001835160247,0.0,0,0.0,,0.0
0.6,32,0.025000000000000005,nominal_dynamic,208.88001835160247,208.88001835160247,0.0,0,0.0,,0.0
0.6,32,0.025000000000000005,dro,208.88001835160247,208.88001835160247,0.0,0,0.0,,0.0
0.65,32,0.025000000000000005,myopic,208.88001835160247,208.88001835160247,0.0,0,0.0,,0.0
0.65,32,0.025000000000000005,nominal_dynamic,208.88001835160247,208.88001835160247,0.0,0,0.0,,0.0
0.65,32,0.025000000000000005,dro,208.88001835160247,208.88001835160247,0.0,0,0.0,,0.0
0.7,32,0.025000000000000005,myopic,208.88001835160247,208.88001835160247,0.0,0,0.0,,0.0
0.7,32,0.025000000000000005,nominal_dynamic,208.88001835160247,208.88001835160247,0.0,0,0.0,,0.0
0.7,32,0.025000000000000005,dro,208.88001835160247,208.88001835160247,0.0,0,0.0,,0.0
0.75,32,0.025000000000000005,myopic,208.88001835160247,208.88001835160247,0.0,0,0.0,,0.0
0.75,32,0.025000000000000005,nominal_dynamic,208.88001835160247,208.88001835160247,0.0,0,0.0,,0.0
0.75,32,0.025000000000000005,dro,208.88001835160247,208.88001835160247,0.0,0,0.0,,0.0
0.8,32,0.025000000000000005,myopic,208.88001835160247,208.88001835160247,0.0,0,0.0,,0.0
0.8,32,0.025000000000000005,nominal_dynamic,208.88001835160247,208.88001835160247,0.0,0,0.0,,0.0
0.8,32,0.025000000000000005,dro,208.88001835160247,208.88001835160247,0.0,0,0.0,,0.0
0.85,32,0.025000000000000005,myopic,208.88001835160247,208.88001835160247,0.0,0,0.0,,0.0
0.85,32,0.025000000000000005,nominal_dynamic,208.88001835160247,208.88001835160247,0.0,0,0.0,,0.0
0.85,32,0.025000000000000005,dro,208.88001835160247,208.88001835160247,0.0,0,0.0,,0.0
0.9,32,0.025000000000000005,myopic,208.88001835160247,208.88001835160247,0.0,0,0.0,,0.0
0.9,32,0.025000000000000005,nominal_dynamic,208.88001835160247,208.88001835160247,0.0,0,0.0,,0.0
0.9,32,0.025000000000000005,dro,208.88001835160247,208.88001835160247,0.0,0,0.0,,0.0
0.95,32,0.025000000000000005,myopic,208.88001835160247,208.88001835160247,0.0,0,0.0,,0.0
0.95,32,0.025000000000000005,nominal_dynamic,208.88001835160247,208.88001835160247,0.0,0,0.0,,0.0
0.95,32,0.025000000000000005,dro,208.88001835160247,208.88001835160247,0.0,0,0.0,,0.0
1.0,32,0.025000000000000005,myopic,208.88001835160247,208.88001835160247,0.0,0,0.0,,0.0
1.0,32,0.025000000000000005,nominal_dynamic,208.88001835160247,208.88001835160247,0.0,0,0.0,,0.0
1.0,32,0.025000000000000005,dro,208.88001835160247,208.88001835160247,0.0,0,0.0,,0.0
1.05,32,0.025000000000000005,myopic,208.88001835160247,208.88001835160247,0.0,0,0.0,,0.0
1.05,32,0.025000000000000005,nominal_dynamic,208.88001835160247,208.88001835160247,0.0,0,0.0,,0.0
1.05,32,0.025000000000000005,dro,208.88001835160247,208.88001835160247,0.0,0,0.0,,0.0
1.1,32,0.025000000000000005,myopic,208.88001835160247,208.88001835160247,0.0,0,0.0,,0.0
1.1,32,0.025000000000000005,nominal_dynamic,208.88001835160247,208.88001835160247,0.0,0,0.0,,0.0
1.1,32,0.025000000000000005,dro,208.88001835160247,208.88001835160247,0.0,0,0.0,,0.0
1.15,32,0.025000000000000005,myopic,208.88001835160247,208.88001835160247,0.0,0,0.0,,0.0
1.15,32,0.025000000000000005,nominal_dynamic,208.88001835160247,208.88001835160247,0.0,0,0.0,,0.0
1.15,32,0.025000000000000005,dro,208.88001835160247,208.88001835160247,0.0,0,0.0,,0.0
1.2,32,0.025000000000000005,myopic,208.88001835160247,208.88001835160247,0.0,0,0.0,,0.0
1.2,32,0.025000000000000005,nominal_dynamic,208.88001835160247,208.88001835160247,0.0,0,0.0,,0.0
1.2,32,0.025000000000000005,dro,208.88001835160247,208.88001835160247,0.0,0,0.0,,0.0
1.25,32,0.025000000000000005,myopic,208.88001835160247,208.88001835160247,0.0,0,0.0,,0.0
1.25,32,0.025000000000000005,nominal_dynamic,208.88001835160247,208.88001835160247,0.0,0,0.0,,0.0
1.25,32,0.025000000000000005,dro,208.88001835160247,208.88001835160247,0.0,0,0.0,,0.0
1.3,32,0.025000000000000005,myopic,208.88001835160247,208.88001835160247,0.0,0,0.0,,0.0
1.3,32,0.025000000000000005,nominal_dynamic,208.88001835160247,208.88001835160247,0.0,0,0.0,,0.0
1.3,32,0.025000000000000005,dro,208.88001835160247,208.88001835160247,0.0,0,0.0,,0.0
1.35,32,0.025000000000000005,myopic,208.88001835160247,208.88001835160247,0.0,0,0.0,,0.0
1.35,32,0.025000000000000005,nominal_dynamic,208.88001835160247,208.88001835160247,0.0,0,0.0,,0.0
1.35,32,0.025000000000000005,dro,208.88001835160247,208.88001835160247,0.0,0,0.0,,0.0
1.4,32,0.025000000000000005,myopic,208.88001835160247,208.88001835160247,0.0,0,0.0,,0.0
1.4,32,0.025000000000000005,nominal_dynamic,208.88001835160247,208.88001835160247,0.0,0,0.0,,0.0
1.4,32,0.025000000000000005,dro,208.88001835160247,208.88001835160247,0.0,0,0.0,,0.0
1.45,32,0.025000000000000005,myopic,208.88001835160247,208.88001835160247,0.0,0,0.0,,0.0
1.45,32,0.025000000000000005,nominal_dynamic,208.88001835160247,208.88001835160247,0.0,0,0.0,,0.0
1.45,32,0.025000000000000005,dro,208.88001835160247,208.88001835160247,0.0,0,0.0,,0.0
1.5,32,0.025000000000000005,myopic,208.88001835160247,208.88001835160247,0.0,0,0.0,,0.0
1.5,32,0.025000000000000005,nominal_dynamic,208.88001835160247,208.88001835160247,0.0,0,0.0,,0.0
1.5,32,0.025000000000000005,dro,208.88001835160247,208.88001835160247,0.0,0,0.0,,0.0
1.55,32,0.025000000000000005,myopic,208.88001835160247,208.88001835160247,0.0,0,0.0,,0.0
1.55,32,0.025000000000000005,nominal_dynamic,208.88001835160247,208.88001835160247,0.0,0,0.0,,0.0
1.55,32,0.025000000000000005,dro,208.88001835160247,208.88001835160247,0.0,0,0.0,,0.0
1.6,32,0.025000000000000005,myopic,208.88001835160247,208.88001835160247,0.0,0,0.0,,0.0
1.6,32,0.025000000000000005,nominal_dynamic,208.88001835160247,208.88001835160247,0.0,0,0.0,,0.0
1.6,32,0.025000000000000005,dro,208.88001835160247,208.88001835160247,0.0,0,0.0,,0.0
1.65,32,0.025000000000000005,myopic,208.88001835160247,208.88001835160247,0.0,0,0.0,,0.0
1.65,32,0.025000000000000005,nominal_dynamic,208.88001835160247,208.88001835160247,0.0,0,0.0,,0.0
1.65,32,0.025000000000000005,dro,208.88001835160247,208.88001835160247,0.0,0,0.0,,0.0
1.7,32,0.025000000000000005,myopic,208.88001835160247,208.88001835160247,0.0,0,0.0,,0.0
1.7,32,0.025000000000000005,nominal_dynamic,208.88001835160247,208.88001835160247,0.0,0,0.0,,0.0
1.7,32,0.025000000000000005,dro,208.88001835160247,208.88001835160247,0.0,0,0.0,,0.0
1.75,32,0.025000000000000005,myopic,208.88001835160247,208.88001835160247,0.0,0,0.0,,0.0
1.75,32,0.025000000000000005,nominal_dynamic,208.88001835160247,208.88001835160247,0.0,0,0.0,,0.0
1.75,32,0.025000000000000005,dro,208.88001835160247,208.88001835160247,0.0,0,0.0,,0.0
1.8,32,0.025000000000000005,myopic,208.88001835160247,208.88001835160247,0.0,0,0.0,,0.0
1.8,32,0.025000000000000005,nominal_dynamic,208.88001835160247,208.88001835160247,0.0,0,0.0,,0.0
1.8,32,0.025000000000000005,dro,208.88001835160247,208.88001835160247,0.0,0,0.0,,0.0
1.85,32,0.025000000000000005,myopic,208.88001835160247,208.88001835160247,0.0,0,0.0,,0.0
1.85,32,0.025000000000000005,nominal_dynamic,208.88001835160247,208.88001835160247,0.0,0,0.0,,0.0
1.85,32,0.025000000000000005,dro,208.88001835160247,208.88001835160247,0.0,0,0.0,,0.0
1.9,32,0.025000000000000005,myopic,208.88001835160247,208.88001835160247,0.0,0,0.0,,0.0
1.9,32,0.025000000000000005,nominal_dynamic,208.88001835160247,208.88001835160247,0.0,0,0.0,,0.0
1.9,32,0.025000000000000005,dro,208.88001835160247,208.88001835160247,0.0,0,0.0,,0.0
1.95,32,0.025000000000000005,myopic,208.88001835160247,208.88001835160247,0.0,0,0.0,,0.0
1.95,32,0.025000000000000005,nominal_dynamic,208.88001835160247,208.88001835160247,0.0,0,0.0,,0.0
1.95,32,0.025000000000000005,dro,208.88001835160247,208.88001835160247,0.0,0,0.0,,0.0
2.0,32,0.025000000000000005,myopic,208.88001835160247,208.88001835160247,0.0,0,0.0,,0.0
2.0,32,0.025000000000000005,nominal_dynamic,208.88001835160247,208.88001835160247,0.0,0,0.0,,0.0
2.0,32,0.025000000000000005,dro,208.88001835160247,208.88001835160247,0.0,0,0.0,,0.0
2.05,32,0.025000000000000005,myopic,208.88001835160247,208.88001835160247,0.0,0,0.0,,0.0
2.05,32,0.025000000000000005,nominal_dynamic,208.88001835160247,208.88001835160247,0.0,0,0.0,,0.0
2.05,32,0.025000000000000005,dro,208.88001835160247,208.88001835160247,0.0,0,0.0,,0.0
2.1,32,0.025000000000000005,myopic,208.88001835160247,208.88001835160247,0.0,0,0.0,,0.0
2.1,32,0.025000000000000005,nominal_dynamic,208.88001835160247,208.88001835160247,0.0,0,0.0,,0.0
2.1,32,0.025000000000000005,dro,208.88001835160247,208.88001835160247,0.0,0,0.0,,0.0
2.15,32,0.025000000000000005,myopic,208.88001835160247,208.88001835160247,0.0,0,0.0,,0.0
2.15,32,0.025000000000000005,nominal_dynamic,208.88001835160247,208.88001835160247,0.0,0,0.0,,0.0
2.15,32,0.025000000000000005,dro,208.88001835160247,208.88001835160247,0.0,0,0.0,,0.0
2.2,32,0.025000000000000005,myopic,203.4706851695642,208.88001835160247,5.409333182038267,4,0.3,1.0,0.3
2.2,32,0.025000000000000005,nominal_dynamic,207.57122105815554,208.88001835160247,1.3087972934469292,1,0.3,12.0,0.0
2.2,32,0.025000000000000005,dro,208.88001835160247,208.88001835160247,0.0,0,0.0,,0.0
2.25,32,0.025000000000000005,myopic,207.68292631230042,208.88001835160247,1.1970920393020492,4,0.3,1.0,0.3
2.25,32,0.025000000000000005,nominal_dynamic,207.68880703352238,208.88001835160247,1.191211318080093,4,0.3,1.0,0.3
2.25,32,0.025000000000000005,dro,208.5903799122015,208.88001835160247,0.2896384394009601,1,0.3,12.0,0.0
2.3,32,0.025000000000000005,myopic,211.89516745503664,211.89516745503664,0.0,4,0.3,1.0,0.3
2.3,32,0.025000000000000005,nominal_dynamic,211.8803555184956,211.89516745503664,0.01481193654103663,4,0.3,1.0,0.3
2.3,32,0.025000000000000005,dro,209.60953876624745,211.89516745503664,2.2856286887891883,1,0.3,12.0,0.0
2.35,32,0.025000000000000005,myopic,216.10740859777286,216.10740859777286,0.0,4,0.3,1.0,0.3
2.35,32,0.025000000000000005,nominal_dynamic,216.07190400346883,216.10740859777286,0.035504594304029524,4,0.3,1.0,0.3
2.35,32,0.025000000000000005,dro,216.0353153800673,216.10740859777286,0.07209321770557153,4,0.3,3.0,0.0
2.4,32,0.025000000000000005,myopic,220.31964974050908,220.31964974050908,0.0,4,0.3,1.0,0.3
2.4,32,0.025000000000000005,nominal_dynamic,220.29176237880176,220.31964974050908,0.02788736170731454,4,0.3,1.0,0.3
2.4,32,0.025000000000000005,dro,220.20553941740476,220.31964974050908,0.11411032310431324,4,0.3,3.0,0.0
2.45,32,0.025000000000000005,myopic,224.5318908832453,224.5318908832453,0.0,4,0.3,1.0,0.3
2.45,32,0.025000000000000005,nominal_dynamic,224.49373498329996,224.5318908832453,0.038155899945337524,4,0.3,1.0,0.3
2.45,32,0.025000000000000005,dro,224.41568009449776,224.5318908832453,0.11621078874753721,4,0.3,1.0,0.3
2.5,32,0.025000000000000005,myopic,228.74413202598151,228.74413202598151,0.0,4,0.3,1.0,0.3
2.5,32,0.025000000000000005,nominal_dynamic,228.69570758779815,228.74413202598151,0.04842443818336051,4,0.3,1.0,0.3
2.5,32,0.025000000000000005,dro,228.59664652140663,228.74413202598151,0.14748550457488818,4,0.3,1.0,0.3
2.55,32,0.025000000000000005,myopic,232.95637316871768,232.95637316871768,0.0,4,0.3,1.0,0.3
2.55,32,0.025000000000000005,nominal_dynamic,232.89768019229626,232.95637316871768,0.05869297642141191,4,0.3,1.0,0.3
2.55,32,0.025000000000000005,dro,232.7776129483155,232.95637316871768,0.1787602204021823,4,0.3,1.0,0.3
2.6,32,0.025000000000000005,myopic,237.16861431145395,237.16861431145395,0.0,4,0.3,1.0,0.3
2.6,32,0.025000000000000005,nominal_dynamic,237.09965279679452,237.16861431145395,0.0689615146594349,4,0.3,1.0,0.3
2.6,32,0.025000000000000005,dro,237.02964642833498,237.16861431145395,0.13896788311896557,4,0.3,1.0,0.3
2.65,32,0.025000000000000005,myopic,241.38085545419017,241.38085545419017,0.0,4,0.3,1.0,0.3
2.65,32,0.025000000000000005,nominal_dynamic,241.30162540129268,241.38085545419017,0.0792300528974863,4,0.3,1.0,0.3
2.65,32,0.025000000000000005,dro,241.2211949133082,241.38085545419017,0.15966054088195847,4,0.3,1.0,0.3
2.7,32,0.025000000000000005,myopic,245.5930965969264,245.5930965969264,0.0,4,0.3,1.0,0.3
2.7,32,0.025000000000000005,nominal_dynamic,245.50359800579088,245.5930965969264,0.08949859113550929,4,0.3,1.0,0.3
2.7,32,0.025000000000000005,dro,245.41274339828146,245.5930965969264,0.18035319864492294,4,0.3,1.0,0.3
2.75,32,0.025000000000000005,myopic,249.8053377396626,249.8053377396626,0.0,4,0.3,1.0,0.3
2.75,32,0.025000000000000005,nominal_dynamic,249.70557061028907,249.8053377396626,0.09976712937353227,4,0.3,1.0,0.3
2.75,32,0.025000000000000005,dro,249.6042918832547,249.8053377396626,0.20104585640791584,4,0.3,1.0,0.3
2.8,32,0.025000000000000005,myopic,254.01757888239882,254.01757888239882,0.0,4,0.3,1.0,0.3
2.8,32,0.025000000000000005,nominal_dynamic,253.90754321478727,254.01757888239882,0.11003566761155525,4,0.3,1.0,0.3
2.8,32,0.025000000000000005,dro,253.7958403682279,254.01757888239882,0.22173851417090873,4,0.3,1.0,0.3
2.85,32,0.025000000000000005,myopic,258.229820025135,258.229820025135,0.0,4,0.3,1.0,0.3
2.85,32,0.025000000000000005,nominal_dynamic,258.1095158192854,258.229820025135,0.12030420584960666,4,0.3,1.0,0.3
2.85,32,0.025000000000000005,dro,257.9873888532011,258.229820025135,0.24243117193390162,4,0.3,1.0,0.3
2.9,32,0.025000000000000005,myopic,262.44206116787126,262.44206116787126,0.0,4,0.3,1.0,0.3
2.9,32,0.025000000000000005,nominal_dynamic,262.3114884237836,262.44206116787126,0.13057274408765807,4,0.3,1.0,0.3
2.9,32,0.025000000000000005,dro,262.3114884237836,262.44206116787126,0.13057274408765807,4,0.3,1.0,0.3
2.95,32,0.025000000000000005,myopic,266.65430231060753,266.65430231060753,0.0,4,0.3,1.0,0.3
2.95,32,0.025000000000000005,nominal_dynamic,266.5134610282818,266.65430231060753,0.14084128232570947,4,0.3,1.0,0.3
2.95,32,0.025000000000000005,dro,266.5134610282818,266.65430231060753,0.14084128232570947,4,0.3,1.0,0.3
3.0,32,0.025000000000000005,myopic,270.86654345334364,270.86654345334364,0.0,4,0.3,1.0,0.3
3.0,32,0.025000000000000005,nominal_dynamic,270.71543363277993,270.86654345334364,0.15110982056370403,4,0.3,1.0,0.3
3.0,32,0.025000000000000005,dro,270.71543363277993,270.86654345334364,0.15110982056370403,4,0.3,1.0,0.3
0.0,33,0.03833333333333332,myopic,208.88001835160247,208.88001835160247,0.0,0,0.0,,0.0
0.0,33,0.03833333333333332,nominal_dynamic,208.88001835160247,208.88001835160247,0.0,0,0.0,,0.0
0.0,33,0.03833333333333332,dro,208.88001835160247,208.88001835160247,0.0,0,0.0,,0.0
0.05,33,0.03833333333333332,myopic,208.88001835160247,208.88001835160247,0.0,0,0.0,,0.0
0.05,33,0.03833333333333332,nominal_dynamic,208.88001835160247,208.88001835160247,0.0,0,0.0,,0.0
0.05,33,0.03833333333333332,dro,208.88001835160247,208.88001835160247,0.0,0,0.0,,0.0
0.1,33,0.03833333333333332,myopic,208.88001835160247,208.88001835160247,0.0,0,0.0,,0.0
0.1,33,0.03833333333333332,nominal_dynamic,208.88001835160247,208.88001835160247,0.0,0,0.0,,0.0
0.1,33,0.03833333333333332,dro,208.88001835160247,208.88001835160247,0.0,0,0.0,,0.0
0.15,33,0.03833333333333332,myopic,208.88001835160247,208.88001835160247,0.0,0,0.0,,0.0
0.15,33,0.03833333333333332,nominal_dynamic,208.88001835160247,208.88001835160247,0.0,0,0.0,,0.0
0.15,33,0.03833333333333332,dro,208.88001835160247,208.88001835160247,0.0,0,0.0,,0.0
0.2,33,0.03833333333333332,myopic,208.88001835160247,208.88001835160247,0.0,0,0.0,,0.0
0.2,33,0.03833333333333332,nominal_dynamic,208.88001835160247,208.88001835160247,0.0,0,0.0,,0.0
0.2,33,0.03833333333333332,dro,208.88001835160247,208.88001835160247,0.0,0,0.0,,0.0
0.25,33,0.03833333333333332,myopic,208.88001835160247,208.88001835160247,0.0,0,0.0,,0.0
0.25,33,0.03833333333333332,nominal_dynamic,208.88001835160247,208.88001835160247,0.0,0,0.0,,0.0
0.25,33,0.03833333333333332,dro,208.88001835160247,208.88001835160247,0.0,0,0.0,,0.0
0.3,33,0.03833333333333332,myopic,208.88001835160247,208.88001835160247,0.0,0,0.0,,0.0
0.3,33,0.03833333333333332,nominal_dynamic,208.88001835160247,208.88001835160247,0.0,0,0.0,,0.0
0.3,33,0.03833333333333332,dro,208.88001835160247,208.88001835160247,0.0,0,0.0,,0.0
0.35,33,0.03833333333333332,myopic,208.88001835160247,208.88001835160247,0.0,0,0.0,,0.0
0.35,33,0.03833333333333332,nominal_dynamic,208.88001835160247,208.88001835160247,0.0,0,0.0,,0.0
0.35,33,0.03833333333333332,dro,208.88001835160247,208.88001835160247,0.0,0,0.0,,0.0
0.4,33,0.03833333333333332,myopic,208.88001835160247,208.88001835160247,0.0,0,0.0,,0.0
0.4,33,0.03833333333333332,nominal_dynamic,208.88001835160247,208.88001835160247,0.0,0,0.0,,0.0
0.4,33,0.03833333333333332,dro,208.88001835160247,208.88001835160247,0.0,0,0.0,,0.0
0.45,33,0.03833333333333332,myopic,208.88001835160247,208.88001835160247,0.0,0,0.0,,0.0
0.45,33,0.03833333333333332,nominal_dynamic,208.88001835160247,208.88001835160247,0.0,0,0.0,,0.0
0.45,33,0.03833333333333332,dro,208.88001835160247,208.88001835160247,0.0,0,0.0,,0.0
0.5,33,0.03833333333333332,myopic,208.88001835160247,208.88001835160247,0.0,0,0.0,,0.0
0.5,33,0.03833333333333332,nominal_dynamic,208.88001835160247,208.88001835160247,0.0,0,0.0,,0.0
0.5,33,0.03833333333333332,dro,208.88001835160247,208.88001835160247,0.0,0,0.0,,0.0
0.55,33,0.03833333333333332,myopic,208.88001835160247,208.88001835160247,0.0,0,0.0,,0.0
0.55,33,0.03833333333333332,nominal_dynamic,208.88001835160247,208.88001835160247,0.0,0,0.0,,0.0
0.55,33,0.03833333333333332,dro,208.88001835160247,208.88001835160247,0.0,0,0.0,,0.0
0.6,33,0.03833333333333332,myopic,208.88001835160247,208.88001835160247,0.0,0,0.0,,0.0
0.6,33,0.03833333333333332,nominal_dynamic,208.88001835160247,208.88001835160247,0.0,0,0.0,,0.0
0.6,33,0.03833333333333332,dro,208.88001835160247,208.88001835160247,0.0,0,0.0,,0.0
0.65,33,0.03833333333333332,myopic,208.88001835160247,208.88001835160247,0.0,0,0.0,,0.0
0.65,33,0.03833333333333332,nominal_dynamic,208.88001835160247,208.88001835160247,0.0,0,0.0,,0.0
0.65,33,0.03833333333333332,dro,208.88001835160247,208.88001835160247,0.0,0,0.0,,0.0
0.7,33,0.03833333333333332,myopic,208.88001835160247,208.88001835160247,0.0,0,0.0,,0.0
0.7,33,0.03833333333333332,nominal_dynamic,208.88001835160247,208.88001835160247,0.0,0,0.0,,0.0
0.7,33,0.03833333333333332,dro,208.88001835160247,208.88001835160247,0.0,0,0.0,,0.0
0.75,33,0.03833333333333332,myopic,208.88001835160247,208.88001835160247,0.0,0,0.0,,0.0
0.75,33,0.03833333333333332,nominal_dynamic,208.88001835160247,208.88001835160247,0.0,0,0.0,,0.0
0.75,33,0.03833333333333332,dro,208.88001835160247,208.88001835160247,0.0,0,0.0,,0.0
0.8,33,0.03833333333333332,myopic,208.88001835160247,208.88001835160247,0.0,0,0.0,,0.0
0.8,33,0.03833333333333332,nominal_dynamic,208.88001835160247,208.88001835160247,0.0,0,0.0,,0.0
0.8,33,0.03833333333333332,dro,208.88001835160247,208.88001835160247,0.0,0,0.0,,0.0
0.85,33,0.03833333333333332,myopic,208.88001835160247,208.88001835160247,0.0,0,0.0,,0.0
0.85,33,0.03833333333333332,nominal_dynamic,208.88001835160247,208.88001835160247,0.0,0,0.0,,0.0
0.85,33,0.03833333333333332,dro,208.88001835160247,208.88001835160247,0.0,0,0.0,,0.0
0.9,33,0.03833333333333332,myopic,208.88001835160247,208.88001835160247,0.0,0,0.0,,0.0
0.9,33,0.03833333333333332,nominal_dynamic,208.88001835160247,208.88001835160247,0.0,0,0.0,,0.0
0.9,33,0.03833333333333332,dro,208.88001835160247,208.88001835160247,0.0,0,0.0,,0.0
0.95,33,0.03833333333333332,myopic,208.88001835160247,208.88001835160247,0.0,0,0.0,,0.0
0.95,33,0.03833333333333332,nominal_dynamic,208.88001835160247,208.88001835160247,0.0,0,0.0,,0.0
0.95,33,0.03833333333333332,dro,208.88001835160247,208.88001835160247,0.0,0,0.0,,0.0
1.0,33,0.03833333333333332,myopic,208.88001835160247,208.88001835160247,0.0,0,0.0,,0.0
1.0,33,0.03833333333333332,nominal_dynamic,208.88001835160247,208.88001835160247,0.0,0,0.0,,0.0
1.0,33,0.03833333333333332,dro,208.88001835160247,208.88001835160247,0.0,0,0.0,,0.0
1.05,33,0.03833333333333332,myopic,208.88001835160247,208.88001835160247,0.0,0,0.0,,0.0
1.05,33,0.03833333333333332,nominal_dynamic,208.88001835160247,208.88001835160247,0.0,0,0.0,,0.0
1.05,33,0.03833333333333332,dro,208.88001835160247,208.88001835160247,0.0,0,0.0,,0.0
1.1,33,0.03833333333333332,myopic,208.88001835160247,208.88001835160247,0.0,0,0.0,,0.0
1.1,33,0.03833333333333332,nominal_dynamic,208.88001835160247,208.88001835160247,0.0,0,0.0,,0.0
1.1,33,0.03833333333333332,dro,208.88001835160247,208.88001835160247,0.0,0,0.0,,0.0
1.15,33,0.03833333333333332,myopic,208.88001835160247,208.88001835160247,0.0,0,0.0,,0.0
1.15,33,0.03833333333333332,nominal_dynamic,208.88001835160247,208.88001835160247,0.0,0,0.0,,0.0
1.15,33,0.03833333333333332,dro,208.88001835160247,208.88001835160247,0.0,0,0.0,,0.0
1.2,33,0.03833333333333332,myopic,208.88001835160247,208.88001835160247,0.0,0,0.0,,0.0
1.2,33,0.03833333333333332,nominal_dynamic,208.88001835160247,208.88001835160247,0.0,0,0.0,,0.0
1.2,33,0.03833333333333332,dro,208.88001835160247,208.88001835160247,0.0,0,0.0,,0.0
1.25,33,0.03833333333333332,myopic,208.88001835160247,208.88001835160247,0.0,0,0.0,,0.0
1.25,33,0.03833333333333332,nominal_dynamic,208.88001835160247,208.88001835160247,0.0,0,0.0,,0.0
1.25,33,0.03833333333333332,dro,208.88001835160247,208.88001835160247,0.0,0,0.0,,0.0
1.3,33,0.03833333333333332,myopic,208.88001835160247,208.88001835160247,0.0,0,0.0,,0.0
1.3,33,0.03833333333333332,nominal_dynamic,208.88001835160247,208.88001835160247,0.0,0,0.0,,0.0
1.3,33,0.03833333333333332,dro,208.88001835160247,208.88001835160247,0.0,0,0.0,,0.0
1.35,33,0.03833333333333332,myopic,208.88001835160247,208.88001835160247,0.0,0,0.0,,0.0
1.35,33,0.03833333333333332,nominal_dynamic,208.88001835160247,208.88001835160247,0.0,0,0.0,,0.0
1.35,33,0.03833333333333332,dro,208.88001835160247,208.88001835160247,0.0,0,0.0,,0.0
1.4,33,0.03833333333333332,myopic,208.88001835160247,208.88001835160247,0.0,0,0.0,,0.0
1.4,33,0.03833333333333332,nominal_dynamic,208.88001835160247,208.88001835160247,0.0,0,0.0,,0.0
1.4,33,0.03833333333333332,dro,208.88001835160247,208.88001835160247,0.0,0,0.0,,0.0
1.45,33,0.03833333333333332,myopic,208.88001835160247,208.88001835160247,0.0,0,0.0,,0.0
1.45,33,0.03833333333333332,nominal_dynamic,208.88001835160247,208.88001835160247,0.0,0,0.0,,0.0
1.45,33,0.03833333333333332,dro,208.88001835160247,208.88001835160247,0.0,0,0.0,,0.0
1.5,33,0.03833333333333332,myopic,208.88001835160247,208.88001835160247,0.0,0,0.0,,0.0
1.5,33,0.03833333333333332,nominal_dynamic,208.88001835160247,208.88001835160247,0.0,0,0.0,,0.0
1.5,33,0.03833333333333332,dro,208.88001835160247,208.88001835160247,0.0,0,0.0,,0.0
1.55,33,0.03833333333333332,myopic,208.88001835160247,208.88001835160247,0.0,0,0.0,,0.0
1.55,33,0.03833333333333332,nominal_dynamic,208.88001835160247,208.88001835160247,0.0,0,0.0,,0.0
1.55,33,0.03833333333333332,dro,208.88001835160247,208.88001835160247,0.0,0,0.0,,0.0
1.6,33,0.03833333333333332,myopic,208.88001835160247,208.88001835160247,0.0,0,0.0,,0.0
1.6,33,0.03833333333333332,nominal_dynamic,208.88001835160247,208.88001835160247,0.0,0,0.0,,0.0
1.6,33,0.03833333333333332,dro,208.88001835160247,208.88001835160247,0.0,0,0.0,,0.0
1.65,33,0.03833333333333332,myopic,208.88001835160247,208.88001835160247,0.0,0,0.0,,0.0
1.65,33,0.03833333333333332,nominal_dynamic,208.88001835160247,208.88001835160247,0.0,0,0.0,,0.0
1.65,33,0.03833333333333332,dro,208.88001835160247,208.88001835160247,0.0,0,0.0,,0.0
1.7,33,0.03833333333333332,myopic,208.88001835160247,208.88001835160247,0.0,0,0.0,,0.0
1.7,33,0.03833333333333332,nominal_dynamic,208.88001835160247,208.88001835160247,0.0,0,0.0,,0.0
1.7,33,0.03833333333333332,dro,208.88001835160247,208.88001835160247,0.0,0,0.0,,0.0
1.75,33,0.03833333333333332,myopic,208.88001835160247,208.88001835160247,0.0,0,0.0,,0.0
1.75,33,0.03833333333333332,nominal_dynamic,208.88001835160247,208.88001835160247,0.0,0,0.0,,0.0
1.75,33,0.03833333333333332,dro,208.88001835160247,208.88001835160247,0.0,0,0.0,,0.0
1.8,33,0.03833333333333332,myopic,208.88001835160247,208.88001835160247,0.0,0,0.0,,0.0
1.8,33,0.03833333333333332,nominal_dynamic,208.88001835160247,208.88001835160247,0.0,0,0.0,,0.0
1.8,33,0.03833333333333332,dro,208.88001835160247,208.88001835160247,0.0,0,0.0,,0.0
1.85,33,0.03833333333333332,myopic,208.88001835160247,208.88001835160247,0.0,0,0.0,,0.0
1.85,33,0.03833333333333332,nominal_dynamic,208.88001835160247,208.88001835160247,0.0,0,0.0,,0.0
1.85,33,0.03833333333333332,dro,208.88001835160247,208.88001835160247,0.0,0,0.0,,0.0
1.9,33,0.03833333333333332,myopic,208.88001835160247,208.88001835160247,0.0,0,0.0,,0.0
1.9,33,0.03833333333333332,nominal_dynamic,208.88001835160247,208.88001835160247,0.0,0,0.0,,0.0
1.9,33,0.03833333333333332,dro,208.88001835160247,208.88001835160247,0.0,0,0.0,,0.0
1.95,33,0.03833333333333332,myopic,208.88001835160247,208.88001835160247,0.0,0,0.0,,0.0
1.95,33,0.03833333333333332,nominal_dynamic,208.88001835160247,208.88001835160247,0.0,0,0.0,,0.0
1.95,33,0.03833333333333332,dro,208.88001835160247,208.88001835160247,0.0,0,0.0,,0.0
2.0,33,0.03833333333333332,myopic,208.88001835160247,208.88001835160247,0.0,0,0.0,,0.0
2.0,33,0.03833333333333332,nominal_dynamic,208.88001835160247,208.88001835160247,0.0,0,0.0,,0.0
2.0,33,0.03833333333333332,dro,208.88001835160247,208.88001835160247,0.0,0,0.0,,0.0
2.05,33,0.03833333333333332,myopic,208.88001835160247,208.88001835160247,0.0,0,0.0,,0.0
2.05,33,0.03833333333333332,nominal_dynamic,208.88001835160247,208.88001835160247,0.0,0,0.0,,0.0
2.05,33,0.03833333333333332,dro,208.88001835160247,208.88001835160247,0.0,0,0.0,,0.0
2.1,33,0.03833333333333332,myopic,208.88001835160247,208.88001835160247,0.0,0,0.0,,0.0
2.1,33,0.03833333333333332,nominal_dynamic,208.88001835160247,208.88001835160247,0.0,0,0.0,,0.0
2.1,33,0.03833333333333332,dro,208.88001835160247,208.88001835160247,0.0,0,0.0,,0.0
2.15,33,0.03833333333333332,myopic,208.88001835160247,208.88001835160247,0.0,0,0.0,,0.0
2.15,33,0.03833333333333332,nominal_dynamic,208.88001835160247,208.88001835160247,0.0,0,0.0,,0.0
2.15,33,0.03833333333333332,dro,208.88001835160247,208.88001835160247,0.0,0,0.0,,0.0
2.2,33,0.03833333333333332,myopic,207.83266543803393,208.88001835160247,1.0473529135685453,4,0.3,1.0,0.3
2.2,33,0.03833333333333332,nominal_dynamic,208.81953546647154,208.88001835160247,0.0604828851309378,1,0.3,12.0,0.0
2.2,33,0.03833333333333332,dro,208.88001835160247,208.88001835160247,0.0,0,0.0,,0.0
2.25,33,0.03833333333333332,myopic,212.37415439446443,212.5281008914632,0.1539464969987705,4,0.3,1.0,0.3
2.25,33,0.03833333333333332,nominal_dynamic,212.5258173771772,212.5281008914632,0.0022835142860060387,4,0.3,1.0,0.3
2.25,33,0.03833333333333332,dro,209.92013268574414,212.5281008914632,2.607968205719061,1,0.3,12.0,0.0
2.3,33,0.03833333333333332,myopic,216.91564335089498,217.04926854548194,0.13362519458695488,4,0.3,1.0,0.3
2.3,33,0.03833333333333332,nominal_dynamic,217.03531473653405,217.04926854548194,0.013953808947889002,4,0.3,1.0,0.3
2.3,33,0.03833333333333332,dro,211.02072990501676,217.04926854548194,6.028538640465172,1,0.3,12.0,0.0
2.35,33,0.03833333333333332,myopic,221.4571323073256,221.5704375174801,0.11330521015449335,4,0.3,1.0,0.3
2.35,33,0.03833333333333332,nominal_dynamic,221.54481209589093,221.5704375174801,0.025625421589154485,4,0.3,1.0,0.3
2.35,33,0.03833333333333332,dro,221.50942920093848,221.5704375174801,0.06100831654160288,4,0.3,3.0,0.0
2.4,33,0.03833333333333332,myopic,225.99862126375615,226.10252777426942,0.10390651051326927,4,0.3,1.0,0.3
2.4,33,0.03833333333333332,nominal_dynamic,226.0543094552478,226.10252777426942,0.048218319021628986,4,0.3,1.0,0.3
2.4,33,0.03833333333333332,dro,226.00561680502867,226.10252777426942,0.09691096924075282,4,0.3,3.0,0.0
2.45,33,0.03833333333333332,myopic,230.5401102201867,230.63461803105875,0.09450781087204518,4,0.3,1.0,0.3
2.45,33,0.03833333333333332,nominal_dynamic,230.5638068146047,230.63461803105875,0.07081121645404664,4,0.3,1.0,0.3
2.45,33,0.03833333333333332,dro,230.61277150753816,230.63461803105875,0.02184652352059402,4,0.3,1.0,0.3
2.5,33,0.03833333333333332,myopic,235.0815991766172,235.16670828784802,0.0851091112308211,4,0.3,1.0,0.3
2.5,33,0.03833333333333332,nominal_dynamic,235.07330417396156,235.16670828784802,0.0934041138864643,4,0.3,1.0,0.3
2.5,33,0.03833333333333332,dro,235.1339391615569,235.16670828784802,0.032769126291128714,4,0.3,1.0,0.3
2.55,33,0.03833333333333332,myopic,239.62308813304776,239.69879854463733,0.0757104115895686,4,0.3,1.0,0.3
2.55,33,0.03833333333333332,nominal_dynamic,239.58280153331845,239.69879854463733,0.11599701131888196,4,0.3,1.0,0.3
2.55,33,0.03833333333333332,dro,239.65510681557558,239.69879854463733,0.043691729061748674,4,0.3,1.0,0.3
2.6,33,0.03833333333333332,myopic,244.16457708947837,244.2308888014267,0.06631171194831609,4,0.3,1.0,0.3
2.6,33,0.03833333333333332,nominal_dynamic,244.09229889267533,244.2308888014267,0.13858990875135646,4,0.3,1.0,0.3
2.6,33,0.03833333333333332,dro,244.17627446959438,244.2308888014267,0.05461433183231179,4,0.3,1.0,0.3
2.65,33,0.03833333333333332,myopic,248.70606604590887,248.76297905821596,0.056913012307092004,4,0.3,1.0,0.3
2.65,33,0.03833333333333332,nominal_dynamic,248.65202556221007,248.76297905821596,0.11095349600589088,4,0.3,1.0,0.3
2.65,33,0.03833333333333332,dro,248.6974421236131,248.76297905821596,0.06553693460287491,4,0.3,1.0,0.3
2.7,33,0.03833333333333332,myopic,253.24755500233948,253.29506931500532,0.0475143126658395,4,0.3,1.0,0.3
2.7,33,0.03833333333333332,nominal_dynamic,253.16772032993254,253.29506931500532,0.12734898507278558,4,0.3,1.0,0.3
2.7,33,0.03833333333333332,dro,253.21860977763188,253.29506931500532,0.07645953737343802,4,0.3,1.0,0.3
2.75,33,0.03833333333333332,myopic,257.78904395877,257.8271595717946,0.03811561302461541,4,0.3,1.0,0.3
2.75,33,0.03833333333333332,nominal_dynamic,257.68341509765486,257.8271595717946,0.14374447413973712,4,0.3,1.0,0.3
2.75,33,0.03833333333333332,dro,257.73977743165057,257.8271595717946,0.08738214014402956,4,0.3,1.0,0.3
2.8,33,0.03833333333333332,myopic,262.3305329152006,262.3592498285839,0.028716913383334486,4,0.3,1.0,0.3
2.8,33,0.03833333333333332,nominal_dynamic,262.1991098653773,262.3592498285839,0.16013996320663182,4,0.3,1.0,0.3
2.8,33,0.03833333333333332,dro,262.26094508566933,262.3592498285839,0.09830474291459268,4,0.3,1.0,0.3
2.85,33,0.03833333333333332,myopic,266.87202187163115,266.89134008537326,0.0193182137421104,4,0.3,1.0,0.3
2.85,33,0.03833333333333332,nominal_dynamic,266.7148046330997,266.89134008537326,0.17653545227358336,4,0.3,1.0,0.3
2.85,33,0.03833333333333332,dro,266.78211273968805,266.89134008537326,0.10922734568521264,4,0.3,1.0,0.3
2.9,33,0.03833333333333332,myopic,271.4135108280617,271.4234303421626,0.009919514100886317,4,0.3,1.0,0.3
2.9,33,0.03833333333333332,nominal_dynamic,271.23049940082205,271.4234303421626,0.1929309413405349,4,0.3,1.0,0.3
2.9,33,0.03833333333333332,dro,271.30328039370676,271.4234303421626,0.1201499484558326,4,0.3,1.0,0.3
2.95,33,0.03833333333333332,myopic,275.95499978449226,275.95499978449226,0.0,4,0.3,1.0,0.3
2.95,33,0.03833333333333332,nominal_dynamic,275.74619416854443,275.95499978449226,0.2088056159478242,4,0.3,1.0,0.3
2.95,33,0.03833333333333332,dro,275.8244480477255,275.95499978449226,0.13055173676673348,4,0.3,1.0,0.3
3.0,33,0.03833333333333332,myopic,280.4964887409228,280.4964887409228,0.0,4,0.3,1.0,0.3
3.0,33,0.03833333333333332,nominal_dynamic,280.26188893626676,280.4964887409228,0.23459980465605668,4,0.3,1.0,0.3
3.0,33,0.03833333333333332,dro,280.34561570174424,280.4964887409228,0.15087303917857753,4,0.3,1.0,0.3
0.0,34,0.023333333333333338,myopic,208.88001835160247,208.88001835160247,0.0,0,0.0,,0.0
0.0,34,0.023333333333333338,nominal_dynamic,208.88001835160247,208.88001835160247,0.0,0,0.0,,0.0
0.0,34,0.023333333333333338,dro,208.88001835160247,208.88001835160247,0.0,0,0.0,,0.0
0.05,34,0.023333333333333338,myopic,208.88001835160247,208.88001835160247,0.0,0,0.0,,0.0
0.05,34,0.023333333333333338,nominal_dynamic,208.88001835160247,208.88001835160247,0.0,0,0.0,,0.0
0.05,34,0.023333333333333338,dro,208.88001835160247,208.88001835160247,0.0,0,0.0,,0.0
0.1,34,0.023333333333333338,myopic,208.88001835160247,208.88001835160247,0.0,0,0.0,,0.0
0.1,34,0.023333333333333338,nominal_dynamic,208.88001835160247,208.88001835160247,0.0,0,0.0,,0.0
0.1,34,0.023333333333333338,dro,208.88001835160247,208.88001835160247,0.0,0,0.0,,0.0
0.15,34,0.023333333333333338,myopic,208.88001835160247,208.88001835160247,0.0,0,0.0,,0.0
0.15,34,0.023333333333333338,nominal_dynamic,208.88001835160247,208.88001835160247,0.0,0,0.0,,0.0
0.15,34,0.023333333333333338,dro,208.88001835160247,208.88001835160247,0.0,0,0.0,,0.0
0.2,34,0.023333333333333338,myopic,208.88001835160247,208.88001835160247,0.0,0,0.0,,0.0
0.2,34,0.023333333333333338,nominal_dynamic,208.88001835160247,208.88001835160247,0.0,0,0.0,,0.0
0.2,34,0.023333333333333338,dro,208.88001835160247,208.88001835160247,0.0,0,0.0,,0.0
0.25,34,0.023333333333333338,myopic,208.88001835160247,208.88001835160247,0.0,0,0.0,,0.0
0.25,34,0.023333333333333338,nominal_dynamic,208.88001835160247,208.88001835160247,0.0,0,0.0,,0.0
0.25,34,0.023333333333333338,dro,208.88001835160247,208.88001835160247,0.0,0,0.0,,0.0
0.3,34,0.023333333333333338,myopic,208.88001835160247,208.88001835160247,0.0,0,0.0,,0.0
0.3,34,0.023333333333333338,nominal_dynamic,208.88001835160247,208.88001835160247,0.0,0,0.0,,0.0
0.3,34,0.023333333333333338,dro,208.88001835160247,208.88001835160247,0.0,0,0.0,,0.0
0.35,34,0.023333333333333338,myopic,208.88001835160247,208.88001835160247,0.0,0,0.0,,0.0
0.35,34,0.023333333333333338,nominal_dynamic,208.88001835160247,208.88001835160247,0.0,0,0.0,,0.0
0.35,34,0.023333333333333338,dro,208.88001835160247,208.88001835160247,0.0,0,0.0,,0.0
0.4,34,0.023333333333333338,myopic,208.88001835160247,208.88001835160247,0.0,0,0.0,,0.0
0.4,34,0.023333333333333338,nominal_dynamic,208.88001835160247,208.88001835160247,0.0,0,0.0,,0.0
0.4,34,0.023333333333333338,dro,208.88001835160247,208.88001835160247,0.0,0,0.0,,0.0
0.45,34,0.023333333333333338,myopic,208.88001835160247,208.88001835160247,0.0,0,0.0,,0.0
0.45,34,0.023333333333333338,nominal_dynamic,208.88001835160247,208.88001835160247,0.0,0,0.0,,0.0
0.45,34,0.023333333333333338,dro,208.88001835160247,208.88001835160247,0.0,0,0.0,,0.0
0.5,34,0.023333333333333338,myopic,208.88001835160247,208.88001835160247,0.0,0,0.0,,0.0
0.5,34,0.023333333333333338,nominal_dynamic,208.88001835160247,208.88001835160247,0.0,0,0.0,,0.0
0.5,34,0.023333333333333338,dro,208.88001835160247,208.88001835160247,0.0,0,0.0,,0.0
0.55,34,0.023333333333333338,myopic,208.88001835160247,208.88001835160247,0.0,0,0.0,,0.0
0.55,34,0.023333333333333338,nominal_dynamic,208.88001835160247,208.88001835160247,0.0,0,0.0,,0.0
0.55,34,0.023333333333333338,dro,208.88001835160247,208.88001835160247,0.0,0,0.0,,0.0
0.6,34,0.023333333333333338,myopic,208.88001835160247,208.88001835160247,0.0,0,0.0,,0.0
0.6,34,0.023333333333333338,nominal_dynamic,208.88001835160247,208.88001835160247,0.0,0,0.0,,0.0
0.6,34,0.023333333333333338,dro,208.88001835160247,208.88001835160247,0.0,0,0.0,,0.0
0.65,34,0.023333333333333338,myopic,208.88001835160247,208.88001835160247,0.0,0,0.0,,0.0
0.65,34,0.023333333333333338,nominal_dynamic,208.88001835160247,208.88001835160247,0.0,0,0.0,,0.0
0.65,34,0.023333333333333338,dro,208.88001835160247,208.88001835160247,0.0,0,0.0,,0.0
0.7,34,0.023333333333333338,myopic,208.88001835160247,208.88001835160247,0.0,0,0.0,,0.0
0.7,34,0.023333333333333338,nominal_dynamic,208.88001835160247,208.88001835160247,0.0,0,0.0,,0.0
0.7,34,0.023333333333333338,dro,208.88001835160247,208.88001835160247,0.0,0,0.0,,0.0
0.75,34,0.023333333333333338,myopic,208.88001835160247,208.88001835160247,0.0,0,0.0,,0.0
0.75,34,0.023333333333333338,nominal_dynamic,208.88001835160247,208.88001835160247,0.0,0,0.0,,0.0
0.75,34,0.023333333333333338,dro,208.88001835160247,208.88001835160247,0.0,0,0.0,,0.0
0.8,34,0.023333333333333338,myopic,208.88001835160247,208.88001835160247,0.0,0,0.0,,0.0
0.8,34,0.023333333333333338,nominal_dynamic,208.88001835160247,208.88001835160247,0.0,0,0.0,,0.0
0.8,34,0.023333333333333338,dro,208.88001835160247,208.88001835160247,0.0,0,0.0,,0.0
0.85,34,0.023333333333333338,myopic,208.88001835160247,208.88001835160247,0.0,0,0.0,,0.0
0.85,34,0.023333333333333338,nominal_dynamic,208.88001835160247,208.88001835160247,0.0,0,0.0,,0.0
0.85,34,0.023333333333333338,dro,208.88001835160247,208.88001835160247,0.0,0,0.0,,0.0
0.9,34,0.023333333333333338,myopic,208.88001835160247,208.88001835160247,0.0,0,0.0,,0.0
0.9,34,0.023333333333333338,nominal_dynamic,208.88001835160247,208.88001835160247,0.0,0,0.0,,0.0
0.9,34,0.023333333333333338,dro,208.88001835160247,208.88001835160247,0.0,0,0.0,,0.0
0.95,34,0.023333333333333338,myopic,208.88001835160247,208.88001835160247,0.0,0,0.0,,0.0
0.95,34,0.023333333333333338,nominal_dynamic,208.88001835160247,208.88001835160247,0.0,0,0.0,,0.0
0.95,34,0.023333333333333338,dro,208.88001835160247,208.88001835160247,0.0,0,0.0,,0.0
1.0,34,0.023333333333333338,myopic,208.88001835160247,208.88001835160247,0.0,0,0.0,,0.0
1.0,34,0.023333333333333338,nominal_dynamic,208.88001835160247,208.88001835160247,0.0,0,0.0,,0.0
1.0,34,0.023333333333333338,dro,208.88001835160247,208.88001835160247,0.0,0,0.0,,0.0
1.05,34,0.023333333333333338,myopic,208.88001835160247,208.88001835160247,0.0,0,0.0,,0.0
1.05,34,0.023333333333333338,nominal_dynamic,208.88001835160247,208.88001835160247,0.0,0,0.0,,0.0
1.05,34,0.023333333333333338,dro,208.88001835160247,208.88001835160247,0.0,0,0.0,,0.0
1.1,34,0.023333333333333338,myopic,208.88001835160247,208.88001835160247,0.0,0,0.0,,0.0
1.1,34,0.023333333333333338,nominal_dynamic,208.88001835160247,208.88001835160247,0.0,0,0.0,,0.0
1.1,34,0.023333333333333338,dro,208.88001835160247,208.88001835160247,0.0,0,0.0,,0.0
1.15,34,0.023333333333333338,myopic,208.88001835160247,208.88001835160247,0.0,0,0.0,,0.0
1.15,34,0.023333333333333338,nominal_dynamic,208.88001835160247,208.88001835160247,0.0,0,0.0,,0.0
1.15,34,0.023333333333333338,dro,208.88001835160247,208.88001835160247,0.0,0,0.0,,0.0
1.2,34,0.023333333333333338,myopic,208.88001835160247,208.88001835160247,0.0,0,0.0,,0.0
1.2,34,0.023333333333333338,nominal_dynamic,208.88001835160247,208.88001835160247,0.0,0,0.0,,0.0
1.2,34,0.023333333333333338,dro,208.88001835160247,208.88001835160247,0.0,0,0.0,,0.0
1.25,34,0.023333333333333338,myopic,208.88001835160247,208.88001835160247,0.0,0,0.0,,0.0
1.25,34,0.023333333333333338,nominal_dynamic,208.88001835160247,208.88001835160247,0.0,0,0.0,,0.0
1.25,34,0.023333333333333338,dro,208.88001835160247,208.88001835160247,0.0,0,0.0,,0.0
1.3,34,0.023333333333333338,myopic,208.88001835160247,208.88001835160247,0.0,0,0.0,,0.0
1.3,34,0.023333333333333338,nominal_dynamic,208.88001835160247,208.88001835160247,0.0,0,0.0,,0.0
1.3,34,0.023333333333333338,dro,208.88001835160247,208.88001835160247,0.0,0,0.0,,0.0
1.35,34,0.023333333333333338,myopic,208.88001835160247,208.88001835160247,0.0,0,0.0,,0.0
1.35,34,0.023333333333333338,nominal_dynamic,208.88001835160247,208.88001835160247,0.0,0,0.0,,0.0
1.35,34,0.023333333333333338,dro,208.88001835160247,208.88001835160247,0.0,0,0.0,,0.0
1.4,34,0.023333333333333338,myopic,208.88001835160247,208.88001835160247,0.0,0,0.0,,0.0
1.4,34,0.023333333333333338,nominal_dynamic,208.88001835160247,208.88001835160247,0.0,0,0.0,,0.0
1.4,34,0.023333333333333338,dro,208.88001835160247,208.88001835160247,0.0,0,0.0,,0.0
1.45,34,0.023333333333333338,myopic,208.88001835160247,208.88001835160247,0.0,0,0.0,,0.0
1.45,34,0.023333333333333338,nominal_dynamic,208.88001835160247,208.88001835160247,0.0,0,0.0,,0.0
1.45,34,0.023333333333333338,dro,208.88001835160247,208.88001835160247,0.0,0,0.0,,0.0
1.5,34,0.023333333333333338,myopic,208.88001835160247,208.88001835160247,0.0,0,0.0,,0.0
1.5,34,0.023333333333333338,nominal_dynamic,208.88001835160247,208.88001835160247,0.0,0,0.0,,0.0
1.5,34,0.023333333333333338,dro,208.88001835160247,208.88001835160247,0.0,0,0.0,,0.0
1.55,34,0.023333333333333338,myopic,208.88001835160247,208.88001835160247,0.0,0,0.0,,0.0
1.55,34,0.023333333333333338,nominal_dynamic,208.88001835160247,208.88001835160247,0.0,0,0.0,,0.0
1.55,34,0.023333333333333338,dro,208.88001835160247,208.88001835160247,0.0,0,0.0,,0.0
1.6,34,0.023333333333333338,myopic,208.88001835160247,208.88001835160247,0.0,0,0.0,,0.0
1.6,34,0.023333333333333338,nominal_dynamic,208.88001835160247,208.88001835160247,0.0,0,0.0,,0.0
1.6,34,0.023333333333333338,dro,208.88001835160247,208.88001835160247,0.0,0,0.0,,0.0
1.65,34,0.023333333333333338,myopic,208.88001835160247,208.88001835160247,0.0,0,0.0,,0.0
1.65,34,0.023333333333333338,nominal_dynamic,208.88001835160247,208.88001835160247,0.0,0,0.0,,0.0
1.65,34,0.023333333333333338,dro,208.88001835160247,208.88001835160247,0.0,0,0.0,,0.0
1.7,34,0.023333333333333338,myopic,208.88001835160247,208.88001835160247,0.0,0,0.0,,0.0
1.7,34,0.023333333333333338,nominal_dynamic,208.88001835160247,208.88001835160247,0.0,0,0.0,,0.0
1.7,34,0.023333333333333338,dro,208.88001835160247,208.88001835160247,0.0,0,0.0,,0.0
1.75,34,0.023333333333333338,myopic,208.88001835160247,208.88001835160247,0.0,0,0.0,,0.0
1.75,34,0.023333333333333338,nominal_dynamic,208.88001835160247,208.88001835160247,0.0,0,0.0,,0.0
1.75,34,0.023333333333333338,dro,208.88001835160247,208.88001835160247,0.0,0,0.0,,0.0
1.8,34,0.023333333333333338,myopic,208.88001835160247,208.88001835160247,0.0,0,0.0,,0.0
1.8,34,0.023333333333333338,nominal_dynamic,208.88001835160247,208.88001835160247,0.0,0,0.0,,0.0
1.8,34,0.023333333333333338,dro,208.88001835160247,208.88001835160247,0.0,0,0.0,,0.0
1.85,34,0.023333333333333338,myopic,208.88001835160247,208.88001835160247,0.0,0,0.0,,0.0
1.85,34,0.023333333333333338,nominal_dynamic,208.88001835160247,208.88001835160247,0.0,0,0.0,,0.0
1.85,34,0.023333333333333338,dro,208.88001835160247,208.88001835160247,0.0,0,0.0,,0.0
1.9,34,0.023333333333333338,myopic,208.88001835160247,208.88001835160247,0.0,0,0.0,,0.0
1.9,34,0.023333333333333338,nominal_dynamic,208.88001835160247,208.88001835160247,0.0,0,0.0,,0.0
1.9,34,0.023333333333333338,dro,208.88001835160247,208.88001835160247,0.0,0,0.0,,0.0
1.95,34,0.023333333333333338,myopic,208.88001835160247,208.88001835160247,0.0,0,0.0,,0.0
1.95,34,0.023333333333333338,nominal_dynamic,208.88001835160247,208.88001835160247,0.0,0,0.0,,0.0
1.95,34,0.023333333333333338,dro,208.88001835160247,208.88001835160247,0.0,0,0.0,,0.0
2.0,34,0.023333333333333338,myopic,208.88001835160247,208.88001835160247,0.0,0,0.0,,0.0
2.0,34,0.023333333333333338,nominal_dynamic,208.88001835160247,208.88001835160247,0.0,0,0.0,,0.0
2.0,34,0.023333333333333338,dro,208.88001835160247,208.88001835160247,0.0,0,0.0,,0.0
2.05,34,0.023333333333333338,myopic,208.88001835160247,208.88001835160247,0.0,0,0.0,,0.0
2.05,34,0.023333333333333338,nominal_dynamic,208.88001835160247,208.88001835160247,0.0,0,0.0,,0.0
2.05,34,0.023333333333333338,dro,208.88001835160247,208.88001835160247,0.0,0,0.0,,0.0
2.1,34,0.023333333333333338,myopic,208.88001835160247,208.9048502544398,0.024831902837320285,0,0.0,,0.0
2.1,34,0.023333333333333338,nominal_dynamic,208.88001835160247,208.9048502544398,0.024831902837320285,0,0.0,,0.0
2.1,34,0.023333333333333338,dro,208.88001835160247,208.9048502544398,0.024831902837320285,0,0.0,,0.0
2.15,34,0.023333333333333338,myopic,208.88001835160247,210.79619400265642,1.9161756510539476,0,0.0,,0.0
2.15,34,0.023333333333333338,nominal_dynamic,208.88001835160247,210.79619400265642,1.9161756510539476,0,0.0,,0.0
2.15,34,0.023333333333333338,dro,208.88001835160247,210.79619400265642,1.9161756510539476,0,0.0,,0.0
2.2,34,0.023333333333333338,myopic,215.240252466566,215.240252466566,0.0,4,0.3,1.0,0.3
2.2,34,0.023333333333333338,nominal_dynamic,210.41888773073293,215.240252466566,4.821364735833072,1,0.3,12.0,0.0
2.2,34,0.023333333333333338,dro,208.88001835160247,215.240252466566,6.360234114963532,0,0.0,,0.0
2.25,34,0.023333333333333338,myopic,220.2203244648204,220.2203244648204,0.0,4,0.3,1.0,0.3
2.25,34,0.023333333333333338,nominal_dynamic,220.13612585437363,220.2203244648204,0.08419861044677646,4,0.3,1.0,0.3
2.25,34,0.023333333333333338,dro,211.62382455624203,220.2203244648204,8.59649990857838,1,0.3,12.0,0.0
2.3,34,0.023333333333333338,myopic,225.20039646307487,225.20039646307487,0.0,4,0.3,1.0,0.3
2.3,34,0.023333333333333338,nominal_dynamic,225.07922220682164,225.20039646307487,0.12117425625322653,4,0.3,1.0,0.3
2.3,34,0.023333333333333338,dro,212.82876138175112,225.20039646307487,12.371635081323745,1,0.3,12.0,0.0
2.35,34,0.023333333333333338,myopic,230.18046846132933,230.18046846132933,0.0,4,0.3,1.0,0.3
2.35,34,0.023333333333333338,nominal_dynamic,230.02231855926965,230.18046846132933,0.1581499020596766,4,0.3,1.0,0.3
2.35,34,0.023333333333333338,dro,229.96799647148487,230.18046846132933,0.21247198984445959,4,0.3,3.0,0.0
2.4,34,0.023333333333333338,myopic,235.16054045958379,235.16054045958379,0.0,4,0.3,1.0,0.3
2.4,34,0.023333333333333338,nominal_dynamic,234.96541491171772,235.16054045958379,0.19512554786606984,4,0.3,1.0,0.3
2.4,34,0.023333333333333338,dro,234.89839225155671,235.16054045958379,0.26214820802707095,4,0.3,3.0,0.0
2.45,34,0.023333333333333338,myopic,240.1406124578382,240.1406124578382,0.0,4,0.3,1.0,0.3
2.45,34,0.023333333333333338,nominal_dynamic,239.90851126416572,240.1406124578382,0.23210119367246307,4,0.3,1.0,0.3
2.45,34,0.023333333333333338,dro,239.9870446174919,240.1406124578382,0.1535678403462839,4,0.3,1.0,0.3
2.5,34,0.023333333333333338,myopic,245.12068445609265,245.12068445609265,0.0,4,0.3,1.0,0.3
2.5,34,0.023333333333333338,nominal_dynamic,244.85160761661376,245.12068445609265,0.2690768394788847,4,0.3,1.0,0.3
2.5,34,0.023333333333333338,dro,244.94265198468582,245.12068445609265,0.17803247140682288,4,0.3,1.0,0.3
2.55,34,0.023333333333333338,myopic,250.10075645434705,250.10075645434705,0.0,4,0.3,1.0,0.3
2.55,34,0.023333333333333338,nominal_dynamic,249.79470396906174,250.10075645434705,0.3060524852853064,4,0.3,1.0,0.3
2.55,34,0.023333333333333338,dro,249.8982593518797,250.10075645434705,0.20249710246736186,4,0.3,1.0,0.3
2.6,34,0.023333333333333338,myopic,255.08082845260157,255.08082845260157,0.0,4,0.3,1.0,0.3
2.6,34,0.023333333333333338,nominal_dynamic,254.73780032150987,255.08082845260157,0.3430281310916996,4,0.3,1.0,0.3
2.6,34,0.023333333333333338,dro,254.8538667190737,255.08082845260157,0.2269617335278724,4,0.3,1.0,0.3
2.65,34,0.023333333333333338,myopic,260.06090045085597,260.06090045085597,0.0,4,0.3,1.0,0.3
2.65,34,0.023333333333333338,nominal_dynamic,259.74502425553584,260.06090045085597,0.3158761953201292,4,0.3,1.0,0.3
2.65,34,0.023333333333333338,dro,259.8094740862676,260.06090045085597,0.25142636458838297,4,0.3,1.0,0.3
2.7,34,0.023333333333333338,myopic,265.0409724491104,265.0409724491104,0.0,4,0.3,1.0,0.3
2.7,34,0.023333333333333338,nominal_dynamic,264.6943604373935,265.0409724491104,0.3466120117168998,4,0.3,1.0,0.3
2.7,34,0.023333333333333338,dro,264.76508145346156,265.0409724491104,0.2758909956488651,4,0.3,1.0,0.3
2.75,34,0.023333333333333338,myopic,270.02104444736483,270.02104444736483,0.0,4,0.3,1.0,0.3
2.75,34,0.023333333333333338,nominal_dynamic,269.6436966192512,270.02104444736483,0.37734782811361356,4,0.3,1.0,0.3
2.75,34,0.023333333333333338,dro,269.7206888206555,270.02104444736483,0.30035562670934723,4,0.3,1.0,0.3
2.8,34,0.023333333333333338,myopic,275.0011164456193,275.0011164456193,0.0,4,0.3,1.0,0.3
2.8,34,0.023333333333333338,nominal_dynamic,274.59303280110873,275.0011164456193,0.4080836445105547,4,0.3,1.0,0.3
2.8,34,0.023333333333333338,dro,274.6762961878494,275.0011164456193,0.3248202577698862,4,0.3,1.0,0.3
2.85,34,0.023333333333333338,myopic,279.98118844387375,279.98118844387375,0.0,4,0.3,1.0,0.3
2.85,34,0.023333333333333338,nominal_dynamic,279.5423689829664,279.98118844387375,0.43881946090732526,4,0.3,1.0,0.3
2.85,34,0.023333333333333338,dro,279.6319035550433,279.98118844387375,0.3492848888304252,4,0.3,1.0,0.3
2.9,34,0.023333333333333338,myopic,284.96126044212815,284.96126044212815,0.0,4,0.3,1.0,0.3
2.9,34,0.023333333333333338,nominal_dynamic,284.4917051648241,284.96126044212815,0.469555277304039,4,0.3,1.0,0.3
2.9,34,0.023333333333333338,dro,284.58751092223724,284.96126044212815,0.3737495198909073,4,0.3,1.0,0.3
2.95,34,0.023333333333333338,myopic,289.9413324403826,289.9413324403826,0.0,4,0.3,1.0,0.3
2.95,34,0.023333333333333338,nominal_dynamic,289.4410413466818,289.9413324403826,0.5002910937008096,4,0.3,1.0,0.3
2.95,34,0.023333333333333338,dro,289.5431182894312,289.9413324403826,0.39821415095138946,4,0.3,1.0,0.3
3.0,34,0.023333333333333338,myopic,294.92140443863707,294.92140443863707,0.0,4,0.3,1.0,0.3
3.0,34,0.023333333333333338,nominal_dynamic,294.3903775285394,294.92140443863707,0.5310269100976939,4,0.3,1.0,0.3
3.0,34,0.023333333333333338,dro,294.49872565662514,294.92140443863707,0.42267878201192843,4,0.3,1.0,0.3
0.0,35,0.023333333333333334,myopic,208.88001835160247,208.88001835160247,0.0,0,0.0,,0.0
0.0,35,0.023333333333333334,nominal_dynamic,208.88001835160247,208.88001835160247,0.0,0,0.0,,0.0
0.0,35,0.023333333333333334,dro,208.88001835160247,208.88001835160247,0.0,0,0.0,,0.0
0.05,35,0.023333333333333334,myopic,208.88001835160247,208.88001835160247,0.0,0,0.0,,0.0
0.05,35,0.023333333333333334,nominal_dynamic,208.88001835160247,208.88001835160247,0.0,0,0.0,,0.0
0.05,35,0.023333333333333334,dro,208.88001835160247,208.88001835160247,0.0,0,0.0,,0.0
0.1,35,0.023333333333333334,myopic,208.88001835160247,208.88001835160247,0.0,0,0.0,,0.0
0.1,35,0.023333333333333334,nominal_dynamic,208.88001835160247,208.88001835160247,0.0,0,0.0,,0.0
0.1,35,0.023333333333333334,dro,208.88001835160247,208.88001835160247,0.0,0,0.0,,0.0
0.15,35,0.023333333333333334,myopic,208.88001835160247,208.88001835160247,0.0,0,0.0,,0.0
0.15,35,0.023333333333333334,nominal_dynamic,208.88001835160247,208.88001835160247,0.0,0,0.0,,0.0
0.15,35,0.023333333333333334,dro,208.88001835160247,208.88001835160247,0.0,0,0.0,,0.0
0.2,35,0.023333333333333334,myopic,208.88001835160247,208.88001835160247,0.0,0,0.0,,0.0
0.2,35,0.023333333333333334,nominal_dynamic,208.88001835160247,208.88001835160247,0.0,0,0.0,,0.0
0.2,35,0.023333333333333334,dro,208.88001835160247,208.88001835160247,0.0,0,0.0,,0.0
0.25,35,0.023333333333333334,myopic,208.88001835160247,208.88001835160247,0.0,0,0.0,,0.0
0.25,35,0.023333333333333334,nominal_dynamic,208.88001835160247,208.88001835160247,0.0,0,0.0,,0.0
0.25,35,0.023333333333333334,dro,208.88001835160247,208.88001835160247,0.0,0,0.0,,0.0
0.3,35,0.023333333333333334,myopic,208.88001835160247,208.88001835160247,0.0,0,0.0,,0.0
0.3,35,0.023333333333333334,nominal_dynamic,208.88001835160247,208.88001835160247,0.0,0,0.0,,0.0
0.3,35,0.023333333333333334,dro,208.88001835160247,208.88001835160247,0.0,0,0.0,,0.0
0.35,35,0.023333333333333334,myopic,208.88001835160247,208.88001835160247,0.0,0,0.0,,0.0
0.35,35,0.023333333333333334,nominal_dynamic,208.88001835160247,208.88001835160247,0.0,0,0.0,,0.0
0.35,35,0.023333333333333334,dro,208.88001835160247,208.88001835160247,0.0,0,0.0,,0.0
0.4,35,0.023333333333333334,myopic,208.88001835160247,208.88001835160247,0.0,0,0.0,,0.0
0.4,35,0.023333333333333334,nominal_dynamic,208.88001835160247,208.88001835160247,0.0,0,0.0,,0.0
0.4,35,0.023333333333333334,dro,208.88001835160247,208.88001835160247,0.0,0,0.0,,0.0
0.45,35,0.023333333333333334,myopic,208.88001835160247,208.88001835160247,0.0,0,0.0,,0.0
0.45,35,0.023333333333333334,nominal_dynamic,208.88001835160247,208.88001835160247,0.0,0,0.0,,0.0
0.45,35,0.023333333333333334,dro,208.88001835160247,208.88001835160247,0.0,0,0.0,,0.0
0.5,35,0.023333333333333334,myopic,208.88001835160247,208.88001835160247,0.0,0,0.0,,0.0
0.5,35,0.023333333333333334,nominal_dynamic,208.88001835160247,208.88001835160247,0.0,0,0.0,,0.0
0.5,35,0.023333333333333334,dro,208.88001835160247,208.88001835160247,0.0,0,0.0,,0.0
0.55,35,0.023333333333333334,myopic,208.88001835160247,208.88001835160247,0.0,0,0.0,,0.0
0.55,35,0.023333333333333334,nominal_dynamic,208.88001835160247,208.88001835160247,0.0,0,0.0,,0.0
0.55,35,0.023333333333333334,dro,208.88001835160247,208.88001835160247,0.0,0,0.0,,0.0
0.6,35,0.023333333333333334,myopic,208.88001835160247,208.88001835160247,0.0,0,0.0,,0.0
0.6,35,0.023333333333333334,nominal_dynamic,208.88001835160247,208.88001835160247,0.0,0,0.0,,0.0
0.6,35,0.023333333333333334,dro,208.88001835160247,208.88001835160247,0.0,0,0.0,,0.0
0.65,35,0.023333333333333334,myopic,208.88001835160247,208.88001835160247,0.0,0,0.0,,0.0
0.65,35,0.023333333333333334,nominal_dynamic,208.88001835160247,208.88001835160247,0.0,0,0.0,,0.0
0.65,35,0.023333333333333334,dro,208.88001835160247,208.88001835160247,0.0,0,0.0,,0.0
0.7,35,0.023333333333333334,myopic,208.88001835160247,208.88001835160247,0.0,0,0.0,,0.0
0.7,35,0.023333333333333334,nominal_dynamic,208.88001835160247,208.88001835160247,0.0,0,0.0,,0.0
0.7,35,0.023333333333333334,dro,208.88001835160247,208.88001835160247,0.0,0,0.0,,0.0
0.75,35,0.023333333333333334,myopic,208.88001835160247,208.88001835160247,0.0,0,0.0,,0.0
0.75,35,0.023333333333333334,nominal_dynamic,208.88001835160247,208.88001835160247,0.0,0,0.0,,0.0
0.75,35,0.023333333333333334,dro,208.88001835160247,208.88001835160247,0.0,0,0.0,,0.0
0.8,35,0.023333333333333334,myopic,208.88001835160247,208.88001835160247,0.0,0,0.0,,0.0
0.8,35,0.023333333333333334,nominal_dynamic,208.88001835160247,208.88001835160247,0.0,0,0.0,,0.0
0.8,35,0.023333333333333334,dro,208.88001835160247,208.88001835160247,0.0,0,0.0,,0.0
0.85,35,0.023333333333333334,myopic,208.88001835160247,208.88001835160247,0.0,0,0.0,,0.0
0.85,35,0.023333333333333334,nominal_dynamic,208.88001835160247,208.88001835160247,0.0,0,0.0,,0.0
0.85,35,0.023333333333333334,dro,208.88001835160247,208.88001835160247,0.0,0,0.0,,0.0
0.9,35,0.023333333333333334,myopic,208.88001835160247,208.88001835160247,0.0,0,0.0,,0.0
0.9,35,0.023333333333333334,nominal_dynamic,208.88001835160247,208.88001835160247,0.0,0,0.0,,0.0
0.9,35,0.023333333333333334,dro,208.88001835160247,208.88001835160247,0.0,0,0.0,,0.0
0.95,35,0.023333333333333334,myopic,208.88001835160247,208.88001835160247,0.0,0,0.0,,0.0
0.95,35,0.023333333333333334,nominal_dynamic,208.88001835160247,208.88001835160247,0.0,0,0.0,,0.0
0.95,35,0.023333333333333334,dro,208.88001835160247,208.88001835160247,0.0,0,0.0,,0.0
1.0,35,0.023333333333333334,myopic,208.88001835160247,208.88001835160247,0.0,0,0.0,,0.0
1.0,35,0.023333333333333334,nominal_dynamic,208.88001835160247,208.88001835160247,0.0,0,0.0,,0.0
1.0,35,0.023333333333333334,dro,208.88001835160247,208.88001835160247,0.0,0,0.0,,0.0
1.05,35,0.023333333333333334,myopic,208.88001835160247,208.88001835160247,0.0,0,0.0,,0.0
1.05,35,0.023333333333333334,nominal_dynamic,208.88001835160247,208.88001835160247,0.0,0,0.0,,0.0
1.05,35,0.023333333333333334,dro,208.88001835160247,208.88001835160247,0.0,0,0.0,,0.0
1.1,35,0.023333333333333334,myopic,208.88001835160247,208.88001835160247,0.0,0,0.0,,0.0
1.1,35,0.023333333333333334,nominal_dynamic,208.88001835160247,208.88001835160247,0.0,0,0.0,,0.0
1.1,35,0.023333333333333334,dro,208.88001835160247,208.88001835160247,0.0,0,0.0,,0.0
1.15,35,0.023333333333333334,myopic,208.88001835160247,208.88001835160247,0.0,0,0.0,,0.0
1.15,35,0.023333333333333334,nominal_dynamic,208.88001835160247,208.88001835160247,0.0,0,0.0,,0.0
1.15,35,0.023333333333333334,dro,208.88001835160247,208.88001835160247,0.0,0,0.0,,0.0
1.2,35,0.023333333333333334,myopic,208.88001835160247,208.88001835160247,0.0,0,0.0,,0.0
1.2,35,0.023333333333333334,nominal_dynamic,208.88001835160247,208.88001835160247,0.0,0,0.0,,0.0
1.2,35,0.023333333333333334,dro,208.88001835160247,208.88001835160247,0.0,0,0.0,,0.0
1.25,35,0.023333333333333334,myopic,208.88001835160247,208.88001835160247,0.0,0,0.0,,0.0
1.25,35,0.023333333333333334,nominal_dynamic,208.88001835160247,208.88001835160247,0.0,0,0.0,,0.0
1.25,35,0.023333333333333334,dro,208.88001835160247,208.88001835160247,0.0,0,0.0,,0.0
1.3,35,0.023333333333333334,myopic,208.88001835160247,208.88001835160247,0.0,0,0.0,,0.0
1.3,35,0.023333333333333334,nominal_dynamic,208.88001835160247,208.88001835160247,0.0,0,0.0,,0.0
1.3,35,0.023333333333333334,dro,208.88001835160247,208.88001835160247,0.0,0,0.0,,0.0
1.35,35,0.023333333333333334,myopic,208.88001835160247,208.88001835160247,0.0,0,0.0,,0.0
1.35,35,0.023333333333333334,nominal_dynamic,208.88001835160247,208.88001835160247,0.0,0,0.0,,0.0
1.35,35,0.023333333333333334,dro,208.88001835160247,208.88001835160247,0.0,0,0.0,,0.0
1.4,35,0.023333333333333334,myopic,208.88001835160247,208.88001835160247,0.0,0,0.0,,0.0
1.4,35,0.023333333333333334,nominal_dynamic,208.88001835160247,208.88001835160247,0.0,0,0.0,,0.0
1.4,35,0.023333333333333334,dro,208.88001835160247,208.88001835160247,0.0,0,0.0,,0.0
1.45,35,0.023333333333333334,myopic,208.88001835160247,208.88001835160247,0.0,0,0.0,,0.0
1.45,35,0.023333333333333334,nominal_dynamic,208.88001835160247,208.88001835160247,0.0,0,0.0,,0.0
1.45,35,0.023333333333333334,dro,208.88001835160247,208.88001835160247,0.0,0,0.0,,0.0
1.5,35,0.023333333333333334,myopic,208.88001835160247,208.88001835160247,0.0,0,0.0,,0.0
1.5,35,0.023333333333333334,nominal_dynamic,208.88001835160247,208.88001835160247,0.0,0,0.0,,0.0
1.5,35,0.023333333333333334,dro,208.88001835160247,208.88001835160247,0.0,0,0.0,,0.0
1.55,35,0.023333333333333334,myopic,208.88001835160247,208.88001835160247,0.0,0,0.0,,0.0
1.55,35,0.023333333333333334,nominal_dynamic,208.88001835160247,208.88001835160247,0.0,0,0.0,,0.0
1.55,35,0.023333333333333334,dro,208.88001835160247,208.88001835160247,0.0,0,0.0,,0.0
1.6,35,0.023333333333333334,myopic,208.88001835160247,208.88001835160247,0.0,0,0.0,,0.0
1.6,35,0.023333333333333334,nominal_dynamic,208.88001835160247,208.88001835160247,0.0,0,0.0,,0.0
1.6,35,0.023333333333333334,dro,208.88001835160247,208.88001835160247,0.0,0,0.0,,0.0
1.65,35,0.023333333333333334,myopic,208.88001835160247,208.88001835160247,0.0,0,0.0,,0.0
1.65,35,0.023333333333333334,nominal_dynamic,208.88001835160247,208.88001835160247,0.0,0,0.0,,0.0
1.65,35,0.023333333333333334,dro,208.88001835160247,208.88001835160247,0.0,0,0.0,,0.0
1.7,35,0.023333333333333334,myopic,208.88001835160247,208.88001835160247,0.0,0,0.0,,0.0
1.7,35,0.023333333333333334,nominal_dynamic,208.88001835160247,208.88001835160247,0.0,0,0.0,,0.0
1.7,35,0.023333333333333334,dro,208.88001835160247,208.88001835160247,0.0,0,0.0,,0.0
1.75,35,0.023333333333333334,myopic,208.88001835160247,208.88001835160247,0.0,0,0.0,,0.0
1.75,35,0.023333333333333334,nominal_dynamic,208.88001835160247,208.88001835160247,0.0,0,0.0,,0.0
1.75,35,0.023333333333333334,dro,208.88001835160247,208.88001835160247,0.0,0,0.0,,0.0
1.8,35,0.023333333333333334,myopic,208.88001835160247,208.88001835160247,0.0,0,0.0,,0.0
1.8,35,0.023333333333333334,nominal_dynamic,208.88001835160247,208.88001835160247,0.0,0,0.0,,0.0
1.8,35,0.023333333333333334,dro,208.88001835160247,208.88001835160247,0.0,0,0.0,,0.0
1.85,35,0.023333333333333334,myopic,208.88001835160247,208.88001835160247,0.0,0,0.0,,0.0
1.85,35,0.023333333333333334,nominal_dynamic,208.88001835160247,208.88001835160247,0.0,0,0.0,,0.0
1.85,35,0.023333333333333334,dro,208.88001835160247,208.88001835160247,0.0,0,0.0,,0.0
1.9,35,0.023333333333333334,myopic,208.88001835160247,208.88001835160247,0.0,0,0.0,,0.0
1.9,35,0.023333333333333334,nominal_dynamic,208.88001835160247,208.88001835160247,0.0,0,0.0,,0.0
1.9,35,0.023333333333333334,dro,208.88001835160247,208.88001835160247,0.0,0,0.0,,0.0
1.95,35,0.023333333333333334,myopic,208.88001835160247,208.88001835160247,0.0,0,0.0,,0.0
1.95,35,0.023333333333333334,nominal_dynamic,208.88001835160247,208.88001835160247,0.0,0,0.0,,0.0
1.95,35,0.023333333333333334,dro,208.88001835160247,208.88001835160247,0.0,0,0.0,,0.0
2.0,35,0.023333333333333334,myopic,208.88001835160247,208.88001835160247,0.0,0,0.0,,0.0
2.0,35,0.023333333333333334,nominal_dynamic,208.88001835160247,208.88001835160247,0.0,0,0.0,,0.0
2.0,35,0.023333333333333334,dro,208.88001835160247,208.88001835160247,0.0,0,0.0,,0.0
2.05,35,0.023333333333333334,myopic,208.88001835160247,208.88001835160247,0.0,0,0.0,,0.0
2.05,35,0.023333333333333334,nominal_dynamic,208.88001835160247,208.88001835160247,0.0,0,0.0,,0.0
2.05,35,0.023333333333333334,dro,208.88001835160247,208.88001835160247,0.0,0,0.0,,0.0
2.1,35,0.023333333333333334,myopic,208.88001835160247,208.88001835160247,0.0,0,0.0,,0.0
2.1,35,0.023333333333333334,nominal_dynamic,208.88001835160247,208.88001835160247,0.0,0,0.0,,0.0
2.1,35,0.023333333333333334,dro,208.88001835160247,208.88001835160247,0.0,0,0.0,,0.0
2.15,35,0.023333333333333334,myopic,208.88001835160247,208.88001835160247,0.0,0,0.0,,0.0
2.15,35,0.023333333333333334,nominal_dynamic,208.88001835160247,208.88001835160247,0.0,0,0.0,,0.0
2.15,35,0.023333333333333334,dro,208.88001835160247,208.88001835160247,0.0,0,0.0,,0.0
2.2,35,0.023333333333333334,myopic,198.98024830566158,208.88001835160247,9.899770045940897,4,0.3,1.0,0.3
2.2,35,0.023333333333333334,nominal_dynamic,207.80657840495797,208.88001835160247,1.0734399466444984,1,0.3,12.0,0.0
2.2,35,0.023333333333333334,dro,208.88001835160247,208.88001835160247,0.0,0,0.0,,0.0
2.25,35,0.023333333333333334,myopic,203.23962083492646,208.88001835160247,5.640397516676018,4,0.3,1.0,0.3
2.25,35,0.023333333333333334,nominal_dynamic,204.53375817488848,208.88001835160247,4.346260176713997,4,0.3,1.0,0.3
2.25,35,0.023333333333333334,dro,208.84109165805594,208.88001835160247,0.03892669354652867,1,0.3,12.0,0.0
2.3,35,0.023333333333333334,myopic,207.49899336419148,209.8756049111539,2.3766115469624367,4,0.3,1.0,0.3
2.3,35,0.023333333333333334,nominal_dynamic,208.7773197222038,209.8756049111539,1.0982851889501148,4,0.3,1.0,0.3
2.3,35,0.023333333333333334,dro,209.8756049111539,209.8756049111539,0.0,1,0.3,12.0,0.0
2.35,35,0.023333333333333334,myopic,211.75836589345644,213.02088126951912,1.2625153760626802,4,0.3,1.0,0.3
2.35,35,0.023333333333333334,nominal_dynamic,213.02088126951912,213.02088126951912,0.0,4,0.3,1.0,0.3
2.35,35,0.023333333333333334,dro,212.99923956760844,213.02088126951912,0.021641701910681377,4,0.3,3.0,0.0
2.4,35,0.023333333333333334,myopic,216.01773842272138,217.2644428168344,1.24670439411301,4,0.3,1.0,0.3
2.4,35,0.023333333333333334,nominal_dynamic,217.250238746717,217.2644428168344,0.014204070117386891,4,0.3,1.0,0.3
2.4,35,0.023333333333333334,dro,217.21612485589395,217.2644428168344,0.04831796094043739,4,0.3,3.0,0.0
2.45,35,0.023333333333333334,myopic,220.27711095198634,221.50413099442616,1.2270200424398183,4,0.3,1.0,0.3
2.45,35,0.023333333333333334,nominal_dynamic,221.50413099442616,221.50413099442616,0.0,4,0.3,1.0,0.3
2.45,35,0.023333333333333334,dro,221.48034707939183,221.50413099442616,0.023783915034329084,4,0.3,1.0,0.3
2.5,35,0.023333333333333334,myopic,224.53648348125137,225.75802324213538,1.2215397608840135,4,0.3,1.0,0.3
2.5,35,0.023333333333333334,nominal_dynamic,225.75802324213538,225.75802324213538,0.0,4,0.3,1.0,0.3
2.5,35,0.023333333333333334,dro,225.7131729629071,225.75802324213538,0.04485027922828522,4,0.3,1.0,0.3
2.55,35,0.023333333333333334,myopic,228.79585601051625,230.01191548984445,1.2160594793282087,4,0.3,1.0,0.3
2.55,35,0.023333333333333334,nominal_dynamic,230.01191548984445,230.01191548984445,0.0,4,0.3,1.0,0.3
2.55,35,0.023333333333333334,dro,229.94599884642236,230.01191548984445,0.06591664342209924,4,0.3,1.0,0.3
2.6,35,0.023333333333333334,myopic,233.05522853978127,234.2658077375537,1.2105791977724323,4,0.3,1.0,0.3
2.6,35,0.023333333333333334,nominal_dynamic,234.2658077375537,234.2658077375537,0.0,4,0.3,1.0,0.3
2.6,35,0.023333333333333334,dro,234.23868900609563,234.2658077375537,0.027118731458074308,4,0.3,1.0,0.3
2.65,35,0.023333333333333334,myopic,237.31460106904618,238.51969998526278,1.205098916216599,4,0.3,1.0,0.3
2.65,35,0.023333333333333334,nominal_dynamic,238.51969998526278,238.51969998526278,0.0,4,0.3,1.0,0.3
2.65,35,0.023333333333333334,dro,238.4822505534109,238.51969998526278,0.037449431851882764,4,0.3,1.0,0.3
2.7,35,0.023333333333333334,myopic,241.5739735983112,242.773592232972,1.1996186346607942,4,0.3,1.0,0.3
2.7,35,0.023333333333333334,nominal_dynamic,242.773592232972,242.773592232972,0.0,4,0.3,1.0,0.3
2.7,35,0.023333333333333334,dro,242.72581210072627,242.773592232972,0.04778013224571964,4,0.3,1.0,0.3
2.75,35,0.023333333333333334,myopic,245.83334612757614,247.02748448068115,1.1941383531050178,4,0.3,1.0,0.3
2.75,35,0.023333333333333334,nominal_dynamic,247.02748448068115,247.02748448068115,0.0,4,0.3,1.0,0.3
2.75,35,0.023333333333333334,dro,246.96937364804154,247.02748448068115,0.05811083263961336,4,0.3,1.0,0.3
2.8,35,0.023333333333333334,myopic,250.0927186568411,251.28137672839028,1.1886580715491846,4,0.3,1.0,0.3
2.8,35,0.023333333333333334,nominal_dynamic,251.28137672839028,251.28137672839028,0.0,4,0.3,1.0,0.3
2.8,35,0.023333333333333334,dro,251.21293519535683,251.28137672839028,0.06844153303345024,4,0.3,1.0,0.3
2.85,35,0.023333333333333334,myopic,254.35209118610607,255.53526897609945,1.1831777899933797,4,0.3,1.0,0.3
2.85,35,0.023333333333333334,nominal_dynamic,255.53526897609945,255.53526897609945,0.0,4,0.3,1.0,0.3
2.85,35,0.023333333333333334,dro,255.45649674267213,255.53526897609945,0.07877223342731554,4,0.3,1.0,0.3
2.9,35,0.023333333333333334,myopic,258.61146371537103,259.7891612238086,1.177697508437575,4,0.3,1.0,0.3
2.9,35,0.023333333333333334,nominal_dynamic,259.7891612238086,259.7891612238086,0.0,4,0.3,1.0,0.3
2.9,35,0.023333333333333334,dro,259.7891612238086,259.7891612238086,0.0,4,0.3,1.0,0.3
2.95,35,0.023333333333333334,myopic,262.870836244636,264.04305347151774,1.1722172268817417,4,0.3,1.0,0.3
2.95,35,0.023333333333333334,nominal_dynamic,264.04305347151774,264.04305347151774,0.0,4,0.3,1.0,0.3
2.95,35,0.023333333333333334,dro,264.04305347151774,264.04305347151774,0.0,4,0.3,1.0,0.3
3.0,35,0.023333333333333334,myopic,267.1302087739009,268.2969457192269,1.1667369453260221,4,0.3,1.0,0.3
3.0,35,0.023333333333333334,nominal_dynamic,268.2969457192269,268.2969457192269,0.0,4,0.3,1.0,0.3
3.0,35,0.023333333333333334,dro,268.2969457192269,268.2969457192269,0.0,4,0.3,1.0,0.3
0.0,36,0.02166666666666667,myopic,208.88001835160247,208.88001835160247,0.0,0,0.0,,0.0
0.0,36,0.02166666666666667,nominal_dynamic,208.88001835160247,208.88001835160247,0.0,0,0.0,,0.0
0.0,36,0.02166666666666667,dro,208.88001835160247,208.88001835160247,0.0,0,0.0,,0.0
0.05,36,0.02166666666666667,myopic,208.88001835160247,208.88001835160247,0.0,0,0.0,,0.0
0.05,36,0.02166666666666667,nominal_dynamic,208.88001835160247,208.88001835160247,0.0,0,0.0,,0.0
0.05,36,0.02166666666666667,dro,208.88001835160247,208.88001835160247,0.0,0,0.0,,0.0
0.1,36,0.02166666666666667,myopic,208.88001835160247,208.88001835160247,0.0,0,0.0,,0.0
0.1,36,0.02166666666666667,nominal_dynamic,208.88001835160247,208.88001835160247,0.0,0,0.0,,0.0
0.1,36,0.02166666666666667,dro,208.88001835160247,208.88001835160247,0.0,0,0.0,,0.0
0.15,36,0.02166666666666667,myopic,208.88001835160247,208.88001835160247,0.0,0,0.0,,0.0
0.15,36,0.02166666666666667,nominal_dynamic,208.88001835160247,208.88001835160247,0.0,0,0.0,,0.0
0.15,36,0.02166666666666667,dro,208.88001835160247,208.88001835160247,0.0,0,0.0,,0.0
0.2,36,0.02166666666666667,myopic,208.88001835160247,208.88001835160247,0.0,0,0.0,,0.0
0.2,36,0.02166666666666667,nominal_dynamic,208.88001835160247,208.88001835160247,0.0,0,0.0,,0.0
0.2,36,0.02166666666666667,dro,208.88001835160247,208.88001835160247,0.0,0,0.0,,0.0
0.25,36,0.02166666666666667,myopic,208.88001835160247,208.88001835160247,0.0,0,0.0,,0.0
0.25,36,0.02166666666666667,nominal_dynamic,208.88001835160247,208.88001835160247,0.0,0,0.0,,0.0
0.25,36,0.02166666666666667,dro,208.88001835160247,208.88001835160247,0.0,0,0.0,,0.0
0.3,36,0.02166666666666667,myopic,208.88001835160247,208.88001835160247,0.0,0,0.0,,0.0
0.3,36,0.02166666666666667,nominal_dynamic,208.88001835160247,208.88001835160247,0.0,0,0.0,,0.0
0.3,36,0.02166666666666667,dro,208.88001835160247,208.88001835160247,0.0,0,0.0,,0.0
0.35,36,0.02166666666666667,myopic,208.88001835160247,208.88001835160247,0.0,0,0.0,,0.0
0.35,36,0.02166666666666667,nominal_dynamic,208.88001835160247,208.88001835160247,0.0,0,0.0,,0.0
0.35,36,0.02166666666666667,dro,208.88001835160247,208.88001835160247,0.0,0,0.0,,0.0
0.4,36,0.02166666666666667,myopic,208.88001835160247,208.88001835160247,0.0,0,0.0,,0.0
0.4,36,0.02166666666666667,nominal_dynamic,208.88001835160247,208.88001835160247,0.0,0,0.0,,0.0
0.4,36,0.02166666666666667,dro,208.88001835160247,208.88001835160247,0.0,0,0.0,,0.0
0.45,36,0.02166666666666667,myopic,208.88001835160247,208.88001835160247,0.0,0,0.0,,0.0
0.45,36,0.02166666666666667,nominal_dynamic,208.88001835160247,208.88001835160247,0.0,0,0.0,,0.0
0.45,36,0.02166666666666667,dro,208.88001835160247,208.88001835160247,0.0,0,0.0,,0.0
0.5,36,0.02166666666666667,myopic,208.88001835160247,208.88001835160247,0.0,0,0.0,,0.0
0.5,36,0.02166666666666667,nominal_dynamic,208.88001835160247,208.88001835160247,0.0,0,0.0,,0.0
0.5,36,0.02166666666666667,dro,208.88001835160247,208.88001835160247,0.0,0,0.0,,0.0
0.55,36,0.02166666666666667,myopic,208.88001835160247,208.88001835160247,0.0,0,0.0,,0.0
0.55,36,0.02166666666666667,nominal_dynamic,208.88001835160247,208.88001835160247,0.0,0,0.0,,0.0
0.55,36,0.02166666666666667,dro,208.88001835160247,208.88001835160247,0.0,0,0.0,,0.0
0.6,36,0.02166666666666667,myopic,208.88001835160247,208.88001835160247,0.0,0,0.0,,0.0
0.6,36,0.02166666666666667,nominal_dynamic,208.88001835160247,208.88001835160247,0.0,0,0.0,,0.0
0.6,36,0.02166666666666667,dro,208.88001835160247,208.88001835160247,0.0,0,0.0,,0.0
0.65,36,0.02166666666666667,myopic,208.88001835160247,208.88001835160247,0.0,0,0.0,,0.0
0.65,36,0.02166666666666667,nominal_dynamic,208.88001835160247,208.88001835160247,0.0,0,0.0,,0.0
0.65,36,0.02166666666666667,dro,208.88001835160247,208.88001835160247,0.0,0,0.0,,0.0
0.7,36,0.02166666666666667,myopic,208.88001835160247,208.88001835160247,0.0,0,0.0,,0.0
0.7,36,0.02166666666666667,nominal_dynamic,208.88001835160247,208.88001835160247,0.0,0,0.0,,0.0
0.7,36,0.02166666666666667,dro,208.88001835160247,208.88001835160247,0.0,0,0.0,,0.0
0.75,36,0.02166666666666667,myopic,208.88001835160247,208.88001835160247,0.0,0,0.0,,0.0
0.75,36,0.02166666666666667,nominal_dynamic,208.88001835160247,208.88001835160247,0.0,0,0.0,,0.0
0.75,36,0.02166666666666667,dro,208.88001835160247,208.88001835160247,0.0,0,0.0,,0.0
0.8,36,0.02166666666666667,myopic,208.88001835160247,208.88001835160247,0.0,0,0.0,,0.0
0.8,36,0.02166666666666667,nominal_dynamic,208.88001835160247,208.88001835160247,0.0,0,0.0,,0.0
0.8,36,0.02166666666666667,dro,208.88001835160247,208.88001835160247,0.0,0,0.0,,0.0
0.85,36,0.02166666666666667,myopic,208.88001835160247,208.88001835160247,0.0,0,0.0,,0.0
0.85,36,0.02166666666666667,nominal_dynamic,208.88001835160247,208.88001835160247,0.0,0,0.0,,0.0
0.85,36,0.02166666666666667,dro,208.88001835160247,208.88001835160247,0.0,0,0.0,,0.0
0.9,36,0.02166666666666667,myopic,208.88001835160247,208.88001835160247,0.0,0,0.0,,0.0
0.9,36,0.02166666666666667,nominal_dynamic,208.88001835160247,208.88001835160247,0.0,0,0.0,,0.0
0.9,36,0.02166666666666667,dro,208.88001835160247,208.88001835160247,0.0,0,0.0,,0.0
0.95,36,0.02166666666666667,myopic,208.88001835160247,208.88001835160247,0.0,0,0.0,,0.0
0.95,36,0.02166666666666667,nominal_dynamic,208.88001835160247,208.88001835160247,0.0,0,0.0,,0.0
0.95,36,0.02166666666666667,dro,208.88001835160247,208.88001835160247,0.0,0,0.0,,0.0
1.0,36,0.02166666666666667,myopic,208.88001835160247,208.88001835160247,0.0,0,0.0,,0.0
1.0,36,0.02166666666666667,nominal_dynamic,208.88001835160247,208.88001835160247,0.0,0,0.0,,0.0
1.0,36,0.02166666666666667,dro,208.88001835160247,208.88001835160247,0.0,0,0.0,,0.0
1.05,36,0.02166666666666667,myopic,208.88001835160247,208.88001835160247,0.0,0,0.0,,0.0
1.05,36,0.02166666666666667,nominal_dynamic,208.88001835160247,208.88001835160247,0.0,0,0.0,,0.0
1.05,36,0.02166666666666667,dro,208.88001835160247,208.88001835160247,0.0,0,0.0,,0.0
1.1,36,0.02166666666666667,myopic,208.88001835160247,208.88001835160247,0.0,0,0.0,,0.0
1.1,36,0.02166666666666667,nominal_dynamic,208.88001835160247,208.88001835160247,0.0,0,0.0,,0.0
1.1,36,0.02166666666666667,dro,208.88001835160247,208.88001835160247,0.0,0,0.0,,0.0
1.15,36,0.02166666666666667,myopic,208.88001835160247,208.88001835160247,0.0,0,0.0,,0.0
1.15,36,0.02166666666666667,nominal_dynamic,208.88001835160247,208.88001835160247,0.0,0,0.0,,0.0
1.15,36,0.02166666666666667,dro,208.88001835160247,208.88001835160247,0.0,0,0.0,,0.0
1.2,36,0.02166666666666667,myopic,208.88001835160247,208.88001835160247,0.0,0,0.0,,0.0
1.2,36,0.02166666666666667,nominal_dynamic,208.88001835160247,208.88001835160247,0.0,0,0.0,,0.0
1.2,36,0.02166666666666667,dro,208.88001835160247,208.88001835160247,0.0,0,0.0,,0.0
1.25,36,0.02166666666666667,myopic,208.88001835160247,208.88001835160247,0.0,0,0.0,,0.0
1.25,36,0.02166666666666667,nominal_dynamic,208.88001835160247,208.88001835160247,0.0,0,0.0,,0.0
1.25,36,0.02166666666666667,dro,208.88001835160247,208.88001835160247,0.0,0,0.0,,0.0
1.3,36,0.02166666666666667,myopic,208.88001835160247,208.88001835160247,0.0,0,0.0,,0.0
1.3,36,0.02166666666666667,nominal_dynamic,208.88001835160247,208.88001835160247,0.0,0,0.0,,0.0
1.3,36,0.02166666666666667,dro,208.88001835160247,208.88001835160247,0.0,0,0.0,,0.0
1.35,36,0.02166666666666667,myopic,208.88001835160247,208.88001835160247,0.0,0,0.0,,0.0
1.35,36,0.02166666666666667,nominal_dynamic,208.88001835160247,208.88001835160247,0.0,0,0.0,,0.0
1.35,36,0.02166666666666667,dro,208.88001835160247,208.88001835160247,0.0,0,0.0,,0.0
1.4,36,0.02166666666666667,myopic,208.88001835160247,208.88001835160247,0.0,0,0.0,,0.0
1.4,36,0.02166666666666667,nominal_dynamic,208.88001835160247,208.88001835160247,0.0,0,0.0,,0.0
1.4,36,0.02166666666666667,dro,208.88001835160247,208.88001835160247,0.0,0,0.0,,0.0
1.45,36,0.02166666666666667,myopic,208.88001835160247,208.88001835160247,0.0,0,0.0,,0.0
1.45,36,0.02166666666666667,nominal_dynamic,208.88001835160247,208.88001835160247,0.0,0,0.0,,0.0
1.45,36,0.02166666666666667,dro,208.88001835160247,208.88001835160247,0.0,0,0.0,,0.0
1.5,36,0.02166666666666667,myopic,208.88001835160247,208.88001835160247,0.0,0,0.0,,0.0
1.5,36,0.02166666666666667,nominal_dynamic,208.88001835160247,208.88001835160247,0.0,0,0.0,,0.0
1.5,36,0.02166666666666667,dro,208.88001835160247,208.88001835160247,0.0,0,0.0,,0.0
1.55,36,0.02166666666666667,myopic,208.88001835160247,208.88001835160247,0.0,0,0.0,,0.0
1.55,36,0.02166666666666667,nominal_dynamic,208.88001835160247,208.88001835160247,0.0,0,0.0,,0.0
1.55,36,0.02166666666666667,dro,208.88001835160247,208.88001835160247,0.0,0,0.0,,0.0
1.6,36,0.02166666666666667,myopic,208.88001835160247,208.88001835160247,0.0,0,0.0,,0.0
1.6,36,0.02166666666666667,nominal_dynamic,208.88001835160247,208.88001835160247,0.0,0,0.0,,0.0
1.6,36,0.02166666666666667,dro,208.88001835160247,208.88001835160247,0.0,0,0.0,,0.0
1.65,36,0.02166666666666667,myopic,208.88001835160247,208.88001835160247,0.0,0,0.0,,0.0
1.65,36,0.02166666666666667,nominal_dynamic,208.88001835160247,208.88001835160247,0.0,0,0.0,,0.0
1.65,36,0.02166666666666667,dro,208.88001835160247,208.88001835160247,0.0,0,0.0,,0.0
1.7,36,0.02166666666666667,myopic,208.88001835160247,208.88001835160247,0.0,0,0.0,,0.0
1.7,36,0.02166666666666667,nominal_dynamic,208.88001835160247,208.88001835160247,0.0,0,0.0,,0.0
1.7,36,0.02166666666666667,dro,208.88001835160247,208.88001835160247,0.0,0,0.0,,0.0
1.75,36,0.02166666666666667,myopic,208.88001835160247,208.88001835160247,0.0,0,0.0,,0.0
1.75,36,0.02166666666666667,nominal_dynamic,208.88001835160247,208.88001835160247,0.0,0,0.0,,0.0
1.75,36,0.02166666666666667,dro,208.88001835160247,208.88001835160247,0.0,0,0.0,,0.0
1.8,36,0.02166666666666667,myopic,208.88001835160247,208.88001835160247,0.0,0,0.0,,0.0
1.8,36,0.02166666666666667,nominal_dynamic,208.88001835160247,208.88001835160247,0.0,0,0.0,,0.0
1.8,36,0.02166666666666667,dro,208.88001835160247,208.88001835160247,0.0,0,0.0,,0.0
1.85,36,0.02166666666666667,myopic,208.88001835160247,208.88001835160247,0.0,0,0.0,,0.0
1.85,36,0.02166666666666667,nominal_dynamic,208.88001835160247,208.88001835160247,0.0,0,0.0,,0.0
1.85,36,0.02166666666666667,dro,208.88001835160247,208.88001835160247,0.0,0,0.0,,0.0
1.9,36,0.02166666666666667,myopic,208.88001835160247,208.88001835160247,0.0,0,0.0,,0.0
1.9,36,0.02166666666666667,nominal_dynamic,208.88001835160247,208.88001835160247,0.0,0,0.0,,0.0
1.9,36,0.02166666666666667,dro,208.88001835160247,208.88001835160247,0.0,0,0.0,,0.0
1.95,36,0.02166666666666667,myopic,208.88001835160247,208.88001835160247,0.0,0,0.0,,0.0
1.95,36,0.02166666666666667,nominal_dynamic,208.88001835160247,208.88001835160247,0.0,0,0.0,,0.0
1.95,36,0.02166666666666667,dro,208.88001835160247,208.88001835160247,0.0,0,0.0,,0.0
2.0,36,0.02166666666666667,myopic,208.88001835160247,208.88001835160247,0.0,0,0.0,,0.0
2.0,36,0.02166666666666667,nominal_dynamic,208.88001835160247,208.88001835160247,0.0,0,0.0,,0.0
2.0,36,0.02166666666666667,dro,208.88001835160247,208.88001835160247,0.0,0,0.0,,0.0
2.05,36,0.02166666666666667,myopic,208.88001835160247,208.88001835160247,0.0,0,0.0,,0.0
2.05,36,0.02166666666666667,nominal_dynamic,208.88001835160247,208.88001835160247,0.0,0,0.0,,0.0
2.05,36,0.02166666666666667,dro,208.88001835160247,208.88001835160247,0.0,0,0.0,,0.0
2.1,36,0.02166666666666667,myopic,208.88001835160247,208.88001835160247,0.0,0,0.0,,0.0
2.1,36,0.02166666666666667,nominal_dynamic,208.88001835160247,208.88001835160247,0.0,0,0.0,,0.0
2.1,36,0.02166666666666667,dro,208.88001835160247,208.88001835160247,0.0,0,0.0,,0.0
2.15,36,0.02166666666666667,myopic,208.88001835160247,211.3641780232496,2.48415967164712,0,0.0,,0.0
2.15,36,0.02166666666666667,nominal_dynamic,208.88001835160247,211.3641780232496,2.48415967164712,0,0.0,,0.0
2.15,36,0.02166666666666667,dro,208.88001835160247,211.3641780232496,2.48415967164712,0,0.0,,0.0
2.2,36,0.02166666666666667,myopic,216.2264687575228,216.46237849995316,0.23590974243035134,4,0.3,1.0,0.3
2.2,36,0.02166666666666667,nominal_dynamic,210.93714762545792,216.46237849995316,5.525230874495236,1,0.3,12.0,0.0
2.2,36,0.02166666666666667,dro,208.88001835160247,216.46237849995316,7.582360148350688,0,0.0,,0.0
2.25,36,0.02166666666666667,myopic,221.34093963074255,221.56593309046633,0.22499345972377682,4,0.3,1.0,0.3
2.25,36,0.02166666666666667,nominal_dynamic,221.54615668761787,221.56593309046633,0.01977640284846416,4,0.3,1.0,0.3
2.25,36,0.02166666666666667,dro,212.17589503450893,221.56593309046633,9.390038055957405,1,0.3,12.0,0.0
2.3,36,0.02166666666666667,myopic,226.45541050396236,226.6694876809795,0.21407717701714546,4,0.3,1.0,0.3
2.3,36,0.02166666666666667,nominal_dynamic,226.637146019802,226.6694876809795,0.03234166117749737,4,0.3,1.0,0.3
2.3,36,0.02166666666666667,dro,213.41464244355996,226.6694876809795,13.254845237419545,1,0.3,12.0,0.0
2.35,36,0.02166666666666667,myopic,231.56988137718216,231.7730422714927,0.20316089431054252,4,0.3,1.0,0.3
2.35,36,0.02166666666666667,nominal_dynamic,231.72813535198617,231.7730422714927,0.044906919506530585,4,0.3,1.0,0.3
2.35,36,0.02166666666666667,dro,231.60637381336042,231.7730422714927,0.16666845813227837,4,0.3,3.0,0.0
2.4,36,0.02166666666666667,myopic,236.68435225040196,236.87659686200593,0.192244611603968,4,0.3,1.0,0.3
2.4,36,0.02166666666666667,nominal_dynamic,236.87659686200593,236.87659686200593,0.0,4,0.3,1.0,0.3
2.4,36,0.02166666666666667,dro,236.6698278396199,236.87659686200593,0.2067690223860268,4,0.3,3.0,0.0
2.45,36,0.02166666666666667,myopic,241.79882312362176,241.9801514525191,0.18132832889733663,4,0.3,1.0,0.3
2.45,36,0.02166666666666667,nominal_dynamic,241.9801514525191,241.9801514525191,0.0,4,0.3,1.0,0.3
2.45,36,0.02166666666666667,dro,241.8277260481056,241.9801514525191,0.15242540441349206,4,0.3,1.0,0.3
2.5,36,0.02166666666666667,myopic,246.91329399684153,247.0837060430323,0.1704120461907621,4,0.3,1.0,0.3
2.5,36,0.02166666666666667,nominal_dynamic,247.0837060430323,247.0837060430323,0.0,4,0.3,1.0,0.3
2.5,36,0.02166666666666667,dro,246.90583016657797,247.0837060430323,0.17787587645432268,4,0.3,1.0,0.3
2.55,36,0.02166666666666667,myopic,252.0277648700613,252.18726063354546,0.15949576348415917,4,0.3,1.0,0.3
2.55,36,0.02166666666666667,nominal_dynamic,252.18726063354546,252.18726063354546,0.0,4,0.3,1.0,0.3
2.55,36,0.02166666666666667,dro,251.9839342850504,252.18726063354546,0.20332634849506803,4,0.3,1.0,0.3
2.6,36,0.02166666666666667,myopic,257.14223574328116,257.2908152240587,0.1485794807775278,4,0.3,1.0,0.3
2.6,36,0.02166666666666667,nominal_dynamic,257.2908152240587,257.2908152240587,0.0,4,0.3,1.0,0.3
2.6,36,0.02166666666666667,dro,257.1830820129069,257.2908152240587,0.10773321115181034,4,0.3,1.0,0.3
2.65,36,0.02166666666666667,myopic,262.2567066165009,262.39436981457186,0.1376631980709817,4,0.3,1.0,0.3
2.65,36,0.02166666666666667,nominal_dynamic,262.39436981457186,262.39436981457186,0.0,4,0.3,1.0,0.3
2.65,36,0.02166666666666667,dro,262.274071345091,262.39436981457186,0.12029846948087197,4,0.3,1.0,0.3
2.7,36,0.02166666666666667,myopic,267.37117748972076,267.4979244050851,0.12674691536432192,4,0.3,1.0,0.3
2.7,36,0.02166666666666667,nominal_dynamic,267.4979244050851,267.4979244050851,0.0,4,0.3,1.0,0.3
2.7,36,0.02166666666666667,dro,267.3650606772752,267.4979244050851,0.13286372780987676,4,0.3,1.0,0.3
2.75,36,0.02166666666666667,myopic,272.4856483629405,272.6014789955983,0.11583063265783267,4,0.3,1.0,0.3
2.75,36,0.02166666666666667,nominal_dynamic,272.6014789955983,272.6014789955983,0.0,4,0.3,1.0,0.3
2.75,36,0.02166666666666667,dro,272.45605000945926,272.6014789955983,0.14542898613905209,4,0.3,1.0,0.3
2.8,36,0.02166666666666667,myopic,277.6001192361603,277.7050335861115,0.10491434995117288,4,0.3,1.0,0.3
2.8,36,0.02166666666666667,nominal_dynamic,277.7050335861115,277.7050335861115,0.0,4,0.3,1.0,0.3
2.8,36,0.02166666666666667,dro,277.5470393416434,277.7050335861115,0.15799424446805688,4,0.3,1.0,0.3
2.85,36,0.02166666666666667,myopic,282.7145901093801,282.80858817662465,0.09399806724456994,4,0.3,1.0,0.3
2.85,36,0.02166666666666667,nominal_dynamic,282.80858817662465,282.80858817662465,0.0,4,0.3,1.0,0.3
2.85,36,0.02166666666666667,dro,282.6380286738276,282.80858817662465,0.17055950279706167,4,0.3,1.0,0.3
2.9,36,0.02166666666666667,myopic,287.8290609825999,287.9121427671379,0.083081784537967,4,0.3,1.0,0.3
2.9,36,0.02166666666666667,nominal_dynamic,287.9121427671379,287.9121427671379,0.0,4,0.3,1.0,0.3
2.9,36,0.02166666666666667,dro,287.9121427671379,287.9121427671379,0.0,4,0.3,1.0,0.3
2.95,36,0.02166666666666667,myopic,292.94353185581974,293.01569735765105,0.07216550183130721,4,0.3,1.0,0.3
2.95,36,0.02166666666666667,nominal_dynamic,293.01569735765105,293.01569735765105,0.0,4,0.3,1.0,0.3
2.95,36,0.02166666666666667,dro,293.01569735765105,293.01569735765105,0.0,4,0.3,1.0,0.3
3.0,36,0.02166666666666667,myopic,298.0580027290395,298.1192519481642,0.06124921912470427,4,0.3,1.0,0.3
3.0,36,0.02166666666666667,nominal_dynamic,298.1192519481642,298.1192519481642,0.0,4,0.3,1.0,0.3
3.0,36,0.02166666666666667,dro,298.1192519481642,298.1192519481642,0.0,4,0.3,1.0,0.3
0.0,37,0.005000000000000001,myopic,208.88001835160247,208.88001835160247,0.0,0,0.0,,0.0
0.0,37,0.005000000000000001,nominal_dynamic,208.88001835160247,208.88001835160247,0.0,0,0.0,,0.0
0.0,37,0.005000000000000001,dro,208.88001835160247,208.88001835160247,0.0,0,0.0,,0.0
0.05,37,0.005000000000000001,myopic,208.88001835160247,208.88001835160247,0.0,0,0.0,,0.0
0.05,37,0.005000000000000001,nominal_dynamic,208.88001835160247,208.88001835160247,0.0,0,0.0,,0.0
0.05,37,0.005000000000000001,dro,208.88001835160247,208.88001835160247,0.0,0,0.0,,0.0
0.1,37,0.005000000000000001,myopic,208.88001835160247,208.88001835160247,0.0,0,0.0,,0.0
0.1,37,0.005000000000000001,nominal_dynamic,208.88001835160247,208.88001835160247,0.0,0,0.0,,0.0
0.1,37,0.005000000000000001,dro,208.88001835160247,208.88001835160247,0.0,0,0.0,,0.0
0.15,37,0.005000000000000001,myopic,208.88001835160247,208.88001835160247,0.0,0,0.0,,0.0
0.15,37,0.005000000000000001,nominal_dynamic,208.88001835160247,208.88001835160247,0.0,0,0.0,,0.0
0.15,37,0.005000000000000001,dro,208.88001835160247,208.88001835160247,0.0,0,0.0,,0.0
0.2,37,0.005000000000000001,myopic,208.88001835160247,208.88001835160247,0.0,0,0.0,,0.0
0.2,37,0.005000000000000001,nominal_dynamic,208.88001835160247,208.88001835160247,0.0,0,0.0,,0.0
0.2,37,0.005000000000000001,dro,208.88001835160247,208.88001835160247,0.0,0,0.0,,0.0
0.25,37,0.005000000000000001,myopic,208.88001835160247,208.88001835160247,0.0,0,0.0,,0.0
0.25,37,0.005000000000000001,nominal_dynamic,208.88001835160247,208.88001835160247,0.0,0,0.0,,0.0
0.25,37,0.005000000000000001,dro,208.88001835160247,208.88001835160247,0.0,0,0.0,,0.0
0.3,37,0.005000000000000001,myopic,208.88001835160247,208.88001835160247,0.0,0,0.0,,0.0
0.3,37,0.005000000000000001,nominal_dynamic,208.88001835160247,208.88001835160247,0.0,0,0.0,,0.0
0.3,37,0.005000000000000001,dro,208.88001835160247,208.88001835160247,0.0,0,0.0,,0.0
0.35,37,0.005000000000000001,myopic,208.88001835160247,208.88001835160247,0.0,0,0.0,,0.0
0.35,37,0.005000000000000001,nominal_dynamic,208.88001835160247,208.88001835160247,0.0,0,0.0,,0.0
0.35,37,0.005000000000000001,dro,208.88001835160247,208.88001835160247,0.0,0,0.0,,0.0
0.4,37,0.005000000000000001,myopic,208.88001835160247,208.88001835160247,0.0,0,0.0,,0.0
0.4,37,0.005000000000000001,nominal_dynamic,208.88001835160247,208.88001835160247,0.0,0,0.0,,0.0
0.4,37,0.005000000000000001,dro,208.88001835160247,208.88001835160247,0.0,0,0.0,,0.0
0.45,37,0.005000000000000001,myopic,208.88001835160247,208.88001835160247,0.0,0,0.0,,0.0
0.45,37,0.005000000000000001,nominal_dynamic,208.88001835160247,208.88001835160247,0.0,0,0.0,,0.0
0.45,37,0.005000000000000001,dro,208.88001835160247,208.88001835160247,0.0,0,0.0,,0.0
0.5,37,0.005000000000000001,myopic,208.88001835160247,208.88001835160247,0.0,0,0.0,,0.0
0.5,37,0.005000000000000001,nominal_dynamic,208.88001835160247,208.88001835160247,0.0,0,0.0,,0.0
0.5,37,0.005000000000000001,dro,208.88001835160247,208.88001835160247,0.0,0,0.0,,0.0
0.55,37,0.005000000000000001,myopic,208.88001835160247,208.88001835160247,0.0,0,0.0,,0.0
0.55,37,0.005000000000000001,nominal_dynamic,208.88001835160247,208.88001835160247,0.0,0,0.0,,0.0
0.55,37,0.005000000000000001,dro,208.88001835160247,208.88001835160247,0.0,0,0.0,,0.0
0.6,37,0.005000000000000001,myopic,208.88001835160247,208.88001835160247,0.0,0,0.0,,0.0
0.6,37,0.005000000000000001,nominal_dynamic,208.88001835160247,208.88001835160247,0.0,0,0.0,,0.0
0.6,37,0.005000000000000001,dro,208.88001835160247,208.88001835160247,0.0,0,0.0,,0.0
0.65,37,0.005000000000000001,myopic,208.88001835160247,208.88001835160247,0.0,0,0.0,,0.0
0.65,37,0.005000000000000001,nominal_dynamic,208.88001835160247,208.88001835160247,0.0,0,0.0,,0.0
0.65,37,0.005000000000000001,dro,208.88001835160247,208.88001835160247,0.0,0,0.0,,0.0
0.7,37,0.005000000000000001,myopic,208.88001835160247,208.88001835160247,0.0,0,0.0,,0.0
0.7,37,0.005000000000000001,nominal_dynamic,208.88001835160247,208.88001835160247,0.0,0,0.0,,0.0
0.7,37,0.005000000000000001,dro,208.88001835160247,208.88001835160247,0.0,0,0.0,,0.0
0.75,37,0.005000000000000001,myopic,208.88001835160247,208.88001835160247,0.0,0,0.0,,0.0
0.75,37,0.005000000000000001,nominal_dynamic,208.88001835160247,208.88001835160247,0.0,0,0.0,,0.0
0.75,37,0.005000000000000001,dro,208.88001835160247,208.88001835160247,0.0,0,0.0,,0.0
0.8,37,0.005000000000000001,myopic,208.88001835160247,208.88001835160247,0.0,0,0.0,,0.0
0.8,37,0.005000000000000001,nominal_dynamic,208.88001835160247,208.88001835160247,0.0,0,0.0,,0.0
0.8,37,0.005000000000000001,dro,208.88001835160247,208.88001835160247,0.0,0,0.0,,0.0
0.85,37,0.005000000000000001,myopic,208.88001835160247,208.88001835160247,0.0,0,0.0,,0.0
0.85,37,0.005000000000000001,nominal_dynamic,208.88001835160247,208.88001835160247,0.0,0,0.0,,0.0
0.85,37,0.005000000000000001,dro,208.88001835160247,208.88001835160247,0.0,0,0.0,,0.0
0.9,37,0.005000000000000001,myopic,208.88001835160247,208.88001835160247,0.0,0,0.0,,0.0
0.9,37,0.005000000000000001,nominal_dynamic,208.88001835160247,208.88001835160247,0.0,0,0.0,,0.0
0.9,37,0.005000000000000001,dro,208.88001835160247,208.88001835160247,0.0,0,0.0,,0.0
0.95,37,0.005000000000000001,myopic,208.88001835160247,208.88001835160247,0.0,0,0.0,,0.0
0.95,37,0.005000000000000001,nominal_dynamic,208.88001835160247,208.88001835160247,0.0,0,0.0,,0.0
0.95,37,0.005000000000000001,dro,208.88001835160247,208.88001835160247,0.0,0,0.0,,0.0
1.0,37,0.005000000000000001,myopic,208.88001835160247,208.88001835160247,0.0,0,0.0,,0.0
1.0,37,0.005000000000000001,nominal_dynamic,208.88001835160247,208.88001835160247,0.0,0,0.0,,0.0
1.0,37,0.005000000000000001,dro,208.88001835160247,208.88001835160247,0.0,0,0.0,,0.0
1.05,37,0.005000000000000001,myopic,208.88001835160247,208.88001835160247,0.0,0,0.0,,0.0
1.05,37,0.005000000000000001,nominal_dynamic,208.88001835160247,208.88001835160247,0.0,0,0.0,,0.0
1.05,37,0.005000000000000001,dro,208.88001835160247,208.88001835160247,0.0,0,0.0,,0.0
1.1,37,0.005000000000000001,myopic,208.88001835160247,208.88001835160247,0.0,0,0.0,,0.0
1.1,37,0.005000000000000001,nominal_dynamic,208.88001835160247,208.88001835160247,0.0,0,0.0,,0.0
1.1,37,0.005000000000000001,dro,208.88001835160247,208.88001835160247,0.0,0,0.0,,0.0
1.15,37,0.005000000000000001,myopic,208.88001835160247,208.88001835160247,0.0,0,0.0,,0.0
1.15,37,0.005000000000000001,nominal_dynamic,208.88001835160247,208.88001835160247,0.0,0,0.0,,0.0
1.15,37,0.005000000000000001,dro,208.88001835160247,208.88001835160247,0.0,0,0.0,,0.0
1.2,37,0.005000000000000001,myopic,208.88001835160247,208.88001835160247,0.0,0,0.0,,0.0
1.2,37,0.005000000000000001,nominal_dynamic,208.88001835160247,208.88001835160247,0.0,0,0.0,,0.0
1.2,37,0.005000000000000001,dro,208.88001835160247,208.88001835160247,0.0,0,0.0,,0.0
1.25,37,0.005000000000000001,myopic,208.88001835160247,208.88001835160247,0.0,0,0.0,,0.0
1.25,37,0.005000000000000001,nominal_dynamic,208.88001835160247,208.88001835160247,0.0,0,0.0,,0.0
1.25,37,0.005000000000000001,dro,208.88001835160247,208.88001835160247,0.0,0,0.0,,0.0
1.3,37,0.005000000000000001,myopic,208.88001835160247,208.88001835160247,0.0,0,0.0,,0.0
1.3,37,0.005000000000000001,nominal_dynamic,208.88001835160247,208.88001835160247,0.0,0,0.0,,0.0
1.3,37,0.005000000000000001,dro,208.88001835160247,208.88001835160247,0.0,0,0.0,,0.0
1.35,37,0.005000000000000001,myopic,208.88001835160247,208.88001835160247,0.0,0,0.0,,0.0
1.35,37,0.005000000000000001,nominal_dynamic,208.88001835160247,208.88001835160247,0.0,0,0.0,,0.0
1.35,37,0.005000000000000001,dro,208.88001835160247,208.88001835160247,0.0,0,0.0,,0.0
1.4,37,0.005000000000000001,myopic,208.88001835160247,208.88001835160247,0.0,0,0.0,,0.0
1.4,37,0.005000000000000001,nominal_dynamic,208.88001835160247,208.88001835160247,0.0,0,0.0,,0.0
1.4,37,0.005000000000000001,dro,208.88001835160247,208.88001835160247,0.0,0,0.0,,0.0
1.45,37,0.005000000000000001,myopic,208.88001835160247,208.88001835160247,0.0,0,0.0,,0.0
1.45,37,0.005000000000000001,nominal_dynamic,208.88001835160247,208.88001835160247,0.0,0,0.0,,0.0
1.45,37,0.005000000000000001,dro,208.88001835160247,208.88001835160247,0.0,0,0.0,,0.0
1.5,37,0.005000000000000001,myopic,208.88001835160247,208.88001835160247,0.0,0,0.0,,0.0
1.5,37,0.005000000000000001,nominal_dynamic,208.88001835160247,208.88001835160247,0.0,0,0.0,,0.0
1.5,37,0.005000000000000001,dro,208.88001835160247,208.88001835160247,0.0,0,0.0,,0.0
1.55,37,0.005000000000000001,myopic,208.88001835160247,208.88001835160247,0.0,0,0.0,,0.0
1.55,37,0.005000000000000001,nominal_dynamic,208.88001835160247,208.88001835160247,0.0,0,0.0,,0.0
1.55,37,0.005000000000000001,dro,208.88001835160247,208.88001835160247,0.0,0,0.0,,0.0
1.6,37,0.005000000000000001,myopic,208.88001835160247,208.88001835160247,0.0,0,0.0,,0.0
1.6,37,0.005000000000000001,nominal_dynamic,208.88001835160247,208.88001835160247,0.0,0,0.0,,0.0
1.6,37,0.005000000000000001,dro,208.88001835160247,208.88001835160247,0.0,0,0.0,,0.0
1.65,37,0.005000000000000001,myopic,208.88001835160247,208.88001835160247,0.0,0,0.0,,0.0
1.65,37,0.005000000000000001,nominal_dynamic,208.88001835160247,208.88001835160247,0.0,0,0.0,,0.0
1.65,37,0.005000000000000001,dro,208.88001835160247,208.88001835160247,0.0,0,0.0,,0.0
1.7,37,0.005000000000000001,myopic,208.88001835160247,208.88001835160247,0.0,0,0.0,,0.0
1.7,37,0.005000000000000001,nominal_dynamic,208.88001835160247,208.88001835160247,0.0,0,0.0,,0.0
1.7,37,0.005000000000000001,dro,208.88001835160247,208.88001835160247,0.0,0,0.0,,0.0
1.75,37,0.005000000000000001,myopic,208.88001835160247,208.88001835160247,0.0,0,0.0,,0.0
1.75,37,0.005000000000000001,nominal_dynamic,208.88001835160247,208.88001835160247,0.0,0,0.0,,0.0
1.75,37,0.005000000000000001,dro,208.88001835160247,208.88001835160247,0.0,0,0.0,,0.0
1.8,37,0.005000000000000001,myopic,208.88001835160247,208.88001835160247,0.0,0,0.0,,0.0
1.8,37,0.005000000000000001,nominal_dynamic,208.88001835160247,208.88001835160247,0.0,0,0.0,,0.0
1.8,37,0.005000000000000001,dro,208.88001835160247,208.88001835160247,0.0,0,0.0,,0.0
1.85,37,0.005000000000000001,myopic,208.88001835160247,208.88001835160247,0.0,0,0.0,,0.0
1.85,37,0.005000000000000001,nominal_dynamic,208.88001835160247,208.88001835160247,0.0,0,0.0,,0.0
1.85,37,0.005000000000000001,dro,208.88001835160247,208.88001835160247,0.0,0,0.0,,0.0
1.9,37,0.005000000000000001,myopic,208.88001835160247,208.88001835160247,0.0,0,0.0,,0.0
1.9,37,0.005000000000000001,nominal_dynamic,208.88001835160247,208.88001835160247,0.0,0,0.0,,0.0
1.9,37,0.005000000000000001,dro,208.88001835160247,208.88001835160247,0.0,0,0.0,,0.0
1.95,37,0.005000000000000001,myopic,208.88001835160247,208.88001835160247,0.0,0,0.0,,0.0
1.95,37,0.005000000000000001,nominal_dynamic,208.88001835160247,208.88001835160247,0.0,0,0.0,,0.0
1.95,37,0.005000000000000001,dro,208.88001835160247,208.88001835160247,0.0,0,0.0,,0.0
2.0,37,0.005000000000000001,myopic,208.88001835160247,208.88001835160247,0.0,0,0.0,,0.0
2.0,37,0.005000000000000001,nominal_dynamic,208.88001835160247,208.88001835160247,0.0,0,0.0,,0.0
2.0,37,0.005000000000000001,dro,208.88001835160247,208.88001835160247,0.0,0,0.0,,0.0
2.05,37,0.005000000000000001,myopic,208.88001835160247,208.88001835160247,0.0,0,0.0,,0.0
2.05,37,0.005000000000000001,nominal_dynamic,208.88001835160247,208.88001835160247,0.0,0,0.0,,0.0
2.05,37,0.005000000000000001,dro,208.88001835160247,208.88001835160247,0.0,0,0.0,,0.0
2.1,37,0.005000000000000001,myopic,208.88001835160247,208.88001835160247,0.0,0,0.0,,0.0
2.1,37,0.005000000000000001,nominal_dynamic,208.88001835160247,208.88001835160247,0.0,0,0.0,,0.0
2.1,37,0.005000000000000001,dro,208.88001835160247,208.88001835160247,0.0,0,0.0,,0.0
2.15,37,0.005000000000000001,myopic,208.88001835160247,208.88001835160247,0.0,0,0.0,,0.0
2.15,37,0.005000000000000001,nominal_dynamic,208.88001835160247,208.88001835160247,0.0,0,0.0,,0.0
2.15,37,0.005000000000000001,dro,208.88001835160247,208.88001835160247,0.0,0,0.0,,0.0
2.2,37,0.005000000000000001,myopic,199.91748903579168,208.88001835160247,8.962529315810798,4,0.3,1.0,0.3
2.2,37,0.005000000000000001,nominal_dynamic,208.3020752329945,208.88001835160247,0.5779431186079762,1,0.3,12.0,0.0
2.2,37,0.005000000000000001,dro,208.88001835160247,208.88001835160247,0.0,0,0.0,,0.0
2.25,37,0.005000000000000001,myopic,204.23222783249815,209.3689140375573,5.136686205059135,4,0.3,1.0,0.3
2.25,37,0.005000000000000001,nominal_dynamic,205.73001495654384,209.3689140375573,3.6388990810134487,4,0.3,1.0,0.3
2.25,37,0.005000000000000001,dro,209.3689140375573,209.3689140375573,0.0,1,0.3,12.0,0.0
2.3,37,0.005000000000000001,myopic,208.54696662920458,211.12626883847096,2.5793022092663875,4,0.3,1.0,0.3
2.3,37,0.005000000000000001,nominal_dynamic,210.01728066158546,211.12626883847096,1.1089881768855037,4,0.3,1.0,0.3
2.3,37,0.005000000000000001,dro,210.43575284212008,211.12626883847096,0.6905159963508822,1,0.3,12.0,0.0
2.35,37,0.005000000000000001,myopic,212.861705425911,214.66472236775772,1.803016941846721,4,0.3,1.0,0.3
2.35,37,0.005000000000000001,nominal_dynamic,214.30454636662708,214.66472236775772,0.36017600113063963,4,0.3,1.0,0.3
2.35,37,0.005000000000000001,dro,214.66472236775772,214.66472236775772,0.0,4,0.3,3.0,0.0
2.4,37,0.005000000000000001,myopic,217.17644422261748,218.936421644967,1.7599774223495217,4,0.3,1.0,0.3
2.4,37,0.005000000000000001,nominal_dynamic,218.59181207166867,218.936421644967,0.3446095732983281,4,0.3,1.0,0.3
2.4,37,0.005000000000000001,dro,218.936421644967,218.936421644967,0.0,4,0.3,3.0,0.0
2.45,37,0.005000000000000001,myopic,221.4911830193239,223.2081209221763,1.7169379028524077,4,0.3,1.0,0.3
2.45,37,0.005000000000000001,nominal_dynamic,222.87907777671032,223.2081209221763,0.3290431454659881,4,0.3,1.0,0.3
2.45,37,0.005000000000000001,dro,222.48940492910066,223.2081209221763,0.7187159930756479,4,0.3,1.0,0.3
2.5,37,0.005000000000000001,myopic,225.80592181603032,227.47982019938564,1.673898383355322,4,0.3,1.0,0.3
2.5,37,0.005000000000000001,nominal_dynamic,227.1663434817519,227.47982019938564,0.3134767176337334,4,0.3,1.0,0.3
2.5,37,0.005000000000000001,dro,226.7889108488786,227.47982019938564,0.6909093505070416,4,0.3,1.0,0.3
2.55,37,0.005000000000000001,myopic,230.1206606127368,231.75151947659486,1.6308588638580659,4,0.3,1.0,0.3
2.55,37,0.005000000000000001,nominal_dynamic,231.45360918679347,231.75151947659486,0.29791028980139345,4,0.3,1.0,0.3
2.55,37,0.005000000000000001,dro,231.08841676865651,231.75151947659486,0.66310270793835,4,0.3,1.0,0.3
2.6,37,0.005000000000000001,myopic,234.43539940944322,236.0232187538042,1.5878193443609803,4,0.3,1.0,0.3
2.6,37,0.005000000000000001,nominal_dynamic,235.74087489183512,236.0232187538042,0.2823438619690819,4,0.3,1.0,0.3
2.6,37,0.005000000000000001,dro,235.3879226884345,236.0232187538042,0.6352960653697153,4,0.3,1.0,0.3
2.65,37,0.005000000000000001,myopic,238.75013820614964,240.29491803101348,1.5447798248638378,4,0.3,1.0,0.3
2.65,37,0.005000000000000001,nominal_dynamic,240.02814059687665,240.29491803101348,0.2667774341368272,4,0.3,1.0,0.3
2.65,37,0.005000000000000001,dro,239.68742860821237,240.29491803101348,0.607489422801109,4,0.3,1.0,0.3
2.7,37,0.005000000000000001,myopic,243.06487700285612,244.56661730822282,1.5017403053666953,4,0.3,1.0,0.3
2.7,37,0.005000000000000001,nominal_dynamic,244.31540630191836,244.56661730822282,0.2512110063044588,4,0.3,1.0,0.3
2.7,37,0.005000000000000001,dro,243.98693452799037,244.56661730822282,0.5796827802324458,4,0.3,1.0,0.3
2.75,37,0.005000000000000001,myopic,247.37961579956254,248.83831658543207,1.4587007858695245,4,0.3,1.0,0.3
2.75,37,0.005000000000000001,nominal_dynamic,248.60267200695992,248.83831658543207,0.23564457847214726,4,0.3,1.0,0.3
2.75,37,0.005000000000000001,dro,248.28644044776829,248.83831658543207,0.5518761376637826,4,0.3,1.0,0.3
2.8,37,0.005000000000000001,myopic,251.69435459626897,253.11001586264135,1.415661266372382,4,0.3,1.0,0.3
2.8,37,0.005000000000000001,nominal_dynamic,252.8899377120015,253.11001586264135,0.2200781506398357,4,0.3,1.0,0.3
2.8,37,0.005000000000000001,dro,252.5859463675462,253.11001586264135,0.5240694950951479,4,0.3,1.0,0.3
2.85,37,0.005000000000000001,myopic,256.00909339297544,257.38171513985066,1.372621746875211,4,0.3,1.0,0.3
2.85,37,0.005000000000000001,nominal_dynamic,257.17720341704313,257.38171513985066,0.20451172280752417,4,0.3,1.0,0.3
2.85,37,0.005000000000000001,dro,256.88545228732414,257.38171513985066,0.49626285252651314,4,0.3,1.0,0.3
2.9,37,0.005000000000000001,myopic,260.32383218968187,261.65341441705993,1.3295822273780686,4,0.3,1.0,0.3
2.9,37,0.005000000000000001,nominal_dynamic,261.4644691220847,261.65341441705993,0.18894529497521262,4,0.3,1.0,0.3
2.9,37,0.005000000000000001,dro,261.4644691220847,261.65341441705993,0.18894529497521262,4,0.3,1.0,0.3
2.95,37,0.005000000000000001,myopic,264.63857098638834,265.92511369426927,1.2865427078809262,4,0.3,1.0,0.3
2.95,37,0.005000000000000001,nominal_dynamic,265.75173482712637,265.92511369426927,0.17337886714290107,4,0.3,1.0,0.3
2.95,37,0.005000000000000001,dro,265.75173482712637,265.92511369426927,0.17337886714290107,4,0.3,1.0,0.3
3.0,37,0.005000000000000001,myopic,268.95330978309477,270.19681297147855,1.2435031883837837,4,0.3,1.0,0.3
3.0,37,0.005000000000000001,nominal_dynamic,270.03900053216796,270.19681297147855,0.15781243931058953,4,0.3,1.0,0.3
3.0,37,0.005000000000000001,dro,270.03900053216796,270.19681297147855,0.15781243931058953,4,0.3,1.0,0.3
0.0,38,0.020000000000000004,myopic,208.88001835160247,208.88001835160247,0.0,0,0.0,,0.0
0.0,38,0.020000000000000004,nominal_dynamic,208.88001835160247,208.88001835160247,0.0,0,0.0,,0.0
0.0,38,0.020000000000000004,dro,208.88001835160247,208.88001835160247,0.0,0,0.0,,0.0
0.05,38,0.020000000000000004,myopic,208.88001835160247,208.88001835160247,0.0,0,0.0,,0.0
0.05,38,0.020000000000000004,nominal_dynamic,208.88001835160247,208.88001835160247,0.0,0,0.0,,0.0
0.05,38,0.020000000000000004,dro,208.88001835160247,208.88001835160247,0.0,0,0.0,,0.0
0.1,38,0.020000000000000004,myopic,208.88001835160247,208.88001835160247,0.0,0,0.0,,0.0
0.1,38,0.020000000000000004,nominal_dynamic,208.88001835160247,208.88001835160247,0.0,0,0.0,,0.0
0.1,38,0.020000000000000004,dro,208.88001835160247,208.88001835160247,0.0,0,0.0,,0.0
0.15,38,0.020000000000000004,myopic,208.88001835160247,208.88001835160247,0.0,0,0.0,,0.0
0.15,38,0.020000000000000004,nominal_dynamic,208.88001835160247,208.88001835160247,0.0,0,0.0,,0.0
0.15,38,0.020000000000000004,dro,208.88001835160247,208.88001835160247,0.0,0,0.0,,0.0
0.2,38,0.020000000000000004,myopic,208.88001835160247,208.88001835160247,0.0,0,0.0,,0.0
0.2,38,0.020000000000000004,nominal_dynamic,208.88001835160247,208.88001835160247,0.0,0,0.0,,0.0
0.2,38,0.020000000000000004,dro,208.88001835160247,208.88001835160247,0.0,0,0.0,,0.0
0.25,38,0.020000000000000004,myopic,208.88001835160247,208.88001835160247,0.0,0,0.0,,0.0
0.25,38,0.020000000000000004,nominal_dynamic,208.88001835160247,208.88001835160247,0.0,0,0.0,,0.0
0.25,38,0.020000000000000004,dro,208.88001835160247,208.88001835160247,0.0,0,0.0,,0.0
0.3,38,0.020000000000000004,myopic,208.88001835160247,208.88001835160247,0.0,0,0.0,,0.0
0.3,38,0.020000000000000004,nominal_dynamic,208.88001835160247,208.88001835160247,0.0,0,0.0,,0.0
0.3,38,0.020000000000000004,dro,208.88001835160247,208.88001835160247,0.0,0,0.0,,0.0
0.35,38,0.020000000000000004,myopic,208.88001835160247,208.88001835160247,0.0,0,0.0,,0.0
0.35,38,0.020000000000000004,nominal_dynamic,208.88001835160247,208.88001835160247,0.0,0,0.0,,0.0
0.35,38,0.020000000000000004,dro,208.88001835160247,208.88001835160247,0.0,0,0.0,,0.0
0.4,38,0.020000000000000004,myopic,208.88001835160247,208.88001835160247,0.0,0,0.0,,0.0
0.4,38,0.020000000000000004,nominal_dynamic,208.88001835160247,208.88001835160247,0.0,0,0.0,,0.0
0.4,38,0.020000000000000004,dro,208.88001835160247,208.88001835160247,0.0,0,0.0,,0.0
0.45,38,0.020000000000000004,myopic,208.88001835160247,208.88001835160247,0.0,0,0.0,,0.0
0.45,38,0.020000000000000004,nominal_dynamic,208.88001835160247,208.88001835160247,0.0,0,0.0,,0.0
0.45,38,0.020000000000000004,dro,208.88001835160247,208.88001835160247,0.0,0,0.0,,0.0
0.5,38,0.020000000000000004,myopic,208.88001835160247,208.88001835160247,0.0,0,0.0,,0.0
0.5,38,0.020000000000000004,nominal_dynamic,208.88001835160247,208.88001835160247,0.0,0,0.0,,0.0
0.5,38,0.020000000000000004,dro,208.88001835160247,208.88001835160247,0.0,0,0.0,,0.0
0.55,38,0.020000000000000004,myopic,208.88001835160247,208.88001835160247,0.0,0,0.0,,0.0
0.55,38,0.020000000000000004,nominal_dynamic,208.88001835160247,208.88001835160247,0.0,0,0.0,,0.0
0.55,38,0.020000000000000004,dro,208.88001835160247,208.88001835160247,0.0,0,0.0,,0.0
0.6,38,0.020000000000000004,myopic,208.88001835160247,208.88001835160247,0.0,0,0.0,,0.0
0.6,38,0.020000000000000004,nominal_dynamic,208.88001835160247,208.88001835160247,0.0,0,0.0,,0.0
0.6,38,0.020000000000000004,dro,208.88001835160247,208.88001835160247,0.0,0,0.0,,0.0
0.65,38,0.020000000000000004,myopic,208.88001835160247,208.88001835160247,0.0,0,0.0,,0.0
0.65,38,0.020000000000000004,nominal_dynamic,208.88001835160247,208.88001835160247,0.0,0,0.0,,0.0
0.65,38,0.020000000000000004,dro,208.88001835160247,208.88001835160247,0.0,0,0.0,,0.0
0.7,38,0.020000000000000004,myopic,208.88001835160247,208.88001835160247,0.0,0,0.0,,0.0
0.7,38,0.020000000000000004,nominal_dynamic,208.88001835160247,208.88001835160247,0.0,0,0.0,,0.0
0.7,38,0.020000000000000004,dro,208.88001835160247,208.88001835160247,0.0,0,0.0,,0.0
0.75,38,0.020000000000000004,myopic,208.88001835160247,208.88001835160247,0.0,0,0.0,,0.0
0.75,38,0.020000000000000004,nominal_dynamic,208.88001835160247,208.88001835160247,0.0,0,0.0,,0.0
0.75,38,0.020000000000000004,dro,208.88001835160247,208.88001835160247,0.0,0,0.0,,0.0
0.8,38,0.020000000000000004,myopic,208.88001835160247,208.88001835160247,0.0,0,0.0,,0.0
0.8,38,0.020000000000000004,nominal_dynamic,208.88001835160247,208.88001835160247,0.0,0,0.0,,0.0
0.8,38,0.020000000000000004,dro,208.88001835160247,208.88001835160247,0.0,0,0.0,,0.0
0.85,38,0.020000000000000004,myopic,208.88001835160247,208.88001835160247,0.0,0,0.0,,0.0
0.85,38,0.020000000000000004,nominal_dynamic,208.88001835160247,208.88001835160247,0.0,0,0.0,,0.0
0.85,38,0.020000000000000004,dro,208.88001835160247,208.88001835160247,0.0,0,0.0,,0.0
0.9,38,0.020000000000000004,myopic,208.88001835160247,208.88001835160247,0.0,0,0.0,,0.0
0.9,38,0.020000000000000004,nominal_dynamic,208.88001835160247,208.88001835160247,0.0,0,0.0,,0.0
0.9,38,0.020000000000000004,dro,208.88001835160247,208.88001835160247,0.0,0,0.0,,0.0
0.95,38,0.020000000000000004,myopic,208.88001835160247,208.88001835160247,0.0,0,0.0,,0.0
0.95,38,0.020000000000000004,nominal_dynamic,208.88001835160247,208.88001835160247,0.0,0,0.0,,0.0
0.95,38,0.020000000000000004,dro,208.88001835160247,208.88001835160247,0.0,0,0.0,,0.0
1.0,38,0.020000000000000004,myopic,208.88001835160247,208.88001835160247,0.0,0,0.0,,0.0
1.0,38,0.020000000000000004,nominal_dynamic,208.88001835160247,208.88001835160247,0.0,0,0.0,,0.0
1.0,38,0.020000000000000004,dro,208.88001835160247,208.88001835160247,0.0,0,0.0,,0.0
1.05,38,0.020000000000000004,myopic,208.88001835160247,208.88001835160247,0.0,0,0.0,,0.0
1.05,38,0.020000000000000004,nominal_dynamic,208.88001835160247,208.88001835160247,0.0,0,0.0,,0.0
1.05,38,0.020000000000000004,dro,208.88001835160247,208.88001835160247,0.0,0,0.0,,0.0
1.1,38,0.020000000000000004,myopic,208.88001835160247,208.88001835160247,0.0,0,0.0,,0.0
1.1,38,0.020000000000000004,nominal_dynamic,208.88001835160247,208.88001835160247,0.0,0,0.0,,0.0
1.1,38,0.020000000000000004,dro,208.88001835160247,208.88001835160247,0.0,0,0.0,,0.0
1.15,38,0.020000000000000004,myopic,208.88001835160247,208.88001835160247,0.0,0,0.0,,0.0
1.15,38,0.020000000000000004,nominal_dynamic,208.88001835160247,208.88001835160247,0.0,0,0.0,,0.0
1.15,38,0.020000000000000004,dro,208.88001835160247,208.88001835160247,0.0,0,0.0,,0.0
1.2,38,0.020000000000000004,myopic,208.88001835160247,208.88001835160247,0.0,0,0.0,,0.0
1.2,38,0.020000000000000004,nominal_dynamic,208.88001835160247,208.88001835160247,0.0,0,0.0,,0.0
1.2,38,0.020000000000000004,dro,208.88001835160247,208.88001835160247,0.0,0,0.0,,0.0
1.25,38,0.020000000000000004,myopic,208.88001835160247,208.88001835160247,0.0,0,0.0,,0.0
1.25,38,0.020000000000000004,nominal_dynamic,208.88001835160247,208.88001835160247,0.0,0,0.0,,0.0
1.25,38,0.020000000000000004,dro,208.88001835160247,208.88001835160247,0.0,0,0.0,,0.0
1.3,38,0.020000000000000004,myopic,208.88001835160247,208.88001835160247,0.0,0,0.0,,0.0
1.3,38,0.020000000000000004,nominal_dynamic,208.88001835160247,208.88001835160247,0.0,0,0.0,,0.0
1.3,38,0.020000000000000004,dro,208.88001835160247,208.88001835160247,0.0,0,0.0,,0.0
1.35,38,0.020000000000000004,myopic,208.88001835160247,208.88001835160247,0.0,0,0.0,,0.0
1.35,38,0.020000000000000004,nominal_dynamic,208.88001835160247,208.88001835160247,0.0,0,0.0,,0.0
1.35,38,0.020000000000000004,dro,208.88001835160247,208.88001835160247,0.0,0,0.0,,0.0
1.4,38,0.020000000000000004,myopic,208.88001835160247,208.88001835160247,0.0,0,0.0,,0.0
1.4,38,0.020000000000000004,nominal_dynamic,208.88001835160247,208.88001835160247,0.0,0,0.0,,0.0
1.4,38,0.020000000000000004,dro,208.88001835160247,208.88001835160247,0.0,0,0.0,,0.0
1.45,38,0.020000000000000004,myopic,208.88001835160247,208.88001835160247,0.0,0,0.0,,0.0
1.45,38,0.020000000000000004,nominal_dynamic,208.88001835160247,208.88001835160247,0.0,0,0.0,,0.0
1.45,38,0.020000000000000004,dro,208.88001835160247,208.88001835160247,0.0,0,0.0,,0.0
1.5,38,0.020000000000000004,myopic,208.88001835160247,208.88001835160247,0.0,0,0.0,,0.0
1.5,38,0.020000000000000004,nominal_dynamic,208.88001835160247,208.88001835160247,0.0,0,0.0,,0.0
1.5,38,0.020000000000000004,dro,208.88001835160247,208.88001835160247,0.0,0,0.0,,0.0
1.55,38,0.020000000000000004,myopic,208.88001835160247,208.88001835160247,0.0,0,0.0,,0.0
1.55,38,0.020000000000000004,nominal_dynamic,208.88001835160247,208.88001835160247,0.0,0,0.0,,0.0
1.55,38,0.020000000000000004,dro,208.88001835160247,208.88001835160247,0.0,0,0.0,,0.0
1.6,38,0.020000000000000004,myopic,208.88001835160247,208.88001835160247,0.0,0,0.0,,0.0
1.6,38,0.020000000000000004,nominal_dynamic,208.88001835160247,208.88001835160247,0.0,0,0.0,,0.0
1.6,38,0.020000000000000004,dro,208.88001835160247,208.88001835160247,0.0,0,0.0,,0.0
1.65,38,0.020000000000000004,myopic,208.88001835160247,208.88001835160247,0.0,0,0.0,,0.0
1.65,38,0.020000000000000004,nominal_dynamic,208.88001835160247,208.88001835160247,0.0,0,0.0,,0.0
1.65,38,0.020000000000000004,dro,208.88001835160247,208.88001835160247,0.0,0,0.0,,0.0
1.7,38,0.020000000000000004,myopic,208.88001835160247,208.88001835160247,0.0,0,0.0,,0.0
1.7,38,0.020000000000000004,nominal_dynamic,208.88001835160247,208.88001835160247,0.0,0,0.0,,0.0
1.7,38,0.020000000000000004,dro,208.88001835160247,208.88001835160247,0.0,0,0.0,,0.0
1.75,38,0.020000000000000004,myopic,208.88001835160247,208.88001835160247,0.0,0,0.0,,0.0
1.75,38,0.020000000000000004,nominal_dynamic,208.88001835160247,208.88001835160247,0.0,0,0.0,,0.0
1.75,38,0.020000000000000004,dro,208.88001835160247,208.88001835160247,0.0,0,0.0,,0.0
1.8,38,0.020000000000000004,myopic,208.88001835160247,208.88001835160247,0.0,0,0.0,,0.0
1.8,38,0.020000000000000004,nominal_dynamic,208.88001835160247,208.88001835160247,0.0,0,0.0,,0.0
1.8,38,0.020000000000000004,dro,208.88001835160247,208.88001835160247,0.0,0,0.0,,0.0
1.85,38,0.020000000000000004,myopic,208.88001835160247,208.88001835160247,0.0,0,0.0,,0.0
1.85,38,0.020000000000000004,nominal_dynamic,208.88001835160247,208.88001835160247,0.0,0,0.0,,0.0
1.85,38,0.020000000000000004,dro,208.88001835160247,208.88001835160247,0.0,0,0.0,,0.0
1.9,38,0.020000000000000004,myopic,208.88001835160247,208.88001835160247,0.0,0,0.0,,0.0
1.9,38,0.020000000000000004,nominal_dynamic,208.88001835160247,208.88001835160247,0.0,0,0.0,,0.0
1.9,38,0.020000000000000004,dro,208.88001835160247,208.88001835160247,0.0,0,0.0,,0.0
1.95,38,0.020000000000000004,myopic,208.88001835160247,208.88001835160247,0.0,0,0.0,,0.0
1.95,38,0.020000000000000004,nominal_dynamic,208.88001835160247,208.88001835160247,0.0,0,0.0,,0.0
1.95,38,0.020000000000000004,dro,208.88001835160247,208.88001835160247,0.0,0,0.0,,0.0
2.0,38,0.020000000000000004,myopic,208.88001835160247,208.88001835160247,0.0,0,0.0,,0.0
2.0,38,0.020000000000000004,nominal_dynamic,208.88001835160247,208.88001835160247,0.0,0,0.0,,0.0
2.0,38,0.020000000000000004,dro,208.88001835160247,208.88001835160247,0.0,0,0.0,,0.0
2.05,38,0.020000000000000004,myopic,208.88001835160247,208.88001835160247,0.0,0,0.0,,0.0
2.05,38,0.020000000000000004,nominal_dynamic,208.88001835160247,208.88001835160247,0.0,0,0.0,,0.0
2.05,38,0.020000000000000004,dro,208.88001835160247,208.88001835160247,0.0,0,0.0,,0.0
2.1,38,0.020000000000000004,myopic,208.88001835160247,208.88001835160247,0.0,0,0.0,,0.0
2.1,38,0.020000000000000004,nominal_dynamic,208.88001835160247,208.88001835160247,0.0,0,0.0,,0.0
2.1,38,0.020000000000000004,dro,208.88001835160247,208.88001835160247,0.0,0,0.0,,0.0
2.15,38,0.020000000000000004,myopic,208.88001835160247,208.88001835160247,0.0,0,0.0,,0.0
2.15,38,0.020000000000000004,nominal_dynamic,208.88001835160247,208.88001835160247,0.0,0,0.0,,0.0
2.15,38,0.020000000000000004,dro,208.88001835160247,208.88001835160247,0.0,0,0.0,,0.0
2.2,38,0.020000000000000004,myopic,204.4841400865177,208.88001835160247,4.395878265084775,4,0.3,1.0,0.3
2.2,38,0.020000000000000004,nominal_dynamic,208.769669855606,208.88001835160247,0.110348495996476,1,0.3,12.0,0.0
2.2,38,0.020000000000000004,dro,208.88001835160247,208.88001835160247,0.0,0,0.0,,0.0
2.25,38,0.020000000000000004,myopic,209.00310829108471,209.90610736189836,0.9029990708136495,4,0.3,1.0,0.3
2.25,38,0.020000000000000004,nominal_dynamic,209.90610736189836,209.90610736189836,0.0,4,0.3,1.0,0.3
2.25,38,0.020000000000000004,dro,209.8670139090072,209.90610736189836,0.039093452891165725,1,0.3,12.0,0.0
2.3,38,0.020000000000000004,myopic,213.52207649565173,214.4079246315365,0.8858481358847712,4,0.3,1.0,0.3
2.3,38,0.020000000000000004,nominal_dynamic,214.4079246315365,214.4079246315365,0.0,4,0.3,1.0,0.3
2.3,38,0.020000000000000004,dro,210.96435796240843,214.4079246315365,3.4435666691280744,1,0.3,12.0,0.0
2.35,38,0.020000000000000004,myopic,218.04104470021875,218.90974190117464,0.8686972009558929,4,0.3,1.0,0.3
2.35,38,0.020000000000000004,nominal_dynamic,218.90974190117464,218.90974190117464,0.0,4,0.3,1.0,0.3
2.35,38,0.020000000000000004,dro,218.85218112282857,218.90974190117464,0.05756077834607254,4,0.3,3.0,0.0
2.4,38,0.020000000000000004,myopic,222.56001290478576,223.40754278184733,0.8475298770615609,4,0.3,1.0,0.3
2.4,38,0.020000000000000004,nominal_dynamic,223.40754278184733,223.40754278184733,0.0,4,0.3,1.0,0.3
2.4,38,0.020000000000000004,dro,223.32607261955505,223.40754278184733,0.08147016229227688,4,0.3,3.0,0.0
2.45,38,0.020000000000000004,myopic,227.07898110935278,227.92026200838328,0.8412808990304939,4,0.3,1.0,0.3
2.45,38,0.020000000000000004,nominal_dynamic,227.92026200838328,227.92026200838328,0.0,4,0.3,1.0,0.3
2.45,38,0.020000000000000004,dro,227.86902032357753,227.92026200838328,0.051241684805745535,4,0.3,1.0,0.3
2.5,38,0.020000000000000004,myopic,231.59794931391983,232.43298123491923,0.8350319209993984,4,0.3,1.0,0.3
2.5,38,0.020000000000000004,nominal_dynamic,232.43298123491923,232.43298123491923,0.0,4,0.3,1.0,0.3
2.5,38,0.020000000000000004,dro,232.3593730285169,232.43298123491923,0.07360820640232646,4,0.3,1.0,0.3
2.55,38,0.020000000000000004,myopic,236.11691751848684,236.94570046145515,0.8287829429683029,4,0.3,1.0,0.3
2.55,38,0.020000000000000004,nominal_dynamic,236.94570046145515,236.94570046145515,0.0,4,0.3,1.0,0.3
2.55,38,0.020000000000000004,dro,236.84972573345624,236.94570046145515,0.09597472799890738,4,0.3,1.0,0.3
2.6,38,0.020000000000000004,myopic,240.6358857230539,241.45841968799112,0.8225339649372359,4,0.3,1.0,0.3
2.6,38,0.020000000000000004,nominal_dynamic,241.45841968799112,241.45841968799112,0.0,4,0.3,1.0,0.3
2.6,38,0.020000000000000004,dro,241.4188282493653,241.45841968799112,0.03959143862581982,4,0.3,1.0,0.3
2.65,38,0.020000000000000004,myopic,245.15485392762088,245.97113891452705,0.8162849869061688,4,0.3,1.0,0.3
2.65,38,0.020000000000000004,nominal_dynamic,245.97113891452705,245.97113891452705,0.0,4,0.3,1.0,0.3
2.65,38,0.020000000000000004,dro,245.92064551900341,245.97113891452705,0.05049339552363108,4,0.3,1.0,0.3
2.7,38,0.020000000000000004,myopic,249.67382213218792,250.48385814106302,0.8100360088751017,4,0.3,1.0,0.3
2.7,38,0.020000000000000004,nominal_dynamic,250.48385814106302,250.48385814106302,0.0,4,0.3,1.0,0.3
2.7,38,0.020000000000000004,dro,250.4224627886416,250.48385814106302,0.06139535242141392,4,0.3,1.0,0.3
2.75,38,0.020000000000000004,myopic,254.1927903367549,254.99657736759892,0.8037870308440063,4,0.3,1.0,0.3
2.75,38,0.020000000000000004,nominal_dynamic,254.99657736759892,254.99657736759892,0.0,4,0.3,1.0,0.3
2.75,38,0.020000000000000004,dro,254.92428005827966,254.99657736759892,0.0722973093192536,4,0.3,1.0,0.3
2.8,38,0.020000000000000004,myopic,258.7117585413219,259.50929659413487,0.7975380528129676,4,0.3,1.0,0.3
2.8,38,0.020000000000000004,nominal_dynamic,259.50929659413487,259.50929659413487,0.0,4,0.3,1.0,0.3
2.8,38,0.020000000000000004,dro,259.42609732791783,259.50929659413487,0.08319926621703644,4,0.3,1.0,0.3
2.85,38,0.020000000000000004,myopic,263.230726745889,264.02201582067084,0.7912890747818437,4,0.3,1.0,0.3
2.85,38,0.020000000000000004,nominal_dynamic,264.02201582067084,264.02201582067084,0.0,4,0.3,1.0,0.3
2.85,38,0.020000000000000004,dro,263.92791459755597,264.02201582067084,0.09410122311487612,4,0.3,1.0,0.3
2.9,38,0.020000000000000004,myopic,267.749694950456,268.53473504720677,0.7850400967507767,4,0.3,1.0,0.3
2.9,38,0.020000000000000004,nominal_dynamic,268.53473504720677,268.53473504720677,0.0,4,0.3,1.0,0.3
2.9,38,0.020000000000000004,dro,268.53473504720677,268.53473504720677,0.0,4,0.3,1.0,0.3
2.95,38,0.020000000000000004,myopic,272.26866315502303,273.0474542737427,0.7787911187196528,4,0.3,1.0,0.3
2.95,38,0.020000000000000004,nominal_dynamic,273.0474542737427,273.0474542737427,0.0,4,0.3,1.0,0.3
2.95,38,0.020000000000000004,dro,273.0474542737427,273.0474542737427,0.0,4,0.3,1.0,0.3
3.0,38,0.020000000000000004,myopic,276.78763135959,277.5601735002786,0.7725421406885857,4,0.3,1.0,0.3
3.0,38,0.020000000000000004,nominal_dynamic,277.5601735002786,277.5601735002786,0.0,4,0.3,1.0,0.3
3.0,38,0.020000000000000004,dro,277.5601735002786,277.5601735002786,0.0,4,0.3,1.0,0.3
0.0,39,0.028333333333333335,myopic,208.88001835160247,208.88001835160247,0.0,0,0.0,,0.0
0.0,39,0.028333333333333335,nominal_dynamic,208.88001835160247,208.88001835160247,0.0,0,0.0,,0.0
0.0,39,0.028333333333333335,dro,208.88001835160247,208.88001835160247,0.0,0,0.0,,0.0
0.05,39,0.028333333333333335,myopic,208.88001835160247,208.88001835160247,0.0,0,0.0,,0.0
0.05,39,0.028333333333333335,nominal_dynamic,208.88001835160247,208.88001835160247,0.0,0,0.0,,0.0
0.05,39,0.028333333333333335,dro,208.88001835160247,208.88001835160247,0.0,0,0.0,,0.0
0.1,39,0.028333333333333335,myopic,208.88001835160247,208.88001835160247,0.0,0,0.0,,0.0
0.1,39,0.028333333333333335,nominal_dynamic,208.88001835160247,208.88001835160247,0.0,0,0.0,,0.0
0.1,39,0.028333333333333335,dro,208.88001835160247,208.88001835160247,0.0,0,0.0,,0.0
0.15,39,0.028333333333333335,myopic,208.88001835160247,208.88001835160247,0.0,0,0.0,,0.0
0.15,39,0.028333333333333335,nominal_dynamic,208.88001835160247,208.88001835160247,0.0,0,0.0,,0.0
0.15,39,0.028333333333333335,dro,208.88001835160247,208.88001835160247,0.0,0,0.0,,0.0
0.2,39,0.028333333333333335,myopic,208.88001835160247,208.88001835160247,0.0,0,0.0,,0.0
0.2,39,0.028333333333333335,nominal_dynamic,208.88001835160247,208.88001835160247,0.0,0,0.0,,0.0
0.2,39,0.028333333333333335,dro,208.88001835160247,208.88001835160247,0.0,0,0.0,,0.0
0.25,39,0.028333333333333335,myopic,208.88001835160247,208.88001835160247,0.0,0,0.0,,0.0
0.25,39,0.028333333333333335,nominal_dynamic,208.88001835160247,208.88001835160247,0.0,0,0.0,,0.0
0.25,39,0.028333333333333335,dro,208.88001835160247,208.88001835160247,0.0,0,0.0,,0.0
0.3,39,0.028333333333333335,myopic,208.88001835160247,208.88001835160247,0.0,0,0.0,,0.0
0.3,39,0.028333333333333335,nominal_dynamic,208.88001835160247,208.88001835160247,0.0,0,0.0,,0.0
0.3,39,0.028333333333333335,dro,208.88001835160247,208.88001835160247,0.0,0,0.0,,0.0
0.35,39,0.028333333333333335,myopic,208.88001835160247,208.88001835160247,0.0,0,0.0,,0.0
0.35,39,0.028333333333333335,nominal_dynamic,208.88001835160247,208.88001835160247,0.0,0,0.0,,0.0
0.35,39,0.028333333333333335,dro,208.88001835160247,208.88001835160247,0.0,0,0.0,,0.0
0.4,39,0.028333333333333335,myopic,208.88001835160247,208.88001835160247,0.0,0,0.0,,0.0
0.4,39,0.028333333333333335,nominal_dynamic,208.88001835160247,208.88001835160247,0.0,0,0.0,,0.0
0.4,39,0.028333333333333335,dro,208.88001835160247,208.88001835160247,0.0,0,0.0,,0.0
0.45,39,0.028333333333333335,myopic,208.88001835160247,208.88001835160247,0.0,0,0.0,,0.0
0.45,39,0.028333333333333335,nominal_dynamic,208.88001835160247,208.88001835160247,0.0,0,0.0,,0.0
0.45,39,0.028333333333333335,dro,208.88001835160247,208.88001835160247,0.0,0,0.0,,0.0
0.5,39,0.028333333333333335,myopic,208.88001835160247,208.88001835160247,0.0,0,0.0,,0.0
0.5,39,0.028333333333333335,nominal_dynamic,208.88001835160247,208.88001835160247,0.0,0,0.0,,0.0
0.5,39,0.028333333333333335,dro,208.88001835160247,208.88001835160247,0.0,0,0.0,,0.0
0.55,39,0.028333333333333335,myopic,208.88001835160247,208.88001835160247,0.0,0,0.0,,0.0
0.55,39,0.028333333333333335,nominal_dynamic,208.88001835160247,208.88001835160247,0.0,0,0.0,,0.0
0.55,39,0.028333333333333335,dro,208.88001835160247,208.88001835160247,0.0,0,0.0,,0.0
0.6,39,0.028333333333333335,myopic,208.88001835160247,208.88001835160247,0.0,0,0.0,,0.0
0.6,39,0.028333333333333335,nominal_dynamic,208.88001835160247,208.88001835160247,0.0,0,0.0,,0.0
0.6,39,0.028333333333333335,dro,208.88001835160247,208.88001835160247,0.0,0,0.0,,0.0
0.65,39,0.028333333333333335,myopic,208.88001835160247,208.88001835160247,0.0,0,0.0,,0.0
0.65,39,0.028333333333333335,nominal_dynamic,208.88001835160247,208.88001835160247,0.0,0,0.0,,0.0
0.65,39,0.028333333333333335,dro,208.88001835160247,208.88001835160247,0.0,0,0.0,,0.0
0.7,39,0.028333333333333335,myopic,208.88001835160247,208.88001835160247,0.0,0,0.0,,0.0
0.7,39,0.028333333333333335,nominal_dynamic,208.88001835160247,208.88001835160247,0.0,0,0.0,,0.0
0.7,39,0.028333333333333335,dro,208.88001835160247,208.88001835160247,0.0,0,0.0,,0.0
0.75,39,0.028333333333333335,myopic,208.88001835160247,208.88001835160247,0.0,0,0.0,,0.0
0.75,39,0.028333333333333335,nominal_dynamic,208.88001835160247,208.88001835160247,0.0,0,0.0,,0.0
0.75,39,0.028333333333333335,dro,208.88001835160247,208.88001835160247,0.0,0,0.0,,0.0
0.8,39,0.028333333333333335,myopic,208.88001835160247,208.88001835160247,0.0,0,0.0,,0.0
0.8,39,0.028333333333333335,nominal_dynamic,208.88001835160247,208.88001835160247,0.0,0,0.0,,0.0
0.8,39,0.028333333333333335,dro,208.88001835160247,208.88001835160247,0.0,0,0.0,,0.0
0.85,39,0.028333333333333335,myopic,208.88001835160247,208.88001835160247,0.0,0,0.0,,0.0
0.85,39,0.028333333333333335,nominal_dynamic,208.88001835160247,208.88001835160247,0.0,0,0.0,,0.0
0.85,39,0.028333333333333335,dro,208.88001835160247,208.88001835160247,0.0,0,0.0,,0.0
0.9,39,0.028333333333333335,myopic,208.88001835160247,208.88001835160247,0.0,0,0.0,,0.0
0.9,39,0.028333333333333335,nominal_dynamic,208.88001835160247,208.88001835160247,0.0,0,0.0,,0.0
0.9,39,0.028333333333333335,dro,208.88001835160247,208.88001835160247,0.0,0,0.0,,0.0
0.95,39,0.028333333333333335,myopic,208.88001835160247,208.88001835160247,0.0,0,0.0,,0.0
0.95,39,0.028333333333333335,nominal_dynamic,208.88001835160247,208.88001835160247,0.0,0,0.0,,0.0
0.95,39,0.028333333333333335,dro,208.88001835160247,208.88001835160247,0.0,0,0.0,,0.0
1.0,39,0.028333333333333335,myopic,208.88001835160247,208.88001835160247,0.0,0,0.0,,0.0
1.0,39,0.028333333333333335,nominal_dynamic,208.88001835160247,208.88001835160247,0.0,0,0.0,,0.0
1.0,39,0.028333333333333335,dro,208.88001835160247,208.88001835160247,0.0,0,0.0,,0.0
1.05,39,0.028333333333333335,myopic,208.88001835160247,208.88001835160247,0.0,0,0.0,,0.0
1.05,39,0.028333333333333335,nominal_dynamic,208.88001835160247,208.88001835160247,0.0,0,0.0,,0.0
1.05,39,0.028333333333333335,dro,208.88001835160247,208.88001835160247,0.0,0,0.0,,0.0
1.1,39,0.028333333333333335,myopic,208.88001835160247,208.88001835160247,0.0,0,0.0,,0.0
1.1,39,0.028333333333333335,nominal_dynamic,208.88001835160247,208.88001835160247,0.0,0,0.0,,0.0
1.1,39,0.028333333333333335,dro,208.88001835160247,208.88001835160247,0.0,0,0.0,,0.0
1.15,39,0.028333333333333335,myopic,208.88001835160247,208.88001835160247,0.0,0,0.0,,0.0
1.15,39,0.028333333333333335,nominal_dynamic,208.88001835160247,208.88001835160247,0.0,0,0.0,,0.0
1.15,39,0.028333333333333335,dro,208.88001835160247,208.88001835160247,0.0,0,0.0,,0.0
1.2,39,0.028333333333333335,myopic,208.88001835160247,208.88001835160247,0.0,0,0.0,,0.0
1.2,39,0.028333333333333335,nominal_dynamic,208.88001835160247,208.88001835160247,0.0,0,0.0,,0.0
1.2,39,0.028333333333333335,dro,208.88001835160247,208.88001835160247,0.0,0,0.0,,0.0
1.25,39,0.028333333333333335,myopic,208.88001835160247,208.88001835160247,0.0,0,0.0,,0.0
1.25,39,0.028333333333333335,nominal_dynamic,208.88001835160247,208.88001835160247,0.0,0,0.0,,0.0
1.25,39,0.028333333333333335,dro,208.88001835160247,208.88001835160247,0.0,0,0.0,,0.0
1.3,39,0.028333333333333335,myopic,208.88001835160247,208.88001835160247,0.0,0,0.0,,0.0
1.3,39,0.028333333333333335,nominal_dynamic,208.88001835160247,208.88001835160247,0.0,0,0.0,,0.0
1.3,39,0.028333333333333335,dro,208.88001835160247,208.88001835160247,0.0,0,0.0,,0.0
1.35,39,0.028333333333333335,myopic,208.88001835160247,208.88001835160247,0.0,0,0.0,,0.0
1.35,39,0.028333333333333335,nominal_dynamic,208.88001835160247,208.88001835160247,0.0,0,0.0,,0.0
1.35,39,0.028333333333333335,dro,208.88001835160247,208.88001835160247,0.0,0,0.0,,0.0
1.4,39,0.028333333333333335,myopic,208.88001835160247,208.88001835160247,0.0,0,0.0,,0.0
1.4,39,0.028333333333333335,nominal_dynamic,208.88001835160247,208.88001835160247,0.0,0,0.0,,0.0
1.4,39,0.028333333333333335,dro,208.88001835160247,208.88001835160247,0.0,0,0.0,,0.0
1.45,39,0.028333333333333335,myopic,208.88001835160247,208.88001835160247,0.0,0,0.0,,0.0
1.45,39,0.028333333333333335,nominal_dynamic,208.88001835160247,208.88001835160247,0.0,0,0.0,,0.0
1.45,39,0.028333333333333335,dro,208.88001835160247,208.88001835160247,0.0,0,0.0,,0.0
1.5,39,0.028333333333333335,myopic,208.88001835160247,208.88001835160247,0.0,0,0.0,,0.0
1.5,39,0.028333333333333335,nominal_dynamic,208.88001835160247,208.88001835160247,0.0,0,0.0,,0.0
1.5,39,0.028333333333333335,dro,208.88001835160247,208.88001835160247,0.0,0,0.0,,0.0
1.55,39,0.028333333333333335,myopic,208.88001835160247,208.88001835160247,0.0,0,0.0,,0.0
1.55,39,0.028333333333333335,nominal_dynamic,208.88001835160247,208.88001835160247,0.0,0,0.0,,0.0
1.55,39,0.028333333333333335,dro,208.88001835160247,208.88001835160247,0.0,0,0.0,,0.0
1.6,39,0.028333333333333335,myopic,208.88001835160247,208.88001835160247,0.0,0,0.0,,0.0
1.6,39,0.028333333333333335,nominal_dynamic,208.88001835160247,208.88001835160247,0.0,0,0.0,,0.0
1.6,39,0.028333333333333335,dro,208.88001835160247,208.88001835160247,0.0,0,0.0,,0.0
1.65,39,0.028333333333333335,myopic,208.88001835160247,208.88001835160247,0.0,0,0.0,,0.0
1.65,39,0.028333333333333335,nominal_dynamic,208.88001835160247,208.88001835160247,0.0,0,0.0,,0.0
1.65,39,0.028333333333333335,dro,208.88001835160247,208.88001835160247,0.0,0,0.0,,0.0
1.7,39,0.028333333333333335,myopic,208.88001835160247,208.88001835160247,0.0,0,0.0,,0.0
1.7,39,0.028333333333333335,nominal_dynamic,208.88001835160247,208.88001835160247,0.0,0,0.0,,0.0
1.7,39,0.028333333333333335,dro,208.88001835160247,208.88001835160247,0.0,0,0.0,,0.0
1.75,39,0.028333333333333335,myopic,208.88001835160247,208.88001835160247,0.0,0,0.0,,0.0
1.75,39,0.028333333333333335,nominal_dynamic,208.88001835160247,208.88001835160247,0.0,0,0.0,,0.0
1.75,39,0.028333333333333335,dro,208.88001835160247,208.88001835160247,0.0,0,0.0,,0.0
1.8,39,0.028333333333333335,myopic,208.88001835160247,208.88001835160247,0.0,0,0.0,,0.0
1.8,39,0.028333333333333335,nominal_dynamic,208.88001835160247,208.88001835160247,0.0,0,0.0,,0.0
1.8,39,0.028333333333333335,dro,208.88001835160247,208.88001835160247,0.0,0,0.0,,0.0
1.85,39,0.028333333333333335,myopic,208.88001835160247,208.88001835160247,0.0,0,0.0,,0.0
1.85,39,0.028333333333333335,nominal_dynamic,208.88001835160247,208.88001835160247,0.0,0,0.0,,0.0
1.85,39,0.028333333333333335,dro,208.88001835160247,208.88001835160247,0.0,0,0.0,,0.0
1.9,39,0.028333333333333335,myopic,208.88001835160247,208.88001835160247,0.0,0,0.0,,0.0
1.9,39,0.028333333333333335,nominal_dynamic,208.88001835160247,208.88001835160247,0.0,0,0.0,,0.0
1.9,39,0.028333333333333335,dro,208.88001835160247,208.88001835160247,0.0,0,0.0,,0.0
1.95,39,0.028333333333333335,myopic,208.88001835160247,208.88001835160247,0.0,0,0.0,,0.0
1.95,39,0.028333333333333335,nominal_dynamic,208.88001835160247,208.88001835160247,0.0,0,0.0,,0.0
1.95,39,0.028333333333333335,dro,208.88001835160247,208.88001835160247,0.0,0,0.0,,0.0
2.0,39,0.028333333333333335,myopic,208.88001835160247,208.88001835160247,0.0,0,0.0,,0.0
2.0,39,0.028333333333333335,nominal_dynamic,208.88001835160247,208.88001835160247,0.0,0,0.0,,0.0
2.0,39,0.028333333333333335,dro,208.88001835160247,208.88001835160247,0.0,0,0.0,,0.0
2.05,39,0.028333333333333335,myopic,208.88001835160247,208.88001835160247,0.0,0,0.0,,0.0
2.05,39,0.028333333333333335,nominal_dynamic,208.88001835160247,208.88001835160247,0.0,0,0.0,,0.0
2.05,39,0.028333333333333335,dro,208.88001835160247,208.88001835160247,0.0,0,0.0,,0.0
2.1,39,0.028333333333333335,myopic,208.88001835160247,209.01969886981206,0.1396805182095875,0,0.0,,0.0
2.1,39,0.028333333333333335,nominal_dynamic,208.88001835160247,209.01969886981206,0.1396805182095875,0,0.0,,0.0
2.1,39,0.028333333333333335,dro,208.88001835160247,209.01969886981206,0.1396805182095875,0,0.0,,0.0
2.15,39,0.028333333333333335,myopic,208.88001835160247,209.35294942888666,0.47293107728418704,0,0.0,,0.0
2.15,39,0.028333333333333335,nominal_dynamic,208.88001835160247,209.35294942888666,0.47293107728418704,0,0.0,,0.0
2.15,39,0.028333333333333335,dro,208.88001835160247,209.35294942888666,0.47293107728418704,0,0.0,,0.0
2.2,39,0.028333333333333335,myopic,208.1362038959676,210.6507438514945,2.5145399555268853,4,0.3,1.0,0.3
2.2,39,0.028333333333333335,nominal_dynamic,210.27591705902506,210.6507438514945,0.3748267924694346,1,0.3,12.0,0.0
2.2,39,0.028333333333333335,dro,208.88001835160247,210.6507438514945,1.7707254998920234,0,0.0,,0.0
2.25,39,0.028333333333333335,myopic,213.04806986762625,214.52281493690361,1.4747450692773612,4,0.3,1.0,0.3
2.25,39,0.028333333333333335,nominal_dynamic,214.52281493690361,214.52281493690361,0.0,4,0.3,1.0,0.3
2.25,39,0.028333333333333335,dro,211.47152666880893,214.52281493690361,3.0512882680946802,1,0.3,12.0,0.0
2.3,39,0.028333333333333335,myopic,217.95993583928492,219.41966872897237,1.4597328896874444,4,0.3,1.0,0.3
2.3,39,0.028333333333333335,nominal_dynamic,219.41966872897237,219.41966872897237,0.0,4,0.3,1.0,0.3
2.3,39,0.028333333333333335,dro,212.6671362785928,219.41966872897237,6.752532450379562,1,0.3,12.0,0.0
2.35,39,0.028333333333333335,myopic,222.8718018109436,224.28919123877318,1.4173894278295904,4,0.3,1.0,0.3
2.35,39,0.028333333333333335,nominal_dynamic,224.31652252104115,224.28919123877318,-0.027331282267965662,4,0.3,1.0,0.3
2.35,39,0.028333333333333335,dro,224.214626421669,224.28919123877318,0.07456481710417506,4,0.3,3.0,0.0
2.4,39,0.028333333333333335,myopic,227.78366778260227,229.1976930904588,1.414025307856548,4,0.3,1.0,0.3
2.4,39,0.028333333333333335,nominal_dynamic,229.1976930904588,229.1976930904588,0.0,4,0.3,1.0,0.3
2.4,39,0.028333333333333335,dro,229.07749653026036,229.1976930904588,0.12019656019845115,4,0.3,3.0,0.0
2.45,39,0.028333333333333335,myopic,232.6955337542609,234.10619494214444,1.4106611878835338,4,0.3,1.0,0.3
2.45,39,0.028333333333333335,nominal_dynamic,234.10619494214444,234.10619494214444,0.0,4,0.3,1.0,0.3
2.45,39,0.028333333333333335,dro,234.0523093297797,234.10619494214444,0.05388561236475198,4,0.3,1.0,0.3
2.5,39,0.028333333333333335,myopic,237.60739972591958,239.01469679383007,1.4072970679104913,4,0.3,1.0,0.3
2.5,39,0.028333333333333335,nominal_dynamic,239.01469679383007,239.01469679383007,0.0,4,0.3,1.0,0.3
2.5,39,0.028333333333333335,dro,238.93662192150958,239.01469679383007,0.07807487232048516,4,0.3,1.0,0.3
2.55,39,0.028333333333333335,myopic,242.51926569757822,243.92319864551567,1.4039329479374487,4,0.3,1.0,0.3
2.55,39,0.028333333333333335,nominal_dynamic,243.92319864551567,243.92319864551567,0.0,4,0.3,1.0,0.3
2.55,39,0.028333333333333335,dro,243.82093451323948,243.92319864551567,0.10226413227618991,4,0.3,1.0,0.3
2.6,39,0.028333333333333335,myopic,247.4311316692369,248.8317004972013,1.4005688279644062,4,0.3,1.0,0.3
2.6,39,0.028333333333333335,nominal_dynamic,248.8317004972013,248.8317004972013,0.0,4,0.3,1.0,0.3
2.6,39,0.028333333333333335,dro,248.80079148138506,248.8317004972013,0.03090901581623484,4,0.3,1.0,0.3
2.65,39,0.028333333333333335,myopic,252.34299764089553,253.7402023488869,1.3972047079913636,4,0.3,1.0,0.3
2.65,39,0.028333333333333335,nominal_dynamic,253.7402023488869,253.7402023488869,0.0,4,0.3,1.0,0.3
2.65,39,0.028333333333333335,dro,253.6976452734538,253.7402023488869,0.04255707543310905,4,0.3,1.0,0.3
2.7,39,0.028333333333333335,myopic,257.25486361255423,258.6487042005725,1.3938405880182927,4,0.3,1.0,0.3
2.7,39,0.028333333333333335,nominal_dynamic,258.6487042005725,258.6487042005725,0.0,4,0.3,1.0,0.3
2.7,39,0.028333333333333335,dro,258.5944990655226,258.6487042005725,0.05420513504992641,4,0.3,1.0,0.3
2.75,39,0.028333333333333335,myopic,262.1667295842129,263.55720605225815,1.3904764680452786,4,0.3,1.0,0.3
2.75,39,0.028333333333333335,nominal_dynamic,263.55720605225815,263.55720605225815,0.0,4,0.3,1.0,0.3
2.75,39,0.028333333333333335,dro,263.4913528575914,263.55720605225815,0.0658531946667722,4,0.3,1.0,0.3
2.8,39,0.028333333333333335,myopic,267.0785955558715,268.4657079039438,1.3871123480722645,4,0.3,1.0,0.3
2.8,39,0.028333333333333335,nominal_dynamic,268.4657079039438,268.4657079039438,0.0,4,0.3,1.0,0.3
2.8,39,0.028333333333333335,dro,268.3882066496601,268.4657079039438,0.07750125428367483,4,0.3,1.0,0.3
2.85,39,0.028333333333333335,myopic,271.99046152753016,273.3742097556294,1.3837482280992504,4,0.3,1.0,0.3
2.85,39,0.028333333333333335,nominal_dynamic,273.3742097556294,273.3742097556294,0.0,4,0.3,1.0,0.3
2.85,39,0.028333333333333335,dro,273.28506044172894,273.3742097556294,0.08914931390046377,4,0.3,1.0,0.3
2.9,39,0.028333333333333335,myopic,276.9023274991889,278.28271160731504,1.3803841081261226,4,0.3,1.0,0.3
2.9,39,0.028333333333333335,nominal_dynamic,278.28271160731504,278.28271160731504,0.0,4,0.3,1.0,0.3
2.9,39,0.028333333333333335,dro,278.28271160731504,278.28271160731504,0.0,4,0.3,1.0,0.3
2.95,39,0.028333333333333335,myopic,281.81419347084756,283.19121345900066,1.3770199881531084,4,0.3,1.0,0.3
2.95,39,0.028333333333333335,nominal_dynamic,283.19121345900066,283.19121345900066,0.0,4,0.3,1.0,0.3
2.95,39,0.028333333333333335,dro,283.19121345900066,283.19121345900066,0.0,4,0.3,1.0,0.3
3.0,39,0.028333333333333335,myopic,286.7260594425062,288.0997153106863,1.3736558681800943,4,0.3,1.0,0.3
3.0,39,0.028333333333333335,nominal_dynamic,288.0997153106863,288.0997153106863,0.0,4,0.3,1.0,0.3
3.0,39,0.028333333333333335,dro,288.0997153106863,288.0997153106863,0.0,4,0.3,1.0,0.3
