week,dynamic_profit,myopic_profit,vdo_contribution,cumulative_vdo,decision_week,alpha,capacity,washout_horizon
1,158.50314572010907,158.55129368779754,-0.04814796768846463,-0.04814796768846463,True,1.4,1,12
2,155.5875812013029,155.2005276763154,0.38705352498749335,0.3389055572990287,True,1.4,1,12
3,117.53987570350206,117.41662268432783,0.12325301917422848,0.4621585764732572,True,1.4,1,12
4,126.9679012648414,126.92743622168337,0.04046504315803645,0.5026236196312936,True,1.4,1,12
5,157.90238197619894,157.4579418642115,0.44444011198743283,0.9470637316187265,True,1.4,1,12
6,155.00606431663257,154.7942795326229,0.21178478400966583,1.1588485156283923,True,1.4,1,12
7,152.4136560451378,152.322829373471,0.0908266716668038,1.249675187295196,True,1.4,1,12
8,148.8039656999684,148.3321980110409,0.47176768892748555,1.7214428762226817,True,1.4,1,12
9,140.96011668085495,140.73128484253806,0.2288318383168928,1.9502747145395745,True,1.4,1,12
10,140.32974009545734,140.21972253920723,0.11001755625011356,2.060292270789688,True,1.4,1,12
11,142.48619888697212,142.02400256513042,0.46219632184170223,2.5224885926313902,True,1.4,1,12
12,144.14730331340456,143.90582727914347,0.24147603426109754,2.763964626892488,True,1.4,1,12
13,149.99473925413966,149.81998995144323,0.1747493026964264,2.938713929588914,False,1.4,1,12
14,147.037916358144,146.90457587026438,0.1333404878796216,3.072054417468536,False,1.4,1,12
15,143.5756821090128,143.4726363696613,0.10304573935150074,3.1751001568200365,False,1.4,1,12
16,140.30137362481025,140.2188917505519,0.08248187425834885,3.2575820310783854,False,1.4,1,12
17,125.70939827137677,125.6420788312831,0.06731944009366941,3.324901471172055,False,1.4,1,12
18,112.67571909826819,112.62023308613155,0.055486012136640284,3.380387483308695,False,1.4,1,12
19,111.50634076879713,111.46046025974715,0.04588050904997942,3.4262679923586745,False,1.4,1,12
20,108.5621490354334,108.51293734290383,0.049211692529567586,3.475479684888242,False,1.4,1,12
21,124.32730428884173,124.27087142638062,0.0564328624611079,3.53191254734935,False,1.4,1,12
22,130.30424561983534,130.25009225819417,0.054153361641169795,3.58606590899052,False,1.4,1,12
23,133.2649806787761,133.21451250671993,0.05046817205618481,3.6365340810467046,False,1.4,1,12
24,134.67243143352135,134.6253243423257,0.047107091195641715,3.6836411722423463,False,1.4,1,12
1,158.50314572010907,158.82795799193562,-0.32481227182654493,-0.32481227182654493,True,1.45,1,12
2,155.5875812013029,155.2005276763154,0.38705352498749335,0.06224125316094842,True,1.45,1,12
3,117.53987570350206,117.41662268432783,0.12325301917422848,0.1854942723351769,True,1.45,1,12
4,126.9679012648414,127.13746485915061,-0.16956359430920998,0.015930678025966927,True,1.45,1,12
5,157.90238197619894,157.4579418642115,0.44444011198743283,0.46037079001339976,True,1.45,1,12
6,155.00606431663257,154.7942795326229,0.21178478400966583,0.6721555740230656,True,1.45,1,12
7,152.4136560451378,152.5857955908928,-0.17213954575498747,0.5000160282680781,True,1.45,1,12
8,148.8039656999684,148.3321980110409,0.47176768892748555,0.9717837171955637,True,1.45,1,12
9,140.96011668085495,140.73128484253806,0.2288318383168928,1.2006155555124565,True,1.45,1,12
10,140.32974009545734,140.46814187050248,-0.13840177504513917,1.0622137804673173,True,1.45,1,12
11,142.48619888697212,142.02400256513042,0.46219632184170223,1.5244101023090195,True,1.45,1,12
12,144.14730331340456,143.90582727914347,0.24147603426109754,1.765886136570117,True,1.45,1,12
13,149.99473925413966,149.81998995144323,0.1747493026964264,1.9406354392665435,False,1.45,1,12
14,147.037916358144,146.90457587026438,0.1333404878796216,2.073975927146165,False,1.45,1,12
15,143.5756821090128,143.4726363696613,0.10304573935150074,2.177021666497666,False,1.45,1,12
16,140.30137362481025,140.2188917505519,0.08248187425834885,2.2595035407560147,False,1.45,1,12
17,125.70939827137677,125.6420788312831,0.06731944009366941,2.326822980849684,False,1.45,1,12
18,112.67571909826819,112.62023308613155,0.055486012136640284,2.3823089929863244,False,1.45,1,12
19,111.50634076879713,111.46046025974715,0.04588050904997942,2.428189502036304,False,1.45,1,12
20,108.5621490354334,108.51293734290383,0.049211692529567586,2.4774011945658714,False,1.45,1,12
21,124.32730428884173,124.27087142638062,0.0564328624611079,2.5338340570269793,False,1.45,1,12
22,130.30424561983534,130.25009225819417,0.054153361641169795,2.587987418668149,False,1.45,1,12
23,133.2649806787761,133.21451250671993,0.05046817205618481,2.638455590724334,False,1.45,1,12
24,134.67243143352135,134.6253243423257,0.047107091195641715,2.6855626819199756,False,1.45,1,12
1,158.50314572010907,159.1046222960737,-0.6014765759646252,-0.6014765759646252,True,1.5,1,12
2,155.5875812013029,155.2005276763154,0.38705352498749335,-0.21442305097713188,True,1.5,1,12
3,117.53987570350206,117.41662268432783,0.12325301917422848,-0.0911700318029034,True,1.5,1,12
4,126.9679012648414,127.34749349661786,-0.3795922317764564,-0.4707622635793598,True,1.5,1,12
5,157.90238197619894,157.4579418642115,0.44444011198743283,-0.026322151591926968,True,1.5,1,12
6,155.00606431663257,154.7942795326229,0.21178478400966583,0.18546263241773886,True,1.5,1,12
7,152.4136560451378,152.84876180831455,-0.4351057631767503,-0.24964313075901146,True,1.5,1,12
8,148.8039656999684,148.3321980110409,0.47176768892748555,0.2221245581684741,True,1.5,1,12
9,140.96011668085495,140.73128484253806,0.2288318383168928,0.4509563964853669,True,1.5,1,12
10,140.32974009545734,140.71656120179773,-0.3868211063403919,0.06413529014497499,True,1.5,1,12
11,142.48619888697212,142.02400256513042,0.46219632184170223,0.5263316119866772,True,1.5,1,12
12,144.14730331340456,143.90582727914347,0.24147603426109754,0.7678076462477748,True,1.5,1,12
13,149.99473925413966,149.81998995144323,0.1747493026964264,0.9425569489442012,False,1.5,1,12
14,147.037916358144,146.90457587026438,0.1333404878796216,1.0758974368238228,False,1.5,1,12
15,143.5756821090128,143.4726363696613,0.10304573935150074,1.1789431761753235,False,1.5,1,12
16,140.30137362481025,140.2188917505519,0.08248187425834885,1.2614250504336724,False,1.5,1,12
17,125.70939827137677,125.6420788312831,0.06731944009366941,1.3287444905273418,False,1.5,1,12
18,112.67571909826819,112.62023308613155,0.055486012136640284,1.384230502663982,False,1.5,1,12
19,111.50634076879713,111.46046025974715,0.04588050904997942,1.4301110117139615,False,1.5,1,12
20,108.5621490354334,108.51293734290383,0.049211692529567586,1.479322704243529,False,1.5,1,12
21,124.32730428884173,124.27087142638062,0.0564328624611079,1.535755566704637,False,1.5,1,12
22,130.30424561983534,130.25009225819417,0.054153361641169795,1.5899089283458068,False,1.5,1,12
23,133.2649806787761,133.21451250671993,0.05046817205618481,1.6403771004019916,False,1.5,1,12
24,134.67243143352135,134.6253243423257,0.047107091195641715,1.6874841915976333,False,1.5,1,12
1,158.50314572010907,159.38128660021178,-0.8781408801027055,-0.8781408801027055,True,1.55,1,12
2,155.5875812013029,155.2005276763154,0.38705352498749335,-0.4910873551152122,True,1.55,1,12
3,117.53987570350206,117.41662268432783,0.12325301917422848,-0.3678343359409837,True,1.55,1,12
4,126.9679012648414,127.5575221340851,-0.5896208692437028,-0.9574552051846865,True,1.55,1,12
5,157.90238197619894,157.4579418642115,0.44444011198743283,-0.5130150931972537,True,1.55,1,12
6,155.00606431663257,154.7942795326229,0.21178478400966583,-0.30123030918758786,True,1.55,1,12
7,152.4136560451378,153.11172802573634,-0.6980719805985416,-0.9993022897861294,True,1.55,1,12
8,148.8039656999684,148.3321980110409,0.47176768892748555,-0.5275346008586439,True,1.55,1,12
9,140.96011668085495,140.73128484253806,0.2288318383168928,-0.2987027625417511,True,1.55,1,12
10,140.32974009545734,140.96498053309298,-0.6352404376356446,-0.9339432001773957,True,1.55,1,12
11,142.48619888697212,142.02400256513042,0.46219632184170223,-0.4717468783356935,True,1.55,1,12
12,144.14730331340456,143.90582727914347,0.24147603426109754,-0.23027084407459597,True,1.55,1,12
13,149.99473925413966,149.81998995144323,0.1747493026964264,-0.05552154137816956,False,1.55,1,12
14,147.037916358144,146.90457587026438,0.1333404878796216,0.07781894650145205,False,1.55,1,12
15,143.5756821090128,143.4726363696613,0.10304573935150074,0.1808646858529528,False,1.55,1,12
16,140.30137362481025,140.2188917505519,0.08248187425834885,0.26334656011130164,False,1.55,1,12
17,125.70939827137677,125.6420788312831,0.06731944009366941,0.33066600020497106,False,1.55,1,12
18,112.67571909826819,112.62023308613155,0.055486012136640284,0.38615201234161134,False,1.55,1,12
19,111.50634076879713,111.46046025974715,0.04588050904997942,0.43203252139159076,False,1.55,1,12
20,108.5621490354334,108.51293734290383,0.049211692529567586,0.48124421392115835,False,1.55,1,12
21,124.32730428884173,124.27087142638062,0.0564328624611079,0.5376770763822663,False,1.55,1,12
22,130.30424561983534,130.25009225819417,0.054153361641169795,0.591830438023436,False,1.55,1,12
23,133.2649806787761,133.21451250671993,0.05046817205618481,0.6422986100796209,False,1.55,1,12
24,134.67243143352135,134.6253243423257,0.047107091195641715,0.6894057012752626,False,1.55,1,12
1,158.50314572010907,159.6579509043499,-1.1548051842408142,-1.1548051842408142,True,1.6,1,12
2,156.73556543562478,155.2005276763154,1.5350377593093754,0.3802325750685611,True,1.6,1,12
3,117.25924950758444,117.41662268432783,-0.15737317674339124,0.22285939832516988,True,1.6,1,12
4,126.83673853067279,127.76755077155235,-0.9308122408795612,-0.7079528425543913,True,1.6,1,12
5,158.91962001847693,157.4579418642115,1.461678154265428,0.7537253117110367,True,1.6,1,12
6,154.57083391601927,154.7942795326229,-0.22344561660364093,0.5302796951073958,True,1.6,1,12
7,152.199891151528,153.3746942431581,-1.1748030916301104,-0.6445233965227146,True,1.6,1,12
8,149.76539762093276,148.3321980110409,1.433199609891858,0.7886762133691434,True,1.6,1,12
9,140.51420723023978,140.73128484253806,-0.21707761229828293,0.5715986010708605,True,1.6,1,12
10,140.10050475080146,141.21339986438824,-1.1128951135867737,-0.5412965125159133,True,1.6,1,12
11,143.35996287400235,142.02400256513042,1.3359603088719325,0.7946637963560192,True,1.6,1,12
12,143.6925860460167,143.90582727914347,-0.21324123312678012,0.5814225632292391,True,1.6,1,12
13,149.7401430453173,149.81998995144323,-0.07984690612593681,0.5015756571033023,False,1.6,1,12
14,146.8664140605526,146.90457587026438,-0.03816180971179506,0.46341384739150726,False,1.6,1,12
15,143.4518207571692,143.4726363696613,-0.0208156124921004,0.44259823489940686,False,1.6,1,12
16,140.20613791090304,140.2188917505519,-0.012753839648866006,0.42984439525054086,False,1.6,1,12
17,125.63361510484292,125.6420788312831,-0.00846372644018345,0.4213806688103574,False,1.6,1,12
18,112.61429255747295,112.62023308613155,-0.0059405286585985095,0.4154401401517589,False,1.6,1,12
19,111.45612604735355,111.46046025974715,-0.004334212393601433,0.41110592775815746,False,1.6,1,12
20,108.50872245304794,108.51293734290383,-0.0042148898558878045,0.40689103790226966,False,1.6,1,12
21,124.26639762587754,124.27087142638062,-0.004473800503077996,0.40241723739919166,False,1.6,1,12
22,130.24605544019897,130.25009225819417,-0.004036817995199726,0.39838041940399194,False,1.6,1,12
23,133.21093223265333,133.21451250671993,-0.0035802740665928923,0.39480014533739904,False,1.6,1,12
24,134.62211463901818,134.6253243423257,-0.0032097033075331183,0.3915904420298659,False,1.6,1,12
1,159.93461527695337,159.93461520848797,6.846539690741338e-08,6.846539690741338e-08,True,1.65,1,12
2,156.05432536879314,156.14932365483475,-0.09499828604160143,-0.09499821757620452,True,1.65,1,12
3,117.10975202964035,116.8648756824621,0.24487634717824847,0.14987812960204394,True,1.65,1,12
4,126.75960666670125,127.73910918668923,-0.9795025199879888,-0.8296243903859448,True,1.65,1,12
5,159.13624668028064,158.23615410749642,0.9000925727842173,0.07046818239827246,True,1.65,1,12
6,154.53507709076496,153.97845227814867,0.5566248126162918,0.6270929950145643,True,1.65,1,12
7,153.01900281722322,153.2809328069227,-0.26192998969946757,0.3651630053150967,True,1.65,1,12
8,149.60186191919777,149.06139710229678,0.5404648169009931,0.9056278222160898,True,1.65,1,12
9,140.34682869717662,139.92769400627546,0.41913469090115996,1.3247625131172498,True,1.65,1,12
10,140.79200547147195,141.10904711119537,-0.3170416397234135,1.0077208733938363,True,1.65,1,12
11,143.2001349385645,142.63992440794345,0.560210530621049,1.5679314040148853,True,1.65,1,12
12,143.5194966734064,143.17127170174058,0.34822497166581456,1.9161563756806999,True,1.65,1,12
13,149.63720587351978,149.47084480410683,0.16636106941294315,2.082517445093643,False,1.65,1,12
14,146.79920914158245,146.70232274994405,0.09688639163840662,2.1794038367320496,False,1.65,1,12
15,143.40360070304337,143.33716587300944,0.06643483003392703,2.2458386667659767,False,1.65,1,12
16,140.1639039011075,140.10582100489373,0.058082896213761614,2.3039215629797383,False,1.65,1,12
17,125.6023817761574,125.56094800700443,0.04143376915297381,2.345355332132712,False,1.65,1,12
18,112.5904636477809,112.55962328350927,0.03084036427162573,2.376195696404338,False,1.65,1,12
19,111.4375742863922,111.41394338044056,0.02363090595164863,2.3998266023559864,False,1.65,1,12
20,108.49424918650895,108.47667100186415,0.01757818464480465,2.417404787000791,False,1.65,1,12
21,124.25516385063509,124.24243187110133,0.012731979533754156,2.4301367665345452,False,1.65,1,12
22,130.23453838795828,130.22115806202268,0.013380325935600013,2.4435170924701453,False,1.65,1,12
23,133.19994489808826,133.18700726905445,0.012937629033814346,2.4564547215039596,False,1.65,1,12
24,134.60895029460863,134.59275409415534,0.01619620045329384,2.4726509219572534,False,1.65,1,12
1,160.21127959360885,163.544195204471,-3.332915610862159,-3.332915610862159,True,1.7,1,12
2,160.2165274681942,156.53608742685415,3.6804400413400344,0.3475244304778755,True,1.7,1,12
3,116.8648756661737,117.03726652833406,-0.1723908621603556,0.17513356831751992,True,1.7,1,12
4,126.65263669560062,130.64065824509743,-3.988021549496807,-3.812887981179287,True,1.7,1,12
5,162.60948620452285,158.6247133839542,3.984772820568651,0.17188483938936372,True,1.7,1,12
6,155.76353090898616,154.21916941929828,1.5443614896878728,1.7162463290772365,True,1.7,1,12
7,151.64220180245428,156.9104219527316,-5.26822015027733,-3.551973821200093,True,1.7,1,12
8,153.28944168541182,149.44025917484015,3.8491825105716657,0.29720868937157263,True,1.7,1,12
9,141.57438529447242,140.15769354476691,1.4166917497055067,1.7139004390770793,True,1.7,1,12
10,139.53727236322877,144.45275541997967,-4.915483056750901,-3.2015826176738216,True,1.7,1,12
11,146.30852064989844,143.0997689621542,3.2087516877442397,0.007169070070418115,True,1.7,1,12
12,144.7606636958739,143.36117320184346,1.399490494030431,1.406659564100849,True,1.7,1,12
13,149.16969448618445,149.53742377672043,-0.36772929053597636,1.0389302735648727,False,1.7,1,12
14,146.58874513260116,146.73065658563794,-0.14191145303678354,0.8970188205280891,False,1.7,1,12
15,143.28327785780664,143.35226570486162,-0.06898784705498429,0.8280309734731048,False,1.7,1,12
16,140.0757649230828,140.11754585477766,-0.04178093169485919,0.7862500417782456,False,1.7,1,12
17,125.54235321357287,125.56693229256248,-0.024579078989617642,0.761670962788628,False,1.7,1,12
18,112.54726498989736,112.56265166198453,-0.015386672087174702,0.7462842907014533,False,1.7,1,12
19,111.40530607631906,111.41541942220093,-0.010113345881862301,0.736170944819591,False,1.7,1,12
20,108.46855176636542,108.47635920665637,-0.007807440290946488,0.7283635045286445,False,1.7,1,12
21,124.23404182829016,124.24065667421866,-0.006614845928496038,0.7217486586001485,False,1.7,1,12
22,130.21374631880352,130.2195975611797,-0.005851242376195387,0.7158974162239531,False,1.7,1,12
23,133.1805434432117,133.18559397160686,-0.005050528395173615,0.7108468878287795,False,1.7,1,12
24,134.587036675435,134.59194723711397,-0.004910561678968861,0.7059363261498106,False,1.7,1,12
1,160.48794391026433,167.63171043186725,-7.143766521602913,-7.143766521602913,True,1.75,1,12
2,164.28373136802753,156.81111757765103,7.472613790376499,0.32884726877358617,True,1.75,1,12
3,116.8648756661737,117.03726652833406,-0.1723908621603556,0.15645640661323057,True,1.75,1,12
4,126.65263669560062,133.82453732528694,-7.17190062968632,-7.015444223073089,True,1.75,1,12
5,166.60556923047616,158.89189182621388,7.713677404262285,0.6982331811891953,True,1.75,1,12
6,156.02646725663118,154.21916941929828,1.8072978373328965,2.505531018522092,True,1.75,1,12
7,151.64220180245428,160.88759125169668,-9.245389449242396,-6.739858430720304,True,1.75,1,12
8,157.24403766623064,149.70333311265318,7.540704553577456,0.800846122857152,True,1.75,1,12
9,141.82332380239032,140.15769354476691,1.6656302576234054,2.4664763804805574,True,1.75,1,12
10,139.53727236322877,148.14207875412131,-8.604806390892549,-6.138330010411991,True,1.75,1,12
11,149.7362492654527,143.3454063242803,6.390842941172394,0.25251293076040326,True,1.75,1,12
12,145.00244562395784,143.36117320184346,1.6412724221143833,1.8937853528747866,True,1.75,1,12
13,149.16969448618445,149.53742377672043,-0.36772929053597636,1.5260560623388102,False,1.75,1,12
14,146.58874513260116,146.73065658563794,-0.14191145303678354,1.3841446093020267,False,1.75,1,12
15,143.28327785780664,143.35226570486162,-0.06898784705498429,1.3151567622470424,False,1.75,1,12
16,140.0757649230828,140.11754585477766,-0.04178093169485919,1.2733758305521832,False,1.75,1,12
17,125.54235321357287,125.56693229256248,-0.024579078989617642,1.2487967515625655,False,1.75,1,12
18,112.54726498989736,112.56265166198453,-0.015386672087174702,1.2334100794753908,False,1.75,1,12
19,111.40530607631906,111.41541942220093,-0.010113345881862301,1.2232967335935285,False,1.75,1,12
20,108.46855176636542,108.47635920665637,-0.007807440290946488,1.215489293302582,False,1.75,1,12
21,124.23404182829016,124.24065667421866,-0.006614845928496038,1.208874447374086,False,1.75,1,12
22,130.21374631880352,130.2195975611797,-0.005851242376195387,1.2030232049978906,False,1.75,1,12
23,133.1805434432117,133.18559397160686,-0.005050528395173615,1.197972676602717,False,1.75,1,12
24,134.587036675435,134.59194723711397,-0.004910561678968861,1.1930621149237481,False,1.75,1,12
1,171.71922634210827,171.7192256592635,6.828447851603414e-07,6.828447851603414e-07,True,1.8,1,12
2,157.08614781828533,157.08614772844788,8.983744237411884e-08,7.726822275344603e-07,True,1.8,1,12
3,117.03726651273355,117.03726652833406,-1.5600505776092177e-08,7.570817217583681e-07,True,1.8,1,12
4,126.7128748042163,137.00841640547642,-10.295541601260126,-10.295540844178404,True,1.8,1,12
5,170.68475693384616,159.15907026847356,11.525686665372604,1.2301458211941991,True,1.8,1,12
6,156.29803665110984,154.21916941929828,2.0788672318115573,3.3090130530057564,True,1.8,1,12
7,151.6497387859214,164.86476055066169,-13.2150217647403,-9.906008711734543,True,1.8,1,12
8,161.21136834037605,149.9664070504662,11.244961289909867,1.3389525781753235,True,1.8,1,12
9,142.07282931818324,140.15769354476691,1.9151357734163241,3.2540883515916477,True,1.8,1,12
10,139.5381652814445,151.83140208826293,-12.293236806818442,-9.039148455226794,True,1.8,1,12
11,153.16626171965524,143.5910436864064,9.57521803324883,0.5360695780220368,True,1.8,1,12
12,145.24355500641087,143.36117320184346,1.8823818045674159,2.4184513825894527,True,1.8,1,12
13,149.16944943782178,149.53742377672043,-0.36797433889864806,2.0504770436908046,False,1.8,1,12
14,146.5884720057862,146.73065658563794,-0.14218457985174382,1.9082924638390608,False,1.8,1,12
15,143.28306444997833,143.35226570486162,-0.06920125488329631,1.8390912089557645,False,1.8,1,12
16,140.0757154174054,140.11754585477766,-0.04183043737225489,1.7972607715835096,False,1.8,1,12
17,125.5422851907613,125.56693229256248,-0.024647101801178906,1.7726136697823307,False,1.8,1,12
18,112.54719189250055,112.56265166198453,-0.0154597694839822,1.7571539002983485,False,1.8,1,12
19,111.40523485444292,111.41541942220093,-0.010184567758003027,1.7469693325403455,False,1.8,1,12
20,108.4683600031157,108.47635920665637,-0.007999203540663302,1.7389701289996822,False,1.8,1,12
21,124.23370258414913,124.24065667421866,-0.006954090069527297,1.7320160389301549,False,1.8,1,12
22,130.2134440863363,130.2195975611797,-0.006153474843415552,1.7258625640867393,False,1.8,1,12
23,133.18027224939752,133.18559397160686,-0.0053217222093451255,1.7205408418773942,False,1.8,1,12
24,134.58685746732996,134.59194723711397,-0.005089769784007103,1.715451072093387,False,1.8,1,12
1,175.80674182104994,175.80674088665972,9.343902149794303e-07,9.343902149794303e-07,True,1.85,1,12
2,157.36117798152566,157.36117787924476,1.0228089308839117e-07,1.0366711080678215e-06,True,1.85,1,12
3,117.03726651273355,117.35305638019065,-0.3157898674570987,-0.3157888307859906,True,1.85,1,12
4,126.7128748042163,138.48980852256625,-11.776933718349952,-12.092722549135942,True,1.85,1,12
5,174.69702825631015,158.5165077003525,16.180520555957656,4.087798006821714,True,1.85,1,12
6,156.56052375294138,154.14940855140614,2.411115201535239,6.498913208356953,True,1.85,1,12
7,151.6497387859214,166.54595776330427,-14.896218977382887,-8.397305769025934,True,1.85,1,12
8,165.16865710494497,149.20631620520487,15.962340899740099,7.565035130714165,True,1.85,1,12
9,142.32165026479666,139.9747021618854,2.3469481029112558,9.91198323362542,True,1.85,1,12
10,139.5381652814445,153.34023925983058,-13.80207397838609,-3.89009074476067,True,1.85,1,12
11,156.59464961027945,142.77341971249845,13.821229897780995,9.931139153020325,True,1.85,1,12
12,145.48528349874013,143.12058666240225,2.3646968363378846,12.29583598935821,True,1.85,1,12
13,149.16944943782178,147.1828137420061,1.9866356958156928,14.282471685173903,False,1.85,1,12
14,146.5884720057862,145.62204599782947,0.9664260079567271,15.24889769313063,False,1.85,1,12
15,143.28306444997833,142.6868036979214,0.596260752056935,15.845158445187565,False,1.85,1,12
16,140.0757154174054,139.65658017635428,0.4191352410511229,16.264293686238688,False,1.85,1,12
17,125.5422851907613,125.28679060641971,0.2554945843415908,16.51978827058028,False,1.85,1,12
18,112.54719189250055,112.37336599168881,0.17382590081173532,16.693614171392014,False,1.85,1,12
19,111.40523485444292,111.22929276019704,0.17594209424588314,16.869556265637897,False,1.85,1,12
20,108.4683600031157,108.31642019636848,0.1519398067472224,17.02149607238512,False,1.85,1,12
21,124.23370258414913,124.0682769670828,0.16542561706633307,17.186921689451452,False,1.85,1,12
22,130.2134440863363,130.06459741548974,0.14884667084655234,17.335768360298005,False,1.85,1,12
23,133.18027224939752,133.04498908429673,0.13528316510078753,17.471051525398792,False,1.85,1,12
24,134.58685746732996,134.4635847609926,0.1232727063373602,17.594324231736152,False,1.85,1,12
1,179.89425729999158,179.8942561140559,1.1859356732202286e-06,1.1859356732202286e-06,True,1.9,1,12
2,157.636208144766,159.12131106879562,-1.4851029240296327,-1.4851017380939595,True,1.9,1,12
3,117.03726651273355,117.75869660787797,-0.721430095144413,-2.2065318332383725,True,1.9,1,12
4,126.7128748042163,142.48509049965816,-15.772215695441858,-17.97874752868023,True,1.9,1,12
5,178.70929957877408,160.5955066882196,18.113792890554492,0.13504536187426197,True,1.9,1,12
6,156.82301085477295,154.86874649766642,1.9542643571065241,2.089309718980786,True,1.9,1,12
7,151.6497387859214,171.54519768079672,-19.895458894875333,-17.806149175894546,True,1.9,1,12
8,169.12594586951383,151.02378329922405,18.102162570289778,0.29601339439523144,True,1.9,1,12
9,142.5704712114101,140.814572388335,1.755898823075114,2.0519122174703455,True,1.9,1,12
10,139.5381652814445,157.96610411156516,-18.427938830120667,-16.37602661265032,True,1.9,1,12
11,160.02303750090365,144.6276448914884,15.395392609415268,-0.9806340032350533,True,1.9,1,12
12,145.7270119910694,143.87384148288237,1.85317050818702,0.8725365049519667,True,1.9,1,12
13,149.16944943782178,148.184068571874,0.985380865947775,1.8579173708997416,False,1.9,1,12
14,146.5884720057862,145.97776248877773,0.6107095170084733,2.468626887908215,False,1.9,1,12
15,143.28306444997833,142.85591813706185,0.4271463129164772,2.895773200824692,False,1.9,1,12
16,140.0757154174054,139.75171040520317,0.3240050122022353,3.2197782130269275,False,1.9,1,12
17,125.5422851907613,125.33168746091997,0.2105977298413393,3.4303759428682667,False,1.9,1,12
18,112.54719189250055,112.39698382519029,0.1502080673102597,3.5805840101785265,False,1.9,1,12
19,111.40523485444292,111.2494244799336,0.1558103745093291,3.7363943846878556,False,1.9,1,12
20,108.4683600031157,108.32982056744896,0.13853943566674332,3.874933820354599,False,1.9,1,12
21,124.23370258414913,124.08016478803822,0.15353779611091056,4.028471616465509,False,1.9,1,12
22,130.2134440863363,130.07354326416353,0.13990082217276267,4.168372438638272,False,1.9,1,12
23,133.18027224939752,133.0520692060313,0.12820304336622712,4.296575482004499,False,1.9,1,12
24,134.58685746732996,134.46937728885547,0.11748017847449432,4.414055660478994,False,1.9,1,12
1,183.98177277893328,183.98177134145217,1.4374811030393175e-06,1.4374811030393175e-06,True,1.95,1,12
2,162.97705269843118,162.97705271398513,-1.5553951016045175e-08,1.4219271520232724e-06,True,1.95,1,12
3,115.72993742202515,117.95810226368327,-2.2281648416581277,-2.2281634197309756,True,1.95,1,12
4,128.49158246720222,145.66896957984767,-17.177387112645448,-19.405550532376424,True,1.95,1,12
5,181.9441997140355,164.3561754229653,17.588024291070212,-1.8175262413062114,True,1.95,1,12
6,161.5738578419724,155.1303884440703,6.443469397902106,4.625943156595895,True,1.95,1,12
7,152.71293427448387,175.52236697976178,-22.809432705277914,-18.18348954868202,True,1.95,1,12
8,171.87338892014492,154.50335036354548,17.37003855659944,-0.8134509920825792,True,1.95,1,12
9,146.35894290019192,141.06322687085049,5.295716029341435,4.4822650372588555,True,1.95,1,12
10,140.47061839474,161.6554274457068,-21.184809050966805,-16.70254401370795,True,1.95,1,12
11,162.1821544425522,147.99340556167007,14.188748880882116,-2.513795132825834,True,1.95,1,12
12,149.54058748109185,144.1155040416323,5.4250834394595415,2.9112883066337076,True,1.95,1,12
13,147.14130650415274,148.184068571874,-1.0427620677212701,1.8685262389124375,False,1.95,1,12
14,145.61565368886613,145.97776248877773,-0.3621087999115957,1.5064174390008418,False,1.95,1,12
15,142.6903568852661,142.85591813706185,-0.16556125179573655,1.3408561872051052,False,1.95,1,12
16,139.66094291722635,139.75171040520317,-0.09076748797681944,1.2500886992282858,False,1.95,1,12
17,125.2940809860354,125.33168746091997,-0.03760647488456925,1.2124822243437166,False,1.95,1,12
18,112.38142677229102,112.39698382519029,-0.015557052899268342,1.1969251714444482,False,1.95,1,12
19,111.23753446979336,111.2494244799336,-0.011890010140234608,1.1850351613042136,False,1.95,1,12
20,108.3269395293941,108.32982056744896,-0.0028810380548662806,1.1821541232493473,False,1.95,1,12
21,124.08175343702929,124.08016478803822,0.0015886489910741375,1.1837427722404215,False,1.95,1,12
22,130.07747299144054,130.07354326416353,0.003929727277011352,1.1876724995174328,False,1.95,1,12
23,133.0570408273907,133.0520692060313,0.004971621359402434,1.1926441208768352,False,1.95,1,12
24,134.47445840361365,134.46937728885547,0.005081114758183958,1.1977252356350192,False,1.95,1,12
1,188.06928825787492,188.0692865688484,1.689026504436697e-06,1.689026504436697e-06,True,2.0,1,12
2,166.83279434362066,166.8327943591746,-1.5553951016045175e-08,1.6734725534206518e-06,True,2.0,1,12
3,115.72993742202515,118.15750791948857,-2.427570497463421,-2.4275688239908675,True,2.0,1,12
4,128.70378490537252,148.85284866003718,-20.149063754664667,-22.576632578655534,True,2.0,1,12
5,185.95647103649947,168.11684415771103,17.839626878788437,-4.7370056998670975,True,2.0,1,12
6,165.2758048297281,155.39203039047416,9.883774439253926,5.146768739386829,True,2.0,1,12
7,152.97702247810668,179.49953627872685,-26.522513800620175,-21.375745061233346,True,2.0,1,12
8,175.83067768471383,157.9829174278669,17.847760256846925,-3.5279848043864206,True,2.0,1,12
9,149.63533195290853,141.31188135336598,8.323450599542554,4.795465795156133,True,2.0,1,12
10,140.71971133895613,165.34475077984845,-24.625039440892323,-19.82957364573619,True,2.0,1,12
11,165.6105423331764,151.35916623185176,14.251376101324638,-5.578197544411552,True,2.0,1,12
12,152.8312356664341,144.35716660038224,8.474069066051868,2.8958715216403164,True,2.0,1,12
13,147.14130650415274,148.184068571874,-1.0427620677212701,1.8531094539190462,False,2.0,1,12
14,145.61565368886613,145.97776248877773,-0.3621087999115957,1.4910006540074505,False,2.0,1,12
15,142.6903568852661,142.85591813706185,-0.16556125179573655,1.325439402211714,False,2.0,1,12
16,139.66094291722635,139.75171040520317,-0.09076748797681944,1.2346719142348945,False,2.0,1,12
17,125.2940809860354,125.33168746091997,-0.03760647488456925,1.1970654393503253,False,2.0,1,12
18,112.38142677229102,112.39698382519029,-0.015557052899268342,1.181508386451057,False,2.0,1,12
19,111.23753446979336,111.2494244799336,-0.011890010140234608,1.1696183763108223,False,2.0,1,12
20,108.3269395293941,108.32982056744896,-0.0028810380548662806,1.166737338255956,False,2.0,1,12
21,124.08175343702929,124.08016478803822,0.0015886489910741375,1.1683259872470302,False,2.0,1,12
22,130.07747299144054,130.07354326416353,0.003929727277011352,1.1722557145240415,False,2.0,1,12
23,133.0570408273907,133.0520692060313,0.004971621359402434,1.177227335883444,False,2.0,1,12
24,134.47445840361365,134.46937728885547,0.005081114758183958,1.182308450641628,False,2.0,1,12
1,192.15680373681658,192.15680179624462,1.9405719626774953e-06,1.9405719626774953e-06,True,2.05,1,12
2,170.68853598881014,170.6885360043641,-1.5553951016045175e-08,1.92501801166145e-06,True,2.05,1,12
3,115.72993742202515,118.35691357529386,-2.626976153268714,-2.6269742282507025,True,2.05,1,12
4,128.9159873435428,152.03672774022667,-23.120740396683857,-25.74771462493456,True,2.05,1,12
5,189.96874235896342,171.87751289245674,18.09122946650669,-7.65648515842787,True,2.05,1,12
6,168.97775181748372,155.65367233687806,13.324079480605661,5.667594322177791,True,2.05,1,12
7,153.2411106817295,183.47670557769186,-30.23559489596235,-24.56800057378456,True,2.05,1,12
8,179.78796644928272,161.4624844921883,18.32548195709441,-6.242518616690148,True,2.05,1,12
9,152.9117210056251,141.56053583588144,11.351185169743673,5.108666553053524,True,2.05,1,12
10,140.96880428317223,169.03407411399004,-28.06526983081781,-22.956603277764287,True,2.05,1,12
11,169.0389302238006,154.72492690203345,14.31400332176716,-8.642599955997127,True,2.05,1,12
12,156.12188385177635,144.59882915913218,11.523054692644166,2.8804547366470388,True,2.05,1,12
13,147.14130650415274,148.184068571874,-1.0427620677212701,1.8376926689257687,False,2.05,1,12
14,145.61565368886613,145.97776248877773,-0.3621087999115957,1.475583869014173,False,2.05,1,12
15,142.6903568852661,142.85591813706185,-0.16556125179573655,1.3100226172184364,False,2.05,1,12
16,139.66094291722635,139.75171040520317,-0.09076748797681944,1.219255129241617,False,2.05,1,12
17,125.2940809860354,125.33168746091997,-0.03760647488456925,1.1816486543570477,False,2.05,1,12
18,112.38142677229102,112.39698382519029,-0.015557052899268342,1.1660916014577793,False,2.05,1,12
19,111.23753446979336,111.2494244799336,-0.011890010140234608,1.1542015913175447,False,2.05,1,12
20,108.3269395293941,108.32982056744896,-0.0028810380548662806,1.1513205532626785,False,2.05,1,12
21,124.08175343702929,124.08016478803822,0.0015886489910741375,1.1529092022537526,False,2.05,1,12
22,130.07747299144054,130.07354326416353,0.003929727277011352,1.156838929530764,False,2.05,1,12
23,133.0570408273907,133.0520692060313,0.004971621359402434,1.1618105508901664,False,2.05,1,12
24,134.47445840361365,134.46937728885547,0.005081114758183958,1.1668916656483503,False,2.05,1,12
1,196.24431921575828,196.2443170236409,2.1921173924965842e-06,2.1921173924965842e-06,True,2.1,1,12
2,174.54427763399966,174.5442776495536,-1.5553951016045175e-08,2.176563441480539e-06,True,2.1,1,12
3,115.72993742202515,118.55631923109917,-2.8263818090740216,-2.82637963251058,True,2.1,1,12
4,129.1281897817131,155.2206068204162,-26.092417038703104,-28.918796671213684,True,2.1,1,12
5,193.9810136814274,175.63818162720247,18.342832054224942,-10.575964616988742,True,2.1,1,12
6,172.6796988052394,155.91531428328193,16.76438452195748,6.18841990496874,True,2.1,1,12
7,153.50519888535234,187.45387487665693,-33.94867599130458,-27.760256086335843,True,2.1,1,12
8,183.74525521385164,164.94205155650977,18.803203657341868,-8.957052428993975,True,2.1,1,12
9,156.18811005834175,141.80919031839693,14.37891973994482,5.421867310950844,True,2.1,1,12
10,141.21789722738833,172.72339744813172,-31.505500220743386,-26.08363290979254,True,2.1,1,12
11,172.46731811442484,158.09068757221516,14.376630542209682,-11.70700236758286,True,2.1,1,12
12,159.41253203711864,144.84049171788214,14.572040319236493,2.8650379516536333,True,2.1,1,12
13,147.14130650415274,148.184068571874,-1.0427620677212701,1.8222758839323632,False,2.1,1,12
14,145.61565368886613,145.97776248877773,-0.3621087999115957,1.4601670840207674,False,2.1,1,12
15,142.6903568852661,142.85591813706185,-0.16556125179573655,1.294605832225031,False,2.1,1,12
16,139.66094291722635,139.75171040520317,-0.09076748797681944,1.2038383442482115,False,2.1,1,12
17,125.2940809860354,125.33168746091997,-0.03760647488456925,1.1662318693636422,False,2.1,1,12
18,112.38142677229102,112.39698382519029,-0.015557052899268342,1.1506748164643739,False,2.1,1,12
19,111.23753446979336,111.2494244799336,-0.011890010140234608,1.1387848063241393,False,2.1,1,12
20,108.3269395293941,108.32982056744896,-0.0028810380548662806,1.135903768269273,False,2.1,1,12
21,124.08175343702929,124.08016478803822,0.0015886489910741375,1.137492417260347,False,2.1,1,12
22,130.07747299144054,130.07354326416353,0.003929727277011352,1.1414221445373585,False,2.1,1,12
23,133.0570408273907,133.0520692060313,0.004971621359402434,1.146393765896761,False,2.1,1,12
24,134.47445840361365,134.46937728885547,0.005081114758183958,1.1514748806549449,False,2.1,1,12
1,200.3318346946999,200.3318322510371,2.4436627938939637e-06,2.4436627938939637e-06,True,2.15,1,12
2,178.4000192791891,178.40001929474303,-1.5553922594335745e-08,2.428108871299628e-06,True,2.15,1,12
3,115.72993742202515,118.75572488690446,-3.025787464879315,-3.0257850367704435,True,2.15,1,12
4,129.34039221988337,158.4044859006057,-29.064093680722323,-32.089878717492766,True,2.15,1,12
5,197.99328500389134,179.39885036194818,18.594434641943167,-13.4954440755496,True,2.15,1,12
6,176.38164579299507,156.1769562296858,20.204689563309273,6.709245487759674,True,2.15,1,12
7,153.76928708897515,191.43104417562193,-37.66175708664679,-30.952511598887114,True,2.15,1,12
8,187.7025439784205,168.42161862083114,19.280925357589354,-11.67158624129776,True,2.15,1,12
9,159.46449911105836,142.05784480091242,17.40665431014594,5.735068068848179,True,2.15,1,12
10,141.46699017160444,176.41272078227334,-34.9457306106689,-29.210662541820724,True,2.15,1,12
11,175.89570600504902,161.45644824239685,14.439257762652176,-14.771404779168549,True,2.15,1,12
12,162.70318022246087,145.08215427663208,17.62102594582879,2.849621166660242,True,2.15,1,12
13,147.14130650415274,148.184068571874,-1.0427620677212701,1.806859098938972,False,2.15,1,12
14,145.61565368886613,145.97776248877773,-0.3621087999115957,1.4447502990273762,False,2.15,1,12
15,142.6903568852661,142.85591813706185,-0.16556125179573655,1.2791890472316396,False,2.15,1,12
16,139.66094291722635,139.75171040520317,-0.09076748797681944,1.1884215592548202,False,2.15,1,12
17,125.2940809860354,125.33168746091997,-0.03760647488456925,1.150815084370251,False,2.15,1,12
18,112.38142677229102,112.39698382519029,-0.015557052899268342,1.1352580314709826,False,2.15,1,12
19,111.23753446979336,111.2494244799336,-0.011890010140234608,1.123368021330748,False,2.15,1,12
20,108.3269395293941,108.32982056744896,-0.0028810380548662806,1.1204869832758817,False,2.15,1,12
21,124.08175343702929,124.08016478803822,0.0015886489910741375,1.1220756322669558,False,2.15,1,12
22,130.07747299144054,130.07354326416353,0.003929727277011352,1.1260053595439672,False,2.15,1,12
23,133.0570408273907,133.0520692060313,0.004971621359402434,1.1309769809033696,False,2.15,1,12
24,134.47445840361365,134.46937728885547,0.005081114758183958,1.1360580956615536,False,2.15,1,12
1,204.4193501736416,204.41934747843337,2.6952082237130526e-06,2.6952082237130526e-06,True,2.2,1,12
2,182.2557609243786,182.25576093993254,-1.5553951016045175e-08,2.6796542726970074e-06,True,2.2,1,12
3,115.72993742202515,118.95513054270977,-3.2251931206846223,-3.2251904410303496,True,2.2,1,12
4,129.55259465805366,161.58836498079523,-32.03577032274157,-35.26096076377192,True,2.2,1,12
5,202.00555632635533,183.1595190966939,18.84603722966142,-16.4149235341105,True,2.2,1,12
6,180.08359278075076,156.4385981760897,23.644994604661065,7.230071070550565,True,2.2,1,12
7,154.03337529259795,195.408213474587,-41.37483818198905,-34.14476711143848,True,2.2,1,12
8,191.6598327429894,171.90118568515257,19.75864705783684,-14.386120053601644,True,2.2,1,12
9,162.74088816377497,142.3064992834279,20.434388880347058,6.048268826745414,True,2.2,1,12
10,141.71608311582057,180.102044116415,-38.38596100059442,-32.33769217384901,True,2.2,1,12
11,179.32409389567326,164.8222089125785,14.501884983094754,-17.835807190754252,True,2.2,1,12
12,165.99382840780316,145.32381683538202,20.670011572421146,2.8342043816668934,True,2.2,1,12
13,147.14130650415274,148.184068571874,-1.0427620677212701,1.7914423139456233,False,2.2,1,12
14,145.61565368886613,145.97776248877773,-0.3621087999115957,1.4293335140340275,False,2.2,1,12
15,142.6903568852661,142.85591813706185,-0.16556125179573655,1.263772262238291,False,2.2,1,12
16,139.66094291722635,139.75171040520317,-0.09076748797681944,1.1730047742614715,False,2.2,1,12
17,125.2940809860354,125.33168746091997,-0.03760647488456925,1.1353982993769023,False,2.2,1,12
18,112.38142677229102,112.39698382519029,-0.015557052899268342,1.119841246477634,False,2.2,1,12
19,111.23753446979336,111.2494244799336,-0.011890010140234608,1.1079512363373993,False,2.2,1,12
20,108.3269395293941,108.32982056744896,-0.0028810380548662806,1.105070198282533,False,2.2,1,12
21,124.08175343702929,124.08016478803822,0.0015886489910741375,1.1066588472736072,False,2.2,1,12
22,130.07747299144054,130.07354326416353,0.003929727277011352,1.1105885745506185,False,2.2,1,12
23,133.0570408273907,133.0520692060313,0.004971621359402434,1.115560195910021,False,2.2,1,12
24,134.47445840361365,134.46937728885547,0.005081114758183958,1.120641310668205,False,2.2,1,12
1,207.68936255679495,207.68935966035036,2.8964445846213493e-06,2.8964445846213493e-06,True,2.24,1,12
2,185.3403542405302,185.34035425608414,-1.5553951016045175e-08,2.880890633605304e-06,True,2.24,1,12
3,119.5169438983209,119.51694390301753,-4.6966306399554014e-09,2.8761940029653488e-06,True,2.24,1,12
4,128.50184197343447,163.21358886032928,-34.711746886894815,-34.71174401070081,True,2.24,1,12
5,204.62727091515418,185.7468043552324,18.880466559921786,-15.831277450779027,True,2.24,1,12
6,182.75543588619996,156.70914834575953,26.04628754044043,10.215010089661405,True,2.24,1,12
7,154.07822004937893,197.40741170391752,-43.32919165453859,-33.114181564877185,True,2.24,1,12
8,194.72411796850704,174.24492047367676,20.479197494830288,-12.634984070046897,True,2.24,1,12
9,165.29565310564882,142.44782281905162,22.8478302865972,10.212846216550304,True,2.24,1,12
10,141.86958610853722,182.00036805087,-40.13078194233279,-29.917935725782485,True,2.24,1,12
11,182.03382778896236,167.12619035315151,14.907637435810841,-15.010298289971644,True,2.24,1,12
12,168.60072911101622,145.4065436773849,23.194185433631333,8.183887143659689,True,2.24,1,12
13,147.11762085265823,148.0635624946195,-0.9459416419612694,7.2379455016984195,False,2.24,1,12
14,145.59611346053214,145.91190914735577,-0.315795686823634,6.9221498148747855,False,2.24,1,12
15,142.67502596225827,142.82366990051005,-0.14864393825178013,6.773505876623005,False,2.24,1,12
16,139.64670006663312,139.7250067479125,-0.07830668127937201,6.695199195343633,False,2.24,1,12
17,125.28310711579554,125.320771777802,-0.037664662006449134,6.657534533337184,False,2.24,1,12
18,112.3730070077996,112.39525490478606,-0.022247896986456794,6.6352866363507275,False,2.24,1,12
19,111.23114721320691,111.25305238537909,-0.021905172172182574,6.613381464178545,False,2.24,1,12
20,108.32120534566154,108.34049520188927,-0.019289856227729274,6.594091607950816,False,2.24,1,12
21,124.0761594624602,124.09795266155618,-0.02179319909598121,6.572298408854834,False,2.24,1,12
22,130.07202098827676,130.091046986311,-0.019025998034237546,6.553272410820597,False,2.24,1,12
23,133.05173200569942,133.06802144455128,-0.01628943885185663,6.53698297196874,False,2.24,1,12
24,134.46968144647718,134.48544257231035,-0.01576112583316558,6.521221846135575,False,2.24,1,12
1,208.50686565258326,208.50686270582958,2.946753681953851e-06,2.946753681953851e-06,True,2.25,1,12
2,186.1115025695681,186.11150258512203,-1.5553922594335745e-08,2.931199759359515e-06,True,2.25,1,12
3,119.83127736139346,119.8312773660901,-4.696644850810117e-09,2.926503114508705e-06,True,2.25,1,12
4,128.54428246106852,163.85036467636715,-35.30608221529863,-35.306079288795516,True,2.25,1,12
5,205.42972517964694,186.49893810218154,18.930787077465396,-16.37529221133012,True,2.25,1,12
6,183.49582528375106,157.09862797600425,26.397197307746808,10.021905096416688,True,2.25,1,12
7,154.13103769010348,198.20284556371053,-44.07180787360704,-34.049902777190354,True,2.25,1,12
8,195.5155757214208,174.94083388654101,20.574741834879774,-13.47516094231058,True,2.25,1,12
9,165.95093091619214,142.8097580358222,23.141172880369936,9.666011938059356,True,2.25,1,12
10,141.91940469738043,182.7382327176983,-40.81882802031788,-31.152816082258525,True,2.25,1,12
11,182.71950536708718,167.79934248718783,14.920162879899351,-16.232653202359174,True,2.25,1,12
12,169.25885874808466,145.61395074498375,23.64490800310091,7.412254800741735,True,2.25,1,12
13,147.11762085265823,146.98545209504755,0.13216875761068536,7.54442355835242,False,2.25,1,12
14,145.59611346053214,145.50481935288119,0.09129410765095258,7.635717666003373,False,2.25,1,12
15,142.67502596225827,142.6482226740639,0.0268032881943725,7.6625209541977455,False,2.25,1,12
16,139.64670006663312,139.61767306456352,0.029027002069597074,7.691547956267343,False,2.25,1,12
17,125.28310711579554,125.26879069270501,0.014316423090534158,7.705864379357877,False,2.25,1,12
18,112.3730070077996,112.37053966008705,0.0024673477125531917,7.70833172707043,False,2.25,1,12
19,111.23114721320691,111.24245630160242,-0.011309088395506706,7.697022638674923,False,2.25,1,12
20,108.32120534566154,108.33828177602584,-0.01707643036429829,7.679946208310625,False,2.25,1,12
21,124.0761594624602,124.10174277813431,-0.025583315674111873,7.654362892636513,False,2.25,1,12
22,130.07202098827676,130.09592724690384,-0.02390625862707907,7.630456634009434,False,2.25,1,12
23,133.05173200569942,133.07294575686984,-0.021213751170421347,7.609242882839013,False,2.25,1,12
24,134.46968144647718,134.4912536964582,-0.021572249981005598,7.587670632858007,False,2.25,1,12
1,212.59438113152493,212.5943779332258,3.1982991401946492e-06,3.1982991401946492e-06,True,2.3,1,12
2,189.96724421475756,189.9672442303115,-1.5553951016045175e-08,3.182745189178604e-06,True,2.3,1,12
3,121.40294467675632,121.40294468145296,-4.696644850810117e-09,3.178048544327794e-06,True,2.3,1,12
4,128.75648489923879,167.03424375655666,-38.27775885731788,-38.27775567926933,True,2.3,1,12
5,209.44199650211092,190.25960683692725,19.182389665183678,-19.095366014085656,True,2.3,1,12
6,187.19777227150672,159.04602612722786,28.15174614427886,9.056380130193205,True,2.3,1,12
7,156.6848850817067,202.18001486267553,-45.495129780968824,-36.43874965077562,True,2.3,1,12
8,198.43010304338526,178.42040095086244,20.009702092522815,-16.429047558252805,True,2.3,1,12
9,168.84562666581246,144.6194341196751,24.226192546137355,7.7971449878845505,True,2.3,1,12
10,143.79236866249778,186.42755605183993,-42.63518738934215,-34.8380424014576,True,2.3,1,12
11,185.15564163660002,171.16510315736951,13.990538479230509,-20.84750392222709,True,2.3,1,12
12,172.16245204404282,147.29015329559104,24.872298748451783,4.024794826224692,True,2.3,1,12
13,146.89648054134364,146.98545209504755,-0.08897155370391374,3.9358232725207785,False,2.3,1,12
14,145.47859548305132,145.50481935288119,-0.026223869829863133,3.9095994026909153,False,2.3,1,12
15,142.61521458111355,142.6482226740639,-0.033008092950353785,3.8765913097405615,False,2.3,1,12
16,139.60232167907427,139.61767306456352,-0.015351385489253744,3.861239924251308,False,2.3,1,12
17,125.2617481406642,125.26879069270501,-0.007042552040815053,3.8541973722104927,False,2.3,1,12
18,112.36454851471672,112.37053966008705,-0.005991145370330742,3.848206226840162,False,2.3,1,12
19,111.23002671894434,111.24245630160242,-0.012429582658072036,3.83577664418209,False,2.3,1,12
20,108.3269964839309,108.33828177602584,-0.011285292094939336,3.8244913520871506,False,2.3,1,12
21,124.08823214791708,124.10174277813431,-0.013510630217226094,3.8109807218699245,False,2.3,1,12
22,130.0842118644445,130.09592724690384,-0.011715382459328794,3.7992653394105957,False,2.3,1,12
23,133.0629430669818,133.07294575686984,-0.010002689888040095,3.7892626495225556,False,2.3,1,12
24,134.48126397761325,134.4912536964582,-0.009989718844934714,3.779272930677621,False,2.3,1,12
1,216.68189661046662,216.68189316062205,3.449844570013738e-06,3.449844570013738e-06,True,2.35,1,12
2,193.82298585994704,193.822985875501,-1.5553951016045175e-08,3.434290618997693e-06,True,2.35,1,12
3,122.97461199211921,122.97461199681585,-4.696644850810117e-09,3.429593974146883e-06,True,2.35,1,12
4,128.96868733740908,170.2181228367462,-41.249435499337125,-41.24943206974315,True,2.35,1,12
5,213.45426782457488,194.02027557167298,19.433992252901902,-21.81543981684125,True,2.35,1,12
6,190.8997192592624,160.9934242784515,29.906294980810912,8.090855163969664,True,2.35,1,12
7,158.64792424602075,206.1571841616406,-47.50925991561985,-39.418404751650186,True,2.35,1,12
8,202.3873918079542,181.89996801518387,20.48742379277033,-18.930980958879857,True,2.35,1,12
9,172.1220157185291,146.429110203528,25.692905515001087,6.76192455612123,True,2.35,1,12
10,145.54123967072914,190.1168793859816,-44.575639715252464,-37.813715159131235,True,2.35,1,12
11,188.58402952722423,174.53086382755123,14.053165699673002,-23.760549459458232,True,2.35,1,12
12,175.4531002293851,148.96635584619833,26.48674438318676,2.726194923728528,True,2.35,1,12
13,146.89648054134364,146.98545209504755,-0.08897155370391374,2.637223370024614,False,2.35,1,12
14,145.47859548305132,145.50481935288119,-0.026223869829863133,2.610999500194751,False,2.35,1,12
15,142.61521458111355,142.6482226740639,-0.033008092950353785,2.5779914072443972,False,2.35,1,12
16,139.60232167907427,139.61767306456352,-0.015351385489253744,2.5626400217551435,False,2.35,1,12
17,125.2617481406642,125.26879069270501,-0.007042552040815053,2.5555974697143284,False,2.35,1,12
18,112.36454851471672,112.37053966008705,-0.005991145370330742,2.5496063243439977,False,2.35,1,12
19,111.23002671894434,111.24245630160242,-0.012429582658072036,2.5371767416859257,False,2.35,1,12
20,108.3269964839309,108.33828177602584,-0.011285292094939336,2.5258914495909863,False,2.35,1,12
21,124.08823214791708,124.10174277813431,-0.013510630217226094,2.5123808193737602,False,2.35,1,12
22,130.0842118644445,130.09592724690384,-0.011715382459328794,2.5006654369144314,False,2.35,1,12
23,133.0629430669818,133.07294575686984,-0.010002689888040095,2.4906627470263913,False,2.35,1,12
24,134.48126397761325,134.4912536964582,-0.009989718844934714,2.4806730281814566,False,2.35,1,12
1,220.76941208940823,220.7694083880183,3.701389942989408e-06,3.701389942989408e-06,True,2.4,1,12
2,197.67872750513652,197.67872752069047,-1.5553951016045175e-08,3.685835991973363e-06,True,2.4,1,12
3,124.54627930748205,124.5462793121787,-4.696644850810117e-09,3.681139347122553e-06,True,2.4,1,12
4,129.18088977557937,173.4020019169357,-44.221112141356315,-44.22110846021697,True,2.4,1,12
5,217.46653914703884,197.78094430641872,19.685594840620126,-24.53551361959684,True,2.4,1,12
6,194.60166624701807,162.9408224296751,31.660843817342965,7.125330197746123,True,2.4,1,12
7,160.6109634103348,210.1343534606056,-49.52339005027082,-42.398059852524696,True,2.4,1,12
8,206.34468057252306,185.37953507950527,20.965145493017786,-21.43291435950691,True,2.4,1,12
9,175.39840477124568,148.23878628738095,27.159618483864733,5.726704124357823,True,2.4,1,12
10,147.2901106789605,193.80620272012322,-46.51609204116272,-40.7893879168049,True,2.4,1,12
11,192.01241741784844,177.8966244977329,14.115792920115553,-26.673594996689346,True,2.4,1,12
12,178.74374841472735,150.6425583968056,28.101190017921738,1.427595021232392,True,2.4,1,12
13,146.89648054134364,146.98545209504755,-0.08897155370391374,1.3386234675284783,False,2.4,1,12
14,145.47859548305132,145.50481935288119,-0.026223869829863133,1.3123995976986151,False,2.4,1,12
15,142.61521458111355,142.6482226740639,-0.033008092950353785,1.2793915047482614,False,2.4,1,12
16,139.60232167907427,139.61767306456352,-0.015351385489253744,1.2640401192590076,False,2.4,1,12
17,125.2617481406642,125.26879069270501,-0.007042552040815053,1.2569975672181926,False,2.4,1,12
18,112.36454851471672,112.37053966008705,-0.005991145370330742,1.2510064218478618,False,2.4,1,12
19,111.23002671894434,111.24245630160242,-0.012429582658072036,1.2385768391897898,False,2.4,1,12
20,108.3269964839309,108.33828177602584,-0.011285292094939336,1.2272915470948504,False,2.4,1,12
21,124.08823214791708,124.10174277813431,-0.013510630217226094,1.2137809168776243,False,2.4,1,12
22,130.0842118644445,130.09592724690384,-0.011715382459328794,1.2020655344182956,False,2.4,1,12
23,133.0629430669818,133.07294575686984,-0.010002689888040095,1.1920628445302555,False,2.4,1,12
24,134.48126397761325,134.4912536964582,-0.009989718844934714,1.1820731256853207,False,2.4,1,12
1,224.85692756834993,224.8569236154145,3.952935429651916e-06,3.952935429651916e-06,True,2.45,1,12
2,201.534469150326,201.53446916587995,-1.5553951016045175e-08,3.937381478635871e-06,True,2.45,1,12
3,126.11794662284494,126.11794662754158,-4.696644850810117e-09,3.932684833785061e-06,True,2.45,1,12
4,176.58588406251658,176.58588099712523,3.065391354084568e-06,6.9980761878696285e-06,True,2.45,1,12
5,201.54161302409213,201.54161304116442,-1.707229557723622e-08,6.981003892292392e-06,True,2.45,1,12
6,164.8882205735471,164.88822058089875,-7.351644626396592e-09,6.973652247665996e-06,True,2.45,1,12
7,214.11152658455853,214.11152275957068,3.8249878571150475e-06,1.0798640104781043e-05,True,2.45,1,12
8,188.8591021263905,188.8591021438267,-1.743620714478311e-08,1.078120389763626e-05,True,2.45,1,12
9,150.04846236384952,150.04846237123385,-7.384329592241556e-09,1.0773819568044019e-05,True,2.45,1,12
10,197.49552960086953,197.49552605426487,3.546604659732111e-06,1.432042422777613e-05,True,2.45,1,12
11,181.26238515258618,181.2623851679146,-1.532842475171492e-08,1.4305095803024415e-05,True,2.45,1,12
12,152.31876094060212,152.3187609474129,-6.8107794959360035e-09,1.4298285023528479e-05,True,2.45,1,12
13,146.98545209090975,146.98545209504755,-4.137802989134798e-09,1.4294147220539344e-05,False,2.45,1,12
14,145.50481935013323,145.50481935288119,-2.7479529762786115e-09,1.4291399267563065e-05,False,2.45,1,12
15,142.64822267206446,142.6482226740639,-1.9994388367194915e-09,1.4289399828726346e-05,False,2.45,1,12
16,139.61767306279515,139.61767306456352,-1.768370339050307e-09,1.4287631458387295e-05,False,2.45,1,12
17,125.26879069137922,125.26879069270501,-1.3257874798000557e-09,1.4286305670907495e-05,False,2.45,1,12
18,112.37053965906212,112.37053966008705,-1.0249294746245141e-09,1.4285280741432871e-05,False,2.45,1,12
19,111.24245630079446,111.24245630160242,-8.079581448328099e-10,1.4284472783288038e-05,False,2.45,1,12
20,108.3382817753826,108.33828177602584,-6.432401278289035e-10,1.4283829543160209e-05,False,2.45,1,12
21,124.10174277762152,124.10174277813431,-5.127844815433491e-10,1.4283316758678666e-05,False,2.45,1,12
22,130.0959272463753,130.09592724690384,-5.285301085677929e-10,1.4282788228570098e-05,False,2.45,1,12
23,133.07294575636212,133.07294575686984,-5.077254172647372e-10,1.4282280503152833e-05,False,2.45,1,12
24,134.49125369585175,134.4912536964582,-6.064340141165303e-10,1.4281674069138717e-05,False,2.45,1,12
1,228.9444430472916,228.9444388428107,4.204480887892714e-06,4.204480887892714e-06,True,2.5,1,12
2,205.39021079551551,205.39021081106947,-1.5553951016045175e-08,4.188926936876669e-06,True,2.5,1,12
3,127.6896139382078,127.68961394290444,-4.696644850810117e-09,4.184230292025859e-06,True,2.5,1,12
4,179.7697633379594,179.7697600773147,3.260644717784089e-06,7.444875009809948e-06,True,2.5,1,12
5,205.30228175883786,205.30228177591016,-1.707229557723622e-08,7.427802714232712e-06,True,2.5,1,12
6,166.8356187247707,166.83561873212236,-7.351644626396592e-09,7.420451069606315e-06,True,2.5,1,12
7,218.08869612721753,218.08869205853568,4.068681846547406e-06,1.1489132916153721e-05,True,2.5,1,12
8,192.3386691907119,192.33866920814813,-1.7436235566492542e-08,1.1471696680587229e-05,True,2.5,1,12
9,151.85813844770243,151.8581384550868,-7.384358013950987e-09,1.1464312322573278e-05,True,2.5,1,12
10,201.1848531609904,201.18484938840646,3.772583937688978e-06,1.5236896260262256e-05,True,2.5,1,12
11,184.62814582276783,184.62814583809626,-1.532842475171492e-08,1.5221567835510541e-05,True,2.5,1,12
12,153.99496349120938,153.99496349802016,-6.8107794959360035e-09,1.5214757056014605e-05,True,2.5,1,12
13,146.98545209090975,146.98545209504755,-4.137802989134798e-09,1.521061925302547e-05,False,2.5,1,12
14,145.50481935013323,145.50481935288119,-2.7479529762786115e-09,1.5207871300049192e-05,False,2.5,1,12
15,142.64822267206446,142.6482226740639,-1.9994388367194915e-09,1.5205871861212472e-05,False,2.5,1,12
16,139.61767306279515,139.61767306456352,-1.768370339050307e-09,1.5204103490873422e-05,False,2.5,1,12
17,125.26879069137922,125.26879069270501,-1.3257874798000557e-09,1.5202777703393622e-05,False,2.5,1,12
18,112.37053965906212,112.37053966008705,-1.0249294746245141e-09,1.5201752773918997e-05,False,2.5,1,12
19,111.24245630079446,111.24245630160242,-8.079581448328099e-10,1.5200944815774164e-05,False,2.5,1,12
20,108.3382817753826,108.33828177602584,-6.432401278289035e-10,1.5200301575646336e-05,False,2.5,1,12
21,124.10174277762152,124.10174277813431,-5.127844815433491e-10,1.5199788791164792e-05,False,2.5,1,12
22,130.0959272463753,130.09592724690384,-5.285301085677929e-10,1.5199260261056224e-05,False,2.5,1,12
23,133.07294575636212,133.07294575686984,-5.077254172647372e-10,1.519875253563896e-05,False,2.5,1,12
24,134.49125369585175,134.4912536964582,-6.064340141165303e-10,1.5198146101624843e-05,False,2.5,1,12
1,233.0319585262332,233.03195407020695,4.456026260868384e-06,4.456026260868384e-06,True,2.55,1,12
2,209.24595244070494,209.2459524562589,-1.5553951016045175e-08,4.440472309852339e-06,True,2.55,1,12
3,129.26128125357067,129.2612812582673,-4.6966306399554014e-09,4.435775679212384e-06,True,2.55,1,12
4,182.95364261340225,182.9536391575042,3.455898053061901e-06,7.891673732274285e-06,True,2.55,1,12
5,209.06295049358354,209.06295051065584,-1.707229557723622e-08,7.874601436697048e-06,True,2.55,1,12
6,168.78301687599435,168.78301688334597,-7.351616204687161e-09,7.867249820492361e-06,True,2.55,1,12
7,222.06586566987647,222.06586135750075,4.312375722292927e-06,1.2179625542785288e-05,True,2.55,1,12
8,195.81823625503333,195.81823627246953,-1.743620714478311e-08,1.2162189335640505e-05,True,2.55,1,12
9,153.66781453155534,153.6678145389397,-7.384358013950987e-09,1.2154804977626554e-05,True,2.55,1,12
10,204.8741767211112,204.8741727225481,3.998563101959007e-06,1.615336807958556e-05,True,2.55,1,12
11,187.9939064929495,187.99390650827792,-1.532842475171492e-08,1.6138039654833847e-05,True,2.55,1,12
12,155.67116604181666,155.67116604862744,-6.8107794959360035e-09,1.613122887533791e-05,True,2.55,1,12
13,146.98545209090975,146.98545209504755,-4.137802989134798e-09,1.6127091072348776e-05,False,2.55,1,12
14,145.50481935013323,145.50481935288119,-2.7479529762786115e-09,1.6124343119372497e-05,False,2.55,1,12
15,142.64822267206446,142.6482226740639,-1.9994388367194915e-09,1.6122343680535778e-05,False,2.55,1,12
16,139.61767306279515,139.61767306456352,-1.768370339050307e-09,1.6120575310196728e-05,False,2.55,1,12
17,125.26879069137922,125.26879069270501,-1.3257874798000557e-09,1.6119249522716927e-05,False,2.55,1,12
18,112.37053965906212,112.37053966008705,-1.0249294746245141e-09,1.6118224593242303e-05,False,2.55,1,12
19,111.24245630079446,111.24245630160242,-8.079581448328099e-10,1.611741663509747e-05,False,2.55,1,12
20,108.3382817753826,108.33828177602584,-6.432401278289035e-10,1.611677339496964e-05,False,2.55,1,12
21,124.10174277762152,124.10174277813431,-5.127844815433491e-10,1.6116260610488098e-05,False,2.55,1,12
22,130.0959272463753,130.09592724690384,-5.285301085677929e-10,1.611573208037953e-05,False,2.55,1,12
23,133.07294575636212,133.07294575686984,-5.077254172647372e-10,1.6115224354962265e-05,False,2.55,1,12
24,134.49125369585175,134.4912536964582,-6.064340141165303e-10,1.611461792094815e-05,False,2.55,1,12
1,237.11947400517494,237.11946929760322,4.707571719109183e-06,4.707571719109183e-06,True,2.6,1,12
2,213.10169408589448,213.10169410144843,-1.5553951016045175e-08,4.692017768093137e-06,True,2.6,1,12
3,130.83294856893355,130.8329485736302,-4.696659061664832e-09,4.687321109031473e-06,True,2.6,1,12
4,186.13752188884513,186.13751823769374,3.651151388339713e-06,8.338472497371185e-06,True,2.6,1,12
5,212.82361922832925,212.82361924540157,-1.707232399894565e-08,8.32140017337224e-06,True,2.6,1,12
6,170.730415027218,170.7304150345696,-7.351616204687161e-09,8.314048557167553e-06,True,2.6,1,12
7,226.04303521253553,226.0430306564658,4.556069740146995e-06,1.2870118297314548e-05,True,2.6,1,12
8,199.29780331935476,199.297803336791,-1.7436235566492542e-08,1.2852682061748055e-05,True,2.6,1,12
9,155.47749061540827,155.4774906227926,-7.384329592241556e-09,1.2845297732155814e-05,True,2.6,1,12
10,208.56350028123205,208.56349605668976,4.224542294650746e-06,1.706984002680656e-05,True,2.6,1,12
11,191.3596671631312,191.35966717845963,-1.532842475171492e-08,1.7054511602054845e-05,True,2.6,1,12
12,157.34736859242395,157.34736859923473,-6.8107794959360035e-09,1.704770082255891e-05,True,2.6,1,12
13,146.98545209090975,146.98545209504755,-4.137802989134798e-09,1.7043563019569774e-05,False,2.6,1,12
14,145.50481935013323,145.50481935288119,-2.7479529762786115e-09,1.7040815066593495e-05,False,2.6,1,12
15,142.64822267206446,142.6482226740639,-1.9994388367194915e-09,1.7038815627756776e-05,False,2.6,1,12
16,139.61767306279515,139.61767306456352,-1.768370339050307e-09,1.7037047257417726e-05,False,2.6,1,12
17,125.26879069137922,125.26879069270501,-1.3257874798000557e-09,1.7035721469937926e-05,False,2.6,1,12
18,112.37053965906212,112.37053966008705,-1.0249294746245141e-09,1.70346965404633e-05,False,2.6,1,12
19,111.24245630079446,111.24245630160242,-8.079581448328099e-10,1.7033888582318468e-05,False,2.6,1,12
20,108.3382817753826,108.33828177602584,-6.432401278289035e-10,1.703324534219064e-05,False,2.6,1,12
21,124.10174277762152,124.10174277813431,-5.127844815433491e-10,1.7032732557709096e-05,False,2.6,1,12
22,130.0959272463753,130.09592724690384,-5.285301085677929e-10,1.7032204027600528e-05,False,2.6,1,12
23,133.07294575636212,133.07294575686984,-5.077254172647372e-10,1.7031696302183263e-05,False,2.6,1,12
24,134.49125369585175,134.4912536964582,-6.064340141165303e-10,1.7031089868169147e-05,False,2.6,1,12
1,241.20698948411655,241.2069845249994,4.9591171489282715e-06,4.9591171489282715e-06,True,2.65,1,12
2,216.95743573108393,216.95743574663786,-1.5553922594335745e-08,4.943563226333936e-06,True,2.65,1,12
3,132.4046158842964,132.40461588899305,-4.696659061664832e-09,4.938866567272271e-06,True,2.65,1,12
4,189.32140116428795,189.32139731788322,3.846404723617525e-06,8.785271290889796e-06,True,2.65,1,12
5,216.58428796307496,216.58428798014728,-1.707232399894565e-08,8.76819896689085e-06,True,2.65,1,12
6,172.6778131784416,172.6778131857932,-7.351616204687161e-09,8.760847350686163e-06,True,2.65,1,12
7,230.02020475519444,230.02019995543077,4.799763672735935e-06,1.3560611023422098e-05,True,2.65,1,12
8,202.77737038367613,202.77737040111236,-1.7436235566492542e-08,1.3543174787855605e-05,True,2.65,1,12
9,157.28716669926118,157.2871667066455,-7.384329592241556e-09,1.3535790458263364e-05,True,2.65,1,12
10,212.2528238413529,212.25281939083138,4.450521515764194e-06,1.7986311974027558e-05,True,2.65,1,12
11,194.7254278333129,194.72542784864132,-1.532842475171492e-08,1.7970983549275843e-05,True,2.65,1,12
12,159.02357114303123,159.02357114984198,-6.810751074226573e-09,1.7964172798201616e-05,True,2.65,1,12
13,146.98545209090975,146.98545209504755,-4.137802989134798e-09,1.796003499521248e-05,False,2.65,1,12
14,145.50481935013323,145.50481935288119,-2.7479529762786115e-09,1.7957287042236203e-05,False,2.65,1,12
15,142.64822267206446,142.6482226740639,-1.9994388367194915e-09,1.7955287603399483e-05,False,2.65,1,12
16,139.61767306279515,139.61767306456352,-1.768370339050307e-09,1.7953519233060433e-05,False,2.65,1,12
17,125.26879069137922,125.26879069270501,-1.3257874798000557e-09,1.7952193445580633e-05,False,2.65,1,12
18,112.37053965906212,112.37053966008705,-1.0249294746245141e-09,1.795116851610601e-05,False,2.65,1,12
19,111.24245630079446,111.24245630160242,-8.079581448328099e-10,1.7950360557961176e-05,False,2.65,1,12
20,108.3382817753826,108.33828177602584,-6.432401278289035e-10,1.7949717317833347e-05,False,2.65,1,12
21,124.10174277762152,124.10174277813431,-5.127844815433491e-10,1.7949204533351804e-05,False,2.65,1,12
22,130.0959272463753,130.09592724690384,-5.285301085677929e-10,1.7948676003243236e-05,False,2.65,1,12
23,133.07294575636212,133.07294575686984,-5.077254172647372e-10,1.794816827782597e-05,False,2.65,1,12
24,134.49125369585175,134.4912536964582,-6.064340141165303e-10,1.7947561843811854e-05,False,2.65,1,12
1,245.29450496305824,245.2944997523957,5.210662550325651e-06,5.210662550325651e-06,True,2.7,1,12
2,220.81317737627342,220.81317739182734,-1.5553922594335745e-08,5.195108627731315e-06,True,2.7,1,12
3,133.97628319965926,133.97628320435592,-4.696659061664832e-09,5.19041196866965e-06,True,2.7,1,12
4,192.5052804397308,192.50527639807277,4.041658030473627e-06,9.232069999143278e-06,True,2.7,1,12
5,220.3449566978207,220.344956714893,-1.707229557723622e-08,9.214997703566041e-06,True,2.7,1,12
6,174.62521132966523,174.62521133701688,-7.351644626396592e-09,9.207646058939645e-06,True,2.7,1,12
7,233.99737429785347,233.99736925439586,5.043457605324875e-06,1.425110366426452e-05,True,2.7,1,12
8,206.2569374479976,206.2569374654338,-1.743620714478311e-08,1.4233667457119736e-05,True,2.7,1,12
9,159.0968427831141,159.09684279049844,-7.384329592241556e-09,1.4226283127527495e-05,True,2.7,1,12
10,215.9421474014738,215.94214272497305,4.676500736877642e-06,1.8902783864405137e-05,True,2.7,1,12
11,198.09118850349458,198.091188518823,-1.532842475171492e-08,1.8887455439653422e-05,True,2.7,1,12
12,160.69977369363852,160.69977370044927,-6.810751074226573e-09,1.8880644688579196e-05,True,2.7,1,12
13,146.98545209090975,146.98545209504755,-4.137802989134798e-09,1.887650688559006e-05,False,2.7,1,12
14,145.50481935013323,145.50481935288119,-2.7479529762786115e-09,1.8873758932613782e-05,False,2.7,1,12
15,142.64822267206446,142.6482226740639,-1.9994388367194915e-09,1.8871759493777063e-05,False,2.7,1,12
16,139.61767306279515,139.61767306456352,-1.768370339050307e-09,1.8869991123438012e-05,False,2.7,1,12
17,125.26879069137922,125.26879069270501,-1.3257874798000557e-09,1.8868665335958212e-05,False,2.7,1,12
18,112.37053965906212,112.37053966008705,-1.0249294746245141e-09,1.8867640406483588e-05,False,2.7,1,12
19,111.24245630079446,111.24245630160242,-8.079581448328099e-10,1.8866832448338755e-05,False,2.7,1,12
20,108.3382817753826,108.33828177602584,-6.432401278289035e-10,1.8866189208210926e-05,False,2.7,1,12
21,124.10174277762152,124.10174277813431,-5.127844815433491e-10,1.8865676423729383e-05,False,2.7,1,12
22,130.0959272463753,130.09592724690384,-5.285301085677929e-10,1.8865147893620815e-05,False,2.7,1,12
23,133.07294575636212,133.07294575686984,-5.077254172647372e-10,1.886464016820355e-05,False,2.7,1,12
24,134.49125369585175,134.4912536964582,-6.064340141165303e-10,1.8864033734189434e-05,False,2.7,1,12
1,249.3820204419999,249.38201497979193,5.46220798014474e-06,5.46220798014474e-06,True,2.75,1,12
2,224.66891902146293,224.66891903701685,-1.5553922594335745e-08,5.446654057550404e-06,True,2.75,1,12
3,135.54795051502214,135.5479505197188,-4.696659061664832e-09,5.441957398488739e-06,True,2.75,1,12
4,195.68915971517364,195.68915547826225,4.2369113941731484e-06,9.678868792661888e-06,True,2.75,1,12
5,224.1056254325664,224.10562544963872,-1.707232399894565e-08,9.661796468662942e-06,True,2.75,1,12
6,176.57260948088884,176.5726094882405,-7.351644626396592e-09,9.654444824036545e-06,True,2.75,1,12
7,237.97454384051247,237.9745385533609,5.287151566335524e-06,1.494159639037207e-05,True,2.75,1,12
8,209.73650451231902,209.73650452975522,-1.743620714478311e-08,1.4924160183227286e-05,True,2.75,1,12
9,160.90651886696702,160.90651887435135,-7.384329592241556e-09,1.4916775853635045e-05,True,2.75,1,12
10,219.6314709615946,219.63146605911464,4.9024799579910905e-06,1.9819255811626135e-05,True,2.75,1,12
11,201.4569491736763,201.45694918900472,-1.532842475171492e-08,1.980392738687442e-05,True,2.75,1,12
12,162.37597624424578,162.37597625105656,-6.8107794959360035e-09,1.9797116607378484e-05,True,2.75,1,12
13,146.98545209090975,146.98545209504755,-4.137802989134798e-09,1.979297880438935e-05,False,2.75,1,12
14,145.50481935013323,145.50481935288119,-2.7479529762786115e-09,1.979023085141307e-05,False,2.75,1,12
15,142.64822267206446,142.6482226740639,-1.9994388367194915e-09,1.978823141257635e-05,False,2.75,1,12
16,139.61767306279515,139.61767306456352,-1.768370339050307e-09,1.97864630422373e-05,False,2.75,1,12
17,125.26879069137922,125.26879069270501,-1.3257874798000557e-09,1.97851372547575e-05,False,2.75,1,12
18,112.37053965906212,112.37053966008705,-1.0249294746245141e-09,1.9784112325282877e-05,False,2.75,1,12
19,111.24245630079446,111.24245630160242,-8.079581448328099e-10,1.9783304367138044e-05,False,2.75,1,12
20,108.3382817753826,108.33828177602584,-6.432401278289035e-10,1.9782661127010215e-05,False,2.75,1,12
21,124.10174277762152,124.10174277813431,-5.127844815433491e-10,1.978214834252867e-05,False,2.75,1,12
22,130.0959272463753,130.09592724690384,-5.285301085677929e-10,1.9781619812420104e-05,False,2.75,1,12
23,133.07294575636212,133.07294575686984,-5.077254172647372e-10,1.978111208700284e-05,False,2.75,1,12
24,134.49125369585175,134.4912536964582,-6.064340141165303e-10,1.9780505652988722e-05,False,2.75,1,12
1,253.46953592094155,253.46953020718817,5.713753381542119e-06,5.713753381542119e-06,True,2.8,1,12
2,228.52466066665235,228.52466068220627,-1.5553922594335745e-08,5.6981994589477836e-06,True,2.8,1,12
3,137.119617830385,137.11961783508164,-4.6966306399554014e-09,5.693502828307828e-06,True,2.8,1,12
4,198.87303899061646,198.87303455845174,4.43216472945096e-06,1.0125667557758788e-05,True,2.8,1,12
5,227.8662941673121,227.8662941843844,-1.707229557723622e-08,1.0108595262181552e-05,True,2.8,1,12
6,178.52000763211245,178.5200076394641,-7.351644626396592e-09,1.0101243617555156e-05,True,2.8,1,12
7,241.95171338317144,241.9517078523259,5.530845527346173e-06,1.563208914490133e-05,True,2.8,1,12
8,213.2160715766404,213.2160715940766,-1.743620714478311e-08,1.5614652937756546e-05,True,2.8,1,12
9,162.71619495081993,162.71619495820426,-7.384329592241556e-09,1.5607268608164304e-05,True,2.8,1,12
10,223.32079452171544,223.32078939325626,5.128459179104539e-06,2.0735727787268843e-05,True,2.8,1,12
11,204.82270984385798,204.8227098591864,-1.532842475171492e-08,2.0720399362517128e-05,True,2.8,1,12
12,164.05217879485306,164.05217880166384,-6.8107794959360035e-09,2.0713588583021192e-05,True,2.8,1,12
13,146.98545209090975,146.98545209504755,-4.137802989134798e-09,2.0709450780032057e-05,False,2.8,1,12
14,145.50481935013323,145.50481935288119,-2.7479529762786115e-09,2.070670282705578e-05,False,2.8,1,12
15,142.64822267206446,142.6482226740639,-1.9994388367194915e-09,2.070470338821906e-05,False,2.8,1,12
16,139.61767306279515,139.61767306456352,-1.768370339050307e-09,2.070293501788001e-05,False,2.8,1,12
17,125.26879069137922,125.26879069270501,-1.3257874798000557e-09,2.070160923040021e-05,False,2.8,1,12
18,112.37053965906212,112.37053966008705,-1.0249294746245141e-09,2.0700584300925584e-05,False,2.8,1,12
19,111.24245630079446,111.24245630160242,-8.079581448328099e-10,2.069977634278075e-05,False,2.8,1,12
20,108.3382817753826,108.33828177602584,-6.432401278289035e-10,2.0699133102652922e-05,False,2.8,1,12
21,124.10174277762152,124.10174277813431,-5.127844815433491e-10,2.069862031817138e-05,False,2.8,1,12
22,130.0959272463753,130.09592724690384,-5.285301085677929e-10,2.069809178806281e-05,False,2.8,1,12
23,133.07294575636212,133.07294575686984,-5.077254172647372e-10,2.0697584062645547e-05,False,2.8,1,12
24,134.49125369585175,134.4912536964582,-6.064340141165303e-10,2.069697762863143e-05,False,2.8,1,12
1,257.5570513998833,257.5570454345844,5.9652988966263365e-06,5.9652988966263365e-06,True,2.85,1,12
2,232.38040231184186,232.38040232739579,-1.5553922594335745e-08,5.949744974032001e-06,True,2.85,1,12
3,138.69128514574788,138.69128515044454,-4.696659061664832e-09,5.945048314970336e-06,True,2.85,1,12
4,202.05691826605937,202.05691363864128,4.627418093150482e-06,1.0572466408120818e-05,True,2.85,1,12
5,231.62696290205787,231.6269629191302,-1.707232399894565e-08,1.0555394084121872e-05,True,2.85,1,12
6,180.4674057833361,180.46740579068774,-7.351644626396592e-09,1.0548042439495475e-05,True,2.85,1,12
7,245.92888292583046,245.92887715129095,5.774539516778532e-06,1.6322581956274007e-05,True,2.85,1,12
8,216.69563864096182,216.69563865839805,-1.7436235566492542e-08,1.6305145720707515e-05,True,2.85,1,12
9,164.52587103467286,164.5258710420572,-7.384329592241556e-09,1.6297761391115273e-05,True,2.85,1,12
10,227.0101180818363,227.0101127273979,5.354438400217987e-06,2.165219979133326e-05,True,2.85,1,12
11,208.18847051403964,208.18847052936806,-1.532842475171492e-08,2.1636871366581545e-05,True,2.85,1,12
12,165.72838134546035,165.72838135227113,-6.8107794959360035e-09,2.163006058708561e-05,True,2.85,1,12
13,146.98545209090975,146.98545209504755,-4.137802989134798e-09,2.1625922784096474e-05,False,2.85,1,12
14,145.50481935013323,145.50481935288119,-2.7479529762786115e-09,2.1623174831120195e-05,False,2.85,1,12
15,142.64822267206446,142.6482226740639,-1.9994388367194915e-09,2.1621175392283476e-05,False,2.85,1,12
16,139.61767306279515,139.61767306456352,-1.768370339050307e-09,2.1619407021944426e-05,False,2.85,1,12
17,125.26879069137922,125.26879069270501,-1.3257874798000557e-09,2.1618081234464626e-05,False,2.85,1,12
18,112.37053965906212,112.37053966008705,-1.0249294746245141e-09,2.161705630499e-05,False,2.85,1,12
19,111.24245630079446,111.24245630160242,-8.079581448328099e-10,2.1616248346845168e-05,False,2.85,1,12
20,108.3382817753826,108.33828177602584,-6.432401278289035e-10,2.161560510671734e-05,False,2.85,1,12
21,124.10174277762152,124.10174277813431,-5.127844815433491e-10,2.1615092322235796e-05,False,2.85,1,12
22,130.0959272463753,130.09592724690384,-5.285301085677929e-10,2.1614563792127228e-05,False,2.85,1,12
23,133.07294575636212,133.07294575686984,-5.077254172647372e-10,2.1614056066709963e-05,False,2.85,1,12
24,134.49125369585175,134.4912536964582,-6.064340141165303e-10,2.1613449632695847e-05,False,2.85,1,12
1,261.6445668788249,261.6445606619806,6.2168442696020065e-06,6.2168442696020065e-06,True,2.9,1,12
2,236.23614395703132,236.23614397258524,-1.5553922594335745e-08,6.201290347007671e-06,True,2.9,1,12
3,140.26295246111073,140.2629524658074,-4.696659061664832e-09,6.196593687946006e-06,True,2.9,1,12
4,205.24079754150216,205.24079271883076,4.822671400006584e-06,1.101926508795259e-05,True,2.9,1,12
5,235.38763163680355,235.38763165387587,-1.707232399894565e-08,1.1002192763953644e-05,True,2.9,1,12
6,182.4148039345597,182.41480394191134,-7.351644626396592e-09,1.0994841119327248e-05,True,2.9,1,12
7,249.9060524684894,249.90604645025599,6.018233420945762e-06,1.701307454027301e-05,True,2.9,1,12
8,220.17520570528325,220.17520572271948,-1.7436235566492542e-08,1.6995638304706517e-05,True,2.9,1,12
9,166.33554711852577,166.3355471259101,-7.384329592241556e-09,1.6988253975114276e-05,True,2.9,1,12
10,230.6994416419571,230.69943606153953,5.580417564488016e-06,2.2568671539602292e-05,True,2.9,1,12
11,211.55423118422132,211.55423119954975,-1.532842475171492e-08,2.2553343114850577e-05,True,2.9,1,12
12,167.4045838960676,167.4045839028784,-6.8107794959360035e-09,2.254653233535464e-05,True,2.9,1,12
13,146.98545209090975,146.98545209504755,-4.137802989134798e-09,2.2542394532365506e-05,False,2.9,1,12
14,145.50481935013323,145.50481935288119,-2.7479529762786115e-09,2.2539646579389228e-05,False,2.9,1,12
15,142.64822267206446,142.6482226740639,-1.9994388367194915e-09,2.2537647140552508e-05,False,2.9,1,12
16,139.61767306279515,139.61767306456352,-1.768370339050307e-09,2.2535878770213458e-05,False,2.9,1,12
17,125.26879069137922,125.26879069270501,-1.3257874798000557e-09,2.2534552982733658e-05,False,2.9,1,12
18,112.37053965906212,112.37053966008705,-1.0249294746245141e-09,2.2533528053259033e-05,False,2.9,1,12
19,111.24245630079446,111.24245630160242,-8.079581448328099e-10,2.25327200951142e-05,False,2.9,1,12
20,108.3382817753826,108.33828177602584,-6.432401278289035e-10,2.253207685498637e-05,False,2.9,1,12
21,124.10174277762152,124.10174277813431,-5.127844815433491e-10,2.2531564070504828e-05,False,2.9,1,12
22,130.0959272463753,130.09592724690384,-5.285301085677929e-10,2.253103554039626e-05,False,2.9,1,12
23,133.07294575636212,133.07294575686984,-5.077254172647372e-10,2.2530527814978996e-05,False,2.9,1,12
24,134.49125369585175,134.4912536964582,-6.064340141165303e-10,2.252992138096488e-05,False,2.9,1,12
1,265.7320823577666,265.73207588937686,6.468389756264514e-06,6.468389756264514e-06,True,2.95,1,12
2,240.09188560222086,240.09188561777478,-1.5553922594335745e-08,6.4528358336701785e-06,True,2.95,1,12
3,141.83461977647363,141.83461978117026,-4.6966306399554014e-09,6.448139203030223e-06,True,2.95,1,12
4,208.42467681694504,208.4246717990203,5.017924735284396e-06,1.1466063938314619e-05,True,2.95,1,12
5,239.14830037154928,239.1483003886216,-1.707232399894565e-08,1.1448991614315673e-05,True,2.95,1,12
6,184.36220208578334,184.36220209313498,-7.351644626396592e-09,1.1441639969689277e-05,True,2.95,1,12
7,253.8832220111484,253.88321574922105,6.261927353534702e-06,1.770356732322398e-05,True,2.95,1,12
8,223.65477276960468,223.6547727870409,-1.7436235566492542e-08,1.7686131087657486e-05,True,2.95,1,12
9,168.14522320237867,168.14522320976303,-7.384358013950987e-09,1.7678746729643535e-05,True,2.95,1,12
10,234.388765202078,234.38875939568118,5.806396814023174e-06,2.348514354366671e-05,True,2.95,1,12
11,214.91999185440304,214.91999186973146,-1.532842475171492e-08,2.3469815118914994e-05,True,2.95,1,12
12,169.0807864466749,169.08078645348567,-6.8107794959360035e-09,2.3463004339419058e-05,True,2.95,1,12
13,146.98545209090975,146.98545209504755,-4.137802989134798e-09,2.3458866536429923e-05,False,2.95,1,12
14,145.50481935013323,145.50481935288119,-2.7479529762786115e-09,2.3456118583453645e-05,False,2.95,1,12
15,142.64822267206446,142.6482226740639,-1.9994388367194915e-09,2.3454119144616925e-05,False,2.95,1,12
16,139.61767306279515,139.61767306456352,-1.768370339050307e-09,2.3452350774277875e-05,False,2.95,1,12
17,125.26879069137922,125.26879069270501,-1.3257874798000557e-09,2.3451024986798075e-05,False,2.95,1,12
18,112.37053965906212,112.37053966008705,-1.0249294746245141e-09,2.345000005732345e-05,False,2.95,1,12
19,111.24245630079446,111.24245630160242,-8.079581448328099e-10,2.3449192099178617e-05,False,2.95,1,12
20,108.3382817753826,108.33828177602584,-6.432401278289035e-10,2.344854885905079e-05,False,2.95,1,12
21,124.10174277762152,124.10174277813431,-5.127844815433491e-10,2.3448036074569245e-05,False,2.95,1,12
22,130.0959272463753,130.09592724690384,-5.285301085677929e-10,2.3447507544460677e-05,False,2.95,1,12
23,133.07294575636212,133.07294575686984,-5.077254172647372e-10,2.3446999819043413e-05,False,2.95,1,12
24,134.49125369585175,134.4912536964582,-6.064340141165303e-10,2.3446393385029296e-05,False,2.95,1,12
1,269.8195978367083,269.8195911167731,6.719935186083603e-06,6.719935186083603e-06,True,3.0,1,12
2,243.94762724741034,243.94762726296426,-1.5553922594335745e-08,6.7043812634892674e-06,True,3.0,1,12
3,143.4062870918365,143.40628709653313,-4.6966306399554014e-09,6.699684632849312e-06,True,3.0,1,12
4,150.23485427374814,211.6085508792098,-61.373696605461646,-61.37368990577701,True,3.0,1,12
5,263.8582514629879,242.90896912336729,20.949282339620595,-40.42440756615642,True,3.0,1,12
6,238.31393591215337,186.3096002443586,52.00433566779478,11.579928101638359,True,3.0,1,12
7,183.80412506596377,257.8603850481861,-74.05625998222234,-62.476331880583984,True,3.0,1,12
8,253.6182633667488,227.1343398513623,26.483923515386493,-35.99240836519749,True,3.0,1,12
9,214.57547259018637,169.95489929361594,44.62057329657043,8.628164931372936,True,3.0,1,12
10,168.1742544177741,238.0780827298228,-69.90382831204869,-61.27566338067575,True,3.0,1,12
11,233.06592226540596,218.28575253991312,14.78016972549284,-46.49549365518291,True,3.0,1,12
12,218.15212242357694,170.75698900409296,47.39513341948398,0.899639764301071,True,3.0,1,12
13,146.82652355345766,146.98545209504755,-0.15892854158988712,0.7407112227111838,False,3.0,1,12
14,145.4195133460576,145.50481935288119,-0.08530600682357203,0.6554052158876118,False,3.0,1,12
15,142.56188058976525,142.6482226740639,-0.08634208429864998,0.5690631315889618,False,3.0,1,12
16,139.56264601566647,139.61767306456352,-0.05502704889704546,0.5140360826919164,False,3.0,1,12
17,125.23312387571598,125.26879069270501,-0.03566681698903551,0.47836926570288085,False,3.0,1,12
18,112.34504955245407,112.37053966008705,-0.025490107632975878,0.452879158069905,False,3.0,1,12
19,111.20527439736891,111.24245630160242,-0.0371819042335062,0.4156972538363988,False,3.0,1,12
20,108.30708277733488,108.33828177602584,-0.031198998690953772,0.384498255145445,False,3.0,1,12
21,124.07077736681492,124.10174277813431,-0.030965411319385794,0.3535328438260592,False,3.0,1,12
22,130.06706878746064,130.09592724690384,-0.028858459443199536,0.32467438438285967,False,3.0,1,12
23,133.04575271701145,133.07294575686984,-0.027193039858389056,0.2974813445244706,False,3.0,1,12
24,134.46607904253818,134.4912536964582,-0.025174653920004175,0.27230669060446644,False,3.0,1,12
1,273.90711331564984,273.9071063441693,6.971480559059273e-06,6.971480559059273e-06,True,3.05,1,12
2,247.8033688925998,247.80336890815371,-1.5553922594335745e-08,6.9559266364649375e-06,True,3.05,1,12
3,144.97795440719935,144.97795441189598,-4.6966306399554014e-09,6.951230005824982e-06,True,3.05,1,12
4,152.87038444334033,214.79242995939927,-61.922045516058944,-61.92203856482894,True,3.05,1,12
5,267.87052278545184,246.669637858113,21.200884927338848,-40.72115363749009,True,3.05,1,12
6,242.01588289990897,188.2569983955822,53.75888450432677,13.037730866836682,True,3.05,1,12
7,185.76716423027779,261.83755434715107,-76.07039011687328,-63.0326592500366,True,3.05,1,12
8,257.5755521313177,230.61390691568374,26.96164521563395,-36.07101403440265,True,3.05,1,12
9,217.85186164290295,171.76457537746884,46.0872862654341,10.01627223103145,True,3.05,1,12
10,169.92312542600547,241.76740606396442,-71.84428063795895,-61.828008406927495,True,3.05,1,12
11,236.49431015603014,221.6515132100948,14.842796945935333,-46.98521146099216,True,3.05,1,12
12,221.44277060891918,172.59160023273455,48.851170376184626,1.865958915192465,True,3.05,1,12
13,146.82652355345766,146.40238924089482,0.42413431256284184,2.2900932277553068,False,3.05,1,12
14,145.4195133460576,145.21442710376084,0.20508624229677253,2.4951794700520793,False,3.05,1,12
15,142.56188058976525,142.43612620289292,0.12575438687233031,2.6209338569244096,False,3.05,1,12
16,139.56264601566647,139.51800868784485,0.044637327821618555,2.665571184746028,False,3.05,1,12
17,125.23312387571598,125.20418979281689,0.0289340828990845,2.6945052676451127,False,3.05,1,12
18,112.34504955245407,112.32930854842007,0.01574100403399825,2.710246271679111,False,3.05,1,12
19,111.20527439736891,111.18437717397703,0.020897223391884268,2.731143495070995,False,3.05,1,12
20,108.30708277733488,108.29076373169747,0.016319045637416707,2.747462540708412,False,3.05,1,12
21,124.07077736681492,124.05773166300236,0.013045703812565534,2.7605082445209774,False,3.05,1,12
22,130.06706878746064,130.0545687362184,0.012500051242227528,2.773008295763205,False,3.05,1,12
23,133.04575271701145,133.0336922268242,0.012060490187252526,2.7850687859504575,False,3.05,1,12
24,134.46607904253818,134.45642264206109,0.00965640047709826,2.7947251864275557,False,3.05,1,12
1,277.9946287945916,277.9946215715656,7.223026045721781e-06,7.223026045721781e-06,True,3.1,1,12
2,251.65911053778927,251.6591105533432,-1.5553922594335745e-08,7.207472123127445e-06,True,3.1,1,12
3,146.54962172256222,146.54962172725888,-4.696659061664832e-09,7.20277546406578e-06,True,3.1,1,12
4,155.50591461293251,217.97630903958884,-62.47039442665633,-62.47038722388086,True,3.1,1,12
5,271.88279410791586,250.43030659285876,21.4524875150571,-41.01789970882376,True,3.1,1,12
6,245.7178298876647,190.20439654680584,55.51343334085885,14.495533632035091,True,3.1,1,12
7,187.73020339459185,265.81472364611614,-78.08452025152428,-63.58898661948919,True,3.1,1,12
8,261.5328408958866,234.09347398000511,27.439366915881465,-36.149619703607726,True,3.1,1,12
9,221.1282506956196,173.57425146132178,47.553999234297834,11.404379530690107,True,3.1,1,12
10,171.67199643423686,245.45672939810612,-73.78473296386926,-62.38035343317915,True,3.1,1,12
11,239.9226980466544,225.01727388027652,14.905424166377884,-47.47492926680127,True,3.1,1,12
12,224.73341879426144,175.54636573299513,49.18705306126631,1.7121237944650431,True,3.1,1,12
13,146.82652355345766,146.40238924089482,0.42413431256284184,2.136258107027885,False,3.1,1,12
14,145.4195133460576,145.21442710376084,0.20508624229677253,2.3413443493246575,False,3.1,1,12
15,142.56188058976525,142.43612620289292,0.12575438687233031,2.467098736196988,False,3.1,1,12
16,139.56264601566647,139.51800868784485,0.044637327821618555,2.5117360640186064,False,3.1,1,12
17,125.23312387571598,125.20418979281689,0.0289340828990845,2.540670146917691,False,3.1,1,12
18,112.34504955245407,112.32930854842007,0.01574100403399825,2.556411150951689,False,3.1,1,12
19,111.20527439736891,111.18437717397703,0.020897223391884268,2.5773083743435734,False,3.1,1,12
20,108.30708277733488,108.29076373169747,0.016319045637416707,2.59362741998099,False,3.1,1,12
21,124.07077736681492,124.05773166300236,0.013045703812565534,2.6066731237935556,False,3.1,1,12
22,130.06706878746064,130.0545687362184,0.012500051242227528,2.619173175035783,False,3.1,1,12
23,133.04575271701145,133.0336922268242,0.012060490187252526,2.6312336652230357,False,3.1,1,12
24,134.46607904253818,134.45642264206109,0.00965640047709826,2.640890065700134,False,3.1,1,12
1,282.0821442735332,282.08213679896176,7.474571418697451e-06,7.474571418697451e-06,True,3.15,1,12
2,255.51485218297873,255.51485219853265,-1.5553922594335745e-08,7.459017496103115e-06,True,3.15,1,12
3,148.1212890379251,148.12128904262175,-4.696659061664832e-09,7.4543208370414504e-06,True,3.15,1,12
4,158.14144478252467,221.16018811977833,-63.01874333725365,-63.018735882932816,True,3.15,1,12
5,275.8950654303798,254.19097532760446,21.704090102775353,-41.31464578015746,True,3.15,1,12
6,249.41977687542033,192.15179469802945,57.26798217739088,15.953336397233414,True,3.15,1,12
7,189.69324255890587,269.7918929450812,-80.09865038617534,-64.14531398894192,True,3.15,1,12
8,265.49012966045547,237.57304104432652,27.91708861612895,-36.22822537281297,True,3.15,1,12
9,224.40463974833617,175.38392754517469,49.02071220316148,12.792486830348508,True,3.15,1,12
10,173.42086744246822,249.1460527322477,-75.72518528977949,-62.93269845943098,True,3.15,1,12
11,243.35108593727858,228.38303455045818,14.968051386820406,-47.964647072610575,True,3.15,1,12
12,228.0240669796037,178.50113123325576,49.52293574634794,1.5582886737373656,True,3.15,1,12
13,146.82652355345766,146.40238924089482,0.42413431256284184,1.9824229863002074,False,3.15,1,12
14,145.4195133460576,145.21442710376084,0.20508624229677253,2.18750922859698,False,3.15,1,12
15,142.56188058976525,142.43612620289292,0.12575438687233031,2.3132636154693103,False,3.15,1,12
16,139.56264601566647,139.51800868784485,0.044637327821618555,2.357900943290929,False,3.15,1,12
17,125.23312387571598,125.20418979281689,0.0289340828990845,2.3868350261900133,False,3.15,1,12
18,112.34504955245407,112.32930854842007,0.01574100403399825,2.4025760302240116,False,3.15,1,12
19,111.20527439736891,111.18437717397703,0.020897223391884268,2.423473253615896,False,3.15,1,12
20,108.30708277733488,108.29076373169747,0.016319045637416707,2.4397922992533125,False,3.15,1,12
21,124.07077736681492,124.05773166300236,0.013045703812565534,2.452838003065878,False,3.15,1,12
22,130.06706878746064,130.0545687362184,0.012500051242227528,2.4653380543081056,False,3.15,1,12
23,133.04575271701145,133.0336922268242,0.012060490187252526,2.477398544495358,False,3.15,1,12
24,134.46607904253818,134.45642264206109,0.00965640047709826,2.4870549449724564,False,3.15,1,12
1,286.1696597524749,286.16965202635805,7.72611684851654e-06,7.72611684851654e-06,True,3.2,1,12
2,259.37059382816824,259.3705938437222,-1.5553951016045175e-08,7.710562897500495e-06,True,3.2,1,12
3,149.69295635328797,149.6929563579846,-4.6966306399554014e-09,7.70586626686054e-06,True,3.2,1,12
4,160.77697495211686,224.34406719996787,-63.56709224785101,-63.56708454198474,True,3.2,1,12
5,279.9073367528438,257.9516440623502,21.95569269049355,-41.61139185149119,True,3.2,1,12
6,253.12172386317602,194.11039905266634,59.01132481050968,17.399932959018486,True,3.2,1,12
7,191.6562817232199,273.307185590591,-81.65090386737111,-64.25097090835263,True,3.2,1,12
8,269.4474184250244,240.82361618029861,28.623802244725795,-35.62716866362683,True,3.2,1,12
9,227.68102880105283,177.81981498776884,49.861213813283996,14.234045149657163,True,3.2,1,12
10,175.1697384506996,252.7009090258441,-77.5311705751445,-63.29712542548734,True,3.2,1,12
11,246.77947382790282,231.6333154692201,15.146158358682726,-48.15096706680461,True,3.2,1,12
12,231.314715164946,181.08442513986412,50.23029002508187,2.0793229582772597,True,3.2,1,12
13,146.82652355345766,146.33152288161867,0.4950006718389943,2.574323630116254,False,3.2,1,12
14,145.4195133460576,145.15257626110528,0.2669370849523318,2.841260715068586,False,3.2,1,12
15,142.56188058976525,142.37822867420803,0.1836519155572205,3.0249126306258063,False,3.2,1,12
16,139.56264601566647,139.47744874394033,0.08519727172614466,3.110109902351951,False,3.2,1,12
17,125.23312387571598,125.1736823842901,0.05944149142587207,3.169551393777823,False,3.2,1,12
18,112.34504955245407,112.30734384708163,0.037705705372445664,3.2072570991502687,False,3.2,1,12
19,111.20527439736891,111.15587244851301,0.04940194885590188,3.2566590480061706,False,3.2,1,12
20,108.30708277733488,108.26564265450041,0.04144012283447296,3.2980991708406435,False,3.2,1,12
21,124.07077736681492,124.03321040611773,0.03756696069719112,3.3356661315378346,False,3.2,1,12
22,130.06706878746064,130.0306037483057,0.036465039154933265,3.372131170692768,False,3.2,1,12
23,133.04575271701145,133.01025656467445,0.03549615233700365,3.4076273230297716,False,3.2,1,12
24,134.46607904253818,134.4351408390859,0.030938203452279822,3.4385655264820514,False,3.2,1,12
1,158.50314572010907,158.55129368779754,-0.04814796768846463,-0.04814796768846463,True,1.4,2,12
2,155.5875812013029,155.2005276763154,0.38705352498749335,0.3389055572990287,True,1.4,2,12
3,117.53987570350206,117.41662268432783,0.12325301917422848,0.4621585764732572,True,1.4,2,12
4,126.9679012648414,126.92743622168337,0.04046504315803645,0.5026236196312936,True,1.4,2,12
5,157.90238197619894,157.4579418642115,0.44444011198743283,0.9470637316187265,True,1.4,2,12
6,155.00606431663257,154.7942795326229,0.21178478400966583,1.1588485156283923,True,1.4,2,12
7,152.4136560451378,152.322829373471,0.0908266716668038,1.249675187295196,True,1.4,2,12
8,148.8039656999684,148.3321980110409,0.47176768892748555,1.7214428762226817,True,1.4,2,12
9,140.96011668085495,140.73128484253806,0.2288318383168928,1.9502747145395745,True,1.4,2,12
10,140.32974009545734,140.21972253920723,0.11001755625011356,2.060292270789688,True,1.4,2,12
11,142.48619888697212,142.02400256513042,0.46219632184170223,2.5224885926313902,True,1.4,2,12
12,144.14730331340456,143.90582727914347,0.24147603426109754,2.763964626892488,True,1.4,2,12
13,149.99473925413966,149.81998995144323,0.1747493026964264,2.938713929588914,False,1.4,2,12
14,147.037916358144,146.90457587026438,0.1333404878796216,3.072054417468536,False,1.4,2,12
15,143.5756821090128,143.4726363696613,0.10304573935150074,3.1751001568200365,False,1.4,2,12
16,140.30137362481025,140.2188917505519,0.08248187425834885,3.2575820310783854,False,1.4,2,12
17,125.70939827137677,125.6420788312831,0.06731944009366941,3.324901471172055,False,1.4,2,12
18,112.67571909826819,112.62023308613155,0.055486012136640284,3.380387483308695,False,1.4,2,12
19,111.50634076879713,111.46046025974715,0.04588050904997942,3.4262679923586745,False,1.4,2,12
20,108.5621490354334,108.51293734290383,0.049211692529567586,3.475479684888242,False,1.4,2,12
21,124.32730428884173,124.27087142638062,0.0564328624611079,3.53191254734935,False,1.4,2,12
22,130.30424561983534,130.25009225819417,0.054153361641169795,3.58606590899052,False,1.4,2,12
23,133.2649806787761,133.21451250671993,0.05046817205618481,3.6365340810467046,False,1.4,2,12
24,134.67243143352135,134.6253243423257,0.047107091195641715,3.6836411722423463,False,1.4,2,12
1,158.50314572010907,158.82795799193562,-0.32481227182654493,-0.32481227182654493,True,1.45,2,12
2,155.5875812013029,155.2005276763154,0.38705352498749335,0.06224125316094842,True,1.45,2,12
3,117.53987570350206,117.41662268432783,0.12325301917422848,0.1854942723351769,True,1.45,2,12
4,126.9679012648414,127.13746485915061,-0.16956359430920998,0.015930678025966927,True,1.45,2,12
5,157.90238197619894,157.4579418642115,0.44444011198743283,0.46037079001339976,True,1.45,2,12
6,155.00606431663257,154.7942795326229,0.21178478400966583,0.6721555740230656,True,1.45,2,12
7,152.4136560451378,152.5857955908928,-0.17213954575498747,0.5000160282680781,True,1.45,2,12
8,148.8039656999684,148.3321980110409,0.47176768892748555,0.9717837171955637,True,1.45,2,12
9,140.96011668085495,140.73128484253806,0.2288318383168928,1.2006155555124565,True,1.45,2,12
10,140.32974009545734,140.46814187050248,-0.13840177504513917,1.0622137804673173,True,1.45,2,12
11,142.48619888697212,142.02400256513042,0.46219632184170223,1.5244101023090195,True,1.45,2,12
12,144.14730331340456,143.90582727914347,0.24147603426109754,1.765886136570117,True,1.45,2,12
13,149.99473925413966,149.81998995144323,0.1747493026964264,1.9406354392665435,False,1.45,2,12
14,147.037916358144,146.90457587026438,0.1333404878796216,2.073975927146165,False,1.45,2,12
15,143.5756821090128,143.4726363696613,0.10304573935150074,2.177021666497666,False,1.45,2,12
16,140.30137362481025,140.2188917505519,0.08248187425834885,2.2595035407560147,False,1.45,2,12
17,125.70939827137677,125.6420788312831,0.06731944009366941,2.326822980849684,False,1.45,2,12
18,112.67571909826819,112.62023308613155,0.055486012136640284,2.3823089929863244,False,1.45,2,12
19,111.50634076879713,111.46046025974715,0.04588050904997942,2.428189502036304,False,1.45,2,12
20,108.5621490354334,108.51293734290383,0.049211692529567586,2.4774011945658714,False,1.45,2,12
21,124.32730428884173,124.27087142638062,0.0564328624611079,2.5338340570269793,False,1.45,2,12
22,130.30424561983534,130.25009225819417,0.054153361641169795,2.587987418668149,False,1.45,2,12
23,133.2649806787761,133.21451250671993,0.05046817205618481,2.638455590724334,False,1.45,2,12
24,134.67243143352135,134.6253243423257,0.047107091195641715,2.6855626819199756,False,1.45,2,12
1,158.50314572010907,159.1046222960737,-0.6014765759646252,-0.6014765759646252,True,1.5,2,12
2,155.5875812013029,155.2005276763154,0.38705352498749335,-0.21442305097713188,True,1.5,2,12
3,117.53987570350206,117.41662268432783,0.12325301917422848,-0.0911700318029034,True,1.5,2,12
4,126.9679012648414,127.34749349661786,-0.3795922317764564,-0.4707622635793598,True,1.5,2,12
5,157.90238197619894,157.4579418642115,0.44444011198743283,-0.026322151591926968,True,1.5,2,12
6,155.00606431663257,154.7942795326229,0.21178478400966583,0.18546263241773886,True,1.5,2,12
7,152.4136560451378,152.84876180831455,-0.4351057631767503,-0.24964313075901146,True,1.5,2,12
8,148.8039656999684,148.3321980110409,0.47176768892748555,0.2221245581684741,True,1.5,2,12
9,140.96011668085495,140.73128484253806,0.2288318383168928,0.4509563964853669,True,1.5,2,12
10,140.32974009545734,140.71656120179773,-0.3868211063403919,0.06413529014497499,True,1.5,2,12
11,142.48619888697212,142.02400256513042,0.46219632184170223,0.5263316119866772,True,1.5,2,12
12,144.14730331340456,143.90582727914347,0.24147603426109754,0.7678076462477748,True,1.5,2,12
13,149.99473925413966,149.81998995144323,0.1747493026964264,0.9425569489442012,False,1.5,2,12
14,147.037916358144,146.90457587026438,0.1333404878796216,1.0758974368238228,False,1.5,2,12
15,143.5756821090128,143.4726363696613,0.10304573935150074,1.1789431761753235,False,1.5,2,12
16,140.30137362481025,140.2188917505519,0.08248187425834885,1.2614250504336724,False,1.5,2,12
17,125.70939827137677,125.6420788312831,0.06731944009366941,1.3287444905273418,False,1.5,2,12
18,112.67571909826819,112.62023308613155,0.055486012136640284,1.384230502663982,False,1.5,2,12
19,111.50634076879713,111.46046025974715,0.04588050904997942,1.4301110117139615,False,1.5,2,12
20,108.5621490354334,108.51293734290383,0.049211692529567586,1.479322704243529,False,1.5,2,12
21,124.32730428884173,124.27087142638062,0.0564328624611079,1.535755566704637,False,1.5,2,12
22,130.30424561983534,130.25009225819417,0.054153361641169795,1.5899089283458068,False,1.5,2,12
23,133.2649806787761,133.21451250671993,0.05046817205618481,1.6403771004019916,False,1.5,2,12
24,134.67243143352135,134.6253243423257,0.047107091195641715,1.6874841915976333,False,1.5,2,12
1,158.50314572010907,159.38128660021178,-0.8781408801027055,-0.8781408801027055,True,1.55,2,12
2,155.5875812013029,155.2005276763154,0.38705352498749335,-0.4910873551152122,True,1.55,2,12
3,117.53987570350206,117.41662268432783,0.12325301917422848,-0.3678343359409837,True,1.55,2,12
4,126.9679012648414,127.5575221340851,-0.5896208692437028,-0.9574552051846865,True,1.55,2,12
5,157.90238197619894,157.4579418642115,0.44444011198743283,-0.5130150931972537,True,1.55,2,12
6,155.00606431663257,154.7942795326229,0.21178478400966583,-0.30123030918758786,True,1.55,2,12
7,152.4136560451378,153.11172802573634,-0.6980719805985416,-0.9993022897861294,True,1.55,2,12
8,148.8039656999684,148.3321980110409,0.47176768892748555,-0.5275346008586439,True,1.55,2,12
9,140.96011668085495,140.73128484253806,0.2288318383168928,-0.2987027625417511,True,1.55,2,12
10,140.32974009545734,140.96498053309298,-0.6352404376356446,-0.9339432001773957,True,1.55,2,12
11,142.48619888697212,142.02400256513042,0.46219632184170223,-0.4717468783356935,True,1.55,2,12
12,144.14730331340456,143.90582727914347,0.24147603426109754,-0.23027084407459597,True,1.55,2,12
13,149.99473925413966,149.81998995144323,0.1747493026964264,-0.05552154137816956,False,1.55,2,12
14,147.037916358144,146.90457587026438,0.1333404878796216,0.07781894650145205,False,1.55,2,12
15,143.5756821090128,143.4726363696613,0.10304573935150074,0.1808646858529528,False,1.55,2,12
16,140.30137362481025,140.2188917505519,0.08248187425834885,0.26334656011130164,False,1.55,2,12
17,125.70939827137677,125.6420788312831,0.06731944009366941,0.33066600020497106,False,1.55,2,12
18,112.67571909826819,112.62023308613155,0.055486012136640284,0.38615201234161134,False,1.55,2,12
19,111.50634076879713,111.46046025974715,0.04588050904997942,0.43203252139159076,False,1.55,2,12
20,108.5621490354334,108.51293734290383,0.049211692529567586,0.48124421392115835,False,1.55,2,12
21,124.32730428884173,124.27087142638062,0.0564328624611079,0.5376770763822663,False,1.55,2,12
22,130.30424561983534,130.25009225819417,0.054153361641169795,0.591830438023436,False,1.55,2,12
23,133.2649806787761,133.21451250671993,0.05046817205618481,0.6422986100796209,False,1.55,2,12
24,134.67243143352135,134.6253243423257,0.047107091195641715,0.6894057012752626,False,1.55,2,12
1,158.50314572010907,159.6579509043499,-1.1548051842408142,-1.1548051842408142,True,1.6,2,12
2,156.73556543562478,155.2005276763154,1.5350377593093754,0.3802325750685611,True,1.6,2,12
3,117.25924950758444,117.41662268432783,-0.15737317674339124,0.22285939832516988,True,1.6,2,12
4,126.83673853067279,127.76755077155235,-0.9308122408795612,-0.7079528425543913,True,1.6,2,12
5,158.91962001847693,157.4579418642115,1.461678154265428,0.7537253117110367,True,1.6,2,12
6,154.57083391601927,154.7942795326229,-0.22344561660364093,0.5302796951073958,True,1.6,2,12
7,152.199891151528,153.3746942431581,-1.1748030916301104,-0.6445233965227146,True,1.6,2,12
8,149.76539762093276,148.3321980110409,1.433199609891858,0.7886762133691434,True,1.6,2,12
9,140.51420723023978,140.73128484253806,-0.21707761229828293,0.5715986010708605,True,1.6,2,12
10,140.10050475080146,141.21339986438824,-1.1128951135867737,-0.5412965125159133,True,1.6,2,12
11,143.35996287400235,142.02400256513042,1.3359603088719325,0.7946637963560192,True,1.6,2,12
12,143.6925860460167,143.90582727914347,-0.21324123312678012,0.5814225632292391,True,1.6,2,12
13,149.7401430453173,149.81998995144323,-0.07984690612593681,0.5015756571033023,False,1.6,2,12
14,146.8664140605526,146.90457587026438,-0.03816180971179506,0.46341384739150726,False,1.6,2,12
15,143.4518207571692,143.4726363696613,-0.0208156124921004,0.44259823489940686,False,1.6,2,12
16,140.20613791090304,140.2188917505519,-0.012753839648866006,0.42984439525054086,False,1.6,2,12
17,125.63361510484292,125.6420788312831,-0.00846372644018345,0.4213806688103574,False,1.6,2,12
18,112.61429255747295,112.62023308613155,-0.0059405286585985095,0.4154401401517589,False,1.6,2,12
19,111.45612604735355,111.46046025974715,-0.004334212393601433,0.41110592775815746,False,1.6,2,12
20,108.50872245304794,108.51293734290383,-0.0042148898558878045,0.40689103790226966,False,1.6,2,12
21,124.26639762587754,124.27087142638062,-0.004473800503077996,0.40241723739919166,False,1.6,2,12
22,130.24605544019897,130.25009225819417,-0.004036817995199726,0.39838041940399194,False,1.6,2,12
23,133.21093223265333,133.21451250671993,-0.0035802740665928923,0.39480014533739904,False,1.6,2,12
24,134.62211463901818,134.6253243423257,-0.0032097033075331183,0.3915904420298659,False,1.6,2,12
1,158.50314572010907,160.88814946545364,-2.3850037453445623,-2.3850037453445623,True,1.65,2,12
2,157.86439330638203,154.45098942156858,3.413403884813448,1.0284001394688858,True,1.65,2,12
3,116.95237885773585,117.19463969417359,-0.24226083643773677,0.786139303031149,True,1.65,2,12
4,126.70523827439759,128.59762003810528,-1.8923817637076894,-1.1062424606765404,True,1.65,2,12
5,159.10120469949385,156.62867839488996,2.472526304603889,1.3662838439273486,True,1.65,2,12
6,154.51987623222166,154.44261501906084,0.07726121316082413,1.4435450570881727,True,1.65,2,12
7,153.00963558898138,154.37102195448324,-1.3613863655018577,0.08215869158631506,True,1.65,2,12
8,149.59471140650015,147.4809117365627,2.113799669937464,2.195958361523779,True,1.65,2,12
9,140.34283054464345,140.37477113987012,-0.03194059522667203,2.164017766297107,True,1.65,2,12
10,140.7889746889739,142.12474652183522,-1.335771832861326,0.828245933435781,True,1.65,2,12
11,143.19741421257808,141.27253397214585,1.9248802404322305,2.7531261738680115,True,1.65,2,12
12,143.51767530564848,143.57441441749216,-0.05673911184368308,2.6963870620243284,True,1.65,2,12
13,149.63558615259683,149.61727067303252,0.01831547956430768,2.714702541588636,False,1.65,2,12
14,146.7978410141701,146.7688183887547,0.029022625415393577,2.7437251670040297,False,1.65,2,12
15,143.40248829022192,143.37308131259965,0.029406977622272734,2.7731321446263024,False,1.65,2,12
16,140.16299154379902,140.13029969077473,0.03269185302428923,2.8058239976505917,False,1.65,2,12
17,125.60162962103742,125.57539601609741,0.026233604940003374,2.832057602590595,False,1.65,2,12
18,112.58984233395418,112.5685921882875,0.02125014566668426,2.8533077482572793,False,1.65,2,12
19,111.43706158189873,111.41975363266754,0.017307949231195607,2.870615697488475,False,1.65,2,12
20,108.49370160484483,108.48057409446014,0.013127510384691732,2.8837432078731666,False,1.65,2,12
21,124.25453926425945,124.24513047237983,0.009408791879621958,2.8931519997527886,False,1.65,2,12
22,130.23394245277507,130.2236343769349,0.010308075840157471,2.903460075592946,False,1.65,2,12
23,133.19939268322278,133.1891742435904,0.010218439632382115,2.913678515225328,False,1.65,2,12
24,134.60843767740502,134.59515693848,0.01328073892503312,2.9269592541503613,False,1.65,2,12
1,158.50314572010907,165.25232899698796,-6.749183276878881,-6.749183276878881,True,1.7,2,12
2,162.3016255690234,154.45098942156858,7.850636147454821,1.1014528705759403,True,1.7,2,12
3,116.7075024942692,117.19463969417359,-0.48713719990438165,0.6143156706715587,True,1.7,2,12
4,126.59826830329695,131.99152775576204,-5.393259452465088,-4.778943781793529,True,1.7,2,12
5,164.2282721225667,156.62867839488996,7.599593727676734,2.820649945883204,True,1.7,2,12
6,153.75500664474933,154.44261501906084,-0.6876083743115089,2.1330415715716953,True,1.7,2,12
7,151.84316349041333,158.61115747087007,-6.767993980456737,-4.634952408885042,True,1.7,2,12
8,154.97534051844283,147.4809117365627,7.494428781880146,2.859476372995104,True,1.7,2,12
9,139.71061637751785,140.37477113987012,-0.6641547623522683,2.1953216106428357,True,1.7,2,12
10,139.7477326590065,146.06248918727212,-6.314756528265633,-4.119434917622797,True,1.7,2,12
11,147.89488801435215,141.27253397214585,6.622354042206297,2.5029191245834994,True,1.7,2,12
12,142.95803045363039,143.57441441749216,-0.6163839638617787,1.8865351607217207,True,1.7,2,12
13,149.39099789080572,149.61727067303252,-0.22627278222680047,1.6602623784949202,False,1.7,2,12
14,146.66416093610397,146.7688183887547,-0.10465745265074133,1.5556049258441789,False,1.7,2,12
15,143.31635025777518,143.37308131259965,-0.05673105482446772,1.4988738710197111,False,1.7,2,12
16,140.09306716297397,140.13029969077473,-0.03723252780076791,1.4616413432189432,False,1.7,2,12
17,125.5524842789448,125.57539601609741,-0.022911737152611522,1.4387296060663317,False,1.7,2,12
18,112.55368275364562,112.5685921882875,-0.014909434641879216,1.4238201714244525,False,1.7,2,12
19,111.40960916712373,111.41975363266754,-0.010144465543802994,1.4136757058806495,False,1.7,2,12
20,108.47245611128844,108.48057409446014,-0.008117983171700871,1.4055577227089486,False,1.7,2,12
21,124.23795807003302,124.24513047237983,-0.007172402346810713,1.398385320362138,False,1.7,2,12
22,130.2171212434511,130.2236343769349,-0.006513133483821321,1.3918721868783166,False,1.7,2,12
23,133.18342699443843,133.1891742435904,-0.005747249151966116,1.3861249377263505,False,1.7,2,12
24,134.58954439019516,134.59515693848,-0.0056125482848301544,1.3805123894415203,False,1.7,2,12
1,158.50314572010907,169.6165085285223,-11.113362808413228,-11.113362808413228,True,1.75,2,12
2,166.64385963209708,154.45098942156858,12.192870210528497,1.0795074021152686,True,1.75,2,12
3,116.7075024942692,117.19463969417359,-0.48713719990438165,0.592370202210887,True,1.75,2,12
4,126.59826830329695,135.3854354734188,-8.787167170121847,-8.19479696791096,True,1.75,2,12
5,168.4915336027591,156.62867839488996,11.862855207869131,3.668058239958171,True,1.75,2,12
6,153.75500664474933,154.44261501906084,-0.6876083743115089,2.980449865646662,True,1.75,2,12
7,151.84316349041333,162.85129298725687,-11.008129496843537,-8.027679631196875,True,1.75,2,12
8,159.1930104488267,147.4809117365627,11.712098712264009,3.6844190810671336,True,1.75,2,12
9,139.71061637751785,140.37477113987012,-0.6641547623522683,3.0202643187148652,True,1.75,2,12
10,139.7477326590065,150.00023185270902,-10.252499193702533,-7.232234874987668,True,1.75,2,12
11,151.56825400298052,141.27253397214585,10.295720030834673,3.0634851558470046,True,1.75,2,12
12,142.95803045363039,143.57441441749216,-0.6163839638617787,2.447101191985226,True,1.75,2,12
13,149.39099789080572,149.61727067303252,-0.22627278222680047,2.2208284097584254,False,1.75,2,12
14,146.66416093610397,146.7688183887547,-0.10465745265074133,2.116170957107684,False,1.75,2,12
15,143.31635025777518,143.37308131259965,-0.05673105482446772,2.0594399022832164,False,1.75,2,12
16,140.09306716297397,140.13029969077473,-0.03723252780076791,2.0222073744824485,False,1.75,2,12
17,125.5524842789448,125.57539601609741,-0.022911737152611522,1.999295637329837,False,1.75,2,12
18,112.55368275364562,112.5685921882875,-0.014909434641879216,1.9843862026879577,False,1.75,2,12
19,111.40960916712373,111.41975363266754,-0.010144465543802994,1.9742417371441547,False,1.75,2,12
20,108.47245611128844,108.48057409446014,-0.008117983171700871,1.9661237539724539,False,1.75,2,12
21,124.23795807003302,124.24513047237983,-0.007172402346810713,1.9589513516256432,False,1.75,2,12
22,130.2171212434511,130.2236343769349,-0.006513133483821321,1.9524382181418218,False,1.75,2,12
23,133.18342699443843,133.1891742435904,-0.005747249151966116,1.9466909689898557,False,1.75,2,12
24,134.58954439019516,134.59515693848,-0.0056125482848301544,1.9410784207050256,False,1.75,2,12
1,158.50314572010907,173.98068806005662,-15.477542339947547,-15.477542339947547,True,1.8,2,12
2,170.98609369517075,154.45098942156858,16.535104273602172,1.0575619336546254,True,1.8,2,12
3,116.7075024942692,117.19463969417359,-0.48713719990438165,0.5704247337502437,True,1.8,2,12
4,126.59826830329695,138.77934319107555,-12.181074887778607,-11.610650154028363,True,1.8,2,12
5,172.7547950829515,156.62867839488996,16.12611668806153,4.515466534033166,True,1.8,2,12
6,153.75500664474933,154.44261501906084,-0.6876083743115089,3.827858159721657,True,1.8,2,12
7,151.84316349041333,167.09142850364367,-15.248265013230338,-11.42040685350868,True,1.8,2,12
8,163.41068037921053,147.4809117365627,15.929768642647844,4.509361789139163,True,1.8,2,12
9,139.71061637751785,140.37477113987012,-0.6641547623522683,3.8452070267868947,True,1.8,2,12
10,139.7477326590065,153.9379745181459,-14.190241859139405,-10.34503483235251,True,1.8,2,12
11,155.2416199916089,141.27253397214585,13.969086019463049,3.6240511871105383,True,1.8,2,12
12,142.95803045363039,143.57441441749216,-0.6163839638617787,3.0076672232487596,True,1.8,2,12
13,149.39099789080572,149.61727067303252,-0.22627278222680047,2.781394441021959,False,1.8,2,12
14,146.66416093610397,146.7688183887547,-0.10465745265074133,2.6767369883712178,False,1.8,2,12
15,143.31635025777518,143.37308131259965,-0.05673105482446772,2.62000593354675,False,1.8,2,12
16,140.09306716297397,140.13029969077473,-0.03723252780076791,2.582773405745982,False,1.8,2,12
17,125.5524842789448,125.57539601609741,-0.022911737152611522,2.5598616685933706,False,1.8,2,12
18,112.55368275364562,112.5685921882875,-0.014909434641879216,2.5449522339514914,False,1.8,2,12
19,111.40960916712373,111.41975363266754,-0.010144465543802994,2.5348077684076884,False,1.8,2,12
20,108.47245611128844,108.48057409446014,-0.008117983171700871,2.5266897852359875,False,1.8,2,12
21,124.23795807003302,124.24513047237983,-0.007172402346810713,2.519517382889177,False,1.8,2,12
22,130.2171212434511,130.2236343769349,-0.006513133483821321,2.5130042494053555,False,1.8,2,12
23,133.18342699443843,133.1891742435904,-0.005747249151966116,2.5072570002533894,False,1.8,2,12
24,134.58954439019516,134.59515693848,-0.0056125482848301544,2.5016444519685592,False,1.8,2,12
1,175.80674182104994,178.34486759159094,-2.5381257705410007,-2.5381257705410007,True,1.85,2,12
2,157.36117798152566,154.87851589861867,2.482662082906984,-0.05546368763401688,True,1.85,2,12
3,117.03726651273355,115.60668440754756,1.4305821051859908,1.375118417551974,True,1.85,2,12
4,126.7128748042163,141.44963936405372,-14.736764559837425,-13.361646142285451,True,1.85,2,12
5,177.14784902229167,156.55725058140072,20.590598440890943,7.228952298605492,True,1.85,2,12
6,153.78322840565423,152.0909513404013,1.692277065252938,8.92122936385843,True,1.85,2,12
7,151.8599305391141,170.28319727712955,-18.423266738015457,-9.502037374157027,True,1.85,2,12
8,167.6499401677149,147.28630099701124,20.363639170703664,10.861601796546637,True,1.85,2,12
9,139.71630947607673,138.18507922451332,1.5312302515634144,12.392832048110051,True,1.85,2,12
10,139.75162045372872,156.84923290499077,-17.09761245126205,-4.704780403152,True,1.85,2,12
11,158.92027183181088,141.02635610153808,17.893915730272795,13.189135327120795,True,1.85,2,12
12,142.95968789681245,141.3227650431485,1.6369228536639469,14.826058180784742,True,1.85,2,12
13,149.39235641040275,148.48874276064285,0.9036136497599045,15.729671830544646,False,1.85,2,12
14,146.6652456473459,146.09428755535345,0.570958091992452,16.300629922537098,False,1.85,2,12
15,143.31724247416702,142.91218263520494,0.40505983896207454,16.705689761499173,False,1.85,2,12
16,140.09392527111157,139.78370219513994,0.3102230759716349,17.015912837470808,False,1.85,2,12
17,125.5531649720738,125.35186922613312,0.20129574594068345,17.21720858341149,False,1.85,2,12
18,112.55422841824841,112.4106471911119,0.143581227136508,17.360789810548,False,1.85,2,12
19,111.41004873029425,111.2591348536997,0.1509138765945437,17.511703687142543,False,1.85,2,12
20,108.47281004102715,108.33908252313562,0.13372751789152915,17.645431205034072,False,1.85,2,12
21,124.23824141158431,124.08985512576206,0.1483862858222551,17.793817490856327,False,1.85,2,12
22,130.2174131624514,130.08219319180571,0.1352199706456929,17.92903746150202,False,1.85,2,12
23,133.1837064637043,133.05967847277773,0.12402799092657801,18.053065452428598,False,1.85,2,12
24,134.5898764419132,134.47615652316418,0.11371991874901255,18.16678537117761,False,1.85,2,12
1,179.89425729999158,184.10107230856303,-4.2068150085714535,-4.2068150085714535,True,1.9,2,12
2,161.91947626700556,155.4863829947756,6.433093272229968,2.2262782636585143,True,1.9,2,12
3,115.44931122610751,116.36233461828647,-0.9130233921789568,1.3132548714795576,True,1.9,2,12
4,125.98926325953771,146.3106111706254,-20.3213479110877,-19.00809303960814,True,1.9,2,12
5,180.93213251595992,157.28557014512938,23.646562370830537,4.638469331222396,True,1.9,2,12
6,153.4809276486793,153.14537326738434,0.33555438129496906,4.974023712517365,True,1.9,2,12
7,151.65823860579786,176.18496847847936,-24.5267298726815,-19.552706160164135,True,1.9,2,12
8,171.72634590389825,148.16382470761357,23.562521196284678,4.009815036120543,True,1.9,2,12
9,139.61166937952498,139.12687557185188,0.48479380767309976,4.4946088437936424,True,1.9,2,12
10,139.66730303790484,162.2217285675256,-22.554425529620744,-18.0598166858271,True,1.9,2,12
11,162.5209704351743,141.77833976904958,20.74263066612471,2.6828139802976096,True,1.9,2,12
12,142.8977611308693,142.28199273017364,0.6157684006956572,3.298582380993267,True,1.9,2,12
13,149.33515024983697,148.85077430608388,0.48437594375309345,3.7829583247463603,False,1.9,2,12
14,146.61478194795126,146.26347684324207,0.3513051047091835,4.134263429455544,False,1.9,2,12
15,143.2719935087386,143.0057185869227,0.2662749218158922,4.400538351271436,False,1.9,2,12
16,140.05242925838897,139.84099356198743,0.21143569640153714,4.611974047672973,False,1.9,2,12
17,125.52221306902285,125.3804155945239,0.14179747449895785,4.753771522171931,False,1.9,2,12
18,112.52992569272452,112.42635236817411,0.10357332455041046,4.8573448467223415,False,1.9,2,12
19,111.38340118202109,111.27332648702846,0.11007469499263323,4.967419541714975,False,1.9,2,12
20,108.4480553692546,108.34890712342713,0.09914824582747883,5.0665677875424535,False,1.9,2,12
21,124.21004930457998,124.09896436193594,0.11108494264404101,5.1776527301864945,False,1.9,2,12
22,130.1910648934452,130.08933156798867,0.1017333254565358,5.27938605564303,False,1.9,2,12
23,133.1591530012322,133.06554291795018,0.09361008328201592,5.372996138925046,False,1.9,2,12
24,134.56703773874577,134.48110681811735,0.08593092062841379,5.45892705955346,False,1.9,2,12
1,183.98177277893328,191.9755081610304,-7.993735382097128,-7.993735382097128,True,1.95,2,12
2,166.05024807543538,155.76141314557248,10.288834929862901,2.2950995477657727,True,1.95,2,12
3,115.44931122610751,116.36233461828647,-0.9130233921789568,1.382076155586816,True,1.95,2,12
4,125.98926325953771,152.4857408167697,-26.496477557231984,-25.114401401645168,True,1.95,2,12
5,190.17148055724027,157.55274858738906,32.61873196985121,7.5043305682060435,True,1.95,2,12
6,154.73383427794494,153.14537326738434,1.588461010560593,9.092791578766636,True,1.95,2,12
7,150.60137204302043,183.72741137781924,-33.126039334798804,-24.033247756032168,True,1.95,2,12
8,179.84775802317412,148.4268986454266,31.42085937774752,7.387611621715351,True,1.95,2,12
9,140.6296002426667,139.12687557185188,1.502724670814814,8.890336292530165,True,1.95,2,12
10,138.5116810028525,169.1603945574734,-30.64871355462091,-21.758377262090747,True,1.95,2,12
11,169.93676886128344,142.02397713117566,27.912791730107784,6.154414468017038,True,1.95,2,12
12,143.717091109055,142.28199273017364,1.4350983788813494,7.589512846898387,True,1.95,2,12
13,148.0409215254321,148.85077430608388,-0.8098527806517666,6.77966006624662,False,1.95,2,12
14,145.91394117238494,146.26347684324207,-0.34953567085713644,6.430124395389484,False,1.95,2,12
15,142.82216577258362,143.0057185869227,-0.18355281433909454,6.2465715810503895,False,1.95,2,12
16,139.7291179217706,139.84099356198743,-0.11187564021682306,6.134695940833566,False,1.95,2,12
17,125.31875840079701,125.3804155945239,-0.06165719372688727,6.073038747106679,False,1.95,2,12
18,112.38924689532494,112.42635236817411,-0.03710547284916288,6.035933274257516,False,1.95,2,12
19,111.2446160754751,111.27332648702846,-0.02871041155336229,6.007222862704154,False,1.95,2,12
20,108.32686843179118,108.34890712342713,-0.022038691635941632,5.985184171068212,False,1.95,2,12
21,124.07842723753134,124.09896436193594,-0.020537124404597762,5.964647046663615,False,1.95,2,12
22,130.0720029012071,130.08933156798867,-0.01732866678156597,5.947318379882049,False,1.95,2,12
23,133.05077647858482,133.06554291795018,-0.014766439365359929,5.932551940516689,False,1.95,2,12
24,134.46785705201412,134.48110681811735,-0.013249766103228922,5.91930217441346,False,1.95,2,12
1,188.06928825787492,199.84994401349775,-11.780655755622831,-11.780655755622831,True,2.0,2,12
2,170.18101988386522,156.03644329636936,14.144576587495862,2.363920831873031,True,2.0,2,12
3,115.44931122610751,116.36233461828647,-0.9130233921789568,1.4508974396940744,True,2.0,2,12
4,125.98926325953771,158.66087046291398,-32.67160720337627,-31.220709763682194,True,2.0,2,12
5,197.94442061444997,157.81992702964877,40.1244935848012,8.903783821119006,True,2.0,2,12
6,154.99632137977648,153.14537326738434,1.8509481123921319,10.754731933511138,True,2.0,2,12
7,150.60137204302043,191.26985427715908,-40.66848223413865,-29.913750300627513,True,2.0,2,12
8,187.28461385206444,148.6899725832396,38.59464126882483,8.680890968197318,True,2.0,2,12
9,140.87842118928015,139.12687557185188,1.7515456174282633,10.432436585625581,True,2.0,2,12
10,138.5116810028525,176.0990605474212,-37.587379544568705,-27.154942958943124,True,2.0,2,12
11,176.73091742208936,142.26961449330176,34.4613029287876,7.306359969844479,True,2.0,2,12
12,143.95881960138425,142.28199273017364,1.6768268712106078,8.983186841055087,True,2.0,2,12
13,148.0409215254321,148.85077430608388,-0.8098527806517666,8.17333406040332,False,2.0,2,12
14,145.91394117238494,146.26347684324207,-0.34953567085713644,7.823798389546184,False,2.0,2,12
15,142.82216577258362,143.0057185869227,-0.18355281433909454,7.640245575207089,False,2.0,2,12
16,139.7291179217706,139.84099356198743,-0.11187564021682306,7.528369934990266,False,2.0,2,12
17,125.31875840079701,125.3804155945239,-0.06165719372688727,7.466712741263379,False,2.0,2,12
18,112.38924689532494,112.42635236817411,-0.03710547284916288,7.429607268414216,False,2.0,2,12
19,111.2446160754751,111.27332648702846,-0.02871041155336229,7.400896856860854,False,2.0,2,12
20,108.32686843179118,108.34890712342713,-0.022038691635941632,7.378858165224912,False,2.0,2,12
21,124.07842723753134,124.09896436193594,-0.020537124404597762,7.358321040820314,False,2.0,2,12
22,130.0720029012071,130.08933156798867,-0.01732866678156597,7.340992374038748,False,2.0,2,12
23,133.05077647858482,133.06554291795018,-0.014766439365359929,7.3262259346733885,False,2.0,2,12
24,134.46785705201412,134.48110681811735,-0.013249766103228922,7.3129761685701595,False,2.0,2,12
1,192.15680373681658,207.72437986596506,-15.567576129148478,-15.567576129148478,True,2.05,2,12
2,174.31179169229503,156.31147344716624,18.000318245128796,2.432742115980318,True,2.05,2,12
3,115.44931122610751,116.36233461828647,-0.9130233921789568,1.5197187238013612,True,2.05,2,12
4,125.98926325953771,164.83600010905823,-38.846736849520525,-37.327018125719164,True,2.05,2,12
5,205.71736067165963,158.08710547190844,47.63025519975119,10.303237074032026,True,2.05,2,12
6,155.25880848160804,153.14537326738434,2.113435214223699,12.416672288255725,True,2.05,2,12
7,150.60137204302043,198.81229717649887,-48.21092513347844,-35.794252845222715,True,2.05,2,12
8,194.72146968095475,148.9530465210526,45.76842315990214,9.974170314679426,True,2.05,2,12
9,141.12724213589357,139.12687557185188,2.000366564041684,11.97453687872111,True,2.05,2,12
10,138.5116810028525,183.03772653736894,-44.52604553451644,-32.55150865579533,True,2.05,2,12
11,183.52506598289526,142.51525185542783,41.00981412746742,8.458305471672091,True,2.05,2,12
12,144.2005480937135,142.28199273017364,1.9185553635398662,10.376860835211957,True,2.05,2,12
13,148.0409215254321,148.85077430608388,-0.8098527806517666,9.56700805456019,False,2.05,2,12
14,145.91394117238494,146.26347684324207,-0.34953567085713644,9.217472383703054,False,2.05,2,12
15,142.82216577258362,143.0057185869227,-0.18355281433909454,9.03391956936396,False,2.05,2,12
16,139.7291179217706,139.84099356198743,-0.11187564021682306,8.922043929147137,False,2.05,2,12
17,125.31875840079701,125.3804155945239,-0.06165719372688727,8.86038673542025,False,2.05,2,12
18,112.38924689532494,112.42635236817411,-0.03710547284916288,8.823281262571086,False,2.05,2,12
19,111.2446160754751,111.27332648702846,-0.02871041155336229,8.794570851017724,False,2.05,2,12
20,108.32686843179118,108.34890712342713,-0.022038691635941632,8.772532159381782,False,2.05,2,12
21,124.07842723753134,124.09896436193594,-0.020537124404597762,8.751995034977185,False,2.05,2,12
22,130.0720029012071,130.08933156798867,-0.01732866678156597,8.734666368195619,False,2.05,2,12
23,133.05077647858482,133.06554291795018,-0.014766439365359929,8.719899928830259,False,2.05,2,12
24,134.46785705201412,134.48110681811735,-0.013249766103228922,8.70665016272703,False,2.05,2,12
1,196.24431921575828,215.5988157184325,-19.35449650267421,-19.35449650267421,True,2.1,2,12
2,178.44256350072487,156.5865035979631,21.856059902761785,2.5015634000875764,True,2.1,2,12
3,115.44931122610751,116.36233461828647,-0.9130233921789568,1.5885400079086196,True,2.1,2,12
4,125.98926325953771,171.01112975520255,-45.02186649566484,-43.43332648775622,True,2.1,2,12
5,213.49030072886936,158.35428391416812,55.136016814701236,11.702690326945017,True,2.1,2,12
6,155.5212955834396,153.14537326738434,2.3759223160552665,14.078612643000284,True,2.1,2,12
7,150.60137204302043,206.35474007583878,-55.753368032818344,-41.67475538981806,True,2.1,2,12
8,202.15832550984513,149.21612045886562,52.94220505097951,11.26744966116145,True,2.1,2,12
9,141.37606308250702,139.12687557185188,2.2491875106551333,13.516637171816583,True,2.1,2,12
10,138.5116810028525,189.97639252731682,-51.46471152446432,-37.94807435264774,True,2.1,2,12
11,190.31921454370118,142.76088921755394,47.55832532614724,9.610250973499504,True,2.1,2,12
12,144.44227658604277,142.28199273017364,2.1602838558691246,11.770534829368628,True,2.1,2,12
13,148.0409215254321,148.85077430608388,-0.8098527806517666,10.960682048716862,False,2.1,2,12
14,145.91394117238494,146.26347684324207,-0.34953567085713644,10.611146377859725,False,2.1,2,12
15,142.82216577258362,143.0057185869227,-0.18355281433909454,10.427593563520631,False,2.1,2,12
16,139.7291179217706,139.84099356198743,-0.11187564021682306,10.315717923303808,False,2.1,2,12
17,125.31875840079701,125.3804155945239,-0.06165719372688727,10.25406072957692,False,2.1,2,12
18,112.38924689532494,112.42635236817411,-0.03710547284916288,10.216955256727758,False,2.1,2,12
19,111.2446160754751,111.27332648702846,-0.02871041155336229,10.188244845174395,False,2.1,2,12
20,108.32686843179118,108.34890712342713,-0.022038691635941632,10.166206153538454,False,2.1,2,12
21,124.07842723753134,124.09896436193594,-0.020537124404597762,10.145669029133856,False,2.1,2,12
22,130.0720029012071,130.08933156798867,-0.01732866678156597,10.12834036235229,False,2.1,2,12
23,133.05077647858482,133.06554291795018,-0.014766439365359929,10.11357392298693,False,2.1,2,12
24,134.46785705201412,134.48110681811735,-0.013249766103228922,10.100324156883701,False,2.1,2,12
1,200.3318346946999,223.4732515708998,-23.141416876199912,-23.141416876199912,True,2.15,2,12
2,182.57333530915463,158.25427938473746,24.31905592441717,1.1776390482172587,True,2.15,2,12
3,115.44931122610751,115.19194213393526,0.25736909217225445,1.4350081403895132,True,2.15,2,12
4,125.98926325953771,176.7069948199026,-50.717731560364896,-49.28272341997538,True,2.15,2,12
5,221.263240786079,159.53385333584595,61.72938745023305,12.446664030257665,True,2.15,2,12
6,155.78378268527115,151.52266787239088,4.261114812880265,16.70777884313793,True,2.15,2,12
7,150.60137204302043,213.22097476893478,-62.61960272591435,-45.91182388277642,True,2.15,2,12
8,209.59518133873536,150.28302077916953,59.312160559565825,13.400336676789408,True,2.15,2,12
9,141.62488402912044,137.57285237899492,4.052031650125514,17.45236832691492,True,2.15,2,12
10,138.5116810028525,196.27589818877846,-57.76421718592596,-40.311848859011036,True,2.15,2,12
11,197.11336310450704,143.70476262994165,53.40860047456539,13.096751615554354,True,2.15,2,12
12,144.68400507837202,140.8236658148225,3.8603392635495197,16.957090879103873,True,2.15,2,12
13,148.0409215254321,148.12758442403435,-0.08666289860224197,16.87042798050163,False,2.15,2,12
14,145.91394117238494,145.86876562243106,0.045175549953881955,16.915603530455513,False,2.15,2,12
15,142.82216577258362,142.77592623320578,0.046239539377836536,16.96184306983335,False,2.15,2,12
16,139.7291179217706,139.67086406976446,0.05825385200614619,17.020096921839496,False,2.15,2,12
17,125.31875840079701,125.27054910924183,0.04820929155518172,17.068306213394678,False,2.15,2,12
18,112.38924689532494,112.35293965698355,0.0363072383413936,17.10461345173607,False,2.15,2,12
19,111.2446160754751,111.22334811713293,0.02126795834216466,17.125881410078236,False,2.15,2,12
20,108.32686843179118,108.30767939668522,0.019189035105966923,17.145070445184203,False,2.15,2,12
21,124.07842723753134,124.06131971581988,0.017107521711466234,17.16217796689567,False,2.15,2,12
22,130.0720029012071,130.05449722611868,0.017505675088415273,17.179683641984084,False,2.15,2,12
23,133.05077647858482,133.03298313846216,0.017793340122665313,17.19747698210675,False,2.15,2,12
24,134.46785705201412,134.4527467288613,0.015110323152811134,17.21258730525956,False,2.15,2,12
1,208.700186244047,231.3476874233672,-22.647501179320216,-22.647501179320216,True,2.2,2,12
2,185.00259355575392,160.81419540718116,24.18839814857276,1.5408969692525432,True,2.2,2,12
3,114.9897283190442,115.19194213393526,-0.20221381489105283,1.3386831543614903,True,2.2,2,12
4,125.75020559106346,182.8821244660469,-57.13191887498343,-55.79323572062194,True,2.2,2,12
5,228.86757860657838,161.7728409921183,67.09473761446009,11.30150189383815,True,2.2,2,12
6,155.94118278410042,151.52266787239088,4.418514911709536,15.720016805547687,True,2.2,2,12
7,153.71334965072882,220.76341766827463,-67.05006801754581,-51.330051211998125,True,2.2,2,12
8,215.55972814714792,152.41946897533018,63.140259171817746,11.810207959819621,True,2.2,2,12
9,141.29930751313773,137.57285237899492,3.7264551341428103,15.536663093962432,True,2.2,2,12
10,141.04955325032108,203.21456417872628,-62.165010928405195,-46.62834783444276,True,2.2,2,12
11,202.48307596677415,145.6288416728454,56.854234293928755,10.225886459485992,True,2.2,2,12
12,144.32518029713043,140.8236658148225,3.5015144823079254,13.727400941793917,True,2.2,2,12
13,147.67159664658018,148.12758442403435,-0.45598777745416896,13.271413164339748,False,2.2,2,12
14,145.68764328168237,145.86876562243106,-0.18112234074868638,13.090290823591062,False,2.2,2,12
15,142.6809997334871,142.77592623320578,-0.0949264997186674,12.995364323872394,False,2.2,2,12
16,139.61968344493508,139.67086406976446,-0.051180624829385124,12.944183699043009,False,2.2,2,12
17,125.2457298413643,125.27054910924183,-0.024819267877532525,12.919364431165477,False,2.2,2,12
18,112.33924956972758,112.35293965698355,-0.013690087255966432,12.90567434390951,False,2.2,2,12
19,111.20995157088333,111.22334811713293,-0.013396546249595076,12.892277797659915,False,2.2,2,12
20,108.29787713461512,108.30767939668522,-0.009802262070095935,12.882475535589819,False,2.2,2,12
21,124.05168036620572,124.06131971581988,-0.009639349614161574,12.872836185975657,False,2.2,2,12
22,130.04706039542276,130.05449722611868,-0.007436830695922936,12.865399355279735,False,2.2,2,12
23,133.02732746665944,133.03298313846216,-0.005655671802713869,12.85974368347702,False,2.2,2,12
24,134.4473442949941,134.4527467288613,-0.0054024338672036265,12.854341249609817,False,2.2,2,12
1,214.09792063215426,237.64723610534108,-23.549315473186823,-23.549315473186823,True,2.24,2,12
2,188.30721100249778,162.86212822513613,25.445082777361648,1.895767304174825,True,2.24,2,12
3,114.9897283190442,115.19194213393526,-0.20221381489105283,1.6935534892837723,True,2.24,2,12
4,125.75020559106346,187.82222818296233,-62.07202259189887,-60.3784691026151,True,2.24,2,12
5,235.08593065234615,163.56403111713615,71.52189953521,11.143430432594897,True,2.24,2,12
6,160.90677540881393,151.52266787239088,9.384107536423045,20.527537969017942,True,2.24,2,12
7,149.06109405046521,226.79737198774654,-77.73627793728133,-57.20873996826339,True,2.24,2,12
8,222.3756670705417,154.12862753225872,68.24703953828299,11.038299570019603,True,2.24,2,12
9,146.14448522933492,137.57285237899492,8.571632850339995,19.6099324203596,True,2.24,2,12
10,137.02767157063485,208.76549697068452,-71.73782540004967,-52.127892979690074,True,2.24,2,12
11,208.73835358017257,147.16810490716838,61.57024867300419,9.442355693314113,True,2.24,2,12
12,148.8434361975982,140.8236658148225,8.019770382775704,17.462126076089817,True,2.24,2,12
13,146.36863988767476,148.12758442403435,-1.7589445363595928,15.703181539730224,False,2.24,2,12
14,145.1956387674106,145.86876562243106,-0.6731268550204561,15.030054684709768,False,2.24,2,12
15,142.45847798759632,142.77592623320578,-0.31744824560945517,14.712606439100313,False,2.24,2,12
16,139.48349625436222,139.67086406976446,-0.18736781540224,14.525238623698073,False,2.24,2,12
17,125.17045422180487,125.27054910924183,-0.10009488743695272,14.42514373626112,False,2.24,2,12
18,112.29517216214008,112.35293965698355,-0.057767494843474765,14.367376241417645,False,2.24,2,12
19,111.18315244254222,111.22334811713293,-0.04019567459070572,14.32718056682694,False,2.24,2,12
20,108.27779602273876,108.30767939668522,-0.029883373946461234,14.297297192880478,False,2.24,2,12
21,124.03476290569077,124.06131971581988,-0.026556810129108044,14.27074038275137,False,2.24,2,12
22,130.0324118561448,130.05449722611868,-0.022085369973893876,14.248655012777476,False,2.24,2,12
23,133.01435667436965,133.03298313846216,-0.018626464092506012,14.23002854868497,False,2.24,2,12
24,134.43653013115568,134.4527467288613,-0.016216597705636104,14.213811950979334,False,2.24,2,12
1,215.44735422918106,239.22212327583452,-23.77476904665346,-23.77476904665346,True,2.25,2,12
2,189.13336536418376,163.37411142962486,25.7592539345589,1.9844848879054382,True,2.25,2,12
3,114.9897283190442,115.19194213393526,-0.20221381489105283,1.7822710730143854,True,2.25,2,12
4,125.75020559106346,189.05725411219112,-63.307048521127655,-61.52477744811327,True,2.25,2,12
5,236.64051866378807,164.0118286483906,72.62869001539747,11.103912567284198,True,2.25,2,12
6,161.35375241270137,151.52266787239088,9.831084540310485,20.934997107594683,True,2.25,2,12
7,149.06109405046521,228.30586056761447,-79.24476651714926,-58.309769409554576,True,2.25,2,12
8,223.86303823631974,154.55591717149085,69.30712106482889,10.997351655274315,True,2.25,2,12
9,146.55695912970708,137.57285237899492,8.984106750712158,19.981458405986473,True,2.25,2,12
10,137.02767157063485,210.15323016867404,-73.12555859803919,-53.14410019205272,True,2.25,2,12
11,210.09718329233374,147.55292071574914,62.5442625765846,9.400162384531882,True,2.25,2,12
12,149.2272241766373,140.8236658148225,8.403558361814788,17.80372074634667,True,2.25,2,12
13,146.36863988767476,148.12758442403435,-1.7589445363595928,16.044776209987077,False,2.25,2,12
14,145.1956387674106,145.86876562243106,-0.6731268550204561,15.371649354966621,False,2.25,2,12
15,142.45847798759632,142.77592623320578,-0.31744824560945517,15.054201109357166,False,2.25,2,12
16,139.48349625436222,139.67086406976446,-0.18736781540224,14.866833293954926,False,2.25,2,12
17,125.17045422180487,125.27054910924183,-0.10009488743695272,14.766738406517973,False,2.25,2,12
18,112.29517216214008,112.35293965698355,-0.057767494843474765,14.708970911674498,False,2.25,2,12
19,111.18315244254222,111.22334811713293,-0.04019567459070572,14.668775237083793,False,2.25,2,12
20,108.27779602273876,108.30767939668522,-0.029883373946461234,14.638891863137331,False,2.25,2,12
21,124.03476290569077,124.06131971581988,-0.026556810129108044,14.612335053008223,False,2.25,2,12
22,130.0324118561448,130.05449722611868,-0.022085369973893876,14.59024968303433,False,2.25,2,12
23,133.01435667436965,133.03298313846216,-0.018626464092506012,14.571623218941824,False,2.25,2,12
24,134.43653013115568,134.4527467288613,-0.016216597705636104,14.555406621236187,False,2.25,2,12
1,222.19452221431516,247.0965591283018,-24.90203691398665,-24.90203691398665,True,2.3,2,12
2,193.26413717261354,165.93402745206853,27.33010972054501,2.4280728065583617,True,2.3,2,12
3,114.9897283190442,115.19194213393526,-0.20221381489105283,2.225858991667309,True,2.3,2,12
4,125.75020559106346,195.2323837583354,-69.48217816727194,-67.25631917560463,True,2.3,2,12
5,244.41345872099774,166.25081630466292,78.16264241633482,10.906323240730188,True,2.3,2,12
6,163.58863743213848,151.52266787239088,12.0659695597476,22.97229280047779,True,2.3,2,12
7,149.06109405046521,235.84830346695426,-86.78720941648905,-63.81491661601126,True,2.3,2,12
8,231.29989406521003,156.69236536765146,74.60752869755856,10.792612081547304,True,2.3,2,12
9,148.6193286315679,137.57285237899492,11.046476252572972,21.839088334120277,True,2.3,2,12
10,137.02767157063485,217.0918961586218,-80.06422458798696,-58.22513625386668,True,2.3,2,12
11,216.8913318531396,149.47699975865285,67.41433209448675,9.189195840620073,True,2.3,2,12
12,151.14616407183277,140.8236658148225,10.322498257010267,19.51169409763034,True,2.3,2,12
13,146.36863988767476,148.12758442403435,-1.7589445363595928,17.752749561270747,False,2.3,2,12
14,145.1956387674106,145.86876562243106,-0.6731268550204561,17.07962270625029,False,2.3,2,12
15,142.45847798759632,142.77592623320578,-0.31744824560945517,16.762174460640836,False,2.3,2,12
16,139.48349625436222,139.67086406976446,-0.18736781540224,16.574806645238596,False,2.3,2,12
17,125.17045422180487,125.27054910924183,-0.10009488743695272,16.474711757801643,False,2.3,2,12
18,112.29517216214008,112.35293965698355,-0.057767494843474765,16.416944262958168,False,2.3,2,12
19,111.18315244254222,111.22334811713293,-0.04019567459070572,16.376748588367462,False,2.3,2,12
20,108.27779602273876,108.30767939668522,-0.029883373946461234,16.346865214421,False,2.3,2,12
21,124.03476290569077,124.06131971581988,-0.026556810129108044,16.320308404291893,False,2.3,2,12
22,130.0324118561448,130.05449722611868,-0.022085369973893876,16.298223034318,False,2.3,2,12
23,133.01435667436965,133.03298313846216,-0.018626464092506012,16.279596570225493,False,2.3,2,12
24,134.43653013115568,134.4527467288613,-0.016216597705636104,16.263379972519857,False,2.3,2,12
1,228.9416901994493,254.9709949807692,-26.029304781319894,-26.029304781319894,True,2.35,2,12
2,197.39490898104336,168.49394347451224,28.900965506531122,2.8716607252112283,True,2.35,2,12
3,114.9897283190442,115.19194213393526,-0.20221381489105283,2.6694469103201754,True,2.35,2,12
4,125.75020559106346,201.40751340447974,-75.65730781341628,-72.9878609030961,True,2.35,2,12
5,252.18639877820746,168.48980396093526,83.6965948172722,10.708733914176094,True,2.35,2,12
6,165.82352245157563,151.52266787239088,14.300854579184744,25.009588493360837,True,2.35,2,12
7,149.06109405046521,243.39074636629417,-94.32965231582895,-69.32006382246811,True,2.35,2,12
8,238.73674989410037,158.82881356381216,79.90793633028821,10.587872507820094,True,2.35,2,12
9,150.68169813342874,137.57285237899492,13.108845754433816,23.69671826225391,True,2.35,2,12
10,137.02767157063485,224.03056214856966,-87.0028905779348,-63.3061723156809,True,2.35,2,12
11,223.68548041394556,151.4010788015566,72.28440161238896,8.978229296708065,True,2.35,2,12
12,153.06510396702825,140.8236658148225,12.241438152205745,21.21966744891381,True,2.35,2,12
13,146.36863988767476,148.12758442403435,-1.7589445363595928,19.460722912554218,False,2.35,2,12
14,145.1956387674106,145.86876562243106,-0.6731268550204561,18.78759605753376,False,2.35,2,12
15,142.45847798759632,142.77592623320578,-0.31744824560945517,18.470147811924306,False,2.35,2,12
16,139.48349625436222,139.67086406976446,-0.18736781540224,18.282779996522066,False,2.35,2,12
17,125.17045422180487,125.27054910924183,-0.10009488743695272,18.182685109085114,False,2.35,2,12
18,112.29517216214008,112.35293965698355,-0.057767494843474765,18.12491761424164,False,2.35,2,12
19,111.18315244254222,111.22334811713293,-0.04019567459070572,18.084721939650933,False,2.35,2,12
20,108.27779602273876,108.30767939668522,-0.029883373946461234,18.054838565704472,False,2.35,2,12
21,124.03476290569077,124.06131971581988,-0.026556810129108044,18.028281755575364,False,2.35,2,12
22,130.0324118561448,130.05449722611868,-0.022085369973893876,18.00619638560147,False,2.35,2,12
23,133.01435667436965,133.03298313846216,-0.018626464092506012,17.987569921508964,False,2.35,2,12
24,134.43653013115568,134.4527467288613,-0.016216597705636104,17.971353323803328,False,2.35,2,12
1,235.68885818458338,262.8454308332365,-27.15657264865311,-27.15657264865311,True,2.4,2,12
2,201.52568078947317,171.0538594969559,30.471821292517262,3.3152486438641517,True,2.4,2,12
3,114.9897283190442,115.19194213393526,-0.20221381489105283,3.113034828973099,True,2.4,2,12
4,125.75020559106346,207.58264305062397,-81.83243745956051,-78.71940263058741,True,2.4,2,12
5,259.9593388354171,170.7287916172076,89.2305472182095,10.511144587622084,True,2.4,2,12
6,168.05840747101277,151.52266787239088,16.535739598621888,27.04688418624397,True,2.4,2,12
7,149.06109405046521,250.93318926563393,-101.87209521516871,-74.82521102892474,True,2.4,2,12
8,246.17360572299066,160.9652617599728,85.20834396301785,10.383132934093112,True,2.4,2,12
9,152.74406763528955,137.57285237899492,15.17121525629463,25.554348190387742,True,2.4,2,12
10,137.02767157063485,230.96922813851742,-93.94155656788257,-68.38720837749483,True,2.4,2,12
11,230.47962897475142,153.32515784446034,77.15447113029109,8.767262752796256,True,2.4,2,12
12,154.98404386222373,140.8236658148225,14.160378047401224,22.92764080019748,True,2.4,2,12
13,146.36863988767476,148.12758442403435,-1.7589445363595928,21.168696263837887,False,2.4,2,12
14,145.1956387674106,145.86876562243106,-0.6731268550204561,20.49556940881743,False,2.4,2,12
15,142.45847798759632,142.77592623320578,-0.31744824560945517,20.178121163207976,False,2.4,2,12
16,139.48349625436222,139.67086406976446,-0.18736781540224,19.990753347805736,False,2.4,2,12
17,125.17045422180487,125.27054910924183,-0.10009488743695272,19.890658460368783,False,2.4,2,12
18,112.29517216214008,112.35293965698355,-0.057767494843474765,19.83289096552531,False,2.4,2,12
19,111.18315244254222,111.22334811713293,-0.04019567459070572,19.792695290934603,False,2.4,2,12
20,108.27779602273876,108.30767939668522,-0.029883373946461234,19.76281191698814,False,2.4,2,12
21,124.03476290569077,124.06131971581988,-0.026556810129108044,19.736255106859034,False,2.4,2,12
22,130.0324118561448,130.05449722611868,-0.022085369973893876,19.71416973688514,False,2.4,2,12
23,133.01435667436965,133.03298313846216,-0.018626464092506012,19.695543272792634,False,2.4,2,12
24,134.43653013115568,134.4527467288613,-0.016216597705636104,19.679326675086998,False,2.4,2,12
1,242.4360261697175,270.71986668570383,-28.283840515986327,-28.283840515986327,True,2.45,2,12
2,205.65645259790298,173.61377551939964,32.042677078503345,3.7588365625170184,True,2.45,2,12
3,114.9897283190442,115.67083579359009,-0.6811074745458825,3.077729087971136,True,2.45,2,12
4,125.75020559106346,210.33991477787865,-84.58970918681518,-81.51198009884405,True,2.45,2,12
5,267.7322788926268,171.48664219559916,96.24563669702766,14.733656598183615,True,2.45,2,12
6,170.29329249044991,151.4745514308389,18.81874105961103,33.55239765779464,True,2.45,2,12
7,149.06109405046521,254.2472323766442,-105.18613832617899,-71.63374066838435,True,2.45,2,12
8,253.610461551881,161.6137884313586,91.99667312052239,20.36293245213804,True,2.45,2,12
9,154.8064371371504,137.4363654344473,17.370071702703086,37.733004154841126,True,2.45,2,12
10,137.02767157063485,234.16019986359896,-97.13252829296411,-59.399524138122985,True,2.45,2,12
11,237.27377753555737,153.86220423566633,83.41157329989105,24.01204916176806,True,2.45,2,12
12,156.9029837574192,140.65063682496657,16.25234693245264,40.2643960942207,True,2.45,2,12
13,146.36863988767476,143.77465018654067,2.5939897011340918,42.85838579535479,False,2.45,2,12
14,145.1956387674106,144.26785533769856,0.9277834297120364,43.78616922506683,False,2.45,2,12
15,142.45847798759632,142.0150996484725,0.44337833912382507,44.22954756419065,False,2.45,2,12
16,139.48349625436222,139.253252453644,0.23024380071822748,44.45979136490888,False,2.45,2,12
17,125.17045422180487,125.04420996407724,0.1262442577276346,44.586035622636516,False,2.45,2,12
18,112.29517216214008,112.22484205477278,0.0703301073672975,44.65636573000381,False,2.45,2,12
19,111.18315244254222,111.14813141959998,0.03502102294224585,44.69138675294606,False,2.45,2,12
20,108.27779602273876,108.25669726350849,0.021098759230270048,44.71248551217633,False,2.45,2,12
21,124.03476290569077,124.01588715001171,0.018875755679061967,44.73136126785539,False,2.45,2,12
22,130.0324118561448,130.01972344846217,0.012688407682617253,44.74404967553801,False,2.45,2,12
23,133.01435667436965,133.00555178515668,0.008804889212967737,44.752854564750976,False,2.45,2,12
24,134.43653013115568,134.42997307727634,0.006557053879333807,44.75941161863031,False,2.45,2,12
1,249.1831941548516,278.59430253817123,-29.41110838331963,-29.41110838331963,True,2.5,2,12
2,209.78722440633283,176.1736915418433,33.613532864489514,4.202424481169885,True,2.5,2,12
3,114.9897283190442,116.77525856809532,-1.7855302490511207,2.4168942321187643,True,2.5,2,12
4,125.75020559106346,216.5150444240229,-90.76483883295944,-88.34794460084068,True,2.5,2,12
5,275.50521894983655,173.72562985187147,101.77958909796507,13.431644497124395,True,2.5,2,12
6,172.52817750988706,152.88667590679844,19.641501603088614,33.07314610021301,True,2.5,2,12
7,149.06109405046521,261.789675275984,-112.72858122551878,-79.65543512530577,True,2.5,2,12
8,261.0473173807713,163.75023662751926,97.29708075325203,17.64164562794626,True,2.5,2,12
9,156.86880663901124,138.65526087765886,18.21354576135238,35.85519138929864,True,2.5,2,12
10,137.02767157063485,241.0988658535467,-104.07119428291185,-68.21600289361321,True,2.5,2,12
11,244.06792609636324,155.78628327857007,88.28164281779317,20.065639924179962,True,2.5,2,12
12,158.8219236526147,141.96718300129265,16.854740651322032,36.920380575501994,True,2.5,2,12
13,146.36863988767476,143.77465018654067,2.5939897011340918,39.514370276636086,False,2.5,2,12
14,145.1956387674106,144.26785533769856,0.9277834297120364,40.44215370634812,False,2.5,2,12
15,142.45847798759632,142.0150996484725,0.44337833912382507,40.88553204547195,False,2.5,2,12
16,139.48349625436222,139.253252453644,0.23024380071822748,41.115775846190175,False,2.5,2,12
17,125.17045422180487,125.04420996407724,0.1262442577276346,41.24202010391781,False,2.5,2,12
18,112.29517216214008,112.22484205477278,0.0703301073672975,41.31235021128511,False,2.5,2,12
19,111.18315244254222,111.14813141959998,0.03502102294224585,41.34737123422735,False,2.5,2,12
20,108.27779602273876,108.25669726350849,0.021098759230270048,41.36846999345762,False,2.5,2,12
21,124.03476290569077,124.01588715001171,0.018875755679061967,41.387345749136685,False,2.5,2,12
22,130.0324118561448,130.01972344846217,0.012688407682617253,41.4000341568193,False,2.5,2,12
23,133.01435667436965,133.00555178515668,0.008804889212967737,41.40883904603227,False,2.5,2,12
24,134.43653013115568,134.42997307727634,0.006557053879333807,41.415396099911604,False,2.5,2,12
1,255.93036213998568,286.4687383906385,-30.538376250652846,-30.538376250652846,True,2.55,2,12
2,213.91799621476258,178.73360756428698,35.1843886504756,4.646012399822752,True,2.55,2,12
3,114.9897283190442,119.39536359022193,-4.405635271177729,0.24037712864502225,True,2.55,2,12
4,125.75020559106346,220.96367074307108,-95.21346515200761,-94.97308802336259,True,2.55,2,12
5,283.27815900704616,175.04281872676341,108.23534028028274,13.26225225692015,True,2.55,2,12
6,174.76306252932417,155.66861656472557,19.094445964598606,32.356698221518755,True,2.55,2,12
7,149.06109405046521,267.15309346895583,-118.09199941849062,-85.73530119697186,True,2.55,2,12
8,268.4841732096616,164.92545511695386,103.55871809270775,17.82341689573589,True,2.55,2,12
9,158.93117614087205,140.88455466104648,18.046621479825575,35.870038375561464,True,2.55,2,12
10,137.02767157063485,246.02739189845624,-108.9997203278214,-73.12968195225993,True,2.55,2,12
11,250.86207465716913,156.67704410383527,94.18503055333386,21.05534860107393,True,2.55,2,12
12,160.74086354781016,144.34942242985542,16.39144111795474,37.44678971902867,True,2.55,2,12
13,146.36863988767476,141.30286521063667,5.0657746770380925,42.512564396066765,False,2.55,2,12
14,145.1956387674106,143.07266819399482,2.1229705734157847,44.63553496948255,False,2.55,2,12
15,142.45847798759632,141.26541723113874,1.1930607564575837,45.82859572594013,False,2.55,2,12
16,139.48349625436222,138.7919044946782,0.6915917596840302,46.52018748562416,False,2.55,2,12
17,125.17045422180487,124.74502611856599,0.425428103238886,46.94561558886305,False,2.55,2,12
18,112.29517216214008,112.02804090938764,0.267131252752435,47.212746841615484,False,2.55,2,12
19,111.18315244254222,110.9466708306996,0.2364816118426205,47.449228453458105,False,2.55,2,12
20,108.27779602273876,108.08823940876277,0.18955661397598078,47.638785067434085,False,2.55,2,12
21,124.03476290569077,123.85818612563364,0.1765767800571325,47.81536184749122,False,2.55,2,12
22,130.0324118561448,129.87036386539737,0.16204799074742482,47.97740983823864,False,2.55,2,12
23,133.01435667436965,132.86294426896868,0.15141240540097556,48.12882224363962,False,2.55,2,12
24,134.43653013115568,134.3029595572762,0.13357057387946725,48.262392817519085,False,2.55,2,12
1,262.67753012511986,294.3431742431059,-31.665644117986062,-31.665644117986062,True,2.6,2,12
2,218.04876802319245,181.29352358673071,36.75524443646174,5.089600318475675,True,2.6,2,12
3,114.9897283190442,122.97297671384665,-7.983248394802445,-2.8936480763267696,True,2.6,2,12
4,125.75020559106346,227.13880038921542,-101.38859479815196,-104.28224287447873,True,2.6,2,12
5,291.0510990642559,177.28180638303576,113.76929268122012,9.487049806741396,True,2.6,2,12
6,176.99794754876132,160.1152510315021,16.882696517259205,26.3697463240006,True,2.6,2,12
7,153.7815122203624,274.6955363682957,-120.91402414793328,-94.54427782393267,True,2.6,2,12
8,274.1112608038492,167.06190331311453,107.04935749073465,12.505079666801976,True,2.6,2,12
9,160.25829735594849,144.63919835403146,15.619099001917021,28.124178668718997,True,2.6,2,12
10,136.62251188719054,252.96605788840407,-116.34354600121353,-88.21936733249453,True,2.6,2,12
11,257.3785255444709,158.601123146739,98.77740239773189,10.558035065237362,True,2.6,2,12
12,162.4469947813314,148.53852758603233,13.908467195299067,24.46650226053643,True,2.6,2,12
13,146.19959723019252,141.30286521063667,4.896732019555856,29.363234280092286,False,2.6,2,12
14,145.06375016746435,143.07266819399482,1.9910819734695338,31.35431625356182,False,2.6,2,12
15,142.34943216521737,141.26541723113874,1.084014934078624,32.43833118764044,False,2.6,2,12
16,139.4037009949965,138.7919044946782,0.6117965003183201,33.05012768795876,False,2.6,2,12
17,125.11230072882205,124.74502611856599,0.3672746102560609,33.417402298214824,False,2.6,2,12
18,112.25368817879678,112.02804090938764,0.22564726940913715,33.64304956762396,False,2.6,2,12
19,111.13820667245596,110.9466708306996,0.1915358417563624,33.834585409380324,False,2.6,2,12
20,108.23869364106312,108.08823940876277,0.1504542323003477,33.98503964168067,False,2.6,2,12
21,123.99713565810592,123.85818612563364,0.1389495324722816,34.12398917415295,False,2.6,2,12
22,129.99609172698092,129.87036386539737,0.12572786158355598,34.24971703573651,False,2.6,2,12
23,132.97922531130675,132.86294426896868,0.11628104233807335,34.36599807807458,False,2.6,2,12
24,134.40496475269964,134.3029595572762,0.10200519542343045,34.46800327349801,False,2.6,2,12
1,269.42469811025387,302.2176100955732,-32.792911985319336,-32.792911985319336,True,2.65,2,12
2,223.93547230908496,185.60937240356722,38.32609990551774,5.533187920198401,True,2.65,2,12
3,118.67004225118706,123.76884058306565,-5.098798331878598,0.434389588319803,True,2.65,2,12
4,141.88899405430132,234.1276861082841,-92.23869205398279,-91.80430246566299,True,2.65,2,12
5,296.76823942531,181.48902781844365,115.27921160686637,23.474909141203383,True,2.65,2,12
6,165.3456706413904,161.7465210413409,3.5991496000494863,27.07405874125287,True,2.65,2,12
7,168.69168106789297,283.1731323002917,-114.48145123239871,-87.40739249114584,True,2.65,2,12
8,281.42882031421163,169.92189106761867,111.50692924659296,24.09953675544712,True,2.65,2,12
9,149.5583441256505,146.86143747948918,2.696906646161324,26.796443401608443,True,2.65,2,12
10,154.6743312739558,260.72380977317084,-106.04947849921504,-79.2530350976066,True,2.65,2,12
11,262.57070263848607,161.60800216220073,100.96270047628533,21.709665378678736,True,2.65,2,12
12,153.29298615981574,149.94453475497585,3.348451404839892,25.058116783518628,True,2.65,2,12
13,145.17946303851548,142.3269234782726,2.8525395602428887,27.910656343761516,False,2.65,2,12
14,144.47573269089037,143.43686010994946,1.0388725809409038,28.94952892470242,False,2.65,2,12
15,141.91861957443052,141.44039117374967,0.47822840068084815,29.42775732538327,False,2.65,2,12
16,139.1458851498231,138.87475591218333,0.27112923763976937,29.698886563023038,False,2.65,2,12
17,124.93682472958791,124.78685358320263,0.1499711463852833,29.84885770940832,False,2.65,2,12
18,112.1348414954519,112.04939144868385,0.08545004676804524,29.934307756176366,False,2.65,2,12
19,111.00324334829929,110.96637115674514,0.03687219155415278,29.97117994773052,False,2.65,2,12
20,108.1245611155956,108.10124947117136,0.02331164442423983,29.99449159215476,False,2.65,2,12
21,123.88911661441281,123.86785283323898,0.02126378117382899,30.015755373328588,False,2.65,2,12
22,129.89295486871316,129.87842631513416,0.014528553578998071,30.030283926907586,False,2.65,2,12
23,132.8801116970595,132.8700059846965,0.010105712363014163,30.0403896392706,False,2.65,2,12
24,134.3161574563413,134.30858929649673,0.007568159844566935,30.047957799115167,False,2.65,2,12
1,276.17186609538805,310.0920459480406,-33.92017985265255,-33.92017985265255,True,2.7,2,12
2,231.1130911659908,191.21613548693043,39.89695567906037,5.976775826407817,True,2.7,2,12
3,118.86944791601425,125.07266901337621,-6.203221097361961,-0.22644527095414446,True,2.7,2,12
4,147.89659485430985,240.30281575442845,-92.4062209001186,-92.63266617107274,True,2.7,2,12
5,302.84013699686017,186.65951230766956,116.18062468919061,23.547958518117866,True,2.7,2,12
6,168.06462870450508,163.42028746370437,4.644341240800713,28.19229975891858,True,2.7,2,12
7,175.86439822049252,290.7155751996316,-114.85117697913907,-86.65887722022049,True,2.7,2,12
8,287.01030309096456,174.48955354507515,112.5207495458894,25.861872325668912,True,2.7,2,12
9,151.70816815101458,148.3289874052162,3.3791807457983793,29.24105307146729,True,2.7,2,12
10,161.34559606627116,267.66247576311866,-106.31687969684751,-77.07582662538022,True,2.7,2,12
11,267.470233317582,165.94706075861802,101.52317255896395,24.447345933583733,True,2.7,2,12
12,155.7179124400025,151.50274349005184,4.215168949950652,28.662514883534385,True,2.7,2,12
13,144.84437270283485,142.3269234782726,2.517449224562256,31.17996410809664,False,2.7,2,12
14,144.2999857061006,143.43686010994946,0.8631255961511499,32.04308970424779,False,2.7,2,12
15,141.81902560285835,141.44039117374967,0.37863442910867207,32.42172413335646,False,2.7,2,12
16,139.09012120515965,138.87475591218333,0.21536529297631546,32.63708942633278,False,2.7,2,12
17,124.90454931806175,124.78685358320263,0.11769573485912588,32.754785161191904,False,2.7,2,12
18,112.11553641479844,112.04939144868385,0.06614496611459231,32.8209301273065,False,2.7,2,12
19,110.99126098478499,110.96637115674514,0.024889828039846407,32.84581995534634,False,2.7,2,12
20,108.11680150677981,108.10124947117136,0.015552035608450865,32.861371990954794,False,2.7,2,12
21,123.88174405932025,123.86785283323898,0.013891226081270247,32.875263217036064,False,2.7,2,12
22,129.88719527663278,129.87842631513416,0.0087689614986175,32.88403217853468,False,2.7,2,12
23,132.8750573505248,132.8700059846965,0.005051365828308008,32.88908354436299,False,2.7,2,12
24,134.31187377603112,134.30858929649673,0.0032844795343862643,32.892368023897376,False,2.7,2,12
1,199.55824388189603,317.96648180050795,-118.40823791861192,-118.40823791861192,True,2.75,2,12
2,313.75717189332454,196.82289857029357,116.93427332303096,-1.4739645955809522,True,2.75,2,12
3,132.1354136680373,126.86747466529434,5.267939002742963,3.793974407162011,True,2.75,2,12
4,148.5755946292409,245.41628467409876,-96.84069004485787,-93.04671563769585,True,2.75,2,12
5,310.61137226296546,191.40247694447183,119.20889531849363,26.162179680797777,True,2.75,2,12
6,172.42640562631226,166.04846168025105,6.377943946061208,32.540123626858986,True,2.75,2,12
7,178.07652109426377,296.85162429840403,-118.77510320414027,-86.23497957728128,True,2.75,2,12
8,295.2528346914711,178.59375059308573,116.65908409838536,30.424104521104084,True,2.75,2,12
9,155.75797364573862,150.69758488998875,5.0603887557498695,35.484493276853954,True,2.75,2,12
10,163.40743445265002,273.26979862148664,-109.86236416883662,-74.37787089198267,True,2.75,2,12
11,275.1954119246076,169.81432463809074,105.38108728651684,31.003216394534178,True,2.75,2,12
12,160.80074524099064,154.5967815805073,6.203963660483339,37.20718005501752,True,2.75,2,12
13,143.52172421539458,140.85245866510917,2.6692655502854166,39.87644560530293,False,2.75,2,12
14,143.87329995247083,142.97456039456767,0.8987395579031556,40.77518516320609,False,2.75,2,12
15,141.63818059763761,141.26861202695764,0.3695685706799736,41.14475373388606,False,2.75,2,12
16,139.00775946272546,138.82339395438345,0.1843655083420117,41.329119242228074,False,2.75,2,12
17,124.86493447464638,124.78542575923747,0.07950871540890603,41.40862795763698,False,2.75,2,12
18,112.0964327092827,112.06874573821248,0.02768697107021012,41.43631492870719,False,2.75,2,12
19,110.98178315240621,110.99308082344817,-0.011297671041958779,41.42501725766523,False,2.75,2,12
20,108.11452626881878,108.14236889401529,-0.027842625196512927,41.39717463246872,False,2.75,2,12
21,123.8818167058901,123.9187803139465,-0.036963608056396424,41.36021102441232,False,2.75,2,12
22,129.8889506405365,129.93031143274638,-0.04136079220987199,41.31885023220245,False,2.75,2,12
23,132.87720105344155,132.91922775201508,-0.04202669857352248,41.27682353362893,False,2.75,2,12
24,134.31435582949447,134.35546195998805,-0.041106130493574256,41.235717403135354,False,2.75,2,12
1,289.6662020656562,325.8409176529753,-36.1747155873191,-36.1747155873191,True,2.8,2,12
2,245.4683288798024,202.42966165365672,43.03866722614569,6.863951638826592,True,2.8,2,12
3,129.75016782801038,129.95238142752152,-0.20221359951113982,6.661738039315452,True,2.8,2,12
4,148.20875524042268,251.59141432024302,-103.38265907982034,-96.72092104050489,True,2.8,2,12
5,317.79850729577896,196.57296143369769,121.22554586208128,24.504624821576385,True,2.8,2,12
6,177.92211398732343,170.22173093882193,7.700383048501493,32.20500787007788,True,2.8,2,12
7,180.10874005667324,304.3940671977438,-124.28532714107058,-92.0803192709927,True,2.8,2,12
8,302.6562929646021,183.16141307054215,119.49487989405992,27.414560623067217,True,2.8,2,12
9,160.89303207869187,154.53989615068016,6.35313592801171,33.76769655107893,True,2.8,2,12
10,165.40168693209748,280.2084646114344,-114.80677767933693,-81.039081128258,True,2.8,2,12
11,282.00138665097825,174.153383234508,107.84800341647025,26.808922288212244,True,2.8,2,12
12,166.45687405830571,158.68840851312927,7.76846554517644,34.577387833388684,True,2.8,2,12
13,143.5277380140571,140.85245866510917,2.6752793489479245,37.25266718233661,False,2.8,2,12
14,143.88180938235385,142.97456039456767,0.9072489877861756,38.159916170122784,False,2.8,2,12
15,141.64682697757323,141.26861202695764,0.3782149506155861,38.53813112073837,False,2.8,2,12
16,139.01533100241278,138.82339395438345,0.19193704802933098,38.7300681687677,False,2.8,2,12
17,124.87172748837042,124.78542575923747,0.08630172913295553,38.81636989790066,False,2.8,2,12
18,112.10229423164049,112.06874573821248,0.03354849342800037,38.84991839132866,False,2.8,2,12
19,110.98738154966816,110.99308082344817,-0.005699273780010117,38.84421911754865,False,2.8,2,12
20,108.1209499641507,108.14236889401529,-0.021418929864594816,38.82280018768405,False,2.8,2,12
21,123.88894964405861,123.9187803139465,-0.029830669887886074,38.792969517796166,False,2.8,2,12
22,129.8960501419349,129.93031143274638,-0.03426129081148588,38.75870822698468,False,2.8,2,12
23,132.88401171982036,132.91922775201508,-0.03521603219471103,38.72349219478997,False,2.8,2,12
24,134.32082013365078,134.35546195998805,-0.03464182633726409,38.688850368452705,False,2.8,2,12
1,296.4133700507904,333.7153535054427,-37.301983454652316,-37.301983454652316,True,2.85,2,12
2,252.6459477367083,208.03642473701993,44.60952299968838,7.3075395450360645,True,2.85,2,12
3,132.83507461727055,133.0372881897487,-0.20221357247814353,7.105325972557921,True,2.85,2,12
4,150.02785165911232,257.76654396638736,-107.73869230727504,-100.63336633471712,True,2.85,2,12
5,325.5714473529888,201.74344592292357,123.82800143006523,23.194635095348104,True,2.85,2,12
6,183.73819264320701,174.39500019739285,9.343192445814168,32.53782754116227,True,2.85,2,12
7,182.31049517805965,311.9365100970837,-129.62601491902407,-97.0881873778618,True,2.85,2,12
8,310.09314879349245,187.72907554799866,122.36407324549378,25.275885867631985,True,2.85,2,12
9,166.05542267160268,158.38220741137167,7.673215260231018,32.949101127863,True,2.85,2,12
10,167.39432210739508,287.1471306013823,-119.7528084939872,-86.8037073661242,True,2.85,2,12
11,288.79553521178417,178.49244183092532,110.30309338085885,23.499386014734654,True,2.85,2,12
12,172.10572308549087,162.78003544575128,9.325687639739584,32.82507365447424,True,2.85,2,12
13,143.5277380140571,140.85245866510917,2.6752793489479245,35.50035300342216,False,2.85,2,12
14,143.88180938235385,142.97456039456767,0.9072489877861756,36.40760199120834,False,2.85,2,12
15,141.64682697757323,141.26861202695764,0.3782149506155861,36.785816941823924,False,2.85,2,12
16,139.01533100241278,138.82339395438345,0.19193704802933098,36.977753989853255,False,2.85,2,12
17,124.87172748837042,124.78542575923747,0.08630172913295553,37.06405571898621,False,2.85,2,12
18,112.10229423164049,112.06874573821248,0.03354849342800037,37.09760421241421,False,2.85,2,12
19,110.98738154966816,110.99308082344817,-0.005699273780010117,37.0919049386342,False,2.85,2,12
20,108.1209499641507,108.14236889401529,-0.021418929864594816,37.070486008769606,False,2.85,2,12
21,123.88894964405861,123.9187803139465,-0.029830669887886074,37.04065533888172,False,2.85,2,12
22,129.8960501419349,129.93031143274638,-0.03426129081148588,37.006394048070234,False,2.85,2,12
23,132.88401171982036,132.91922775201508,-0.03521603219471103,36.97117801587552,False,2.85,2,12
24,134.32082013365078,134.35546195998805,-0.03464182633726409,36.93653618953826,False,2.85,2,12
1,303.16053803592445,341.58978935791,-38.42925132198553,-38.42925132198553,True,2.9,2,12
2,259.8235665936141,213.64318782038308,46.18037877323101,7.75112745124548,True,2.9,2,12
3,135.9199814065307,136.12219495197587,-0.20221354544517567,7.548913905800305,True,2.9,2,12
4,151.84694807780195,263.9416736125316,-112.09472553472963,-104.54581162892933,True,2.9,2,12
5,333.34438741019835,206.91393041214943,126.43045699804892,21.884645369119596,True,2.9,2,12
6,189.5542712990906,178.56826945596373,10.986001843126871,32.87064721224647,True,2.9,2,12
7,184.51225029944604,319.4789529964235,-134.96670269697748,-102.09605548473101,True,2.9,2,12
8,317.5300046223827,192.2967380254551,125.23326659692759,23.13721111219658,True,2.9,2,12
9,171.2178132645134,162.22451867206306,8.993294592450354,32.130505704646936,True,2.9,2,12
10,169.38695728269263,294.08579659133,-124.69883930863736,-92.56833360399042,True,2.9,2,12
11,295.58968377259,182.83150042734258,112.7581833452474,20.189849741256978,True,2.9,2,12
12,177.75457211267596,166.8716623783733,10.882909734302672,31.07275947555965,True,2.9,2,12
13,143.5277380140571,140.85245866510917,2.6752793489479245,33.748038824507574,False,2.9,2,12
14,143.88180938235385,142.97456039456767,0.9072489877861756,34.65528781229375,False,2.9,2,12
15,141.64682697757323,141.26861202695764,0.3782149506155861,35.033502762909336,False,2.9,2,12
16,139.01533100241278,138.82339395438345,0.19193704802933098,35.22543981093867,False,2.9,2,12
17,124.87172748837042,124.78542575923747,0.08630172913295553,35.31174154007162,False,2.9,2,12
18,112.10229423164049,112.06874573821248,0.03354849342800037,35.34529003349962,False,2.9,2,12
19,110.98738154966816,110.99308082344817,-0.005699273780010117,35.33959075971961,False,2.9,2,12
20,108.1209499641507,108.14236889401529,-0.021418929864594816,35.31817182985502,False,2.9,2,12
21,123.88894964405861,123.9187803139465,-0.029830669887886074,35.28834115996713,False,2.9,2,12
22,129.8960501419349,129.93031143274638,-0.03426129081148588,35.254079869155646,False,2.9,2,12
23,132.88401171982036,132.91922775201508,-0.03521603219471103,35.218863836960935,False,2.9,2,12
24,134.32082013365078,134.35546195998805,-0.03464182633726409,35.18422201062367,False,2.9,2,12
1,309.9077060210586,349.4642252103774,-39.556519189318806,-39.556519189318806,True,2.95,2,12
2,267.00118545052004,219.2499509037463,47.75123454677373,8.194715357454925,True,2.95,2,12
3,139.0048881957909,139.20710171420308,-0.20221351841217938,7.992501839042745,True,2.95,2,12
4,153.6660444964916,270.11680325867593,-116.45075876218434,-108.45825692314159,True,2.95,2,12
5,341.11732746740813,212.0844149013753,129.03291256603282,20.57465564289123,True,2.95,2,12
6,195.3703499549742,182.74153871453467,12.628811240439518,33.20346688333075,True,2.95,2,12
7,192.79457021094316,327.0213958957634,-134.22682568482026,-101.02335880148951,True,2.95,2,12
8,321.590086838403,196.8644005029116,124.72568633549142,23.70232753400191,True,2.95,2,12
9,175.27926200853375,166.0668299327545,9.212432075779247,32.91475960978116,True,2.95,2,12
10,171.00027698030277,301.0244625812778,-130.02418560097504,-97.10942599119389,True,2.95,2,12
11,302.1557739959697,187.17055902375986,114.98521497220983,17.875788981015944,True,2.95,2,12
12,183.26378459768205,170.9632893109953,12.300495286686754,30.176284267702698,True,2.95,2,12
13,143.4529384108465,140.85245866510917,2.6004797457373456,32.776764013440044,False,2.95,2,12
14,143.84521991934471,142.97456039456767,0.8706595247770395,33.64742353821708,False,2.95,2,12
15,141.62938057553615,141.26861202695764,0.3607685485785055,34.00819208679559,False,2.95,2,12
16,139.00796371166336,138.82339395438345,0.18456975727991676,34.192761844075505,False,2.95,2,12
17,124.87119546290197,124.78542575923747,0.08576970366449643,34.27853154774,False,2.95,2,12
18,112.10494956349463,112.06874573821248,0.0362038252821435,34.314735373022145,False,2.95,2,12
19,110.99128865384661,110.99308082344817,-0.0017921696015577027,34.31294320342059,False,2.95,2,12
20,108.12743384467137,108.14236889401529,-0.01493504934391865,34.29800815407667,False,2.95,2,12
21,123.89712512281523,123.9187803139465,-0.021655191131273455,34.276352962945396,False,2.95,2,12
22,129.9044824936774,129.93031143274638,-0.025828939068986756,34.25052402387641,False,2.95,2,12
23,132.89218753863838,132.91922775201508,-0.0270402133766936,34.223483810499715,False,2.95,2,12
24,134.32861944463662,134.35546195998805,-0.026842515351432894,34.19664129514828,False,2.95,2,12
1,316.6548740061927,357.33866106284466,-40.683787056651965,-40.683787056651965,True,3.0,2,12
2,274.1788043074258,224.85671398710943,49.32209032031639,8.638303263664426,True,3.0,2,12
3,142.08979498505101,142.2920084764302,-0.2022134913791831,8.436089772285243,True,3.0,2,12
4,155.4851409151812,276.2919329048201,-120.8067919896389,-112.37070221735365,True,3.0,2,12
5,348.8902675246178,217.25489939060117,131.63536813401663,19.264665916662977,True,3.0,2,12
6,201.18642861085777,186.9148079731056,14.271620637752164,33.53628655441514,True,3.0,2,12
7,196.10389643314224,334.56383879510327,-138.45994236196103,-104.92365580754588,True,3.0,2,12
8,329.0269426672933,201.43206298036804,127.59487968692528,22.671223879379397,True,3.0,2,12
9,180.44165260144447,169.90914119344592,10.532511407998555,33.20373528737795,True,3.0,2,12
10,178.37154432104668,307.9631285712256,-129.5915842501789,-96.38784896280094,True,3.0,2,12
11,305.92180548424585,191.50961762017712,114.41218786406873,18.024338901267782,True,3.0,2,12
12,187.7207828082505,175.0549162436173,12.665866564633205,30.690205465900988,True,3.0,2,12
13,142.91556444451285,140.85245866510917,2.063105779403685,32.75331124530467,False,3.0,2,12
14,143.58153434971678,142.97456039456767,0.6069739551491011,33.360285200453774,False,3.0,2,12
15,141.48973732415755,141.26861202695764,0.22112529719990448,33.58141049765368,False,3.0,2,12
16,138.93197360057562,138.82339395438345,0.10857964619216887,33.68999014384585,False,3.0,2,12
17,124.83545471913513,124.78542575923747,0.05002895989765932,33.740019103743506,False,3.0,2,12
18,112.08986198234095,112.06874573821248,0.021116244128464245,33.76113534787197,False,3.0,2,12
19,110.98660732329151,110.99308082344817,-0.006473500156658929,33.75466184771531,False,3.0,2,12
20,108.13024468494058,108.14236889401529,-0.012124209074713121,33.7425376386406,False,3.0,2,12
21,123.90364036137737,123.9187803139465,-0.015139952569128923,33.72739768607147,False,3.0,2,12
22,129.9129575230845,129.93031143274638,-0.01735390966189243,33.71004377640958,False,3.0,2,12
23,132.90129984321598,132.91922775201508,-0.017927908799094894,33.69211586761048,False,3.0,2,12
24,134.3377821869949,134.35546195998805,-0.017679772993147935,33.674436094617334,False,3.0,2,12
1,323.4020419913267,365.213096915312,-41.811054923985296,-41.811054923985296,True,3.05,2,12
2,281.35642316433166,230.46347707047258,50.89294609385908,9.081891169873785,True,3.05,2,12
3,145.1747017743112,145.37691523865738,-0.2022134643461868,8.879677705527598,True,3.05,2,12
4,157.30423733387084,282.4670625509644,-125.16282521709354,-116.28314751156594,True,3.05,2,12
5,356.6632075818274,222.42538387982702,134.23782370200038,17.95467619043444,True,3.05,2,12
6,207.00250726674133,191.0880772316765,15.91443003506484,33.86910622549928,True,3.05,2,12
7,199.41322265534131,342.10628169444306,-142.69305903910174,-108.82395281360246,True,3.05,2,12
8,336.46379849618364,205.9997254578245,130.46407303835915,21.640120224756686,True,3.05,2,12
9,185.60404319435523,173.75145245413736,11.852590740217863,33.49271096497455,True,3.05,2,12
10,181.2931583687521,314.9017945611734,-133.6086361924213,-100.11592522744675,True,3.05,2,12
11,312.7159540450517,195.8486762165944,116.8672778284573,16.751352601010552,True,3.05,2,12
12,193.36963183543563,179.14654317623925,14.223088659196378,30.97444126020693,True,3.05,2,12
13,142.91556444451285,140.85245866510917,2.063105779403685,33.037547039610615,False,3.05,2,12
14,143.58153434971678,142.97456039456767,0.6069739551491011,33.644520994759716,False,3.05,2,12
15,141.48973732415755,141.26861202695764,0.22112529719990448,33.86564629195962,False,3.05,2,12
16,138.93197360057562,138.82339395438345,0.10857964619216887,33.97422593815179,False,3.05,2,12
17,124.83545471913513,124.78542575923747,0.05002895989765932,34.02425489804945,False,3.05,2,12
18,112.08986198234095,112.06874573821248,0.021116244128464245,34.04537114217791,False,3.05,2,12
19,110.98660732329151,110.99308082344817,-0.006473500156658929,34.038897642021254,False,3.05,2,12
20,108.13024468494058,108.14236889401529,-0.012124209074713121,34.02677343294654,False,3.05,2,12
21,123.90364036137737,123.9187803139465,-0.015139952569128923,34.01163348037741,False,3.05,2,12
22,129.9129575230845,129.93031143274638,-0.01735390966189243,33.99427957071552,False,3.05,2,12
23,132.90129984321598,132.91922775201508,-0.017927908799094894,33.976351661916425,False,3.05,2,12
24,134.3377821869949,134.35546195998805,-0.017679772993147935,33.95867188892328,False,3.05,2,12
1,249.4473696198209,373.0875327677794,-123.6401631479585,-123.6401631479585,True,3.1,2,12
2,367.42872343441275,236.07024015383573,131.35848328057702,7.718320132618516,True,3.1,2,12
3,148.85063274857973,148.46182200088455,0.38881074769517454,8.10713088031369,True,3.1,2,12
4,182.11703591405416,288.6421921971087,-106.52515628305457,-98.41802540274088,True,3.1,2,12
5,362.36677970274735,227.59586836905297,134.7709113336944,36.352885930953505,True,3.1,2,12
6,195.69185608735273,195.2613464902474,0.43050959710532766,36.78339552805883,True,3.1,2,12
7,215.11683751978833,349.64872459378296,-134.53188707399462,-97.74849154593579,True,3.1,2,12
8,345.0834285181087,210.56738793528095,134.51604058282774,36.76754903689195,True,3.1,2,12
9,177.9247689115296,177.5937637148288,0.33100519670080075,37.09855423359275,True,3.1,2,12
10,182.15477583258206,321.8404605511213,-139.68568471853922,-102.58713048494647,True,3.1,2,12
11,319.9798558035206,200.1877348130117,119.79212099050889,17.20499050556242,True,3.1,2,12
12,199.48153084215585,183.23817010886128,16.243360733294566,33.448351238856986,True,3.1,2,12
13,142.8307675209348,140.85245866510917,1.9783088558256452,35.42666009468263,False,3.1,2,12
14,143.4853759965281,142.97456039456767,0.5108156019604166,35.93747569664305,False,3.1,2,12
15,141.4028562682278,141.26861202695764,0.134244241270153,36.0717199379132,False,3.1,2,12
16,138.83740931705353,138.82339395438345,0.014015362670079412,36.08573530058328,False,3.1,2,12
17,124.73659425033242,124.78542575923747,-0.048831508905053056,36.03690379167823,False,3.1,2,12
18,111.99272276136192,112.06874573821248,-0.07602297685056669,35.96088081482766,False,3.1,2,12
19,110.8999750087226,110.99308082344817,-0.09310581472556123,35.8677750001021,False,3.1,2,12
20,108.05328346342955,108.14236889401529,-0.08908543058574026,35.77868956951636,False,3.1,2,12
21,123.82945795976508,123.9187803139465,-0.08932235418141943,35.68936721533494,False,3.1,2,12
22,129.82953439436687,129.93031143274638,-0.1007770383795048,35.588590176955435,False,3.1,2,12
23,132.8271057704011,132.91922775201508,-0.09212198161398533,35.49646819534145,False,3.1,2,12
24,134.2700645011609,134.35546195998805,-0.08539745882714556,35.411070736514304,False,3.1,2,12
1,255.44725811830804,380.9619686202467,-125.51471050193865,-125.51471050193865,True,3.15,2,12
2,375.35166897943554,241.6770032371989,133.67466574223664,8.15995524029799,True,3.15,2,12
3,151.93553953783984,151.5467287631117,0.3888107747281424,8.548766015026132,True,3.15,2,12
4,186.3100603047354,294.81732184325296,-108.50726153851755,-99.95849552349142,True,3.15,2,12
5,370.12353146344634,232.7663528582788,137.35717860516755,37.398683081676126,True,3.15,2,12
6,199.8651253797873,199.4346157488183,0.43050963096899864,37.829192712645124,True,3.15,2,12
7,219.90886196009234,357.1911674931228,-137.28230553303047,-99.45311282038534,True,3.15,2,12
8,352.51759156324886,215.13505041273743,137.38254115051143,37.929428330126086,True,3.15,2,12
9,181.7670802013574,181.43607497552026,0.33100522583714564,38.26043355596323,True,3.15,2,12
10,186.65223853344173,328.779126541069,-142.12688800762726,-103.86645445166403,True,3.15,2,12
11,326.7733450892565,204.52679340942896,122.24655167982755,18.38009722816352,True,3.15,2,12
12,205.16683866194336,187.32979704148326,17.8370416204601,36.21713884862362,True,3.15,2,12
13,142.8307675209348,140.85245866510917,1.9783088558256452,38.195447704449265,False,3.15,2,12
14,143.4853759965281,142.97456039456767,0.5108156019604166,38.70626330640968,False,3.15,2,12
15,141.4028562682278,141.26861202695764,0.134244241270153,38.840507547679834,False,3.15,2,12
16,138.83740931705353,138.82339395438345,0.014015362670079412,38.854522910349914,False,3.15,2,12
17,124.73659425033242,124.78542575923747,-0.048831508905053056,38.80569140144486,False,3.15,2,12
18,111.99272276136192,112.06874573821248,-0.07602297685056669,38.729668424594294,False,3.15,2,12
19,110.8999750087226,110.99308082344817,-0.09310581472556123,38.63656260986873,False,3.15,2,12
20,108.05328346342955,108.14236889401529,-0.08908543058574026,38.54747717928299,False,3.15,2,12
21,123.82945795976508,123.9187803139465,-0.08932235418141943,38.45815482510157,False,3.15,2,12
22,129.82953439436687,129.93031143274638,-0.1007770383795048,38.35737778672207,False,3.15,2,12
23,132.8271057704011,132.91922775201508,-0.09212198161398533,38.26525580510808,False,3.15,2,12
24,134.2700645011609,134.35546195998805,-0.08539745882714556,38.17985834628094,False,3.15,2,12
1,343.6435459467291,388.8364044727141,-45.192858525985,-45.192858525985,True,3.2,2,12
2,302.8892797350492,247.2837663205621,55.60551341448706,10.412654888502061,True,3.2,2,12
3,154.42942214209162,154.63163552533888,-0.2022133832472548,10.210441505254806,True,3.2,2,12
4,172.9485762517061,300.9924514893973,-128.0438752376912,-117.83343373243639,True,3.2,2,12
5,377.8298039170303,237.93683734750468,139.8929665695256,22.059532837089222,True,3.2,2,12
6,223.41150787708662,203.60788500738926,19.803622869697364,41.863155706786586,True,3.2,2,12
7,208.7324332741817,364.73361039246265,-156.00117711828096,-114.13802141149438,True,3.2,2,12
8,358.3752012013114,219.70271289019388,138.67248831111755,24.53446689962317,True,3.2,2,12
9,200.81275833666604,186.62982792034634,14.182930416319692,38.71739731594286,True,3.2,2,12
10,192.35526002902674,336.6989931561557,-144.34373312712898,-105.62633581118612,True,3.2,2,12
11,333.90224691895554,208.88597247386613,125.01627444508941,19.389938633903284,True,3.2,2,12
12,210.439619926645,192.07078016176942,18.368839764875588,37.75877839877887,True,3.2,2,12
13,142.8368725315167,140.68867681756316,2.148195713953527,39.9069741127324,False,3.2,2,12
14,143.4420235723636,142.8466689251257,0.5953546472379116,40.50232875997031,False,3.2,2,12
15,141.34254457477624,141.1594512269678,0.18309334780843756,40.68542210777875,False,3.2,2,12
16,138.77717114222486,138.71889560607582,0.05827553614903991,40.74369764392779,False,3.2,2,12
17,124.67514452630495,124.68197004916208,-0.006825522857127453,40.73687212107066,False,3.2,2,12
18,111.93355511524044,111.97001372535674,-0.03645861011629847,40.70041351095436,False,3.2,2,12
19,110.83820046234102,110.90062281041557,-0.062422348074548495,40.637991162879814,False,3.2,2,12
20,107.9957202920501,108.05802771182026,-0.062307419770164074,40.57568374310965,False,3.2,2,12
21,123.77210229225804,123.83587329129324,-0.06377099903519934,40.51191274407445,False,3.2,2,12
22,129.76602605325556,129.83896637229577,-0.07294031904021381,40.43897242503424,False,3.2,2,12
23,132.76795387742894,132.83653629130302,-0.0685824138740827,40.370390011160154,False,3.2,2,12
24,134.21538616771386,134.27978727251457,-0.06440110480070871,40.305988906359445,False,3.2,2,12
1,158.50314572010907,158.55129368779754,-0.04814796768846463,-0.04814796768846463,True,1.4,3,12
2,155.5875812013029,155.2005276763154,0.38705352498749335,0.3389055572990287,True,1.4,3,12
3,117.53987570350206,117.41662268432783,0.12325301917422848,0.4621585764732572,True,1.4,3,12
4,126.9679012648414,126.92743622168337,0.04046504315803645,0.5026236196312936,True,1.4,3,12
5,157.90238197619894,157.4579418642115,0.44444011198743283,0.9470637316187265,True,1.4,3,12
6,155.00606431663257,154.7942795326229,0.21178478400966583,1.1588485156283923,True,1.4,3,12
7,152.4136560451378,152.322829373471,0.0908266716668038,1.249675187295196,True,1.4,3,12
8,148.8039656999684,148.3321980110409,0.47176768892748555,1.7214428762226817,True,1.4,3,12
9,140.96011668085495,140.73128484253806,0.2288318383168928,1.9502747145395745,True,1.4,3,12
10,140.32974009545734,140.21972253920723,0.11001755625011356,2.060292270789688,True,1.4,3,12
11,142.48619888697212,142.02400256513042,0.46219632184170223,2.5224885926313902,True,1.4,3,12
12,144.14730331340456,143.90582727914347,0.24147603426109754,2.763964626892488,True,1.4,3,12
13,149.99473925413966,149.81998995144323,0.1747493026964264,2.938713929588914,False,1.4,3,12
14,147.037916358144,146.90457587026438,0.1333404878796216,3.072054417468536,False,1.4,3,12
15,143.5756821090128,143.4726363696613,0.10304573935150074,3.1751001568200365,False,1.4,3,12
16,140.30137362481025,140.2188917505519,0.08248187425834885,3.2575820310783854,False,1.4,3,12
17,125.70939827137677,125.6420788312831,0.06731944009366941,3.324901471172055,False,1.4,3,12
18,112.67571909826819,112.62023308613155,0.055486012136640284,3.380387483308695,False,1.4,3,12
19,111.50634076879713,111.46046025974715,0.04588050904997942,3.4262679923586745,False,1.4,3,12
20,108.5621490354334,108.51293734290383,0.049211692529567586,3.475479684888242,False,1.4,3,12
21,124.32730428884173,124.27087142638062,0.0564328624611079,3.53191254734935,False,1.4,3,12
22,130.30424561983534,130.25009225819417,0.054153361641169795,3.58606590899052,False,1.4,3,12
23,133.2649806787761,133.21451250671993,0.05046817205618481,3.6365340810467046,False,1.4,3,12
24,134.67243143352135,134.6253243423257,0.047107091195641715,3.6836411722423463,False,1.4,3,12
1,158.50314572010907,158.82795799193562,-0.32481227182654493,-0.32481227182654493,True,1.45,3,12
2,155.5875812013029,155.2005276763154,0.38705352498749335,0.06224125316094842,True,1.45,3,12
3,117.53987570350206,117.41662268432783,0.12325301917422848,0.1854942723351769,True,1.45,3,12
4,126.9679012648414,127.13746485915061,-0.16956359430920998,0.015930678025966927,True,1.45,3,12
5,157.90238197619894,157.4579418642115,0.44444011198743283,0.46037079001339976,True,1.45,3,12
6,155.00606431663257,154.7942795326229,0.21178478400966583,0.6721555740230656,True,1.45,3,12
7,152.4136560451378,152.5857955908928,-0.17213954575498747,0.5000160282680781,True,1.45,3,12
8,148.8039656999684,148.3321980110409,0.47176768892748555,0.9717837171955637,True,1.45,3,12
9,140.96011668085495,140.73128484253806,0.2288318383168928,1.2006155555124565,True,1.45,3,12
10,140.32974009545734,140.46814187050248,-0.13840177504513917,1.0622137804673173,True,1.45,3,12
11,142.48619888697212,142.02400256513042,0.46219632184170223,1.5244101023090195,True,1.45,3,12
12,144.14730331340456,143.90582727914347,0.24147603426109754,1.765886136570117,True,1.45,3,12
13,149.99473925413966,149.81998995144323,0.1747493026964264,1.9406354392665435,False,1.45,3,12
14,147.037916358144,146.90457587026438,0.1333404878796216,2.073975927146165,False,1.45,3,12
15,143.5756821090128,143.4726363696613,0.10304573935150074,2.177021666497666,False,1.45,3,12
16,140.30137362481025,140.2188917505519,0.08248187425834885,2.2595035407560147,False,1.45,3,12
17,125.70939827137677,125.6420788312831,0.06731944009366941,2.326822980849684,False,1.45,3,12
18,112.67571909826819,112.62023308613155,0.055486012136640284,2.3823089929863244,False,1.45,3,12
19,111.50634076879713,111.46046025974715,0.04588050904997942,2.428189502036304,False,1.45,3,12
20,108.5621490354334,108.51293734290383,0.049211692529567586,2.4774011945658714,False,1.45,3,12
21,124.32730428884173,124.27087142638062,0.0564328624611079,2.5338340570269793,False,1.45,3,12
22,130.30424561983534,130.25009225819417,0.054153361641169795,2.587987418668149,False,1.45,3,12
23,133.2649806787761,133.21451250671993,0.05046817205618481,2.638455590724334,False,1.45,3,12
24,134.67243143352135,134.6253243423257,0.047107091195641715,2.6855626819199756,False,1.45,3,12
1,158.50314572010907,159.1046222960737,-0.6014765759646252,-0.6014765759646252,True,1.5,3,12
2,155.5875812013029,155.2005276763154,0.38705352498749335,-0.21442305097713188,True,1.5,3,12
3,117.53987570350206,117.41662268432783,0.12325301917422848,-0.0911700318029034,True,1.5,3,12
4,126.9679012648414,127.34749349661786,-0.3795922317764564,-0.4707622635793598,True,1.5,3,12
5,157.90238197619894,157.4579418642115,0.44444011198743283,-0.026322151591926968,True,1.5,3,12
6,155.00606431663257,154.7942795326229,0.21178478400966583,0.18546263241773886,True,1.5,3,12
7,152.4136560451378,152.84876180831455,-0.4351057631767503,-0.24964313075901146,True,1.5,3,12
8,148.8039656999684,148.3321980110409,0.47176768892748555,0.2221245581684741,True,1.5,3,12
9,140.96011668085495,140.73128484253806,0.2288318383168928,0.4509563964853669,True,1.5,3,12
10,140.32974009545734,140.71656120179773,-0.3868211063403919,0.06413529014497499,True,1.5,3,12
11,142.48619888697212,142.02400256513042,0.46219632184170223,0.5263316119866772,True,1.5,3,12
12,144.14730331340456,143.90582727914347,0.24147603426109754,0.7678076462477748,True,1.5,3,12
13,149.99473925413966,149.81998995144323,0.1747493026964264,0.9425569489442012,False,1.5,3,12
14,147.037916358144,146.90457587026438,0.1333404878796216,1.0758974368238228,False,1.5,3,12
15,143.5756821090128,143.4726363696613,0.10304573935150074,1.1789431761753235,False,1.5,3,12
16,140.30137362481025,140.2188917505519,0.08248187425834885,1.2614250504336724,False,1.5,3,12
17,125.70939827137677,125.6420788312831,0.06731944009366941,1.3287444905273418,False,1.5,3,12
18,112.67571909826819,112.62023308613155,0.055486012136640284,1.384230502663982,False,1.5,3,12
19,111.50634076879713,111.46046025974715,0.04588050904997942,1.4301110117139615,False,1.5,3,12
20,108.5621490354334,108.51293734290383,0.049211692529567586,1.479322704243529,False,1.5,3,12
21,124.32730428884173,124.27087142638062,0.0564328624611079,1.535755566704637,False,1.5,3,12
22,130.30424561983534,130.25009225819417,0.054153361641169795,1.5899089283458068,False,1.5,3,12
23,133.2649806787761,133.21451250671993,0.05046817205618481,1.6403771004019916,False,1.5,3,12
24,134.67243143352135,134.6253243423257,0.047107091195641715,1.6874841915976333,False,1.5,3,12
1,158.50314572010907,159.38128660021178,-0.8781408801027055,-0.8781408801027055,True,1.55,3,12
2,155.5875812013029,155.2005276763154,0.38705352498749335,-0.4910873551152122,True,1.55,3,12
3,117.53987570350206,117.41662268432783,0.12325301917422848,-0.3678343359409837,True,1.55,3,12
4,126.9679012648414,127.5575221340851,-0.5896208692437028,-0.9574552051846865,True,1.55,3,12
5,157.90238197619894,157.4579418642115,0.44444011198743283,-0.5130150931972537,True,1.55,3,12
6,155.00606431663257,154.7942795326229,0.21178478400966583,-0.30123030918758786,True,1.55,3,12
7,152.4136560451378,153.11172802573634,-0.6980719805985416,-0.9993022897861294,True,1.55,3,12
8,148.8039656999684,148.3321980110409,0.47176768892748555,-0.5275346008586439,True,1.55,3,12
9,140.96011668085495,140.73128484253806,0.2288318383168928,-0.2987027625417511,True,1.55,3,12
10,140.32974009545734,140.96498053309298,-0.6352404376356446,-0.9339432001773957,True,1.55,3,12
11,142.48619888697212,142.02400256513042,0.46219632184170223,-0.4717468783356935,True,1.55,3,12
12,144.14730331340456,143.90582727914347,0.24147603426109754,-0.23027084407459597,True,1.55,3,12
13,149.99473925413966,149.81998995144323,0.1747493026964264,-0.05552154137816956,False,1.55,3,12
14,147.037916358144,146.90457587026438,0.1333404878796216,0.07781894650145205,False,1.55,3,12
15,143.5756821090128,143.4726363696613,0.10304573935150074,0.1808646858529528,False,1.55,3,12
16,140.30137362481025,140.2188917505519,0.08248187425834885,0.26334656011130164,False,1.55,3,12
17,125.70939827137677,125.6420788312831,0.06731944009366941,0.33066600020497106,False,1.55,3,12
18,112.67571909826819,112.62023308613155,0.055486012136640284,0.38615201234161134,False,1.55,3,12
19,111.50634076879713,111.46046025974715,0.04588050904997942,0.43203252139159076,False,1.55,3,12
20,108.5621490354334,108.51293734290383,0.049211692529567586,0.48124421392115835,False,1.55,3,12
21,124.32730428884173,124.27087142638062,0.0564328624611079,0.5376770763822663,False,1.55,3,12
22,130.30424561983534,130.25009225819417,0.054153361641169795,0.591830438023436,False,1.55,3,12
23,133.2649806787761,133.21451250671993,0.05046817205618481,0.6422986100796209,False,1.55,3,12
24,134.67243143352135,134.6253243423257,0.047107091195641715,0.6894057012752626,False,1.55,3,12
1,158.50314572010907,159.6579509043499,-1.1548051842408142,-1.1548051842408142,True,1.6,3,12
2,156.73556543562478,155.2005276763154,1.5350377593093754,0.3802325750685611,True,1.6,3,12
3,117.25924950758444,117.41662268432783,-0.15737317674339124,0.22285939832516988,True,1.6,3,12
4,126.83673853067279,127.76755077155235,-0.9308122408795612,-0.7079528425543913,True,1.6,3,12
5,158.91962001847693,157.4579418642115,1.461678154265428,0.7537253117110367,True,1.6,3,12
6,154.57083391601927,154.7942795326229,-0.22344561660364093,0.5302796951073958,True,1.6,3,12
7,152.199891151528,153.3746942431581,-1.1748030916301104,-0.6445233965227146,True,1.6,3,12
8,149.76539762093276,148.3321980110409,1.433199609891858,0.7886762133691434,True,1.6,3,12
9,140.51420723023978,140.73128484253806,-0.21707761229828293,0.5715986010708605,True,1.6,3,12
10,140.10050475080146,141.21339986438824,-1.1128951135867737,-0.5412965125159133,True,1.6,3,12
11,143.35996287400235,142.02400256513042,1.3359603088719325,0.7946637963560192,True,1.6,3,12
12,143.6925860460167,143.90582727914347,-0.21324123312678012,0.5814225632292391,True,1.6,3,12
13,149.7401430453173,149.81998995144323,-0.07984690612593681,0.5015756571033023,False,1.6,3,12
14,146.8664140605526,146.90457587026438,-0.03816180971179506,0.46341384739150726,False,1.6,3,12
15,143.4518207571692,143.4726363696613,-0.0208156124921004,0.44259823489940686,False,1.6,3,12
16,140.20613791090304,140.2188917505519,-0.012753839648866006,0.42984439525054086,False,1.6,3,12
17,125.63361510484292,125.6420788312831,-0.00846372644018345,0.4213806688103574,False,1.6,3,12
18,112.61429255747295,112.62023308613155,-0.0059405286585985095,0.4154401401517589,False,1.6,3,12
19,111.45612604735355,111.46046025974715,-0.004334212393601433,0.41110592775815746,False,1.6,3,12
20,108.50872245304794,108.51293734290383,-0.0042148898558878045,0.40689103790226966,False,1.6,3,12
21,124.26639762587754,124.27087142638062,-0.004473800503077996,0.40241723739919166,False,1.6,3,12
22,130.24605544019897,130.25009225819417,-0.004036817995199726,0.39838041940399194,False,1.6,3,12
23,133.21093223265333,133.21451250671993,-0.0035802740665928923,0.39480014533739904,False,1.6,3,12
24,134.62211463901818,134.6253243423257,-0.0032097033075331183,0.3915904420298659,False,1.6,3,12
1,158.50314572010907,160.88814946545364,-2.3850037453445623,-2.3850037453445623,True,1.65,3,12
2,157.86439330638203,154.45098942156858,3.413403884813448,1.0284001394688858,True,1.65,3,12
3,116.95237885773585,117.19463969417359,-0.24226083643773677,0.786139303031149,True,1.65,3,12
4,126.70523827439759,128.59762003810528,-1.8923817637076894,-1.1062424606765404,True,1.65,3,12
5,159.10120469949385,156.62867839488996,2.472526304603889,1.3662838439273486,True,1.65,3,12
6,154.51987623222166,154.44261501906084,0.07726121316082413,1.4435450570881727,True,1.65,3,12
7,153.00963558898138,154.37102195448324,-1.3613863655018577,0.08215869158631506,True,1.65,3,12
8,149.59471140650015,147.4809117365627,2.113799669937464,2.195958361523779,True,1.65,3,12
9,140.34283054464345,140.37477113987012,-0.03194059522667203,2.164017766297107,True,1.65,3,12
10,140.7889746889739,142.12474652183522,-1.335771832861326,0.828245933435781,True,1.65,3,12
11,143.19741421257808,141.27253397214585,1.9248802404322305,2.7531261738680115,True,1.65,3,12
12,143.51767530564848,143.57441441749216,-0.05673911184368308,2.6963870620243284,True,1.65,3,12
13,149.63558615259683,149.61727067303252,0.01831547956430768,2.714702541588636,False,1.65,3,12
14,146.7978410141701,146.7688183887547,0.029022625415393577,2.7437251670040297,False,1.65,3,12
15,143.40248829022192,143.37308131259965,0.029406977622272734,2.7731321446263024,False,1.65,3,12
16,140.16299154379902,140.13029969077473,0.03269185302428923,2.8058239976505917,False,1.65,3,12
17,125.60162962103742,125.57539601609741,0.026233604940003374,2.832057602590595,False,1.65,3,12
18,112.58984233395418,112.5685921882875,0.02125014566668426,2.8533077482572793,False,1.65,3,12
19,111.43706158189873,111.41975363266754,0.017307949231195607,2.870615697488475,False,1.65,3,12
20,108.49370160484483,108.48057409446014,0.013127510384691732,2.8837432078731666,False,1.65,3,12
21,124.25453926425945,124.24513047237983,0.009408791879621958,2.8931519997527886,False,1.65,3,12
22,130.23394245277507,130.2236343769349,0.010308075840157471,2.903460075592946,False,1.65,3,12
23,133.19939268322278,133.1891742435904,0.010218439632382115,2.913678515225328,False,1.65,3,12
24,134.60843767740502,134.59515693848,0.01328073892503312,2.9269592541503613,False,1.65,3,12
1,158.50314572010907,165.25232899698796,-6.749183276878881,-6.749183276878881,True,1.7,3,12
2,162.3016255690234,154.45098942156858,7.850636147454821,1.1014528705759403,True,1.7,3,12
3,116.7075024942692,117.19463969417359,-0.48713719990438165,0.6143156706715587,True,1.7,3,12
4,126.59826830329695,131.99152775576204,-5.393259452465088,-4.778943781793529,True,1.7,3,12
5,164.2282721225667,156.62867839488996,7.599593727676734,2.820649945883204,True,1.7,3,12
6,153.75500664474933,154.44261501906084,-0.6876083743115089,2.1330415715716953,True,1.7,3,12
7,151.84316349041333,158.61115747087007,-6.767993980456737,-4.634952408885042,True,1.7,3,12
8,154.97534051844283,147.4809117365627,7.494428781880146,2.859476372995104,True,1.7,3,12
9,139.71061637751785,140.37477113987012,-0.6641547623522683,2.1953216106428357,True,1.7,3,12
10,139.7477326590065,146.06248918727212,-6.314756528265633,-4.119434917622797,True,1.7,3,12
11,147.89488801435215,141.27253397214585,6.622354042206297,2.5029191245834994,True,1.7,3,12
12,142.95803045363039,143.57441441749216,-0.6163839638617787,1.8865351607217207,True,1.7,3,12
13,149.39099789080572,149.61727067303252,-0.22627278222680047,1.6602623784949202,False,1.7,3,12
14,146.66416093610397,146.7688183887547,-0.10465745265074133,1.5556049258441789,False,1.7,3,12
15,143.31635025777518,143.37308131259965,-0.05673105482446772,1.4988738710197111,False,1.7,3,12
16,140.09306716297397,140.13029969077473,-0.03723252780076791,1.4616413432189432,False,1.7,3,12
17,125.5524842789448,125.57539601609741,-0.022911737152611522,1.4387296060663317,False,1.7,3,12
18,112.55368275364562,112.5685921882875,-0.014909434641879216,1.4238201714244525,False,1.7,3,12
19,111.40960916712373,111.41975363266754,-0.010144465543802994,1.4136757058806495,False,1.7,3,12
20,108.47245611128844,108.48057409446014,-0.008117983171700871,1.4055577227089486,False,1.7,3,12
21,124.23795807003302,124.24513047237983,-0.007172402346810713,1.398385320362138,False,1.7,3,12
22,130.2171212434511,130.2236343769349,-0.006513133483821321,1.3918721868783166,False,1.7,3,12
23,133.18342699443843,133.1891742435904,-0.005747249151966116,1.3861249377263505,False,1.7,3,12
24,134.58954439019516,134.59515693848,-0.0056125482848301544,1.3805123894415203,False,1.7,3,12
1,158.50314572010907,169.6165085285223,-11.113362808413228,-11.113362808413228,True,1.75,3,12
2,166.64385963209708,154.45098942156858,12.192870210528497,1.0795074021152686,True,1.75,3,12
3,116.7075024942692,117.19463969417359,-0.48713719990438165,0.592370202210887,True,1.75,3,12
4,126.59826830329695,135.3854354734188,-8.787167170121847,-8.19479696791096,True,1.75,3,12
5,168.4915336027591,156.62867839488996,11.862855207869131,3.668058239958171,True,1.75,3,12
6,153.75500664474933,154.44261501906084,-0.6876083743115089,2.980449865646662,True,1.75,3,12
7,151.84316349041333,162.85129298725687,-11.008129496843537,-8.027679631196875,True,1.75,3,12
8,159.1930104488267,147.4809117365627,11.712098712264009,3.6844190810671336,True,1.75,3,12
9,139.71061637751785,140.37477113987012,-0.6641547623522683,3.0202643187148652,True,1.75,3,12
10,139.7477326590065,150.00023185270902,-10.252499193702533,-7.232234874987668,True,1.75,3,12
11,151.56825400298052,141.27253397214585,10.295720030834673,3.0634851558470046,True,1.75,3,12
12,142.95803045363039,143.57441441749216,-0.6163839638617787,2.447101191985226,True,1.75,3,12
13,149.39099789080572,149.61727067303252,-0.22627278222680047,2.2208284097584254,False,1.75,3,12
14,146.66416093610397,146.7688183887547,-0.10465745265074133,2.116170957107684,False,1.75,3,12
15,143.31635025777518,143.37308131259965,-0.05673105482446772,2.0594399022832164,False,1.75,3,12
16,140.09306716297397,140.13029969077473,-0.03723252780076791,2.0222073744824485,False,1.75,3,12
17,125.5524842789448,125.57539601609741,-0.022911737152611522,1.999295637329837,False,1.75,3,12
18,112.55368275364562,112.5685921882875,-0.014909434641879216,1.9843862026879577,False,1.75,3,12
19,111.40960916712373,111.41975363266754,-0.010144465543802994,1.9742417371441547,False,1.75,3,12
20,108.47245611128844,108.48057409446014,-0.008117983171700871,1.9661237539724539,False,1.75,3,12
21,124.23795807003302,124.24513047237983,-0.007172402346810713,1.9589513516256432,False,1.75,3,12
22,130.2171212434511,130.2236343769349,-0.006513133483821321,1.9524382181418218,False,1.75,3,12
23,133.18342699443843,133.1891742435904,-0.005747249151966116,1.9466909689898557,False,1.75,3,12
24,134.58954439019516,134.59515693848,-0.0056125482848301544,1.9410784207050256,False,1.75,3,12
1,158.50314572010907,173.98068806005662,-15.477542339947547,-15.477542339947547,True,1.8,3,12
2,170.98609369517075,154.45098942156858,16.535104273602172,1.0575619336546254,True,1.8,3,12
3,116.7075024942692,117.19463969417359,-0.48713719990438165,0.5704247337502437,True,1.8,3,12
4,126.59826830329695,138.77934319107555,-12.181074887778607,-11.610650154028363,True,1.8,3,12
5,172.7547950829515,156.62867839488996,16.12611668806153,4.515466534033166,True,1.8,3,12
6,153.75500664474933,154.44261501906084,-0.6876083743115089,3.827858159721657,True,1.8,3,12
7,151.84316349041333,167.09142850364367,-15.248265013230338,-11.42040685350868,True,1.8,3,12
8,163.41068037921053,147.4809117365627,15.929768642647844,4.509361789139163,True,1.8,3,12
9,139.71061637751785,140.37477113987012,-0.6641547623522683,3.8452070267868947,True,1.8,3,12
10,139.7477326590065,153.9379745181459,-14.190241859139405,-10.34503483235251,True,1.8,3,12
11,155.2416199916089,141.27253397214585,13.969086019463049,3.6240511871105383,True,1.8,3,12
12,142.95803045363039,143.57441441749216,-0.6163839638617787,3.0076672232487596,True,1.8,3,12
13,149.39099789080572,149.61727067303252,-0.22627278222680047,2.781394441021959,False,1.8,3,12
14,146.66416093610397,146.7688183887547,-0.10465745265074133,2.6767369883712178,False,1.8,3,12
15,143.31635025777518,143.37308131259965,-0.05673105482446772,2.62000593354675,False,1.8,3,12
16,140.09306716297397,140.13029969077473,-0.03723252780076791,2.582773405745982,False,1.8,3,12
17,125.5524842789448,125.57539601609741,-0.022911737152611522,2.5598616685933706,False,1.8,3,12
18,112.55368275364562,112.5685921882875,-0.014909434641879216,2.5449522339514914,False,1.8,3,12
19,111.40960916712373,111.41975363266754,-0.010144465543802994,2.5348077684076884,False,1.8,3,12
20,108.47245611128844,108.48057409446014,-0.008117983171700871,2.5266897852359875,False,1.8,3,12
21,124.23795807003302,124.24513047237983,-0.007172402346810713,2.519517382889177,False,1.8,3,12
22,130.2171212434511,130.2236343769349,-0.006513133483821321,2.5130042494053555,False,1.8,3,12
23,133.18342699443843,133.1891742435904,-0.005747249151966116,2.5072570002533894,False,1.8,3,12
24,134.58954439019516,134.59515693848,-0.0056125482848301544,2.5016444519685592,False,1.8,3,12
1,175.80674182104994,178.76476316102696,-2.958021339977023,-2.958021339977023,True,1.85,3,12
2,157.36117798152566,152.3011643863025,5.060013595223154,2.101992255246131,True,1.85,3,12
3,117.03726651273355,116.51970778412601,0.5175587286075398,2.619550983853671,True,1.85,3,12
4,126.7128748042163,142.11643694754753,-15.403562143331229,-12.784011159477558,True,1.85,3,12
5,177.14784902229167,154.22082138702643,22.927027635265233,10.143016475787675,True,1.85,3,12
6,153.78322840565423,153.36881886714693,0.4144095385073001,10.557426014294975,True,1.85,3,12
7,151.8599305391141,171.13215974954332,-19.27222921042923,-8.714803196134255,True,1.85,3,12
8,167.6499401677149,145.15218151808406,22.49775864963084,13.782955453496584,True,1.85,3,12
9,139.71630947607673,139.3439531669551,0.37235630912164197,14.155311762618226,True,1.85,3,12
10,139.75162045372872,157.63805433875604,-17.886433885027316,-3.73112212240909,True,1.85,3,12
11,158.92027183181088,138.96855533053684,19.951716501274035,16.220594378864945,True,1.85,3,12
12,142.95968789681245,142.49523394582235,0.4644539509901051,16.68504832985505,True,1.85,3,12
13,149.39235641040275,148.93062120239597,0.461735208006786,17.146783537861836,False,1.85,3,12
14,146.6652456473459,146.3016386463588,0.36360700098708776,17.510390538848924,False,1.85,3,12
15,143.31724247416702,143.02653419466074,0.2907082795062763,17.8010988183552,False,1.85,3,12
16,140.09392527111157,139.8537473979845,0.24017787312706673,18.041276691482267,False,1.85,3,12
17,125.5531649720738,125.38887931805883,0.16428565401497508,18.205562345497242,False,1.85,3,12
18,112.55422841824841,112.43229289447707,0.12193552377134154,18.327497869268583,False,1.85,3,12
19,111.41004873029425,111.27766069749507,0.13238803279918443,18.459885902067768,False,1.85,3,12
20,108.47281004102715,108.35312201123091,0.1196880297962366,18.579573931864005,False,1.85,3,12
21,124.23824141158431,124.10343816009711,0.13480325148719885,18.714377183351203,False,1.85,3,12
22,130.2174131624514,130.0933683837439,0.12404477870751407,18.838421962058717,False,1.85,3,12
23,133.1837064637043,133.06912318993375,0.11458327377056321,18.95300523582928,False,1.85,3,12
24,134.5898764419132,134.48431651948337,0.10555992242981915,19.0585651582591,False,1.85,3,12
1,179.89425729999158,186.91586331763233,-7.0216060176407495,-7.0216060176407495,True,1.9,3,12
2,161.91947626700556,152.3011643863025,9.618311880703061,2.5967058630623114,True,1.9,3,12
3,115.44931122610751,116.51970778412601,-1.0703965580185013,1.5263093050438101,True,1.9,3,12
4,125.98926325953771,148.501595231159,-22.512331971621293,-20.986022666577483,True,1.9,3,12
5,180.93213251595992,154.22082138702643,26.711311128933488,5.725288462356005,True,1.9,3,12
6,153.4809276486793,153.36881886714693,0.11210878153238468,5.83739724388839,True,1.9,3,12
7,151.65823860579786,178.9375688663049,-27.279330260507038,-21.44193301661865,True,1.9,3,12
8,171.72634590389825,145.15218151808406,26.574164385814186,5.132231369195537,True,1.9,3,12
9,139.61166937952498,139.3439531669551,0.2677162125698942,5.399947581765431,True,1.9,3,12
10,139.66730303790484,164.82513965999905,-25.15783662209421,-19.757889040328777,True,1.9,3,12
11,162.5209704351743,138.96855533053684,23.552415104637447,3.79452606430867,True,1.9,3,12
12,142.8977611308693,142.49523394582235,0.4025271850469494,4.197053249355619,True,1.9,3,12
13,149.33515024983697,148.93062120239597,0.4045290474410024,4.601582296796622,False,1.9,3,12
14,146.61478194795126,146.3016386463588,0.3131433015924472,4.914725598389069,False,1.9,3,12
15,143.2719935087386,143.02653419466074,0.2454593140778627,5.1601849124669315,False,1.9,3,12
16,140.05242925838897,139.8537473979845,0.1986818604044629,5.358866772871394,False,1.9,3,12
17,125.52221306902285,125.38887931805883,0.13333375096402733,5.492200523835422,False,1.9,3,12
18,112.52992569272452,112.43229289447707,0.09763279824744586,5.5898333220828675,False,1.9,3,12
19,111.38340118202109,111.27766069749507,0.10574048452602369,5.695573806608891,False,1.9,3,12
20,108.4480553692546,108.35312201123091,0.09493335802369529,5.7905071646325865,False,1.9,3,12
21,124.21004930457998,124.10343816009711,0.10661114448286924,5.897118309115456,False,1.9,3,12
22,130.1910648934452,130.0933683837439,0.09769650970130783,5.994814818816764,False,1.9,3,12
23,133.1591530012322,133.06912318993375,0.09002981129845011,6.084844630115214,False,1.9,3,12
24,134.56703773874577,134.48431651948337,0.08272121926239606,6.16756584937761,False,1.9,3,12
1,183.98177277893328,195.06696347423778,-11.085190695304505,-11.085190695304505,True,1.95,3,12
2,166.05024807543538,152.3011643863025,13.749083689132874,2.6638929938283695,True,1.95,3,12
3,115.44931122610751,116.51970778412601,-1.0703965580185013,1.5934964358098682,True,1.95,3,12
4,125.98926325953771,154.88675351477053,-28.897490255232825,-27.303993819422956,True,1.95,3,12
5,193.15665823169996,154.22082138702643,38.93583684467353,11.631843025250575,True,1.95,3,12
6,151.43156472699465,153.36881886714693,-1.9372541401522767,9.694588885098298,True,1.95,3,12
7,150.81156379621314,186.74297798306654,-35.9314141868534,-26.236825301755104,True,1.95,3,12
8,182.85518898507414,145.15218151808406,37.70300746699007,11.466182165234969,True,1.95,3,12
9,137.52661756071993,139.3439531669551,-1.8173356062351615,9.648846558999807,True,1.95,3,12
10,138.7251361751367,172.0122249812421,-33.2870888061054,-23.638242247105595,True,1.95,3,12
11,172.7536658289631,138.96855533053684,33.78511049842626,10.146868251320669,True,1.95,3,12
12,140.70803852246877,142.49523394582235,-1.7871954233535803,8.359672827967088,True,1.95,3,12
13,148.2638284980131,148.93062120239597,-0.666792704382857,7.6928801235842315,False,1.95,3,12
14,145.99071481394463,146.3016386463588,-0.31092383241417565,7.381956291170056,False,1.95,3,12
15,142.8563437967723,143.02653419466074,-0.17019039788843315,7.211765893281623,False,1.95,3,12
16,139.7473277754768,139.8537473979845,-0.1064196225077012,7.1053462707739214,False,1.95,3,12
17,125.3296381821095,125.38887931805883,-0.05924113594932123,7.0461051348246,False,1.95,3,12
18,112.39628342107282,112.43229289447707,-0.03600947340424909,7.010095661420351,False,1.95,3,12
19,111.24942995132642,111.27766069749507,-0.028230746168645737,6.981864915251705,False,1.95,3,12
20,108.33131846970262,108.35312201123091,-0.021803541528285564,6.96006137372342,False,1.95,3,12
21,124.08296606496654,124.10343816009711,-0.020472095130571688,6.939589278592848,False,1.95,3,12
22,130.0759719773222,130.0933683837439,-0.01739640642168183,6.922192872171166,False,1.95,3,12
23,133.05421069289162,133.06912318993375,-0.0149124970421326,6.907280375129034,False,1.95,3,12
24,134.47087602659738,134.48431651948337,-0.013440492885990807,6.893839882243043,False,1.95,3,12
1,188.06928825787492,203.21806363084323,-15.148775372968316,-15.148775372968316,True,2.0,3,12
2,170.18101988386522,152.3011643863025,17.879855497562716,2.731080124594399,True,2.0,3,12
3,115.44931122610751,116.51970778412601,-1.0703965580185013,1.6606835665758979,True,2.0,3,12
4,125.98926325953771,161.27191179838206,-35.282648538844356,-33.62196497226846,True,2.0,3,12
5,201.19677674314872,154.22082138702643,46.975955356122284,13.353990383853827,True,2.0,3,12
6,151.43156472699465,153.36881886714693,-1.9372541401522767,11.41673624370155,True,2.0,3,12
7,150.81156379621314,194.54838709982818,-43.73682330361504,-32.32008705991349,True,2.0,3,12
8,190.5551187635295,145.15218151808406,45.40293724544543,13.082850185531939,True,2.0,3,12
9,137.52661756071993,139.3439531669551,-1.8173356062351615,11.265514579296777,True,2.0,3,12
10,138.7251361751367,179.19931030248517,-40.474174127348476,-29.2086595480517,True,2.0,3,12
11,179.79345176284312,138.96855533053684,40.824896432306275,11.616236884254576,True,2.0,3,12
12,140.70803852246877,142.49523394582235,-1.7871954233535803,9.829041460900996,True,2.0,3,12
13,148.2638284980131,148.93062120239597,-0.666792704382857,9.162248756518139,False,2.0,3,12
14,145.99071481394463,146.3016386463588,-0.31092383241417565,8.851324924103963,False,2.0,3,12
15,142.8563437967723,143.02653419466074,-0.17019039788843315,8.68113452621553,False,2.0,3,12
16,139.7473277754768,139.8537473979845,-0.1064196225077012,8.574714903707829,False,2.0,3,12
17,125.3296381821095,125.38887931805883,-0.05924113594932123,8.515473767758508,False,2.0,3,12
18,112.39628342107282,112.43229289447707,-0.03600947340424909,8.479464294354258,False,2.0,3,12
19,111.24942995132642,111.27766069749507,-0.028230746168645737,8.451233548185613,False,2.0,3,12
20,108.33131846970262,108.35312201123091,-0.021803541528285564,8.429430006657327,False,2.0,3,12
21,124.08296606496654,124.10343816009711,-0.020472095130571688,8.408957911526755,False,2.0,3,12
22,130.0759719773222,130.0933683837439,-0.01739640642168183,8.391561505105074,False,2.0,3,12
23,133.05421069289162,133.06912318993375,-0.0149124970421326,8.376649008062941,False,2.0,3,12
24,134.47087602659738,134.48431651948337,-0.013440492885990807,8.36320851517695,False,2.0,3,12
1,192.15680373681658,211.36916378744863,-19.212360050632043,-19.212360050632043,True,2.05,3,12
2,174.31179169229503,152.3011643863025,22.01062730599253,2.7982672553604857,True,2.05,3,12
3,115.44931122610751,116.51970778412601,-1.0703965580185013,1.7278706973419844,True,2.05,3,12
4,125.98926325953771,167.65707008199357,-41.66780682245586,-39.939936125113874,True,2.05,3,12
5,209.23689525459747,154.22082138702643,55.01607386757104,15.076137742457163,True,2.05,3,12
6,151.43156472699465,153.36881886714693,-1.9372541401522767,13.138883602304887,True,2.05,3,12
7,150.81156379621314,202.35379621658973,-51.54223242037659,-38.403348818071706,True,2.05,3,12
8,198.25504854198485,145.15218151808406,53.102867023900785,14.69951820582908,True,2.05,3,12
9,137.52661756071993,139.3439531669551,-1.8173356062351615,12.882182599593918,True,2.05,3,12
10,138.7251361751367,186.38639562372816,-47.661259448591466,-34.77907684899755,True,2.05,3,12
11,186.83323769672313,138.96855533053684,47.86468236618629,13.085605517188739,True,2.05,3,12
12,140.70803852246877,142.49523394582235,-1.7871954233535803,11.298410093835159,True,2.05,3,12
13,148.2638284980131,148.93062120239597,-0.666792704382857,10.631617389452302,False,2.05,3,12
14,145.99071481394463,146.3016386463588,-0.31092383241417565,10.320693557038126,False,2.05,3,12
15,142.8563437967723,143.02653419466074,-0.17019039788843315,10.150503159149693,False,2.05,3,12
16,139.7473277754768,139.8537473979845,-0.1064196225077012,10.044083536641992,False,2.05,3,12
17,125.3296381821095,125.38887931805883,-0.05924113594932123,9.98484240069267,False,2.05,3,12
18,112.39628342107282,112.43229289447707,-0.03600947340424909,9.948832927288422,False,2.05,3,12
19,111.24942995132642,111.27766069749507,-0.028230746168645737,9.920602181119776,False,2.05,3,12
20,108.33131846970262,108.35312201123091,-0.021803541528285564,9.89879863959149,False,2.05,3,12
21,124.08296606496654,124.10343816009711,-0.020472095130571688,9.878326544460919,False,2.05,3,12
22,130.0759719773222,130.0933683837439,-0.01739640642168183,9.860930138039237,False,2.05,3,12
23,133.05421069289162,133.06912318993375,-0.0149124970421326,9.846017640997104,False,2.05,3,12
24,134.47087602659738,134.48431651948337,-0.013440492885990807,9.832577148111113,False,2.05,3,12
1,196.24431921575828,219.52026394405414,-23.275944728295855,-23.275944728295855,True,2.1,3,12
2,178.44256350072487,152.3011643863025,26.14139911442237,2.8654543861265154,True,2.1,3,12
3,115.44931122610751,116.51970778412601,-1.0703965580185013,1.795057828108014,True,2.1,3,12
4,125.98926325953771,174.04222836560513,-48.05296510606742,-46.257907277959404,True,2.1,3,12
5,217.2770137660463,154.22082138702643,63.056192379019876,16.798285101060472,True,2.1,3,12
6,151.43156472699465,153.36881886714693,-1.9372541401522767,14.861030960908195,True,2.1,3,12
7,150.81156379621314,210.15920533335142,-59.34764153713829,-44.48661057623009,True,2.1,3,12
8,205.95497832044026,145.15218151808406,60.8027968023562,16.316186226126106,True,2.1,3,12
9,137.52661756071993,139.3439531669551,-1.8173356062351615,14.498850619890945,True,2.1,3,12
10,138.7251361751367,193.5734809449713,-54.8483447698346,-40.34949414994365,True,2.1,3,12
11,193.87302363060317,138.96855533053684,54.90446830006633,14.554974150122675,True,2.1,3,12
12,140.70803852246877,142.49523394582235,-1.7871954233535803,12.767778726769095,True,2.1,3,12
13,148.2638284980131,148.93062120239597,-0.666792704382857,12.100986022386238,False,2.1,3,12
14,145.99071481394463,146.3016386463588,-0.31092383241417565,11.790062189972062,False,2.1,3,12
15,142.8563437967723,143.02653419466074,-0.17019039788843315,11.619871792083629,False,2.1,3,12
16,139.7473277754768,139.8537473979845,-0.1064196225077012,11.513452169575928,False,2.1,3,12
17,125.3296381821095,125.38887931805883,-0.05924113594932123,11.454211033626606,False,2.1,3,12
18,112.39628342107282,112.43229289447707,-0.03600947340424909,11.418201560222357,False,2.1,3,12
19,111.24942995132642,111.27766069749507,-0.028230746168645737,11.389970814053711,False,2.1,3,12
20,108.33131846970262,108.35312201123091,-0.021803541528285564,11.368167272525426,False,2.1,3,12
21,124.08296606496654,124.10343816009711,-0.020472095130571688,11.347695177394854,False,2.1,3,12
22,130.0759719773222,130.0933683837439,-0.01739640642168183,11.330298770973172,False,2.1,3,12
23,133.05421069289162,133.06912318993375,-0.0149124970421326,11.31538627393104,False,2.1,3,12
24,134.47087602659738,134.48431651948337,-0.013440492885990807,11.301945781045049,False,2.1,3,12
1,200.3318346946999,227.6713641006595,-27.33952940595961,-27.33952940595961,True,2.15,3,12
2,182.57333530915463,153.69391002228,28.879425286874636,1.5398958809150258,True,2.15,3,12
3,115.44931122610751,115.34931529977479,0.09999592633272414,1.63989180724775,True,2.15,3,12
4,125.98926325953771,179.94812206777243,-53.95885880823472,-52.31896700098697,True,2.15,3,12
5,225.31713227749503,155.13321236644458,70.18391991105045,17.86495291006348,True,2.15,3,12
6,151.43156472699465,151.74611347215347,-0.3145487451588167,17.550404164904663,True,2.15,3,12
7,150.81156379621314,217.2884062438692,-66.47684244765605,-48.92643828275139,True,2.15,3,12
8,213.65490809889556,145.95600790057495,67.69890019832062,18.772461915569224,True,2.15,3,12
9,137.52661756071993,137.78992997409813,-0.2633124133782019,18.509149502191022,True,2.15,3,12
10,138.7251361751367,200.12140593772818,-61.39626976259149,-42.887120260400465,True,2.15,3,12
11,200.91280956448315,139.6667913807985,61.24601818368467,18.358897923284204,True,2.15,3,12
12,140.70803852246877,141.0369070304712,-0.3288685080024436,18.03002941528176,True,2.15,3,12
13,148.2638284980131,148.20743132034642,0.05639717766669605,18.086426592948456,False,2.15,3,12
14,145.99071481394463,145.9069274255478,0.08378738839684274,18.1702139813453,False,2.15,3,12
15,142.8563437967723,142.7967418409438,0.05960195582849792,18.229815937173797,False,2.15,3,12
16,139.7473277754768,139.68361790576154,0.06370986971526804,18.293525806889065,False,2.15,3,12
17,125.3296381821095,125.27901283277677,0.05062534933273355,18.3441511562218,False,2.15,3,12
18,112.39628342107282,112.35888018328652,0.037403237786307386,18.381554394008106,False,2.15,3,12
19,111.24942995132642,111.22768232759954,0.021747623726881216,18.403302017734987,False,2.15,3,12
20,108.33131846970262,108.31189428448899,0.019424185213637202,18.422726202948624,False,2.15,3,12
21,124.08296606496654,124.06579351398108,0.017172550985463886,18.439898753934088,False,2.15,3,12
22,130.0759719773222,130.05853404187388,0.017437935448327835,18.457336689382416,False,2.15,3,12
23,133.05421069289162,133.03656341044572,0.017647282445892642,18.47498397182831,False,2.15,3,12
24,134.47087602659738,134.45595643022736,0.014919596370020827,18.48990356819833,False,2.15,3,12
1,208.700186244047,235.82246425726498,-27.122278013217993,-27.122278013217993,True,2.2,3,12
2,185.00259355575392,155.97879589392682,29.023797661827103,1.90151964860911,True,2.2,3,12
3,114.9897283190442,115.34931529977479,-0.35958698073058315,1.5419326678785268,True,2.2,3,12
4,125.75020559106346,186.33328035138396,-60.5830747603205,-59.04114209244197,True,2.2,3,12
5,233.1886485522335,157.10502158045722,76.08362697177628,17.04248487933431,True,2.2,3,12
6,151.32647772399238,151.74611347215347,-0.4196357481610846,16.622849131173226,True,2.2,3,12
7,153.92354140392152,225.0938153606308,-71.17027395670928,-54.547424825536055,True,2.2,3,12
8,219.88252885687317,147.8293821589226,72.05314669795055,17.505721872414497,True,2.2,3,12
9,136.9522200981238,137.78992997409813,-0.8377098759743262,16.66801199644017,True,2.2,3,12
10,141.26300842260528,207.30849125897126,-66.04548283636598,-49.377470839925806,True,2.2,3,12
11,206.52815979982435,141.34523306157615,65.1829267382482,15.805455898322393,True,2.2,3,12
12,140.1074852488979,141.0369070304712,-0.9294217815733248,14.876034116749068,True,2.2,3,12
13,147.89450361916116,148.20743132034642,-0.31292770118525937,14.563106415563809,False,2.2,3,12
14,145.7644169232421,145.9069274255478,-0.14251050230569717,14.420595913258111,False,2.2,3,12
15,142.71517775767583,142.7967418409438,-0.0815640832679776,14.339031829990134,False,2.2,3,12
16,139.63789329864127,139.68361790576154,-0.04572460712026327,14.29330722286987,False,2.2,3,12
17,125.25660962267679,125.27901283277677,-0.022403210099980697,14.27090401276989,False,2.2,3,12
18,112.34628609547545,112.35888018328652,-0.012594087811066856,14.258309924958823,False,2.2,3,12
19,111.21476544673466,111.22768232759954,-0.012916880864878522,14.245393044093944,False,2.2,3,12
20,108.30232717252656,108.31189428448899,-0.009567111962425656,14.235825932131519,False,2.2,3,12
21,124.0562191936409,124.06579351398108,-0.009574320340178133,14.22625161179134,False,2.2,3,12
22,130.05102947153787,130.05853404187388,-0.007504570336010374,14.21874704145533,False,2.2,3,12
23,133.03076168096624,133.03656341044572,-0.005801729479486539,14.212945311975844,False,2.2,3,12
24,134.45036326957734,134.45595643022736,-0.005593160650022355,14.207352151325821,False,2.2,3,12
1,214.09792063215426,244.0557941807004,-29.957873548546132,-29.957873548546132,True,2.24,3,12
2,188.30721100249778,155.6550744583638,32.65213654413398,2.6942629955878488,True,2.24,3,12
3,114.9897283190442,115.90275171122317,-0.913023392178971,1.7812396034088778,True,2.24,3,12
4,125.75020559106346,191.9374401795373,-66.18723458847384,-64.40599498506496,True,2.24,3,12
5,239.62074336139253,157.45933718960038,82.16140617179215,17.755411186727187,True,2.24,3,12
6,156.08208066724066,152.46880291772126,3.6132777495193977,21.368688936246585,True,2.24,3,12
7,149.27128580365795,231.79279368691905,-82.52150788326111,-61.152818947014524,True,2.24,3,12
8,226.90892693991898,148.3440047567635,78.56492218315549,17.412103236140965,True,2.24,3,12
9,141.59834105703024,138.46462072541695,3.13372033161329,20.545823567754255,True,2.24,3,12
10,137.24112674291908,213.26835136151536,-76.02722461859628,-55.481401050842024,True,2.24,3,12
11,212.97994731168208,141.98839883190237,70.99154847977971,15.510147428937685,True,2.24,3,12
12,144.4323583555023,141.65349323681767,2.778865118684621,18.289012547622306,True,2.24,3,12
13,146.59154686025573,148.4558549241891,-1.864308063933379,16.424704483688927,False,2.24,3,12
14,145.27241240897033,146.0163373019572,-0.7439248929868825,15.680779590702045,False,2.24,3,12
15,142.49265601178504,142.84840379725946,-0.35574778547442065,15.325031805227624,False,2.24,3,12
16,139.5017061080684,139.71671310184774,-0.21500699377935462,15.11002481144827,False,2.24,3,12
17,125.18133400311737,125.29604173111444,-0.11470772799707163,14.995317083451198,False,2.24,3,12
18,112.30220868788795,112.3677030283722,-0.06549434048424985,14.929822742966948,False,2.24,3,12
19,111.18796631839355,111.23212684566086,-0.04416052726730868,14.88566221569964,False,2.24,3,12
20,108.2822460606502,108.3140660444363,-0.031819983786107287,14.853842231913532,False,2.24,3,12
21,124.03930173312597,124.06652128993557,-0.02721955680959809,14.826622675103934,False,2.24,3,12
22,130.0363809322599,130.0588430890311,-0.022462156771183572,14.80416051833275,False,2.24,3,12
23,133.01779088867644,133.03669566331885,-0.01890477464240803,14.785255743690342,False,2.24,3,12
24,134.43954910573893,134.45573615325796,-0.016187047519025555,14.769068696171317,False,2.24,3,12
1,215.44735422918106,246.16261185243232,-30.71525762325126,-30.71525762325126,True,2.25,3,12
2,189.13336536418376,155.71008048852318,33.423284875660585,2.708027252409323,True,2.25,3,12
3,114.9897283190442,115.90275171122317,-0.913023392178971,1.7950038602303522,True,2.25,3,12
4,125.75020559106346,193.49384490486997,-67.74363931380651,-65.94863545357616,True,2.25,3,12
5,241.22876706368228,157.51277287805232,83.71599418562997,17.767358732053808,True,2.25,3,12
6,156.47656025076176,152.46880291772126,4.007757333040502,21.77511606509431,True,2.25,3,12
7,149.27128580365795,233.6888156503397,-84.41752984668176,-62.64241378158745,True,2.25,3,12
8,228.44891289561002,148.3966195443261,80.05229335128394,17.409879569696486,True,2.25,3,12
9,141.9610507680797,138.46462072541695,3.4964300426627517,20.906309612359237,True,2.25,3,12
10,137.24112674291908,215.00479300572115,-77.76366626280208,-56.85735665044284,True,2.25,3,12
11,214.38790449845806,142.0375263043276,72.35037819413046,15.493021543687618,True,2.25,3,12
12,144.7678006360755,141.65349323681767,3.114307399257825,18.607328942945443,True,2.25,3,12
13,146.59154686025573,148.4558549241891,-1.864308063933379,16.743020879012064,False,2.25,3,12
14,145.27241240897033,146.0163373019572,-0.7439248929868825,15.999095986025182,False,2.25,3,12
15,142.49265601178504,142.84840379725946,-0.35574778547442065,15.643348200550761,False,2.25,3,12
16,139.5017061080684,139.71671310184774,-0.21500699377935462,15.428341206771407,False,2.25,3,12
17,125.18133400311737,125.29604173111444,-0.11470772799707163,15.313633478774335,False,2.25,3,12
18,112.30220868788795,112.3677030283722,-0.06549434048424985,15.248139138290085,False,2.25,3,12
19,111.18796631839355,111.23212684566086,-0.04416052726730868,15.203978611022777,False,2.25,3,12
20,108.2822460606502,108.3140660444363,-0.031819983786107287,15.17215862723667,False,2.25,3,12
21,124.03930173312597,124.06652128993557,-0.02721955680959809,15.144939070427071,False,2.25,3,12
22,130.0363809322599,130.0588430890311,-0.022462156771183572,15.122476913655888,False,2.25,3,12
23,133.01779088867644,133.03669566331885,-0.01890477464240803,15.10357213901348,False,2.25,3,12
24,134.43954910573893,134.45573615325796,-0.016187047519025555,15.087385091494454,False,2.25,3,12
1,222.19452221431516,256.69670021109204,-34.50217799677688,-34.50217799677688,True,2.3,3,12
2,193.26413717261354,155.98511063932006,37.27902653329349,2.77684853651661,True,2.3,3,12
3,114.9897283190442,115.90275171122317,-0.913023392178971,1.863825144337639,True,2.3,3,12
4,125.75020559106346,201.27586853153358,-75.52566294047011,-73.66183779613247,True,2.3,3,12
5,249.268885575131,157.779951320312,91.48893425481901,17.82709645868654,True,2.3,3,12
6,158.44895816836734,152.46880291772126,5.980155250646078,23.80725170933262,True,2.3,3,12
7,149.27128580365795,243.16892546744307,-93.89763966378513,-70.09038795445251,True,2.3,3,12
8,236.14884267406535,148.6596934821391,87.48914919192626,17.39876123747375,True,2.3,3,12
9,143.7745993233271,138.46462072541695,5.3099785979101455,22.708739835383895,True,2.3,3,12
10,137.24112674291908,223.6870012267504,-86.44587448383132,-63.73713464844742,True,2.3,3,12
11,221.42769043233804,142.2831636664537,79.14452676588434,15.407392117436913,True,2.3,3,12
12,146.4450120389417,141.65349323681767,4.791518802124045,20.19891091956096,True,2.3,3,12
13,146.59154686025573,148.4558549241891,-1.864308063933379,18.33460285562758,False,2.3,3,12
14,145.27241240897033,146.0163373019572,-0.7439248929868825,17.590677962640697,False,2.3,3,12
15,142.49265601178504,142.84840379725946,-0.35574778547442065,17.234930177166277,False,2.3,3,12
16,139.5017061080684,139.71671310184774,-0.21500699377935462,17.019923183386922,False,2.3,3,12
17,125.18133400311737,125.29604173111444,-0.11470772799707163,16.90521545538985,False,2.3,3,12
18,112.30220868788795,112.3677030283722,-0.06549434048424985,16.8397211149056,False,2.3,3,12
19,111.18796631839355,111.23212684566086,-0.04416052726730868,16.795560587638292,False,2.3,3,12
20,108.2822460606502,108.3140660444363,-0.031819983786107287,16.763740603852185,False,2.3,3,12
21,124.03930173312597,124.06652128993557,-0.02721955680959809,16.736521047042586,False,2.3,3,12
22,130.0363809322599,130.0588430890311,-0.022462156771183572,16.714058890271403,False,2.3,3,12
23,133.01779088867644,133.03669566331885,-0.01890477464240803,16.695154115628995,False,2.3,3,12
24,134.43954910573893,134.45573615325796,-0.016187047519025555,16.67896706810997,False,2.3,3,12
1,228.9416901994493,267.2307885697519,-38.28909837030258,-38.28909837030258,True,2.35,3,12
2,197.39490898104336,156.26014079011694,41.13476819092642,2.84566982062384,True,2.35,3,12
3,114.9897283190442,115.90275171122317,-0.913023392178971,1.932646428444869,True,2.35,3,12
4,125.75020559106346,209.05789215819726,-83.3076865671338,-81.37504013868893,True,2.35,3,12
5,261.35684318167927,158.04712976257167,103.3097134191076,21.934673280418664,True,2.35,3,12
6,155.26347075075378,152.46880291772126,2.79466783303252,24.729341113451184,True,2.35,3,12
7,149.95625078808717,252.64903528454656,-102.69278449645938,-77.9634433830082,True,2.35,3,12
8,247.66948157148315,148.92276741995212,98.74671415153102,20.783270768522826,True,2.35,3,12
9,141.07601867640184,138.46462072541695,2.6113979509848946,23.39466871950772,True,2.35,3,12
10,137.87919290719844,232.36920944777972,-94.49001654058128,-71.09534782107356,True,2.35,3,12
11,231.70906153995506,142.52880102857978,89.18026051137528,18.08491269030172,True,2.35,3,12
12,144.19547617908344,141.65349323681767,2.5419829422657756,20.626895632567496,True,2.35,3,12
13,147.32029950225265,148.4558549241891,-1.1355554219364592,19.491340210631037,False,2.35,3,12
14,145.52123867070767,146.0163373019572,-0.4950986312495331,18.996241579381504,False,2.35,3,12
15,142.59386108859113,142.84840379725946,-0.25454270866833895,18.741698870713165,False,2.35,3,12
16,139.5602944487247,139.71671310184774,-0.15641865312304049,18.585280217590125,False,2.35,3,12
17,125.20984626994262,125.29604173111444,-0.08619546117182608,18.4990847564183,False,2.35,3,12
18,112.31653183810603,112.3677030283722,-0.05117119026617445,18.447913566152124,False,2.35,3,12
19,111.19514433281019,111.23212684566086,-0.036982512850670446,18.410931053301454,False,2.35,3,12
20,108.28607803705623,108.3140660444363,-0.02798800738007401,18.38294304592138,False,2.35,3,12
21,124.04119448587409,124.06652128993557,-0.02532680406147847,18.3576162418599,False,2.35,3,12
22,130.03755754019392,130.0588430890311,-0.021285548837170154,18.33633069302273,False,2.35,3,12
23,133.01858490531606,133.03669566331885,-0.018110758002791272,18.31821993501994,False,2.35,3,12
24,134.43981998444568,134.45573615325796,-0.015916168812282194,18.302303766207658,False,2.35,3,12
1,235.68885818458338,277.76487692841164,-42.07601874382826,-42.07601874382826,True,2.4,3,12
2,201.52568078947317,156.53517094091382,44.990509848559356,2.9144911047310984,True,2.4,3,12
3,114.9897283190442,115.90275171122317,-0.913023392178971,2.0014677125521274,True,2.4,3,12
4,125.75020559106346,216.83991578486086,-91.0897101937974,-89.08824248124527,True,2.4,3,12
5,271.11849401382756,158.31430820483135,112.80418580899621,23.715943327750935,True,2.4,3,12
6,155.52595785258535,152.46880291772126,3.057154934864087,26.773098262615022,True,2.4,3,12
7,149.95625078808717,262.1291451016499,-112.17289431356272,-85.3997960509477,True,2.4,3,12
8,256.98218181155187,149.18584135776513,107.79634045378674,22.39654440283904,True,2.4,3,12
9,141.32483962301527,138.46462072541695,2.8602188975983154,25.256763300437356,True,2.4,3,12
10,137.87919290719844,241.05141766880897,-103.17222476161052,-77.91546146117317,True,2.4,3,12
11,240.1822453352329,142.77443839070585,97.40780694452704,19.492345483353873,True,2.4,3,12
12,144.4372046714127,141.65349323681767,2.783711434595034,22.276056917948907,True,2.4,3,12
13,147.32029950225265,148.4558549241891,-1.1355554219364592,21.140501496012448,False,2.4,3,12
14,145.52123867070767,146.0163373019572,-0.4950986312495331,20.645402864762914,False,2.4,3,12
15,142.59386108859113,142.84840379725946,-0.25454270866833895,20.390860156094575,False,2.4,3,12
16,139.5602944487247,139.71671310184774,-0.15641865312304049,20.234441502971535,False,2.4,3,12
17,125.20984626994262,125.29604173111444,-0.08619546117182608,20.14824604179971,False,2.4,3,12
18,112.31653183810603,112.3677030283722,-0.05117119026617445,20.097074851533534,False,2.4,3,12
19,111.19514433281019,111.23212684566086,-0.036982512850670446,20.060092338682864,False,2.4,3,12
20,108.28607803705623,108.3140660444363,-0.02798800738007401,20.03210433130279,False,2.4,3,12
21,124.04119448587409,124.06652128993557,-0.02532680406147847,20.00677752724131,False,2.4,3,12
22,130.03755754019392,130.0588430890311,-0.021285548837170154,19.98549197840414,False,2.4,3,12
23,133.01858490531606,133.03669566331885,-0.018110758002791272,19.96738122040135,False,2.4,3,12
24,134.43981998444568,134.45573615325796,-0.015916168812282194,19.951465051589068,False,2.4,3,12
1,242.4360261697175,288.29896528707144,-45.86293911735393,-45.86293911735393,True,2.45,3,12
2,205.65645259790298,157.46606379001625,48.190388807886734,2.327449690532802,True,2.45,3,12
3,114.9897283190442,112.75758578270629,2.2321425363379177,4.55959222687072,True,2.45,3,12
4,125.75020559106346,223.41943051059658,-97.66922491953312,-93.1096326926624,True,2.45,3,12
5,280.88014484597585,158.53280829522936,122.34733655074649,29.23770385808409,True,2.45,3,12
6,155.7884449544169,148.04384476872212,7.744600185694765,36.98230404377885,True,2.45,3,12
7,149.95625078808717,270.04951257418895,-120.09326178610178,-83.11095774232292,True,2.45,3,12
8,266.29488205162073,149.30557485163894,116.9893071999818,33.87834945765887,True,2.45,3,12
9,141.57366056962871,134.57869055582583,6.9949700138028845,40.873319471461755,True,2.45,3,12
10,137.87919290719844,248.33603191562352,-110.45683900842508,-69.58351953696332,True,2.45,3,12
11,248.65542913051087,142.86695953079374,105.78846959971713,36.20495006275381,True,2.45,3,12
12,144.678933163742,137.43645557042512,7.242477593316863,43.44742765607067,True,2.45,3,12
13,147.32029950225265,146.82652175239122,0.49377774986143663,43.94120540593211,False,2.45,3,12
14,145.52123867070767,145.24932574257159,0.27191292813608925,44.2131183340682,False,2.45,3,12
15,142.59386108859113,142.4305079686843,0.1633531199068159,44.376471453975014,False,2.45,3,12
16,139.5602944487247,139.46991610831097,0.09037834041373571,44.46684979438875,False,2.45,3,12
17,125.20984626994262,125.1553510127703,0.054495257172320066,44.52134505156107,False,2.45,3,12
18,112.31653183810603,112.28437398813489,0.03215784997114213,44.55350290153221,False,2.45,3,12
19,111.19514433281019,111.18081384213534,0.014330490674851148,44.56783339220706,False,2.45,3,12
20,108.28607803705623,108.27745278644457,0.008625250611657975,44.57645864281872,False,2.45,3,12
21,124.04119448587409,124.03210971055405,0.0090847753200336,44.585543418138755,False,2.45,3,12
22,130.03755754019392,130.03112348449406,0.0064340556998558895,44.59197747383861,False,2.45,3,12
23,133.01858490531606,133.01382260627022,0.004762299045836471,44.59673977288445,False,2.45,3,12
24,134.43981998444568,134.43604130426291,0.003778680182762173,44.60051845306721,False,2.45,3,12
1,249.1831941548516,298.83305364573124,-49.649859490879635,-49.649859490879635,True,2.5,3,12
2,209.78722440633283,159.2536420532255,50.533582353107334,0.8837228622276996,True,2.5,3,12
3,114.9897283190442,112.75758578270629,2.2321425363379177,3.1158653985656173,True,2.5,3,12
4,125.75020559106346,231.20145413726019,-105.45124854619672,-102.3353831476311,True,2.5,3,12
5,290.64179567812414,160.22860219399504,130.4131934841291,28.07781033649799,True,2.5,3,12
6,156.05093205624846,148.04384476872212,8.007087287526332,36.08489762402432,True,2.5,3,12
7,149.95625078808717,279.5296223912923,-129.57337160320515,-93.48847397918082,True,2.5,3,12
8,275.60758229168954,150.84874934796716,124.75883294372238,31.270358964541558,True,2.5,3,12
9,141.82248151624214,134.57869055582583,7.243790960416305,38.51414992495786,True,2.5,3,12
10,137.87919290719844,257.0182401366527,-119.13904722945426,-80.6248973044964,True,2.5,3,12
11,257.12861292578873,144.27763043340204,112.85098249238669,32.22608518789029,True,2.5,3,12
12,144.92066165607125,137.43645557042512,7.484206085646122,39.71029127353641,True,2.5,3,12
13,147.32029950225265,146.82652175239122,0.49377774986143663,40.20406902339785,False,2.5,3,12
14,145.52123867070767,145.24932574257159,0.27191292813608925,40.47598195153394,False,2.5,3,12
15,142.59386108859113,142.4305079686843,0.1633531199068159,40.639335071440755,False,2.5,3,12
16,139.5602944487247,139.46991610831097,0.09037834041373571,40.72971341185449,False,2.5,3,12
17,125.20984626994262,125.1553510127703,0.054495257172320066,40.78420866902681,False,2.5,3,12
18,112.31653183810603,112.28437398813489,0.03215784997114213,40.81636651899795,False,2.5,3,12
19,111.19514433281019,111.18081384213534,0.014330490674851148,40.830697009672804,False,2.5,3,12
20,108.28607803705623,108.27745278644457,0.008625250611657975,40.83932226028446,False,2.5,3,12
21,124.04119448587409,124.03210971055405,0.0090847753200336,40.848407035604495,False,2.5,3,12
22,130.03755754019392,130.03112348449406,0.0064340556998558895,40.85484109130435,False,2.5,3,12
23,133.01858490531606,133.01382260627022,0.004762299045836471,40.85960339035019,False,2.5,3,12
24,134.43981998444568,134.43604130426291,0.003778680182762173,40.86338207053295,False,2.5,3,12
1,255.93036213998568,309.367142004391,-53.43677986440531,-53.43677986440531,True,2.55,3,12
2,213.91799621476258,163.07701603283357,50.84098018192901,-2.595799682476297,True,2.55,3,12
3,114.9897283190442,111.16012510917157,3.82960320987263,1.2338035273963328,True,2.55,3,12
4,125.75020559106346,238.0555437325633,-112.30533814149985,-111.07153461410351,True,2.55,3,12
5,300.4034465102724,163.26385146304418,137.1395950472282,26.068060433124685,True,2.55,3,12
6,156.31341915808,145.71061522384863,10.60280393423136,36.670864367356046,True,2.55,3,12
7,149.95625078808717,287.73168524793874,-137.77543445985157,-101.10457009249552,True,2.55,3,12
8,284.92028253175835,153.33663758222482,131.58364494953352,30.479074857038,True,2.55,3,12
9,142.07130246285556,132.50193523149744,9.569367231358115,40.048442088396115,True,2.55,3,12
10,137.87919290719844,264.455806229173,-126.57661332197455,-86.52817123357843,True,2.55,3,12
11,265.6017967210666,146.53157801338568,119.07021870768091,32.542047474102475,True,2.55,3,12
12,145.1623901484005,135.0135228293223,10.148867319078192,42.69091479318067,True,2.55,3,12
13,147.32029950225265,145.35109954965327,1.9691999525993822,44.66011474578005,False,2.55,3,12
14,145.52123867070767,144.3680387083638,1.1531999623438765,45.813314708123926,False,2.55,3,12
15,142.59386108859113,141.8105554361657,0.7833056524254118,46.59662036054934,False,2.55,3,12
16,139.5602944487247,139.05086200969336,0.5094324390313432,47.10605279958068,False,2.55,3,12
17,125.20984626994262,124.86179042652422,0.34805584341839335,47.454108642999074,False,2.55,3,12
18,112.31653183810603,112.07655267696315,0.23997916114288387,47.69408780414196,False,2.55,3,12
19,111.19514433281019,110.96988015610633,0.22526417670385968,47.91935198084582,False,2.55,3,12
20,108.28607803705623,108.09680245610855,0.1892755809476796,48.1086275617935,False,2.55,3,12
21,124.04119448587409,123.85994581379393,0.1812486720801587,48.289876233873656,False,2.55,3,12
22,130.03755754019392,129.86316205961919,0.17439548057473075,48.46427171444839,False,2.55,3,12
23,133.01858490531606,132.85429656534916,0.16428833996690173,48.62856005441529,False,2.55,3,12
24,134.43981998444568,134.29277463703758,0.1470453474080955,48.775605401823384,False,2.55,3,12
1,262.67753012511986,319.90123036305084,-57.223700237930984,-57.223700237930984,True,2.6,3,12
2,223.40644095130767,168.18647150775917,55.21996944354851,-2.003730794382477,True,2.6,3,12
3,113.36957180724929,111.22911299159007,2.1404588156592155,0.13672802127673833,True,2.6,3,12
4,125.00493085841056,245.837567359227,-120.83263650081643,-120.6959084795397,True,2.6,3,12
5,309.6529040664065,168.15832063702314,141.49458342938337,20.798674949843672,True,2.6,3,12
6,161.18577838572648,145.80214925142744,15.383629134299042,36.182304084142714,True,2.6,3,12
7,147.85382057473424,297.2117950650422,-149.35797449030798,-113.17567040616527,True,2.6,3,12
8,293.31615725177335,157.57410029766186,135.7420569541115,22.566386547946223,True,2.6,3,12
9,145.89874175363468,132.5867442121699,13.311997541464791,35.878384089411014,True,2.6,3,12
10,135.8851080235344,273.1380144502023,-137.25290642666792,-101.3745223372569,True,2.6,3,12
11,273.0541062835969,150.60286583163364,122.45124045196329,21.07671811470638,True,2.6,3,12
12,149.3545411778275,135.09727674109135,14.257264436736165,35.333982551442546,True,2.6,3,12
13,144.85568072572045,145.35109954965327,-0.4954188239328232,34.83856372750972,False,2.6,3,12
14,144.33175935543366,144.3680387083638,-0.036279352930137065,34.802284374579585,False,2.6,3,12
15,141.84890054768982,141.8105554361657,0.03834511152410869,34.840629486103694,False,2.6,3,12
16,139.1023702378924,139.05086200969336,0.05150822819902601,34.89213771430272,False,2.6,3,12
17,124.91312472295866,124.86179042652422,0.05133429643443321,34.94347201073715,False,2.6,3,12
18,112.12146209220097,112.07655267696315,0.0449094152378251,34.98838142597498,False,2.6,3,12
19,110.99553353465501,110.96988015610633,0.025653378548682326,35.01403480452366,False,2.6,3,12
20,108.1192088300147,108.09680245610855,0.022406373906150634,35.03644117842981,False,2.6,3,12
21,123.88500464708129,123.85994581379393,0.02505883328736047,35.06150001171717,False,2.6,3,12
22,129.88964202260425,129.86316205961919,0.026479962985064276,35.087979974702236,False,2.6,3,12
23,132.87736215903078,132.85429656534916,0.023065593681621976,35.11104556838386,False,2.6,3,12
24,134.3140416121269,134.29277463703758,0.021266975089332618,35.13231254347319,False,2.6,3,12
1,276.38945400020765,330.4353187217106,-54.04586472150294,-54.04586472150294,True,2.65,3,12
2,230.25447408598288,173.29592698268482,56.95854710329806,2.912682381795122,True,2.65,3,12
3,110.38177901008527,113.2467654500186,-2.8649864399333325,0.04769594186178949,True,2.65,3,12
4,123.85679033295565,252.25929500887875,-128.4025046759231,-128.3548087340613,True,2.65,3,12
5,318.77350320682376,172.4584172186642,146.31508598815955,17.96027725409826,True,2.65,3,12
6,164.18180198362418,148.33972497008824,15.842077013535942,33.8023542676342,True,2.65,3,12
7,147.6742051118022,304.84621147140956,-157.17200635960737,-123.36965209197317,True,2.65,3,12
8,302.5280267023976,161.13424513261694,141.39378156978066,18.02412947780749,True,2.65,3,12
9,148.63093527772824,134.95355664519607,13.677378632532168,31.70150811033966,True,2.65,3,12
10,135.8495378260928,280.0421838374917,-144.19264601139886,-112.4911379010592,True,2.65,3,12
11,281.5042786149753,153.97569073086393,127.52858788411137,15.03744998305217,True,2.65,3,12
12,152.45344032168478,137.5845623998697,14.868877921815084,29.906327904867254,True,2.65,3,12
13,144.8423947973286,143.39721124502458,1.4451835523040302,31.351511457171284,False,2.65,3,12
14,144.32192107772366,143.6558734385266,0.6660476391970462,32.01755909636833,False,2.65,3,12
15,141.8410833009986,141.47946605187906,0.36161724911954707,32.37917634548788,False,2.65,3,12
16,139.09580364258326,138.8850263876983,0.21077725488495958,32.58995360037284,False,2.65,3,12
17,124.90792868572738,124.77286139725224,0.13506728847514182,32.72502088884798,False,2.65,3,12
18,112.11726485274386,112.02675758843353,0.0905072643103324,32.81552815315831,False,2.65,3,12
19,110.99210483171885,110.94099893999326,0.051105891725583774,32.866634044883895,False,2.65,3,12
20,108.11616239270734,108.07944823073629,0.03671416197104804,32.90334820685494,False,2.65,3,12
21,123.88150159393145,123.84475009431652,0.03675149961492252,32.940099706469866,False,2.65,3,12
22,129.88635567151266,129.85224388794808,0.03411178356458322,32.97421149003445,False,2.65,3,12
23,132.87432529844259,132.84544089386512,0.028884404577468104,33.00309589461192,False,2.65,3,12
24,134.3112079164949,134.28576097502454,0.025446941470363527,33.02854283608228,False,2.65,3,12
1,283.4132863019973,340.96940708037044,-57.556120778373156,-57.556120778373156,True,2.7,3,12
2,238.9446410923238,178.40538245761041,60.53925863471338,2.983137856340221,True,2.7,3,12
3,114.31092757381722,115.29623732015902,-0.9853097463417981,1.997828109998423,True,2.7,3,12
4,122.49649435594384,260.04131863554244,-137.5448242795986,-135.54699616960016,True,2.7,3,12
5,327.9407814466342,177.35288639264317,150.58789505399105,15.040898884390884,True,2.7,3,12
6,172.70685867823482,151.19240378027843,21.514454897956398,36.55535378234728,True,2.7,3,12
7,153.3404109668723,314.3263212885131,-160.9859103216408,-124.43055653929352,True,2.7,3,12
8,307.3955593845452,165.37170784805397,142.02385153649124,17.593294997197717,True,2.7,3,12
9,155.06295835614267,137.66178144334842,17.401176912794256,34.99447190999197,True,2.7,3,12
10,139.93176960093686,288.724392058521,-148.79262245758414,-113.79815054759217,True,2.7,3,12
11,285.60967659640795,158.04697854911188,127.56269804729607,13.764547499703895,True,2.7,3,12
12,159.21907829333395,140.44339706793468,18.775681225399268,32.54022872510316,True,2.7,3,12
13,142.14471253027682,143.39721124502458,-1.2524987147477589,31.287730010355403,False,2.7,3,12
14,143.21505544604756,143.6558734385266,-0.4408179924790545,30.84691201787635,False,2.7,3,12
15,141.28319196634695,141.47946605187906,-0.19627408553211012,30.65063793234424,False,2.7,3,12
16,138.79265546229493,138.8850263876983,-0.09237092540337244,30.558267006940866,False,2.7,3,12
17,124.73977509950103,124.77286139725224,-0.03308629775121119,30.525180709189655,False,2.7,3,12
18,112.02028928431795,112.02675758843353,-0.006468304115571755,30.518712405074083,False,2.7,3,12
19,110.93411983337445,110.94099893999326,-0.006879106618811193,30.511833298455272,False,2.7,3,12
20,108.07805077809161,108.07944823073629,-0.0013974526446816071,30.51043584581059,False,2.7,3,12
21,123.84682796984416,123.84475009431652,0.0020778755276325,30.512513721338223,False,2.7,3,12
22,129.85977993380885,129.85224388794808,0.0075360458607747205,30.520049767198998,False,2.7,3,12
23,132.8525764960537,132.84544089386512,0.007135602188583334,30.52718536938758,False,2.7,3,12
24,134.2931130192874,134.28576097502454,0.007352044262859181,30.53453741365044,False,2.7,3,12
1,290.43711860378687,351.5034954390302,-61.06637683524332,-61.06637683524332,True,2.75,3,12
2,247.63480809866468,183.514837932536,64.11997016612867,3.0535933308853487,True,2.75,3,12
3,116.29141156153912,117.34570919029943,-1.0542976287603096,1.999295702125039,True,2.75,3,12
4,128.20359712194252,267.82334226220604,-139.61974514026352,-137.62044943813848,True,2.75,3,12
5,337.32518311688534,182.24735556662208,155.07782755026327,17.457378112124786,True,2.75,3,12
6,180.7157687646542,154.0450825904686,26.67068617418559,44.12806428631038,True,2.75,3,12
7,149.3216871020993,323.80643110561647,-174.48474400351716,-130.3566797172068,True,2.75,3,12
8,318.88421133545677,169.609170563491,149.27504077196576,18.918361054758975,True,2.75,3,12
9,162.15312584541712,140.37000624150073,21.78311960391639,40.701480658675365,True,2.75,3,12
10,137.41498512234946,297.4066002795502,-159.99161515720075,-119.29013449852539,True,2.75,3,12
11,296.1601589725949,162.1182663673598,134.0418926052351,14.751758106709701,True,2.75,3,12
12,167.7289204666772,143.3022317359996,24.426688730677597,39.1784468373873,True,2.75,3,12
13,138.85553076238665,143.39721124502458,-4.541680482637929,34.63676635474937,False,2.75,3,12
14,142.13635766190765,143.6558734385266,-1.5195157766189595,33.11725057813041,False,2.75,3,12
15,140.81384450660323,141.47946605187906,-0.6656215452758261,32.451629032854584,False,2.75,3,12
16,138.55116053916888,138.8850263876983,-0.33386584852942747,32.117763184325156,False,2.75,3,12
17,124.61801062539854,124.77286139725224,-0.15485077185370244,31.962912412471454,False,2.75,3,12
18,111.95707529750757,112.02675758843353,-0.0696822909259538,31.8932301215455,False,2.75,3,12
19,110.90094093002698,110.94099893999326,-0.0400580099662875,31.853172111579212,False,2.75,3,12
20,108.059816070893,108.07944823073629,-0.019632159843283148,31.83353995173593,False,2.75,3,12
21,123.83367338577277,123.84475009431652,-0.011076708543754421,31.822463243192175,False,2.75,3,12
22,129.85220196260647,129.85224388794808,-4.192534160551986e-05,31.82242131785057,False,2.75,3,12
23,132.84830465007383,132.84544089386512,0.0028637562087112656,31.82528507405928,False,2.75,3,12
24,134.2906764897093,134.28576097502454,0.004915514684768141,31.83020058874405,False,2.75,3,12
1,297.4609509055764,362.03758379768993,-64.57663289211354,-64.57663289211354,True,2.8,3,12
2,256.3249751050055,188.80535097563802,67.51962412936746,2.9429912372539206,True,2.8,3,12
3,118.27189554926103,116.35153573184489,1.9203598174161414,4.863351054670062,True,2.8,3,12
4,128.41362576882676,275.66210815709286,-147.2484823882661,-142.38513133359604,True,2.8,3,12
5,347.0868339490336,190.4278276713212,156.65900627771236,14.27387494411633,True,2.8,3,12
6,187.96726869587795,152.0283618280361,35.93890686784184,50.212781811958166,True,2.8,3,12
7,149.5846533312683,333.30141164191656,-183.71675831064826,-133.5039764986901,True,2.8,3,12
8,328.1969115755255,177.34888208083765,150.84802949468786,17.34405299599777,True,2.8,3,12
9,168.53704212602358,138.38789852365835,30.14914360236523,47.493196598363,True,2.8,3,12
10,137.66340446471673,306.0275247077034,-168.36412024298664,-120.87092364462364,True,2.8,3,12
11,304.63334276787276,170.22818188264495,134.40516088522782,13.53423724060417,True,2.8,3,12
12,174.69488958084222,140.53611276708008,34.15877681376213,47.6930140543663,True,2.8,3,12
13,138.85553076238665,143.50792522770544,-4.6523944653187925,43.04061958904751,False,2.8,3,12
14,142.13635766190765,143.4975442744713,-1.3611866125636425,41.67943297648387,False,2.8,3,12
15,140.81384450660323,141.31120569082876,-0.4973611842255252,41.18207179225834,False,2.8,3,12
16,138.55116053916888,138.72427704186265,-0.1731165026937731,41.00895528956457,False,2.8,3,12
17,124.61801062539854,124.62685110939512,-0.008840483996578996,41.00011480556799,False,2.8,3,12
18,111.95707529750757,111.89582815013112,0.06124714737644865,41.06136195294444,False,2.8,3,12
19,110.90094093002698,110.82351069690469,0.07743023312228559,41.13879218606672,False,2.8,3,12
20,108.059816070893,107.97293859969841,0.08687747119459743,41.22566965726132,False,2.8,3,12
21,123.83367338577277,123.7399657379463,0.0937076478264629,41.319377305087784,False,2.8,3,12
22,129.85220196260647,129.7394829840527,0.11271897855377233,41.432096283641556,False,2.8,3,12
23,132.84830465007383,132.74385249906305,0.10445215101077565,41.53654843465233,False,2.8,3,12
24,134.2906764897093,134.19293160359862,0.09774488611068932,41.63429332076302,False,2.8,3,12
1,304.48478320736604,372.5716721563498,-68.08688894898376,-68.08688894898376,True,2.85,3,12
2,265.01514211134645,195.6302124683315,69.38492964301494,1.2980406940311866,True,2.85,3,12
3,120.25237953698294,117.35029312618715,2.902086410795789,4.200127104826976,True,2.85,3,12
4,128.623654415711,282.2292105888512,-153.60555617314017,-149.4054290683132,True,2.85,3,12
5,356.848484781182,197.07334672295258,159.7751380582294,10.369708989916205,True,2.85,3,12
6,195.21876862710175,152.8888939368315,42.32987469027026,52.699583680186464,True,2.85,3,12
7,150.42266565410475,341.1016078038724,-190.67894214976766,-137.9793584695812,True,2.85,3,12
8,337.29397625649426,183.24460916299887,154.0493670934954,16.07000862391419,True,2.85,3,12
9,174.8250871045208,139.053976018895,35.77111108562579,51.84111970953998,True,2.85,3,12
10,138.4121906323047,312.98912963335664,-174.57693900105193,-122.73581929151194,True,2.85,3,12
11,312.8519965587163,175.92370037924024,136.92829617947604,14.19247688796409,True,2.85,3,12
12,181.5390835420094,141.12303989678477,40.41604364522462,54.60852053318871,True,2.85,3,12
13,138.7832102739349,141.9293033368425,-3.146093062907596,51.46242747028111,False,2.85,3,12
14,142.08809707299568,142.67913138140088,-0.5910343084051988,50.871393161875915,False,2.85,3,12
15,140.77925620571847,140.80128591186343,-0.022029706144962802,50.84936345573095,False,2.85,3,12
16,138.52356325844403,138.34956627269548,0.17399698574854483,51.0233604414795,False,2.85,3,12
17,124.59489590817967,124.32853967161705,0.26635623656261487,51.28971667804211,False,2.85,3,12
18,111.93719719870757,111.6473101066179,0.28988709208967123,51.57960377013178,False,2.85,3,12
19,110.88350584567219,110.60977225134071,0.2737335943314747,51.85333736446326,False,2.85,3,12
20,108.04437252351006,107.78579445222583,0.2585780712842336,52.11191543574749,False,2.85,3,12
21,123.81857440137203,123.55811282813661,0.26046157323541763,52.37237700898291,False,2.85,3,12
22,129.83602470462603,129.5451000105435,0.29092469408251986,52.66330170306543,False,2.85,3,12
23,132.83376591458176,132.56910839015916,0.2646575244226028,52.92795922748803,False,2.85,3,12
24,134.27743260750896,134.0334120810942,0.2440205264147437,53.171979753902775,False,2.85,3,12
1,311.50861550915556,383.10576051500954,-71.59714500585397,-71.59714500585397,True,2.9,3,12
2,273.70530911768725,202.45507396102494,71.25023515666231,-0.3469098491916611,True,2.9,3,12
3,122.23286352470484,119.69330528989683,2.5395582348080126,2.1926483856163514,True,2.9,3,12
4,128.83368306259524,290.0112342155147,-161.17755115291948,-158.98490276730314,True,2.9,3,12
5,366.61013561333016,204.4467887060802,162.16334690724995,3.178444139946805,True,2.9,3,12
6,202.4702685583255,155.90246089266913,46.567807665656375,49.74625180560318,True,2.9,3,12
7,150.776491044555,350.5817176209758,-199.80522657642078,-150.0589747708176,True,2.9,3,12
8,346.606676496563,190.004936843912,156.60173965265102,6.5427648818334205,True,2.9,3,12
9,181.20900338512723,141.82382171310698,39.38518167202025,45.92794655385367,True,2.9,3,12
10,138.74896450257054,321.67133785438585,-182.9223733518153,-136.99442679796164,True,2.9,3,12
11,321.32518035399414,182.55641557788215,138.768764776112,1.7743379781503563,True,2.9,3,12
12,188.50505265617437,143.84003197051746,44.66502068565691,46.43935866380727,True,2.9,3,12
13,138.7832102739349,141.9293033368425,-3.146093062907596,43.29326560089967,False,2.9,3,12
14,142.08809707299568,142.67913138140088,-0.5910343084051988,42.702231292494474,False,2.9,3,12
15,140.77925620571847,140.80128591186343,-0.022029706144962802,42.68020158634951,False,2.9,3,12
16,138.52356325844403,138.34956627269548,0.17399698574854483,42.854198572098056,False,2.9,3,12
17,124.59489590817967,124.32853967161705,0.26635623656261487,43.12055480866067,False,2.9,3,12
18,111.93719719870757,111.6473101066179,0.28988709208967123,43.41044190075034,False,2.9,3,12
19,110.88350584567219,110.60977225134071,0.2737335943314747,43.68417549508182,False,2.9,3,12
20,108.04437252351006,107.78579445222583,0.2585780712842336,43.94275356636605,False,2.9,3,12
21,123.81857440137203,123.55811282813661,0.26046157323541763,44.20321513960147,False,2.9,3,12
22,129.83602470462603,129.5451000105435,0.29092469408251986,44.49413983368399,False,2.9,3,12
23,132.83376591458176,132.56910839015916,0.2646575244226028,44.75879735810659,False,2.9,3,12
24,134.27743260750896,134.0334120810942,0.2440205264147437,45.002817884521335,False,2.9,3,12
1,318.5324478109452,393.6398488736694,-75.1074010627242,-75.1074010627242,True,2.95,3,12
2,282.3954761240283,209.27993545371848,73.1155406703098,-1.9918603924143952,True,2.95,3,12
3,124.21334751242678,122.0363174536065,2.1770300588202787,0.1851696664058835,True,2.95,3,12
4,129.67208611280168,297.79325784217843,-168.12117172937675,-167.93600206297089,True,2.95,3,12
5,376.14708474814853,211.82023068920788,164.32685405894065,-3.6091480040302315,True,2.95,3,12
6,209.61841591591258,158.9160278485067,50.70238806740588,47.093240063375646,True,2.95,3,12
7,157.6896977991179,360.0618274380793,-202.3721296389614,-155.27888957558577,True,2.95,3,12
8,353.67241444731,196.76526452482523,156.9071499224848,1.628260346899026,True,2.95,3,12
9,186.54936320850243,144.59366740731895,41.95569580118348,43.58395614808251,True,2.95,3,12
10,144.67064378119287,330.3535460754152,-185.68290229422232,-142.0989461461398,True,2.95,3,12
11,327.22563805059497,189.18913077652414,138.03650727407083,-4.062438872068981,True,2.95,3,12
12,194.20143095749492,146.55702404425017,47.64440691324475,43.58196804117577,True,2.95,3,12
13,138.02296549083792,141.9293033368425,-3.9063378460045897,39.67563019517118,False,2.95,3,12
14,141.57912540638313,142.67913138140088,-1.1000059750177513,38.57562422015343,False,2.95,3,12
15,140.41387914315612,140.80128591186343,-0.38740676870730795,38.18821745144612,False,2.95,3,12
16,138.2316772175695,138.34956627269548,-0.11788905512597125,38.07032839632015,False,2.95,3,12
17,124.35010015337917,124.32853967161705,0.021560481762122663,38.09188887808227,False,2.95,3,12
18,111.7263494739637,111.6473101066179,0.07903936734579986,38.17092824542807,False,2.95,3,12
19,110.69822737889126,110.60977225134071,0.08845512755054585,38.25938337297862,False,2.95,3,12
20,107.87990730170155,107.78579445222583,0.09411284947572085,38.35349622245434,False,2.95,3,12
21,123.65739812281828,123.55811282813661,0.09928529468166403,38.452781517136,False,2.95,3,12
22,129.6628983369274,129.5451000105435,0.1177983263839053,38.57057984351991,False,2.95,3,12
23,132.67775770886996,132.56910839015916,0.1086493187108033,38.67922916223071,False,2.95,3,12
24,134.134925204465,134.0334120810942,0.10151312337077911,38.78074228560149,False,2.95,3,12
1,325.55628011273484,404.17393723232914,-78.6176571195943,-78.6176571195943,True,3.0,3,12
2,291.08564313036914,216.10479694641188,74.98084618395725,-3.636810935637044,True,3.0,3,12
3,126.19383150014866,124.37932961731619,1.8145018828324737,-1.8223090528045702,True,3.0,3,12
4,137.74011831887768,305.575281468842,-167.8351631499643,-169.65747220276887,True,3.0,3,12
5,383.60131808452456,219.19367267233548,164.40764541218908,-5.249826790579789,True,3.0,3,12
6,215.77063785471233,161.9295948043443,53.84104305036803,48.59121625978824,True,3.0,3,12
7,159.80629664297655,369.5419372551827,-209.73564061220614,-161.1444243524179,True,3.0,3,12
8,362.6332928882766,203.52559220573838,159.10770068253825,-2.036723669879649,True,3.0,3,12
9,192.6758751124652,147.3635131015309,45.312362010934294,43.275638341054645,True,3.0,3,12
10,147.25727575748718,339.0357542964444,-191.77847853895722,-148.50284019790257,True,3.0,3,12
11,335.5541224336145,195.8218459751661,139.7322764584484,-8.770563739454161,True,3.0,3,12
12,201.0487423094961,149.27401611798288,51.774726191513224,43.00416245205906,True,3.0,3,12
13,137.92486694865886,141.9293033368425,-4.004436388183649,38.999726063875414,False,3.0,3,12
14,141.49727573924065,142.67913138140088,-1.1818556421602295,37.817870421715185,False,3.0,3,12
15,140.3450496467797,140.80128591186343,-0.4562362650837315,37.36163415663145,False,3.0,3,12
16,138.16983646674413,138.34956627269548,-0.17972980595135368,37.1819043506801,False,3.0,3,12
17,124.29338466249348,124.32853967161705,-0.035155009123570835,37.14674934155653,False,3.0,3,12
18,111.67398448658163,111.6473101066179,0.026674379963736783,37.173423721520265,False,3.0,3,12
19,110.64961118270064,110.60977225134071,0.03983893135992389,37.21326265288019,False,3.0,3,12
20,107.83479835001918,107.78579445222583,0.04900389779335512,37.262266550673544,False,3.0,3,12
21,123.61156003700336,123.55811282813661,0.05344720886674281,37.31571375954029,False,3.0,3,12
22,129.61215761485718,129.5451000105435,0.0670576043136748,37.38277136385396,False,3.0,3,12
23,132.63086115025175,132.56910839015916,0.06175276009258823,37.44452412394655,False,3.0,3,12
24,134.09115234317517,134.0334120810942,0.05774026208095506,37.502264386027505,False,3.0,3,12
1,338.0921198233666,414.7080255909889,-76.61590576762228,-76.61590576762228,True,3.05,3,12
2,297.38689614431405,222.92965843910528,74.45723770520877,-2.1586680624135113,True,3.05,3,12
3,134.00906648952207,126.72234178102585,7.286724708496223,5.128056646082712,True,3.05,3,12
4,162.05656137358466,313.3573050955056,-151.30074372192092,-146.1726870758382,True,3.05,3,12
5,388.69595606597005,226.5671146554631,162.12884141050696,15.956154334668753,True,3.05,3,12
6,198.00151016588498,164.9431617601819,33.05834840570307,49.014502740371825,True,3.05,3,12
7,190.81780869038914,379.02204707228606,-188.20423838189691,-139.1897356415251,True,3.05,3,12
8,364.78164011122124,210.28591988665153,154.4957202245697,15.30598458304462,True,3.05,3,12
9,179.7027620673041,150.13335879574288,29.569403271561214,44.87538785460583,True,3.05,3,12
10,175.16081816184854,347.71796251747367,-172.55714435562513,-127.6817565010193,True,3.05,3,12
11,340.4024505542454,202.45456117380803,137.94788938043735,10.266132879418052,True,3.05,3,12
12,184.69830388041657,151.99100819171557,32.70729568870101,42.97342856811906,True,3.05,3,12
13,139.12104874271532,141.9293033368425,-2.8082545941271917,40.16517397399187,False,3.05,3,12
14,141.90537581278713,142.67913138140088,-0.7737555686137512,39.39141840537812,False,3.05,3,12
15,140.51525785084488,140.80128591186343,-0.2860280610185555,39.10539034435956,False,3.05,3,12
16,138.23468122901772,138.34956627269548,-0.11488504367775931,38.990505300681804,False,3.05,3,12
17,124.30530751880194,124.32853967161705,-0.023232152815111817,38.96727314786669,False,3.05,3,12
18,111.66076215250527,111.6473101066179,0.013452045887376585,38.98072519375407,False,3.05,3,12
19,110.63273037563897,110.60977225134071,0.022958124298256166,39.003683318052325,False,3.05,3,12
20,107.8115594311646,107.78579445222583,0.025764978938767058,39.02944829699109,False,3.05,3,12
21,123.58258809139068,123.55811282813661,0.02447526325406102,39.05392356024515,False,3.05,3,12
22,129.57679724025292,129.5451000105435,0.03169722970940825,39.08562078995456,False,3.05,3,12
23,132.5972070462362,132.56910839015916,0.028098656077048645,39.11371944603161,False,3.05,3,12
24,134.0582032351883,134.0334120810942,0.024791154094089052,39.1385106001257,False,3.05,3,12
1,348.0188722265264,425.2421139496488,-77.22324172312238,-77.22324172312238,True,3.1,3,12
2,306.0770631506549,229.75451993179877,76.32254321885614,-0.900698504266245,True,3.1,3,12
3,136.1889561420712,129.06535394473553,7.123602197335657,6.222903693069412,True,3.1,3,12
4,165.9246099672109,321.1393287221693,-155.2147187549584,-148.99181506188899,True,3.1,3,12
5,399.6675713983931,233.94055663859083,165.72701475980224,16.73519969791326,True,3.1,3,12
6,202.4597181819716,167.9567287160195,34.50298946595208,51.23818916386534,True,3.1,3,12
7,195.44499286862083,388.5021568893896,-193.05716402076877,-141.81897485690342,True,3.1,3,12
8,374.9127841592203,217.0462475675647,157.86653659165557,16.04756173475215,True,3.1,3,12
9,183.79635806610312,152.90320448995485,30.89315357614828,46.94071531090043,True,3.1,3,12
10,179.51084601831633,356.400170738503,-176.88932472018666,-129.94860940928623,True,3.1,3,12
11,349.85721603069095,209.08727637245002,140.76993965824093,10.821330248954695,True,3.1,3,12
12,189.0321672932132,154.70800026544828,34.32416702776493,45.145497276719624,True,3.1,3,12
13,139.12104874271532,141.9293033368425,-2.8082545941271917,42.33724268259243,False,3.1,3,12
14,141.90537581278713,142.67913138140088,-0.7737555686137512,41.56348711397868,False,3.1,3,12
15,140.51525785084488,140.80128591186343,-0.2860280610185555,41.277459052960126,False,3.1,3,12
16,138.23468122901772,138.34956627269548,-0.11488504367775931,41.162574009282366,False,3.1,3,12
17,124.30530751880194,124.32853967161705,-0.023232152815111817,41.139341856467254,False,3.1,3,12
18,111.66076215250527,111.6473101066179,0.013452045887376585,41.15279390235463,False,3.1,3,12
19,110.63273037563897,110.60977225134071,0.022958124298256166,41.17575202665289,False,3.1,3,12
20,107.8115594311646,107.78579445222583,0.025764978938767058,41.201517005591654,False,3.1,3,12
21,123.58258809139068,123.55811282813661,0.02447526325406102,41.225992268845715,False,3.1,3,12
22,129.57679724025292,129.5451000105435,0.03169722970940825,41.25768949855512,False,3.1,3,12
23,132.5972070462362,132.56910839015916,0.028098656077048645,41.28578815463217,False,3.1,3,12
24,134.0582032351883,134.0334120810942,0.024791154094089052,41.31057930872626,False,3.1,3,12
1,357.9456246296858,435.7762023083084,-77.8305776786226,-77.8305776786226,True,3.15,3,12
2,314.7672301569958,236.5793814244922,78.18784873250362,0.3572710538810213,True,3.15,3,12
3,138.36884579462028,131.40836610844522,6.960479686175063,7.317750740056084,True,3.15,3,12
4,169.79265856083705,328.9213523488329,-159.12869378799584,-151.81094304793976,True,3.15,3,12
5,410.6391867308159,241.31399862171838,169.3251881090975,17.514245061157737,True,3.15,3,12
6,206.91792619805818,170.97029567185712,35.94763052620107,53.461875587358804,True,3.15,3,12
7,200.07217704685246,397.982266706493,-197.91008965964056,-144.44821407228176,True,3.15,3,12
8,385.0439282072194,223.80657524847786,161.23735295874152,16.789138886459767,True,3.15,3,12
9,187.8899540649021,155.67305018416678,32.216903880735316,49.00604276719508,True,3.15,3,12
10,183.86087387478403,365.0823789595322,-181.22150508474817,-132.2154623175531,True,3.15,3,12
11,359.31198150713647,215.71999157109192,143.59198993604454,11.376527618491451,True,3.15,3,12
12,193.36603070600978,157.42499233918096,35.94103836682882,47.31756598532027,True,3.15,3,12
13,139.12104874271532,141.9293033368425,-2.8082545941271917,44.50931139119308,False,3.15,3,12
14,141.90537581278713,142.67913138140088,-0.7737555686137512,43.73555582257933,False,3.15,3,12
15,140.51525785084488,140.80128591186343,-0.2860280610185555,43.44952776156077,False,3.15,3,12
16,138.23468122901772,138.34956627269548,-0.11488504367775931,43.334642717883014,False,3.15,3,12
17,124.30530751880194,124.32853967161705,-0.023232152815111817,43.3114105650679,False,3.15,3,12
18,111.66076215250527,111.6473101066179,0.013452045887376585,43.32486261095528,False,3.15,3,12
19,110.63273037563897,110.60977225134071,0.022958124298256166,43.347820735253535,False,3.15,3,12
20,107.8115594311646,107.78579445222583,0.025764978938767058,43.3735857141923,False,3.15,3,12
21,123.58258809139068,123.55811282813661,0.02447526325406102,43.39806097744636,False,3.15,3,12
22,129.57679724025292,129.5451000105435,0.03169722970940825,43.42975820715577,False,3.15,3,12
23,132.5972070462362,132.56910839015916,0.028098656077048645,43.45785686323282,False,3.15,3,12
24,134.0582032351883,134.0334120810942,0.024791154094089052,43.48264801732691,False,3.15,3,12
1,367.87237703284563,446.31029066696834,-78.43791363412271,-78.43791363412271,True,3.2,3,12
2,323.45739716333674,244.15120624299146,79.30619092034527,0.8682772862225647,True,3.2,3,12
3,140.5487354471694,135.72502920430827,4.823706242861135,5.6919835290837,True,3.2,3,12
4,173.6607071544633,335.5582217311867,-161.89751457672338,-156.20553104763968,True,3.2,3,12
5,421.61080206323885,247.53433586970857,174.07646619353028,17.8709351458906,True,3.2,3,12
6,211.37613421414477,176.36675702060825,35.00937719353652,52.88031233942712,True,3.2,3,12
7,204.69936122508412,406.1747556311956,-201.47539440611146,-148.59508206668434,True,3.2,3,12
8,395.1750722552186,230.66945612492572,164.50561613029288,15.910534063608537,True,3.2,3,12
9,191.9835500637011,159.2836132564682,32.699936807232916,48.61047087084145,True,3.2,3,12
10,188.21090173125182,372.782482870434,-184.5715811391822,-135.96111026834075,True,3.2,3,12
11,368.76674698358204,224.17677322560843,144.5899737579736,8.628863489632863,True,3.2,3,12
12,197.6998941188064,163.1423802194891,34.557513899317314,43.18637738895018,True,3.2,3,12
13,139.12104874271532,140.4368817792717,-1.31583303655637,41.87054435239381,False,3.2,3,12
14,141.90537581278713,142.31368526338503,-0.4083094505978977,41.46223490179591,False,3.2,3,12
15,140.51525785084488,140.68331526139195,-0.16805741054707823,41.29417749124883,False,3.2,3,12
16,138.23468122901772,138.3110892497507,-0.07640802073296982,41.21776947051586,False,3.2,3,12
17,124.30530751880194,124.32971734109246,-0.024409822290522243,41.19335964822534,False,3.2,3,12
18,111.66076215250527,111.66363934425708,-0.0028771917518071177,41.19048245647353,False,3.2,3,12
19,110.63273037563897,110.63123351281851,0.00149686282045991,41.19197931929399,False,3.2,3,12
20,107.8115594311646,107.80639210551837,0.005167325646226573,41.19714664494022,False,3.2,3,12
21,123.58258809139068,123.5775253553914,0.005062735999274537,41.20220938093949,False,3.2,3,12
22,129.57679724025292,129.56762985070228,0.009167389550640337,41.21137677049013,False,3.2,3,12
23,132.5972070462362,132.58905938764454,0.00814765859166755,41.2195244290818,False,3.2,3,12
24,134.0582032351883,134.05119049459728,0.007012740591022748,41.226537169672824,False,3.2,3,12
1,158.50314572010907,158.55129368779754,-0.04814796768846463,-0.04814796768846463,True,1.4,8,12
2,155.5875812013029,155.2005276763154,0.38705352498749335,0.3389055572990287,True,1.4,8,12
3,117.53987570350206,117.41662268432783,0.12325301917422848,0.4621585764732572,True,1.4,8,12
4,126.9679012648414,126.92743622168337,0.04046504315803645,0.5026236196312936,True,1.4,8,12
5,157.90238197619894,157.4579418642115,0.44444011198743283,0.9470637316187265,True,1.4,8,12
6,155.00606431663257,154.7942795326229,0.21178478400966583,1.1588485156283923,True,1.4,8,12
7,152.4136560451378,152.322829373471,0.0908266716668038,1.249675187295196,True,1.4,8,12
8,148.8039656999684,148.3321980110409,0.47176768892748555,1.7214428762226817,True,1.4,8,12
9,140.96011668085495,140.73128484253806,0.2288318383168928,1.9502747145395745,True,1.4,8,12
10,140.32974009545734,140.21972253920723,0.11001755625011356,2.060292270789688,True,1.4,8,12
11,142.48619888697212,142.02400256513042,0.46219632184170223,2.5224885926313902,True,1.4,8,12
12,144.14730331340456,143.90582727914347,0.24147603426109754,2.763964626892488,True,1.4,8,12
13,149.99473925413966,149.81998995144323,0.1747493026964264,2.938713929588914,False,1.4,8,12
14,147.037916358144,146.90457587026438,0.1333404878796216,3.072054417468536,False,1.4,8,12
15,143.5756821090128,143.4726363696613,0.10304573935150074,3.1751001568200365,False,1.4,8,12
16,140.30137362481025,140.2188917505519,0.08248187425834885,3.2575820310783854,False,1.4,8,12
17,125.70939827137677,125.6420788312831,0.06731944009366941,3.324901471172055,False,1.4,8,12
18,112.67571909826819,112.62023308613155,0.055486012136640284,3.380387483308695,False,1.4,8,12
19,111.50634076879713,111.46046025974715,0.04588050904997942,3.4262679923586745,False,1.4,8,12
20,108.5621490354334,108.51293734290383,0.049211692529567586,3.475479684888242,False,1.4,8,12
21,124.32730428884173,124.27087142638062,0.0564328624611079,3.53191254734935,False,1.4,8,12
22,130.30424561983534,130.25009225819417,0.054153361641169795,3.58606590899052,False,1.4,8,12
23,133.2649806787761,133.21451250671993,0.05046817205618481,3.6365340810467046,False,1.4,8,12
24,134.67243143352135,134.6253243423257,0.047107091195641715,3.6836411722423463,False,1.4,8,12
1,158.50314572010907,158.82795799193562,-0.32481227182654493,-0.32481227182654493,True,1.45,8,12
2,155.5875812013029,155.2005276763154,0.38705352498749335,0.06224125316094842,True,1.45,8,12
3,117.53987570350206,117.41662268432783,0.12325301917422848,0.1854942723351769,True,1.45,8,12
4,126.9679012648414,127.13746485915061,-0.16956359430920998,0.015930678025966927,True,1.45,8,12
5,157.90238197619894,157.4579418642115,0.44444011198743283,0.46037079001339976,True,1.45,8,12
6,155.00606431663257,154.7942795326229,0.21178478400966583,0.6721555740230656,True,1.45,8,12
7,152.4136560451378,152.5857955908928,-0.17213954575498747,0.5000160282680781,True,1.45,8,12
8,148.8039656999684,148.3321980110409,0.47176768892748555,0.9717837171955637,True,1.45,8,12
9,140.96011668085495,140.73128484253806,0.2288318383168928,1.2006155555124565,True,1.45,8,12
10,140.32974009545734,140.46814187050248,-0.13840177504513917,1.0622137804673173,True,1.45,8,12
11,142.48619888697212,142.02400256513042,0.46219632184170223,1.5244101023090195,True,1.45,8,12
12,144.14730331340456,143.90582727914347,0.24147603426109754,1.765886136570117,True,1.45,8,12
13,149.99473925413966,149.81998995144323,0.1747493026964264,1.9406354392665435,False,1.45,8,12
14,147.037916358144,146.90457587026438,0.1333404878796216,2.073975927146165,False,1.45,8,12
15,143.5756821090128,143.4726363696613,0.10304573935150074,2.177021666497666,False,1.45,8,12
16,140.30137362481025,140.2188917505519,0.08248187425834885,2.2595035407560147,False,1.45,8,12
17,125.70939827137677,125.6420788312831,0.06731944009366941,2.326822980849684,False,1.45,8,12
18,112.67571909826819,112.62023308613155,0.055486012136640284,2.3823089929863244,False,1.45,8,12
19,111.50634076879713,111.46046025974715,0.04588050904997942,2.428189502036304,False,1.45,8,12
20,108.5621490354334,108.51293734290383,0.049211692529567586,2.4774011945658714,False,1.45,8,12
21,124.32730428884173,124.27087142638062,0.0564328624611079,2.5338340570269793,False,1.45,8,12
22,130.30424561983534,130.25009225819417,0.054153361641169795,2.587987418668149,False,1.45,8,12
23,133.2649806787761,133.21451250671993,0.05046817205618481,2.638455590724334,False,1.45,8,12
24,134.67243143352135,134.6253243423257,0.047107091195641715,2.6855626819199756,False,1.45,8,12
1,158.50314572010907,159.1046222960737,-0.6014765759646252,-0.6014765759646252,True,1.5,8,12
2,155.5875812013029,155.2005276763154,0.38705352498749335,-0.21442305097713188,True,1.5,8,12
3,117.53987570350206,117.41662268432783,0.12325301917422848,-0.0911700318029034,True,1.5,8,12
4,126.9679012648414,127.34749349661786,-0.3795922317764564,-0.4707622635793598,True,1.5,8,12
5,157.90238197619894,157.4579418642115,0.44444011198743283,-0.026322151591926968,True,1.5,8,12
6,155.00606431663257,154.7942795326229,0.21178478400966583,0.18546263241773886,True,1.5,8,12
7,152.4136560451378,152.84876180831455,-0.4351057631767503,-0.24964313075901146,True,1.5,8,12
8,148.8039656999684,148.3321980110409,0.47176768892748555,0.2221245581684741,True,1.5,8,12
9,140.96011668085495,140.73128484253806,0.2288318383168928,0.4509563964853669,True,1.5,8,12
10,140.32974009545734,140.71656120179773,-0.3868211063403919,0.06413529014497499,True,1.5,8,12
11,142.48619888697212,142.02400256513042,0.46219632184170223,0.5263316119866772,True,1.5,8,12
12,144.14730331340456,143.90582727914347,0.24147603426109754,0.7678076462477748,True,1.5,8,12
13,149.99473925413966,149.81998995144323,0.1747493026964264,0.9425569489442012,False,1.5,8,12
14,147.037916358144,146.90457587026438,0.1333404878796216,1.0758974368238228,False,1.5,8,12
15,143.5756821090128,143.4726363696613,0.10304573935150074,1.1789431761753235,False,1.5,8,12
16,140.30137362481025,140.2188917505519,0.08248187425834885,1.2614250504336724,False,1.5,8,12
17,125.70939827137677,125.6420788312831,0.06731944009366941,1.3287444905273418,False,1.5,8,12
18,112.67571909826819,112.62023308613155,0.055486012136640284,1.384230502663982,False,1.5,8,12
19,111.50634076879713,111.46046025974715,0.04588050904997942,1.4301110117139615,False,1.5,8,12
20,108.5621490354334,108.51293734290383,0.049211692529567586,1.479322704243529,False,1.5,8,12
21,124.32730428884173,124.27087142638062,0.0564328624611079,1.535755566704637,False,1.5,8,12
22,130.30424561983534,130.25009225819417,0.054153361641169795,1.5899089283458068,False,1.5,8,12
23,133.2649806787761,133.21451250671993,0.05046817205618481,1.6403771004019916,False,1.5,8,12
24,134.67243143352135,134.6253243423257,0.047107091195641715,1.6874841915976333,False,1.5,8,12
1,158.50314572010907,159.38128660021178,-0.8781408801027055,-0.8781408801027055,True,1.55,8,12
2,155.5875812013029,155.2005276763154,0.38705352498749335,-0.4910873551152122,True,1.55,8,12
3,117.53987570350206,117.41662268432783,0.12325301917422848,-0.3678343359409837,True,1.55,8,12
4,126.9679012648414,127.5575221340851,-0.5896208692437028,-0.9574552051846865,True,1.55,8,12
5,157.90238197619894,157.4579418642115,0.44444011198743283,-0.5130150931972537,True,1.55,8,12
6,155.00606431663257,154.7942795326229,0.21178478400966583,-0.30123030918758786,True,1.55,8,12
7,152.4136560451378,153.11172802573634,-0.6980719805985416,-0.9993022897861294,True,1.55,8,12
8,148.8039656999684,148.3321980110409,0.47176768892748555,-0.5275346008586439,True,1.55,8,12
9,140.96011668085495,140.73128484253806,0.2288318383168928,-0.2987027625417511,True,1.55,8,12
10,140.32974009545734,140.96498053309298,-0.6352404376356446,-0.9339432001773957,True,1.55,8,12
11,142.48619888697212,142.02400256513042,0.46219632184170223,-0.4717468783356935,True,1.55,8,12
12,144.14730331340456,143.90582727914347,0.24147603426109754,-0.23027084407459597,True,1.55,8,12
13,149.99473925413966,149.81998995144323,0.1747493026964264,-0.05552154137816956,False,1.55,8,12
14,147.037916358144,146.90457587026438,0.1333404878796216,0.07781894650145205,False,1.55,8,12
15,143.5756821090128,143.4726363696613,0.10304573935150074,0.1808646858529528,False,1.55,8,12
16,140.30137362481025,140.2188917505519,0.08248187425834885,0.26334656011130164,False,1.55,8,12
17,125.70939827137677,125.6420788312831,0.06731944009366941,0.33066600020497106,False,1.55,8,12
18,112.67571909826819,112.62023308613155,0.055486012136640284,0.38615201234161134,False,1.55,8,12
19,111.50634076879713,111.46046025974715,0.04588050904997942,0.43203252139159076,False,1.55,8,12
20,108.5621490354334,108.51293734290383,0.049211692529567586,0.48124421392115835,False,1.55,8,12
21,124.32730428884173,124.27087142638062,0.0564328624611079,0.5376770763822663,False,1.55,8,12
22,130.30424561983534,130.25009225819417,0.054153361641169795,0.591830438023436,False,1.55,8,12
23,133.2649806787761,133.21451250671993,0.05046817205618481,0.6422986100796209,False,1.55,8,12
24,134.67243143352135,134.6253243423257,0.047107091195641715,0.6894057012752626,False,1.55,8,12
1,158.50314572010907,159.6579509043499,-1.1548051842408142,-1.1548051842408142,True,1.6,8,12
2,156.73556543562478,155.2005276763154,1.5350377593093754,0.3802325750685611,True,1.6,8,12
3,117.25924950758444,117.41662268432783,-0.15737317674339124,0.22285939832516988,True,1.6,8,12
4,126.83673853067279,127.76755077155235,-0.9308122408795612,-0.7079528425543913,True,1.6,8,12
5,158.91962001847693,157.4579418642115,1.461678154265428,0.7537253117110367,True,1.6,8,12
6,154.57083391601927,154.7942795326229,-0.22344561660364093,0.5302796951073958,True,1.6,8,12
7,152.199891151528,153.3746942431581,-1.1748030916301104,-0.6445233965227146,True,1.6,8,12
8,149.76539762093276,148.3321980110409,1.433199609891858,0.7886762133691434,True,1.6,8,12
9,140.51420723023978,140.73128484253806,-0.21707761229828293,0.5715986010708605,True,1.6,8,12
10,140.10050475080146,141.21339986438824,-1.1128951135867737,-0.5412965125159133,True,1.6,8,12
11,143.35996287400235,142.02400256513042,1.3359603088719325,0.7946637963560192,True,1.6,8,12
12,143.6925860460167,143.90582727914347,-0.21324123312678012,0.5814225632292391,True,1.6,8,12
13,149.7401430453173,149.81998995144323,-0.07984690612593681,0.5015756571033023,False,1.6,8,12
14,146.8664140605526,146.90457587026438,-0.03816180971179506,0.46341384739150726,False,1.6,8,12
15,143.4518207571692,143.4726363696613,-0.0208156124921004,0.44259823489940686,False,1.6,8,12
16,140.20613791090304,140.2188917505519,-0.012753839648866006,0.42984439525054086,False,1.6,8,12
17,125.63361510484292,125.6420788312831,-0.00846372644018345,0.4213806688103574,False,1.6,8,12
18,112.61429255747295,112.62023308613155,-0.0059405286585985095,0.4154401401517589,False,1.6,8,12
19,111.45612604735355,111.46046025974715,-0.004334212393601433,0.41110592775815746,False,1.6,8,12
20,108.50872245304794,108.51293734290383,-0.0042148898558878045,0.40689103790226966,False,1.6,8,12
21,124.26639762587754,124.27087142638062,-0.004473800503077996,0.40241723739919166,False,1.6,8,12
22,130.24605544019897,130.25009225819417,-0.004036817995199726,0.39838041940399194,False,1.6,8,12
23,133.21093223265333,133.21451250671993,-0.0035802740665928923,0.39480014533739904,False,1.6,8,12
24,134.62211463901818,134.6253243423257,-0.0032097033075331183,0.3915904420298659,False,1.6,8,12
1,158.50314572010907,160.88814946545364,-2.3850037453445623,-2.3850037453445623,True,1.65,8,12
2,157.86439330638203,154.45098942156858,3.413403884813448,1.0284001394688858,True,1.65,8,12
3,116.95237885773585,117.19463969417359,-0.24226083643773677,0.786139303031149,True,1.65,8,12
4,126.70523827439759,128.59762003810528,-1.8923817637076894,-1.1062424606765404,True,1.65,8,12
5,159.10120469949385,156.62867839488996,2.472526304603889,1.3662838439273486,True,1.65,8,12
6,154.51987623222166,154.44261501906084,0.07726121316082413,1.4435450570881727,True,1.65,8,12
7,153.00963558898138,154.37102195448324,-1.3613863655018577,0.08215869158631506,True,1.65,8,12
8,149.59471140650015,147.4809117365627,2.113799669937464,2.195958361523779,True,1.65,8,12
9,140.34283054464345,140.37477113987012,-0.03194059522667203,2.164017766297107,True,1.65,8,12
10,140.7889746889739,142.12474652183522,-1.335771832861326,0.828245933435781,True,1.65,8,12
11,143.19741421257808,141.27253397214585,1.9248802404322305,2.7531261738680115,True,1.65,8,12
12,143.51767530564848,143.57441441749216,-0.05673911184368308,2.6963870620243284,True,1.65,8,12
13,149.63558615259683,149.61727067303252,0.01831547956430768,2.714702541588636,False,1.65,8,12
14,146.7978410141701,146.7688183887547,0.029022625415393577,2.7437251670040297,False,1.65,8,12
15,143.40248829022192,143.37308131259965,0.029406977622272734,2.7731321446263024,False,1.65,8,12
16,140.16299154379902,140.13029969077473,0.03269185302428923,2.8058239976505917,False,1.65,8,12
17,125.60162962103742,125.57539601609741,0.026233604940003374,2.832057602590595,False,1.65,8,12
18,112.58984233395418,112.5685921882875,0.02125014566668426,2.8533077482572793,False,1.65,8,12
19,111.43706158189873,111.41975363266754,0.017307949231195607,2.870615697488475,False,1.65,8,12
20,108.49370160484483,108.48057409446014,0.013127510384691732,2.8837432078731666,False,1.65,8,12
21,124.25453926425945,124.24513047237983,0.009408791879621958,2.8931519997527886,False,1.65,8,12
22,130.23394245277507,130.2236343769349,0.010308075840157471,2.903460075592946,False,1.65,8,12
23,133.19939268322278,133.1891742435904,0.010218439632382115,2.913678515225328,False,1.65,8,12
24,134.60843767740502,134.59515693848,0.01328073892503312,2.9269592541503613,False,1.65,8,12
1,158.50314572010907,165.25232899698796,-6.749183276878881,-6.749183276878881,True,1.7,8,12
2,162.3016255690234,154.45098942156858,7.850636147454821,1.1014528705759403,True,1.7,8,12
3,116.7075024942692,117.19463969417359,-0.48713719990438165,0.6143156706715587,True,1.7,8,12
4,126.59826830329695,131.99152775576204,-5.393259452465088,-4.778943781793529,True,1.7,8,12
5,164.2282721225667,156.62867839488996,7.599593727676734,2.820649945883204,True,1.7,8,12
6,153.75500664474933,154.44261501906084,-0.6876083743115089,2.1330415715716953,True,1.7,8,12
7,151.84316349041333,158.61115747087007,-6.767993980456737,-4.634952408885042,True,1.7,8,12
8,154.97534051844283,147.4809117365627,7.494428781880146,2.859476372995104,True,1.7,8,12
9,139.71061637751785,140.37477113987012,-0.6641547623522683,2.1953216106428357,True,1.7,8,12
10,139.7477326590065,146.06248918727212,-6.314756528265633,-4.119434917622797,True,1.7,8,12
11,147.89488801435215,141.27253397214585,6.622354042206297,2.5029191245834994,True,1.7,8,12
12,142.95803045363039,143.57441441749216,-0.6163839638617787,1.8865351607217207,True,1.7,8,12
13,149.39099789080572,149.61727067303252,-0.22627278222680047,1.6602623784949202,False,1.7,8,12
14,146.66416093610397,146.7688183887547,-0.10465745265074133,1.5556049258441789,False,1.7,8,12
15,143.31635025777518,143.37308131259965,-0.05673105482446772,1.4988738710197111,False,1.7,8,12
16,140.09306716297397,140.13029969077473,-0.03723252780076791,1.4616413432189432,False,1.7,8,12
17,125.5524842789448,125.57539601609741,-0.022911737152611522,1.4387296060663317,False,1.7,8,12
18,112.55368275364562,112.5685921882875,-0.014909434641879216,1.4238201714244525,False,1.7,8,12
19,111.40960916712373,111.41975363266754,-0.010144465543802994,1.4136757058806495,False,1.7,8,12
20,108.47245611128844,108.48057409446014,-0.008117983171700871,1.4055577227089486,False,1.7,8,12
21,124.23795807003302,124.24513047237983,-0.007172402346810713,1.398385320362138,False,1.7,8,12
22,130.2171212434511,130.2236343769349,-0.006513133483821321,1.3918721868783166,False,1.7,8,12
23,133.18342699443843,133.1891742435904,-0.005747249151966116,1.3861249377263505,False,1.7,8,12
24,134.58954439019516,134.59515693848,-0.0056125482848301544,1.3805123894415203,False,1.7,8,12
1,158.50314572010907,169.6165085285223,-11.113362808413228,-11.113362808413228,True,1.75,8,12
2,166.64385963209708,154.45098942156858,12.192870210528497,1.0795074021152686,True,1.75,8,12
3,116.7075024942692,117.19463969417359,-0.48713719990438165,0.592370202210887,True,1.75,8,12
4,126.59826830329695,135.3854354734188,-8.787167170121847,-8.19479696791096,True,1.75,8,12
5,168.4915336027591,156.62867839488996,11.862855207869131,3.668058239958171,True,1.75,8,12
6,153.75500664474933,154.44261501906084,-0.6876083743115089,2.980449865646662,True,1.75,8,12
7,151.84316349041333,162.85129298725687,-11.008129496843537,-8.027679631196875,True,1.75,8,12
8,159.1930104488267,147.4809117365627,11.712098712264009,3.6844190810671336,True,1.75,8,12
9,139.71061637751785,140.37477113987012,-0.6641547623522683,3.0202643187148652,True,1.75,8,12
10,139.7477326590065,150.00023185270902,-10.252499193702533,-7.232234874987668,True,1.75,8,12
11,151.56825400298052,141.27253397214585,10.295720030834673,3.0634851558470046,True,1.75,8,12
12,142.95803045363039,143.57441441749216,-0.6163839638617787,2.447101191985226,True,1.75,8,12
13,149.39099789080572,149.61727067303252,-0.22627278222680047,2.2208284097584254,False,1.75,8,12
14,146.66416093610397,146.7688183887547,-0.10465745265074133,2.116170957107684,False,1.75,8,12
15,143.31635025777518,143.37308131259965,-0.05673105482446772,2.0594399022832164,False,1.75,8,12
16,140.09306716297397,140.13029969077473,-0.03723252780076791,2.0222073744824485,False,1.75,8,12
17,125.5524842789448,125.57539601609741,-0.022911737152611522,1.999295637329837,False,1.75,8,12
18,112.55368275364562,112.5685921882875,-0.014909434641879216,1.9843862026879577,False,1.75,8,12
19,111.40960916712373,111.41975363266754,-0.010144465543802994,1.9742417371441547,False,1.75,8,12
20,108.47245611128844,108.48057409446014,-0.008117983171700871,1.9661237539724539,False,1.75,8,12
21,124.23795807003302,124.24513047237983,-0.007172402346810713,1.9589513516256432,False,1.75,8,12
22,130.2171212434511,130.2236343769349,-0.006513133483821321,1.9524382181418218,False,1.75,8,12
23,133.18342699443843,133.1891742435904,-0.005747249151966116,1.9466909689898557,False,1.75,8,12
24,134.58954439019516,134.59515693848,-0.0056125482848301544,1.9410784207050256,False,1.75,8,12
1,158.50314572010907,173.98068806005662,-15.477542339947547,-15.477542339947547,True,1.8,8,12
2,170.98609369517075,154.45098942156858,16.535104273602172,1.0575619336546254,True,1.8,8,12
3,116.7075024942692,117.19463969417359,-0.48713719990438165,0.5704247337502437,True,1.8,8,12
4,126.59826830329695,138.77934319107555,-12.181074887778607,-11.610650154028363,True,1.8,8,12
5,172.7547950829515,156.62867839488996,16.12611668806153,4.515466534033166,True,1.8,8,12
6,153.75500664474933,154.44261501906084,-0.6876083743115089,3.827858159721657,True,1.8,8,12
7,151.84316349041333,167.09142850364367,-15.248265013230338,-11.42040685350868,True,1.8,8,12
8,163.41068037921053,147.4809117365627,15.929768642647844,4.509361789139163,True,1.8,8,12
9,139.71061637751785,140.37477113987012,-0.6641547623522683,3.8452070267868947,True,1.8,8,12
10,139.7477326590065,153.9379745181459,-14.190241859139405,-10.34503483235251,True,1.8,8,12
11,155.2416199916089,141.27253397214585,13.969086019463049,3.6240511871105383,True,1.8,8,12
12,142.95803045363039,143.57441441749216,-0.6163839638617787,3.0076672232487596,True,1.8,8,12
13,149.39099789080572,149.61727067303252,-0.22627278222680047,2.781394441021959,False,1.8,8,12
14,146.66416093610397,146.7688183887547,-0.10465745265074133,2.6767369883712178,False,1.8,8,12
15,143.31635025777518,143.37308131259965,-0.05673105482446772,2.62000593354675,False,1.8,8,12
16,140.09306716297397,140.13029969077473,-0.03723252780076791,2.582773405745982,False,1.8,8,12
17,125.5524842789448,125.57539601609741,-0.022911737152611522,2.5598616685933706,False,1.8,8,12
18,112.55368275364562,112.5685921882875,-0.014909434641879216,2.5449522339514914,False,1.8,8,12
19,111.40960916712373,111.41975363266754,-0.010144465543802994,2.5348077684076884,False,1.8,8,12
20,108.47245611128844,108.48057409446014,-0.008117983171700871,2.5266897852359875,False,1.8,8,12
21,124.23795807003302,124.24513047237983,-0.007172402346810713,2.519517382889177,False,1.8,8,12
22,130.2171212434511,130.2236343769349,-0.006513133483821321,2.5130042494053555,False,1.8,8,12
23,133.18342699443843,133.1891742435904,-0.005747249151966116,2.5072570002533894,False,1.8,8,12
24,134.58954439019516,134.59515693848,-0.0056125482848301544,2.5016444519685592,False,1.8,8,12
1,175.80674182104994,178.76476316102696,-2.958021339977023,-2.958021339977023,True,1.85,8,12
2,157.36117798152566,152.3011643863025,5.060013595223154,2.101992255246131,True,1.85,8,12
3,117.03726651273355,116.51970778412601,0.5175587286075398,2.619550983853671,True,1.85,8,12
4,126.7128748042163,142.11643694754753,-15.403562143331229,-12.784011159477558,True,1.85,8,12
5,177.14784902229167,154.22082138702643,22.927027635265233,10.143016475787675,True,1.85,8,12
6,153.78322840565423,153.36881886714693,0.4144095385073001,10.557426014294975,True,1.85,8,12
7,151.8599305391141,171.13215974954332,-19.27222921042923,-8.714803196134255,True,1.85,8,12
8,167.6499401677149,145.15218151808406,22.49775864963084,13.782955453496584,True,1.85,8,12
9,139.71630947607673,139.3439531669551,0.37235630912164197,14.155311762618226,True,1.85,8,12
10,139.75162045372872,157.63805433875604,-17.886433885027316,-3.73112212240909,True,1.85,8,12
11,158.92027183181088,138.96855533053684,19.951716501274035,16.220594378864945,True,1.85,8,12
12,142.95968789681245,142.49523394582235,0.4644539509901051,16.68504832985505,True,1.85,8,12
13,149.39235641040275,148.93062120239597,0.461735208006786,17.146783537861836,False,1.85,8,12
14,146.6652456473459,146.3016386463588,0.36360700098708776,17.510390538848924,False,1.85,8,12
15,143.31724247416702,143.02653419466074,0.2907082795062763,17.8010988183552,False,1.85,8,12
16,140.09392527111157,139.8537473979845,0.24017787312706673,18.041276691482267,False,1.85,8,12
17,125.5531649720738,125.38887931805883,0.16428565401497508,18.205562345497242,False,1.85,8,12
18,112.55422841824841,112.43229289447707,0.12193552377134154,18.327497869268583,False,1.85,8,12
19,111.41004873029425,111.27766069749507,0.13238803279918443,18.459885902067768,False,1.85,8,12
20,108.47281004102715,108.35312201123091,0.1196880297962366,18.579573931864005,False,1.85,8,12
21,124.23824141158431,124.10343816009711,0.13480325148719885,18.714377183351203,False,1.85,8,12
22,130.2174131624514,130.0933683837439,0.12404477870751407,18.838421962058717,False,1.85,8,12
23,133.1837064637043,133.06912318993375,0.11458327377056321,18.95300523582928,False,1.85,8,12
24,134.5898764419132,134.48431651948337,0.10555992242981915,19.0585651582591,False,1.85,8,12
1,179.89425729999158,186.91586331763233,-7.0216060176407495,-7.0216060176407495,True,1.9,8,12
2,161.91947626700556,152.3011643863025,9.618311880703061,2.5967058630623114,True,1.9,8,12
3,115.44931122610751,116.51970778412601,-1.0703965580185013,1.5263093050438101,True,1.9,8,12
4,125.98926325953771,148.501595231159,-22.512331971621293,-20.986022666577483,True,1.9,8,12
5,180.93213251595992,154.22082138702643,26.711311128933488,5.725288462356005,True,1.9,8,12
6,153.4809276486793,153.36881886714693,0.11210878153238468,5.83739724388839,True,1.9,8,12
7,151.65823860579786,178.9375688663049,-27.279330260507038,-21.44193301661865,True,1.9,8,12
8,171.72634590389825,145.15218151808406,26.574164385814186,5.132231369195537,True,1.9,8,12
9,139.61166937952498,139.3439531669551,0.2677162125698942,5.399947581765431,True,1.9,8,12
10,139.66730303790484,164.82513965999905,-25.15783662209421,-19.757889040328777,True,1.9,8,12
11,162.5209704351743,138.96855533053684,23.552415104637447,3.79452606430867,True,1.9,8,12
12,142.8977611308693,142.49523394582235,0.4025271850469494,4.197053249355619,True,1.9,8,12
13,149.33515024983697,148.93062120239597,0.4045290474410024,4.601582296796622,False,1.9,8,12
14,146.61478194795126,146.3016386463588,0.3131433015924472,4.914725598389069,False,1.9,8,12
15,143.2719935087386,143.02653419466074,0.2454593140778627,5.1601849124669315,False,1.9,8,12
16,140.05242925838897,139.8537473979845,0.1986818604044629,5.358866772871394,False,1.9,8,12
17,125.52221306902285,125.38887931805883,0.13333375096402733,5.492200523835422,False,1.9,8,12
18,112.52992569272452,112.43229289447707,0.09763279824744586,5.5898333220828675,False,1.9,8,12
19,111.38340118202109,111.27766069749507,0.10574048452602369,5.695573806608891,False,1.9,8,12
20,108.4480553692546,108.35312201123091,0.09493335802369529,5.7905071646325865,False,1.9,8,12
21,124.21004930457998,124.10343816009711,0.10661114448286924,5.897118309115456,False,1.9,8,12
22,130.1910648934452,130.0933683837439,0.09769650970130783,5.994814818816764,False,1.9,8,12
23,133.1591530012322,133.06912318993375,0.09002981129845011,6.084844630115214,False,1.9,8,12
24,134.56703773874577,134.48431651948337,0.08272121926239606,6.16756584937761,False,1.9,8,12
1,183.98177277893328,195.06696347423778,-11.085190695304505,-11.085190695304505,True,1.95,8,12
2,166.05024807543538,152.3011643863025,13.749083689132874,2.6638929938283695,True,1.95,8,12
3,115.44931122610751,116.51970778412601,-1.0703965580185013,1.5934964358098682,True,1.95,8,12
4,125.98926325953771,154.88675351477053,-28.897490255232825,-27.303993819422956,True,1.95,8,12
5,193.15665823169996,154.22082138702643,38.93583684467353,11.631843025250575,True,1.95,8,12
6,151.43156472699465,153.36881886714693,-1.9372541401522767,9.694588885098298,True,1.95,8,12
7,150.81156379621314,186.74297798306654,-35.9314141868534,-26.236825301755104,True,1.95,8,12
8,182.85518898507414,145.15218151808406,37.70300746699007,11.466182165234969,True,1.95,8,12
9,137.52661756071993,139.3439531669551,-1.8173356062351615,9.648846558999807,True,1.95,8,12
10,138.7251361751367,172.0122249812421,-33.2870888061054,-23.638242247105595,True,1.95,8,12
11,172.7536658289631,138.96855533053684,33.78511049842626,10.146868251320669,True,1.95,8,12
12,140.70803852246877,142.49523394582235,-1.7871954233535803,8.359672827967088,True,1.95,8,12
13,148.2638284980131,148.93062120239597,-0.666792704382857,7.6928801235842315,False,1.95,8,12
14,145.99071481394463,146.3016386463588,-0.31092383241417565,7.381956291170056,False,1.95,8,12
15,142.8563437967723,143.02653419466074,-0.17019039788843315,7.211765893281623,False,1.95,8,12
16,139.7473277754768,139.8537473979845,-0.1064196225077012,7.1053462707739214,False,1.95,8,12
17,125.3296381821095,125.38887931805883,-0.05924113594932123,7.0461051348246,False,1.95,8,12
18,112.39628342107282,112.43229289447707,-0.03600947340424909,7.010095661420351,False,1.95,8,12
19,111.24942995132642,111.27766069749507,-0.028230746168645737,6.981864915251705,False,1.95,8,12
20,108.33131846970262,108.35312201123091,-0.021803541528285564,6.96006137372342,False,1.95,8,12
21,124.08296606496654,124.10343816009711,-0.020472095130571688,6.939589278592848,False,1.95,8,12
22,130.0759719773222,130.0933683837439,-0.01739640642168183,6.922192872171166,False,1.95,8,12
23,133.05421069289162,133.06912318993375,-0.0149124970421326,6.907280375129034,False,1.95,8,12
24,134.47087602659738,134.48431651948337,-0.013440492885990807,6.893839882243043,False,1.95,8,12
1,188.06928825787492,203.21806363084323,-15.148775372968316,-15.148775372968316,True,2.0,8,12
2,170.18101988386522,152.3011643863025,17.879855497562716,2.731080124594399,True,2.0,8,12
3,115.44931122610751,116.51970778412601,-1.0703965580185013,1.6606835665758979,True,2.0,8,12
4,125.98926325953771,161.27191179838206,-35.282648538844356,-33.62196497226846,True,2.0,8,12
5,201.19677674314872,154.22082138702643,46.975955356122284,13.353990383853827,True,2.0,8,12
6,151.43156472699465,153.36881886714693,-1.9372541401522767,11.41673624370155,True,2.0,8,12
7,150.81156379621314,194.54838709982818,-43.73682330361504,-32.32008705991349,True,2.0,8,12
8,190.5551187635295,145.15218151808406,45.40293724544543,13.082850185531939,True,2.0,8,12
9,137.52661756071993,139.3439531669551,-1.8173356062351615,11.265514579296777,True,2.0,8,12
10,138.7251361751367,179.19931030248517,-40.474174127348476,-29.2086595480517,True,2.0,8,12
11,179.79345176284312,138.96855533053684,40.824896432306275,11.616236884254576,True,2.0,8,12
12,140.70803852246877,142.49523394582235,-1.7871954233535803,9.829041460900996,True,2.0,8,12
13,148.2638284980131,148.93062120239597,-0.666792704382857,9.162248756518139,False,2.0,8,12
14,145.99071481394463,146.3016386463588,-0.31092383241417565,8.851324924103963,False,2.0,8,12
15,142.8563437967723,143.02653419466074,-0.17019039788843315,8.68113452621553,False,2.0,8,12
16,139.7473277754768,139.8537473979845,-0.1064196225077012,8.574714903707829,False,2.0,8,12
17,125.3296381821095,125.38887931805883,-0.05924113594932123,8.515473767758508,False,2.0,8,12
18,112.39628342107282,112.43229289447707,-0.03600947340424909,8.479464294354258,False,2.0,8,12
19,111.24942995132642,111.27766069749507,-0.028230746168645737,8.451233548185613,False,2.0,8,12
20,108.33131846970262,108.35312201123091,-0.021803541528285564,8.429430006657327,False,2.0,8,12
21,124.08296606496654,124.10343816009711,-0.020472095130571688,8.408957911526755,False,2.0,8,12
22,130.0759719773222,130.0933683837439,-0.01739640642168183,8.391561505105074,False,2.0,8,12
23,133.05421069289162,133.06912318993375,-0.0149124970421326,8.376649008062941,False,2.0,8,12
24,134.47087602659738,134.48431651948337,-0.013440492885990807,8.36320851517695,False,2.0,8,12
1,192.15680373681658,211.36916378744863,-19.212360050632043,-19.212360050632043,True,2.05,8,12
2,174.31179169229503,152.3011643863025,22.01062730599253,2.7982672553604857,True,2.05,8,12
3,115.44931122610751,116.51970778412601,-1.0703965580185013,1.7278706973419844,True,2.05,8,12
4,125.98926325953771,167.65707008199357,-41.66780682245586,-39.939936125113874,True,2.05,8,12
5,209.23689525459747,154.22082138702643,55.01607386757104,15.076137742457163,True,2.05,8,12
6,151.43156472699465,153.36881886714693,-1.9372541401522767,13.138883602304887,True,2.05,8,12
7,150.81156379621314,202.35379621658973,-51.54223242037659,-38.403348818071706,True,2.05,8,12
8,198.25504854198485,145.15218151808406,53.102867023900785,14.69951820582908,True,2.05,8,12
9,137.52661756071993,139.3439531669551,-1.8173356062351615,12.882182599593918,True,2.05,8,12
10,138.7251361751367,186.38639562372816,-47.661259448591466,-34.77907684899755,True,2.05,8,12
11,186.83323769672313,138.96855533053684,47.86468236618629,13.085605517188739,True,2.05,8,12
12,140.70803852246877,142.49523394582235,-1.7871954233535803,11.298410093835159,True,2.05,8,12
13,148.2638284980131,148.93062120239597,-0.666792704382857,10.631617389452302,False,2.05,8,12
14,145.99071481394463,146.3016386463588,-0.31092383241417565,10.320693557038126,False,2.05,8,12
15,142.8563437967723,143.02653419466074,-0.17019039788843315,10.150503159149693,False,2.05,8,12
16,139.7473277754768,139.8537473979845,-0.1064196225077012,10.044083536641992,False,2.05,8,12
17,125.3296381821095,125.38887931805883,-0.05924113594932123,9.98484240069267,False,2.05,8,12
18,112.39628342107282,112.43229289447707,-0.03600947340424909,9.948832927288422,False,2.05,8,12
19,111.24942995132642,111.27766069749507,-0.028230746168645737,9.920602181119776,False,2.05,8,12
20,108.33131846970262,108.35312201123091,-0.021803541528285564,9.89879863959149,False,2.05,8,12
21,124.08296606496654,124.10343816009711,-0.020472095130571688,9.878326544460919,False,2.05,8,12
22,130.0759719773222,130.0933683837439,-0.01739640642168183,9.860930138039237,False,2.05,8,12
23,133.05421069289162,133.06912318993375,-0.0149124970421326,9.846017640997104,False,2.05,8,12
24,134.47087602659738,134.48431651948337,-0.013440492885990807,9.832577148111113,False,2.05,8,12
1,196.24431921575828,219.52026394405414,-23.275944728295855,-23.275944728295855,True,2.1,8,12
2,178.44256350072487,152.3011643863025,26.14139911442237,2.8654543861265154,True,2.1,8,12
3,115.44931122610751,116.51970778412601,-1.0703965580185013,1.795057828108014,True,2.1,8,12
4,125.98926325953771,174.04222836560513,-48.05296510606742,-46.257907277959404,True,2.1,8,12
5,217.2770137660463,154.22082138702643,63.056192379019876,16.798285101060472,True,2.1,8,12
6,151.43156472699465,153.36881886714693,-1.9372541401522767,14.861030960908195,True,2.1,8,12
7,150.81156379621314,210.15920533335142,-59.34764153713829,-44.48661057623009,True,2.1,8,12
8,205.95497832044026,145.15218151808406,60.8027968023562,16.316186226126106,True,2.1,8,12
9,137.52661756071993,139.3439531669551,-1.8173356062351615,14.498850619890945,True,2.1,8,12
10,138.7251361751367,193.5734809449713,-54.8483447698346,-40.34949414994365,True,2.1,8,12
11,193.87302363060317,138.96855533053684,54.90446830006633,14.554974150122675,True,2.1,8,12
12,140.70803852246877,142.49523394582235,-1.7871954233535803,12.767778726769095,True,2.1,8,12
13,148.2638284980131,148.93062120239597,-0.666792704382857,12.100986022386238,False,2.1,8,12
14,145.99071481394463,146.3016386463588,-0.31092383241417565,11.790062189972062,False,2.1,8,12
15,142.8563437967723,143.02653419466074,-0.17019039788843315,11.619871792083629,False,2.1,8,12
16,139.7473277754768,139.8537473979845,-0.1064196225077012,11.513452169575928,False,2.1,8,12
17,125.3296381821095,125.38887931805883,-0.05924113594932123,11.454211033626606,False,2.1,8,12
18,112.39628342107282,112.43229289447707,-0.03600947340424909,11.418201560222357,False,2.1,8,12
19,111.24942995132642,111.27766069749507,-0.028230746168645737,11.389970814053711,False,2.1,8,12
20,108.33131846970262,108.35312201123091,-0.021803541528285564,11.368167272525426,False,2.1,8,12
21,124.08296606496654,124.10343816009711,-0.020472095130571688,11.347695177394854,False,2.1,8,12
22,130.0759719773222,130.0933683837439,-0.01739640642168183,11.330298770973172,False,2.1,8,12
23,133.05421069289162,133.06912318993375,-0.0149124970421326,11.31538627393104,False,2.1,8,12
24,134.47087602659738,134.48431651948337,-0.013440492885990807,11.301945781045049,False,2.1,8,12
1,200.3318346946999,229.29254766487244,-28.96071297017255,-28.96071297017255,True,2.15,8,12
2,182.57333530915463,150.59965082447195,31.97368448468268,3.0129715145101272,True,2.15,8,12
3,115.44931122610751,116.0601248770627,-0.610813650955194,2.402157863554933,True,2.15,8,12
4,125.98926325953771,181.17092489941257,-55.18166163987486,-52.77950377631993,True,2.15,8,12
5,225.31713227749503,152.57777502413157,72.73935725336347,19.959853477043538,True,2.15,8,12
6,151.43156472699465,152.69224851748385,-1.260683790489196,18.69916968655434,True,2.15,8,12
7,150.81156379621314,218.79602749106724,-67.9844636948541,-49.28529400829976,True,2.15,8,12
8,213.65490809889556,143.5434587901055,70.11144930879007,20.826155300490313,True,2.15,8,12
9,137.52661756071993,138.68169832052016,-1.155080759800228,19.671074540690086,True,2.15,8,12
10,138.7251361751367,201.48588431261237,-62.76074813747567,-43.08967359678559,True,2.15,8,12
11,200.91280956448315,137.50828033093225,63.4045292335509,20.314855636765316,True,2.15,8,12
12,140.70803852246877,141.86673445246637,-1.1586959299976058,19.15615970676771,True,2.15,8,12
13,148.2638284980131,148.53570182050117,-0.2718733224880623,18.884286384279648,False,2.15,8,12
14,145.99071481394463,146.05449910507397,-0.06378429112933759,18.82050209315031,False,2.15,8,12
15,142.8563437967723,142.8692194049975,-0.012875608225186852,18.807626484925123,False,2.15,8,12
16,139.7473277754768,139.72946693784482,0.01786083763198576,18.82548732255711,False,2.15,8,12
17,125.3296381821095,125.30450545464939,0.025132727460118076,18.850620050017227,False,2.15,8,12
18,112.39628342107282,112.37364355467517,0.02263986639765392,18.87325991641488,False,2.15,8,12
19,111.24942995132642,111.23646105612747,0.012968895198952168,18.886228811613833,False,2.15,8,12
20,108.33131846970262,108.31828093224009,0.01303753746253733,18.89926634907637,False,2.15,8,12
21,124.08296606496654,124.07099508809674,0.011970976869804417,18.911237325946175,False,2.15,8,12
22,130.0759719773222,130.06287990478629,0.013092072535926036,18.9243293984821,False,2.15,8,12
23,133.05421069289162,133.0402759353024,0.01393475758922591,18.938264156071327,False,2.15,8,12
24,134.47087602659738,134.45894585462398,0.011930171973403958,18.95019432804473,False,2.15,8,12
1,208.700186244047,240.10330032767038,-31.403114083623393,-31.403114083623393,True,2.2,8,12
2,185.00259355575392,150.59965082447195,34.40294273128197,2.9998286476585747,True,2.2,8,12
3,114.9897283190442,116.0601248770627,-1.0703965580185013,1.9294320896400734,True,2.2,8,12
4,125.75020559106346,189.16297716354347,-63.41277157248001,-61.48333948283994,True,2.2,8,12
5,236.39296063088952,152.57777502413157,83.81518560675795,22.331846123918012,True,2.2,8,12
6,149.86130438515107,152.69224851748385,-2.8309441323327746,19.500901991585238,True,2.2,8,12
7,150.1664425412799,228.53910352559245,-78.37266098431255,-58.87175899272731,True,2.2,8,12
8,224.05418156100194,143.5434587901055,80.51072277089645,21.638963778169142,True,2.2,8,12
9,135.98246842154762,138.68169832052016,-2.6992298989725327,18.93973387919661,True,2.2,8,12
10,138.09264807948264,210.41651186493692,-72.32386378545428,-53.38412990625767,True,2.2,8,12
11,210.33459398717153,137.50828033093225,72.82631365623928,19.44218374998161,True,2.2,8,12
12,139.25259565386315,141.86673445246637,-2.6141387986032214,16.828044951378388,True,2.2,8,12
13,147.54320647483362,148.53570182050117,-0.9924953456675496,15.835549605710838,False,2.2,8,12
14,145.59801231226737,146.05449910507397,-0.45648679280660076,15.379062812904237,False,2.2,8,12
15,142.62803911277985,142.8692194049975,-0.24118029221764914,15.137882520686588,False,2.2,8,12
16,139.5785043024309,139.72946693784482,-0.15096263541391863,14.98691988527267,False,2.2,8,12
17,125.22072605125511,125.30450545464939,-0.08377940339427425,14.903140481878395,False,2.2,8,12
18,112.32356836385391,112.37364355467517,-0.05007519082126066,14.853065291057135,False,2.2,8,12
19,111.19995820866151,111.23646105612747,-0.03650284746595389,14.816562443591181,False,2.2,8,12
20,108.29052807496767,108.31828093224009,-0.02775285727241794,14.788809586318763,False,2.2,8,12
21,124.04573331330928,124.07099508809674,-0.025261774787452396,14.76354781153131,False,2.2,8,12
22,130.04152661630903,130.06287990478629,-0.021353288477257593,14.742194523054053,False,2.2,8,12
23,133.02201911962285,133.0402759353024,-0.01825681567953552,14.723937707374517,False,2.2,8,12
24,134.44283895902893,134.45894585462398,-0.01610689559504408,14.707830811779473,False,2.2,8,12
1,214.09792063215426,248.75190245790867,-34.653981825754414,-34.653981825754414,True,2.24,8,12
2,188.30721100249778,150.59965082447195,37.70756017802583,3.0535783522714155,True,2.24,8,12
3,114.9897283190442,116.0601248770627,-1.0703965580185013,1.9831817942529142,True,2.24,8,12
4,125.75020559106346,195.55661897484816,-69.8064133837847,-67.82323158953179,True,2.24,8,12
5,244.41602405999944,152.57777502413157,91.83824903586788,24.01501744633609,True,2.24,8,12
6,149.86130438515107,152.69224851748385,-2.8309441323327746,21.184073314003314,True,2.24,8,12
7,150.1664425412799,236.33356435321264,-86.16712181193273,-64.98304849792942,True,2.24,8,12
8,231.71480091270905,143.5434587901055,88.17134212260356,23.188293624674145,True,2.24,8,12
9,135.98246842154762,138.68169832052016,-2.6992298989725327,20.489063725701612,True,2.24,8,12
10,138.09264807948264,217.56101390679655,-79.4683658273139,-58.97930210161229,True,2.24,8,12
11,217.30965092185318,137.50828033093225,79.80137059092092,20.822068489308634,True,2.24,8,12
12,139.25259565386315,141.86673445246637,-2.6141387986032214,18.207929690705413,True,2.24,8,12
13,147.54320647483362,148.53570182050117,-0.9924953456675496,17.215434345037863,False,2.24,8,12
14,145.59801231226737,146.05449910507397,-0.45648679280660076,16.758947552231263,False,2.24,8,12
15,142.62803911277985,142.8692194049975,-0.24118029221764914,16.517767260013613,False,2.24,8,12
16,139.5785043024309,139.72946693784482,-0.15096263541391863,16.366804624599695,False,2.24,8,12
17,125.22072605125511,125.30450545464939,-0.08377940339427425,16.28302522120542,False,2.24,8,12
18,112.32356836385391,112.37364355467517,-0.05007519082126066,16.23295003038416,False,2.24,8,12
19,111.19995820866151,111.23646105612747,-0.03650284746595389,16.196447182918206,False,2.24,8,12
20,108.29052807496767,108.31828093224009,-0.02775285727241794,16.168694325645788,False,2.24,8,12
21,124.04573331330928,124.07099508809674,-0.025261774787452396,16.143432550858336,False,2.24,8,12
22,130.04152661630903,130.06287990478629,-0.021353288477257593,16.122079262381078,False,2.24,8,12
23,133.02201911962285,133.0402759353024,-0.01825681567953552,16.103822446701543,False,2.24,8,12
24,134.44283895902893,134.45894585462398,-0.01610689559504408,16.0877155511065,False,2.24,8,12
1,215.44735422918106,250.9140529904682,-35.46669876128715,-35.46669876128715,True,2.25,8,12
2,189.13336536418376,150.59965082447195,38.53371453971181,3.067015778424661,True,2.25,8,12
3,114.9897283190442,116.0601248770627,-1.0703965580185013,1.99661922040616,True,2.25,8,12
4,125.75020559106346,197.1550294276743,-71.40482383661083,-69.40820461620467,True,2.25,8,12
5,246.4217899172769,152.57777502413157,93.84401489314533,24.435810276940657,True,2.25,8,12
6,149.86130438515107,152.69224851748385,-2.8309441323327746,21.604866144607882,True,2.25,8,12
7,150.1664425412799,238.28217956011767,-88.11573701883776,-66.51087087422988,True,2.25,8,12
8,233.6299557506358,143.5434587901055,90.0864969605303,23.575626086300417,True,2.25,8,12
9,135.98246842154762,138.68169832052016,-2.6992298989725327,20.876396187327884,True,2.25,8,12
10,138.09264807948264,219.3471394172614,-81.25449133777875,-60.37809515045086,True,2.25,8,12
11,219.05341515552357,137.50828033093225,81.54513482459132,21.167039674140455,True,2.25,8,12
12,139.25259565386315,141.86673445246637,-2.6141387986032214,18.552900875537233,True,2.25,8,12
13,147.54320647483362,148.53570182050117,-0.9924953456675496,17.560405529869684,False,2.25,8,12
14,145.59801231226737,146.05449910507397,-0.45648679280660076,17.103918737063083,False,2.25,8,12
15,142.62803911277985,142.8692194049975,-0.24118029221764914,16.862738444845434,False,2.25,8,12
16,139.5785043024309,139.72946693784482,-0.15096263541391863,16.711775809431515,False,2.25,8,12
17,125.22072605125511,125.30450545464939,-0.08377940339427425,16.62799640603724,False,2.25,8,12
18,112.32356836385391,112.37364355467517,-0.05007519082126066,16.57792121521598,False,2.25,8,12
19,111.19995820866151,111.23646105612747,-0.03650284746595389,16.541418367750026,False,2.25,8,12
20,108.29052807496767,108.31828093224009,-0.02775285727241794,16.513665510477608,False,2.25,8,12
21,124.04573331330928,124.07099508809674,-0.025261774787452396,16.488403735690156,False,2.25,8,12
22,130.04152661630903,130.06287990478629,-0.021353288477257593,16.4670504472129,False,2.25,8,12
23,133.02201911962285,133.0402759353024,-0.01825681567953552,16.448793631533363,False,2.25,8,12
24,134.44283895902893,134.45894585462398,-0.01610689559504408,16.43268673593832,False,2.25,8,12
1,222.19452221431516,261.724805653266,-39.530283438950846,-39.530283438950846,True,2.3,8,12
2,193.26413717261354,150.59965082447195,42.664486348141594,3.1342029091907477,True,2.3,8,12
3,114.9897283190442,116.0601248770627,-1.0703965580185013,2.0638063511722464,True,2.3,8,12
4,125.75020559106346,205.14708169180514,-79.39687610074168,-77.33306974956943,True,2.3,8,12
5,256.45061920366425,152.57777502413157,103.87284417953268,26.539774429963245,True,2.3,8,12
6,149.86130438515107,152.69224851748385,-2.8309441323327746,23.70883029763047,True,2.3,8,12
7,150.1664425412799,248.02525559464283,-97.85881305336292,-74.14998275573245,True,2.3,8,12
8,243.20572994026958,143.5434587901055,99.66227115016409,25.512288394431636,True,2.3,8,12
9,135.98246842154762,138.68169832052016,-2.6992298989725327,22.813058495459103,True,2.3,8,12
10,138.09264807948264,228.27776696958588,-90.18511889010324,-67.37206039464414,True,2.3,8,12
11,227.77223632387552,137.50828033093225,90.26395599294327,22.89189559829913,True,2.3,8,12
12,139.25259565386315,141.86673445246637,-2.6141387986032214,20.277756799695908,True,2.3,8,12
13,147.54320647483362,148.53570182050117,-0.9924953456675496,19.28526145402836,False,2.3,8,12
14,145.59801231226737,146.05449910507397,-0.45648679280660076,18.828774661221757,False,2.3,8,12
15,142.62803911277985,142.8692194049975,-0.24118029221764914,18.58759436900411,False,2.3,8,12
16,139.5785043024309,139.72946693784482,-0.15096263541391863,18.43663173359019,False,2.3,8,12
17,125.22072605125511,125.30450545464939,-0.08377940339427425,18.352852330195915,False,2.3,8,12
18,112.32356836385391,112.37364355467517,-0.05007519082126066,18.302777139374655,False,2.3,8,12
19,111.19995820866151,111.23646105612747,-0.03650284746595389,18.2662742919087,False,2.3,8,12
20,108.29052807496767,108.31828093224009,-0.02775285727241794,18.238521434636283,False,2.3,8,12
21,124.04573331330928,124.07099508809674,-0.025261774787452396,18.21325965984883,False,2.3,8,12
22,130.04152661630903,130.06287990478629,-0.021353288477257593,18.191906371371573,False,2.3,8,12
23,133.02201911962285,133.0402759353024,-0.01825681567953552,18.173649555692037,False,2.3,8,12
24,134.44283895902893,134.45894585462398,-0.01610689559504408,18.157542660096993,False,2.3,8,12
1,228.9416901994493,272.53555831606394,-43.59386811661463,-43.59386811661463,True,2.35,8,12
2,197.39490898104336,150.59965082447195,46.79525815657141,3.2013900399567774,True,2.35,8,12
3,114.9897283190442,116.0601248770627,-1.0703965580185013,2.130993481938276,True,2.35,8,12
4,125.75020559106346,213.13913395593607,-87.38892836487261,-85.25793488293434,True,2.35,8,12
5,266.47944849005165,152.57777502413157,113.90167346592008,28.643738582985748,True,2.35,8,12
6,149.86130438515107,152.69224851748385,-2.8309441323327746,25.812794450652973,True,2.35,8,12
7,150.1664425412799,257.7683316291681,-107.60188908788817,-81.7890946372352,True,2.35,8,12
8,252.7815041299035,143.5434587901055,109.23804533979802,27.448950702562826,True,2.35,8,12
9,135.98246842154762,138.68169832052016,-2.6992298989725327,24.749720803590293,True,2.35,8,12
10,138.09264807948264,237.20839452191046,-99.11574644242782,-74.36602563883753,True,2.35,8,12
11,236.49105749222758,137.50828033093225,98.98277716129533,24.616751522457804,True,2.35,8,12
12,139.25259565386315,141.86673445246637,-2.6141387986032214,22.002612723854583,True,2.35,8,12
13,147.54320647483362,148.53570182050117,-0.9924953456675496,21.010117378187033,False,2.35,8,12
14,145.59801231226737,146.05449910507397,-0.45648679280660076,20.553630585380432,False,2.35,8,12
15,142.62803911277985,142.8692194049975,-0.24118029221764914,20.312450293162783,False,2.35,8,12
16,139.5785043024309,139.72946693784482,-0.15096263541391863,20.161487657748864,False,2.35,8,12
17,125.22072605125511,125.30450545464939,-0.08377940339427425,20.07770825435459,False,2.35,8,12
18,112.32356836385391,112.37364355467517,-0.05007519082126066,20.02763306353333,False,2.35,8,12
19,111.19995820866151,111.23646105612747,-0.03650284746595389,19.991130216067376,False,2.35,8,12
20,108.29052807496767,108.31828093224009,-0.02775285727241794,19.963377358794958,False,2.35,8,12
21,124.04573331330928,124.07099508809674,-0.025261774787452396,19.938115584007505,False,2.35,8,12
22,130.04152661630903,130.06287990478629,-0.021353288477257593,19.916762295530248,False,2.35,8,12
23,133.02201911962285,133.0402759353024,-0.01825681567953552,19.898505479850712,False,2.35,8,12
24,134.44283895902893,134.45894585462398,-0.01610689559504408,19.882398584255668,False,2.35,8,12
1,235.68885818458338,283.34631097886177,-47.657452794278385,-47.657452794278385,True,2.4,8,12
2,201.52568078947317,150.59965082447195,50.92602996500122,3.2685771707228355,True,2.4,8,12
3,114.9897283190442,116.0601248770627,-1.0703965580185013,2.198180612704334,True,2.4,8,12
4,125.75020559106346,221.13118622006692,-95.38098062900346,-93.18280001629913,True,2.4,8,12
5,276.508277776439,152.57777502413157,123.93050275230743,30.747702736008307,True,2.4,8,12
6,149.86130438515107,152.69224851748385,-2.8309441323327746,27.916758603675532,True,2.4,8,12
7,150.1664425412799,267.5114076636932,-117.3449651224133,-89.42820651873777,True,2.4,8,12
8,262.35727831953733,143.5434587901055,118.81381952943184,29.385613010694072,True,2.4,8,12
9,135.98246842154762,138.68169832052016,-2.6992298989725327,26.68638311172154,True,2.4,8,12
10,138.09264807948264,246.13902207423496,-108.04637399475232,-81.35999088303078,True,2.4,8,12
11,245.20987866057956,137.50828033093225,107.70159832964731,26.341607446616536,True,2.4,8,12
12,139.25259565386315,141.86673445246637,-2.6141387986032214,23.727468648013314,True,2.4,8,12
13,147.54320647483362,148.53570182050117,-0.9924953456675496,22.734973302345765,False,2.4,8,12
14,145.59801231226737,146.05449910507397,-0.45648679280660076,22.278486509539164,False,2.4,8,12
15,142.62803911277985,142.8692194049975,-0.24118029221764914,22.037306217321515,False,2.4,8,12
16,139.5785043024309,139.72946693784482,-0.15096263541391863,21.886343581907596,False,2.4,8,12
17,125.22072605125511,125.30450545464939,-0.08377940339427425,21.80256417851332,False,2.4,8,12
18,112.32356836385391,112.37364355467517,-0.05007519082126066,21.75248898769206,False,2.4,8,12
19,111.19995820866151,111.23646105612747,-0.03650284746595389,21.715986140226107,False,2.4,8,12
20,108.29052807496767,108.31828093224009,-0.02775285727241794,21.68823328295369,False,2.4,8,12
21,124.04573331330928,124.07099508809674,-0.025261774787452396,21.662971508166237,False,2.4,8,12
22,130.04152661630903,130.06287990478629,-0.021353288477257593,21.64161821968898,False,2.4,8,12
23,133.02201911962285,133.0402759353024,-0.01825681567953552,21.623361404009444,False,2.4,8,12
24,134.44283895902893,134.45894585462398,-0.01610689559504408,21.6072545084144,False,2.4,8,12
1,242.4360261697175,294.8154240998562,-52.37939793013871,-52.37939793013871,True,2.45,8,12
2,205.65645259790298,146.29222897640932,59.364223621493664,6.984825691354956,True,2.45,8,12
3,114.9897283190442,114.95355751420243,0.03617080484177393,7.02099649619673,True,2.45,8,12
4,125.75020559106346,229.08371739444163,-103.33351180337817,-96.31251530718144,True,2.45,8,12
5,286.5371070628264,148.10114161562353,138.43596544720288,42.12345014002143,True,2.45,8,12
6,149.86130438515107,151.06000110867245,-1.1986967235213797,40.92475341650005,True,2.45,8,12
7,150.1664425412799,277.1042243220498,-126.93778178076988,-86.01302836426983,True,2.45,8,12
8,271.9330525091712,139.46240211855198,132.47065039061923,46.4576220263494,True,2.45,8,12
9,135.98246842154762,137.23255327148195,-1.250084849934325,45.20753717641507,True,2.45,8,12
10,138.09264807948264,254.91536752727856,-116.82271944779592,-71.61518227138085,True,2.45,8,12
11,253.92869982893163,133.77655377916457,120.15214604976705,48.53696377838621,True,2.45,8,12
12,139.25259565386315,140.28826830028055,-1.035672646417396,47.50129113196881,True,2.45,8,12
13,147.54320647483362,147.75507258176265,-0.21186610692902264,47.28942502503979,False,2.45,8,12
14,145.59801231226737,145.6332060830267,-0.03519377075932084,47.25423125428047,False,2.45,8,12
15,142.62803911277985,142.62225444970716,0.005784663072688545,47.26001591735316,False,2.45,8,12
16,139.5785043024309,139.57605977409233,0.002444528338571672,47.26246044569173,False,2.45,8,12
17,125.22072605125511,125.21298443998879,0.007741611266325776,47.270202056958055,False,2.45,8,12
18,112.32356836385391,112.31679629235549,0.006772071498417631,47.27697412845647,False,2.45,8,12
19,111.19995820866151,111.19961018074535,0.00034802791616073137,47.277322156372634,False,2.45,8,12
20,108.29052807496767,108.29054928179538,-2.1206827710784637e-05,47.27730094954492,False,2.45,8,12
21,124.04573331330928,124.04356420666153,0.002169106647755825,47.27947005619268,False,2.45,8,12
22,130.04152661630903,130.0397664955104,0.001760120798621756,47.2812301769913,False,2.45,8,12
23,133.02201911962285,133.02049511961076,0.0015240000120968489,47.2827541770034,False,2.45,8,12
24,134.44283895902893,134.4414372725871,0.0014016864418238129,47.28415586344522,False,2.45,8,12
1,249.1831941548516,307.1444851996255,-57.96129104477387,-57.96129104477387,True,2.5,8,12
2,209.78722440633283,146.29222897640932,63.494995429923506,5.533704385149633,True,2.5,8,12
3,114.9897283190442,114.95355751420243,0.03617080484177393,5.569875189991407,True,2.5,8,12
4,125.75020559106346,238.23563718745083,-112.48543159638737,-106.91555640639596,True,2.5,8,12
5,296.5659363492138,148.10114161562353,148.46479473359028,41.54923832719432,True,2.5,8,12
6,149.86130438515107,151.06000110867245,-1.1986967235213797,40.35054160367294,True,2.5,8,12
7,150.1664425412799,288.18919037777005,-138.02274783649014,-97.6722062328172,True,2.5,8,12
8,281.5088266988051,139.46240211855198,142.0464245802531,44.3742183474359,True,2.5,8,12
9,135.98246842154762,137.23255327148195,-1.250084849934325,43.124133497501575,True,2.5,8,12
10,138.09264807948264,265.01989956840004,-126.92725148891739,-83.80311799141582,True,2.5,8,12
11,262.6475209972836,133.77655377916457,128.87096721811903,45.06784922670322,True,2.5,8,12
12,139.25259565386315,140.28826830028055,-1.035672646417396,44.03217658028582,True,2.5,8,12
13,147.54320647483362,147.75507258176265,-0.21186610692902264,43.8203104733568,False,2.5,8,12
14,145.59801231226737,145.6332060830267,-0.03519377075932084,43.78511670259748,False,2.5,8,12
15,142.62803911277985,142.62225444970716,0.005784663072688545,43.790901365670166,False,2.5,8,12
16,139.5785043024309,139.57605977409233,0.002444528338571672,43.79334589400874,False,2.5,8,12
17,125.22072605125511,125.21298443998879,0.007741611266325776,43.80108750527506,False,2.5,8,12
18,112.32356836385391,112.31679629235549,0.006772071498417631,43.80785957677348,False,2.5,8,12
19,111.19995820866151,111.19961018074535,0.00034802791616073137,43.80820760468964,False,2.5,8,12
20,108.29052807496767,108.29054928179538,-2.1206827710784637e-05,43.80818639786193,False,2.5,8,12
21,124.04573331330928,124.04356420666153,0.002169106647755825,43.81035550450969,False,2.5,8,12
22,130.04152661630903,130.0397664955104,0.001760120798621756,43.81211562530831,False,2.5,8,12
23,133.02201911962285,133.02049511961076,0.0015240000120968489,43.813639625320405,False,2.5,8,12
24,134.44283895902893,134.4414372725871,0.0014016864418238129,43.81504131176223,False,2.5,8,12
1,255.93036213998568,321.55425755021383,-65.62389541022816,-65.62389541022816,True,2.55,8,12
2,213.91799621476258,143.8697672191978,70.04822899556478,4.424333585336626,True,2.55,8,12
3,114.9897283190442,114.17653566791707,0.8131926511271388,5.237526236463765,True,2.55,8,12
4,125.75020559106346,248.52963601772456,-122.7794304266611,-117.54190419019733,True,2.55,8,12
5,306.5947656356011,145.40890092221943,161.18586471338168,43.64396052318435,True,2.55,8,12
6,149.86130438515107,149.85116545248857,0.010138932662499656,43.65409945584685,True,2.55,8,12
7,150.1664425412799,300.35832202401207,-150.19187948273216,-106.53778002688532,True,2.55,8,12
8,291.0846008884389,137.0364002017176,154.0482006867213,47.51042065983597,True,2.55,8,12
9,135.98246842154762,136.11331109092754,-0.1308426693799163,47.379577990456056,True,2.55,8,12
10,138.09264807948264,275.9898024575957,-137.89715437811307,-90.51757638765702,True,2.55,8,12
11,271.3663421656356,131.30582930609688,140.06051285953873,49.54293647188172,True,2.55,8,12
12,139.25259565386315,138.97466374566451,0.27793190819863867,49.820868380080356,True,2.55,8,12
13,147.54320647483362,146.89329050212547,0.6499159727081576,50.47078435278851,False,2.55,8,12
14,145.59801231226737,145.0273793465557,0.5706329657116669,51.04141731850018,False,2.55,8,12
15,142.62803911277985,142.15411141171361,0.4739277010662306,51.51534501956641,False,2.55,8,12
16,139.5785043024309,139.24125512790872,0.33724917452218506,51.852594194088596,False,2.55,8,12
17,125.22072605125511,124.96929576011281,0.25143029114229876,52.104024485230894,False,2.55,8,12
18,112.32356836385391,112.13972243052083,0.18384593333307464,52.28787041856397,False,2.55,8,12
19,111.19995820866151,111.01511719037214,0.18484101828937582,52.472711436853345,False,2.55,8,12
20,108.29052807496767,108.13003920899756,0.16048886597010892,52.633200302823454,False,2.55,8,12
21,124.04573331330928,123.88879975236844,0.15693356094084265,52.7901338637643,False,2.55,8,12
22,130.04152661630903,129.88765156101934,0.1538750552896886,52.944008919053985,False,2.55,8,12
23,133.02201911962285,132.87487351058834,0.14714560903451002,53.091154528088495,False,2.55,8,12
24,134.44283895902893,134.30998856347517,0.13285039555375988,53.224004923642255,False,2.55,8,12
1,262.67753012511986,337.3258834907998,-74.64835336567995,-74.64835336567995,True,2.6,8,12
2,223.40644095130767,143.8697672191978,79.53667373210988,4.888320366429923,True,2.6,8,12
3,113.36957180724929,114.17653566791707,-0.8069638606677785,4.081356505762145,True,2.6,8,12
4,125.00493085841056,260.3428963295987,-135.33796547118817,-131.25660896542604,True,2.6,8,12
5,321.26619266445556,145.40890092221943,175.85729174223613,44.60068277681009,True,2.6,8,12
6,147.55890613872893,149.85116545248857,-2.2922593137596436,42.308423463050445,True,2.6,8,12
7,149.14810559246217,314.388116807215,-165.24001121475283,-122.93158775170238,True,2.6,8,12
8,304.4282337294147,137.0364002017176,167.39183352769712,44.460245775994736,True,2.6,8,12
9,133.95557069708622,136.11331109092754,-2.1577403938413227,42.30250538215341,True,2.6,8,12
10,137.1190543956524,288.6893626337542,-151.57030823810177,-109.26780285594836,True,2.6,8,12
11,279.4483855689188,131.30582930609688,148.14255626282193,38.874753406873566,True,2.6,8,12
12,143.43330827232572,138.97466374566451,4.458644526661203,43.33339793353477,True,2.6,8,12
13,145.17725986045335,146.89329050212547,-1.7160306416721198,41.61736729186265,False,2.6,8,12
14,144.46972336225147,145.0273793465557,-0.5576559843042332,41.059711307558416,False,2.6,8,12
15,141.9237037348123,142.15411141171361,-0.23040767690130792,40.82930363065711,False,2.6,8,12
16,139.14485803583162,139.24125512790872,-0.09639709207709757,40.73290653858001,False,2.6,8,12
17,124.93875615443638,124.96929576011281,-0.030539605676437986,40.70236693290357,False,2.6,8,12
18,112.13747720502109,112.13972243052083,-0.0022452254997489263,40.700121707403824,False,2.6,8,12
19,111.0088467090948,111.01511719037214,-0.006270481277340423,40.69385122612648,False,2.6,8,12
20,108.13026696226913,108.13003920899756,0.00022775327157376068,40.69407897939806,False,2.6,8,12
21,123.89534218047743,123.88879975236844,0.006542428108986087,40.70062140750704,False,2.6,8,12
22,129.89880402223935,129.88765156101934,0.011152461220007126,40.71177386872705,False,2.6,8,12
23,132.88552302555277,132.87487351058834,0.010649514964427453,40.72242338369148,False,2.6,8,12
24,134.3211028228209,134.30998856347517,0.011114259345731625,40.73353764303721,False,2.6,8,12
1,269.42469811025387,355.0658077834575,-85.64110967320363,-85.64110967320363,True,2.65,8,12
2,237.56514528837837,142.64913073484,94.91601455353836,9.27490488033473,True,2.65,8,12
3,110.22440583818077,113.75215749204074,-3.5277516538599656,5.747153226474765,True,2.65,8,12
4,123.802421940652,274.1015945828447,-150.29917264219273,-144.55201941571795,True,2.65,8,12
5,333.8221460491046,143.5830004019447,190.23914564715992,45.687126231441965,True,2.65,8,12
6,147.21028286862276,149.1809674411103,-1.9706845724875564,43.71644165895441,True,2.65,8,12
7,148.95926006429642,330.8286443499852,-181.8693842856888,-138.1529426267344,True,2.65,8,12
8,316.5913029676691,135.15675629276194,181.43454667490715,43.28160404817277,True,2.65,8,12
9,133.89284386627557,135.4607925608672,-1.567948694591621,41.713655353581146,True,2.65,8,12
10,137.08048932170433,303.67055836837494,-166.5900690466706,-124.87641369308946,True,2.65,8,12
11,288.14185253551585,129.40484032482846,158.7370122106874,33.860598517597936,True,2.65,8,12
12,146.31012308696518,138.2796680305877,8.030455056377491,41.89105357397543,True,2.65,8,12
13,145.16237036410183,146.55476517426087,-1.3923948101590327,40.498658763816394,False,2.65,8,12
14,144.45852724648455,144.84903327090862,-0.3905060244240701,40.108152739392324,False,2.65,8,12
15,141.91478086390094,142.0524434711299,-0.13766260722894685,39.97049013216338,False,2.65,8,12
16,139.1373838267075,139.18385898585944,-0.046475159151952994,39.924014973011424,False,2.65,8,12
17,124.93281140126453,124.93569325729118,-0.002881856026647256,39.92113311698478,False,2.65,8,12
18,112.13266120356435,112.11931251314773,0.013348690416620457,39.9344818074014,False,2.65,8,12
19,111.00490722111199,111.00220094728667,0.0027062738253249563,39.93718808122672,False,2.65,8,12
20,108.12667483197332,108.12148379965856,0.005191032314755262,39.94237911354148,False,2.65,8,12
21,123.89121654163525,123.88047468464674,0.010741856988502718,39.95312097052998,False,2.65,8,12
22,129.89492351968022,129.88099794190506,0.013925577775154352,39.967046548305134,False,2.65,8,12
23,132.8819355018845,132.8689183261286,0.01301717575589123,39.980063724061026,False,2.65,8,12
24,134.3177578673658,134.3048616826469,0.01289618471889753,39.99295990877992,False,2.65,8,12
1,280.14060280782655,372.83787208441,-92.69726927658343,-92.69726927658343,True,2.7,8,12
2,245.30970597360184,142.64913073484,102.66057523876182,9.963305962178396,True,2.7,8,12
3,109.80002766230446,113.75215749204074,-3.952129829736279,6.011176132442117,True,2.7,8,12
4,123.59012858228112,288.1109073337668,-164.5207787514857,-158.50960261904356,True,2.7,8,12
5,360.15159256798705,143.5830004019447,216.56859216604235,58.05898954699879,True,2.7,8,12
6,141.35376425633035,149.1809674411103,-7.827203184779961,50.23178636221883,True,2.7,8,12
7,146.94515188327645,347.62984355268776,-200.6846916694113,-150.45290530719248,True,2.7,8,12
8,340.45611957555275,135.15675629276194,205.2993632827908,54.84645797559833,True,2.7,8,12
9,128.30835488917668,135.4607925608672,-7.152437671690507,47.69402030390782,True,2.7,8,12
10,135.07134103909266,319.0044598379439,-183.93311879885124,-136.23909849494342,True,2.7,8,12
11,281.96778225407627,129.40484032482846,152.5629419292478,16.323843434304393,True,2.7,8,12
12,175.15659309464414,138.2796680305877,36.87692506405645,53.200768498360844,True,2.7,8,12
13,139.34507896227086,146.55476517426087,-7.209686211990004,45.99108228637084,False,2.7,8,12
14,142.3280484019848,144.84903327090862,-2.5209848689238186,43.47009741744702,False,2.7,8,12
15,140.9215376612201,142.0524434711299,-1.130905809909791,42.33919160753723,False,2.7,8,12
16,138.60084103988925,139.18385898585944,-0.5830179459701981,41.75617366156703,False,2.7,8,12
17,124.6458932208319,124.93569325729118,-0.2898000364592832,41.46637362510775,False,2.7,8,12
18,111.97227783351862,112.11931251314773,-0.14703467962911532,41.319338945478634,False,2.7,8,12
19,110.91194238228695,111.00220094728667,-0.09025856499971496,41.22908038047892,False,2.7,8,12
20,108.06546282364658,108.12148379965856,-0.056020976011978973,41.17305940446694,False,2.7,8,12
21,123.83783388698109,123.88047468464674,-0.04264079766565487,41.130418606801285,False,2.7,8,12
22,129.85469027902093,129.88099794190506,-0.026307662884136107,41.10411094391715,False,2.7,8,12
23,132.85005640323647,132.8689183261286,-0.018861922892142502,41.08524902102501,False,2.7,8,12
24,134.29177411388153,134.3048616826469,-0.013087568765371316,41.072161452259635,False,2.7,8,12
1,288.88820915332724,390.6099363853624,-101.72172723203516,-101.72172723203516,True,2.75,8,12
2,254.27490314318308,142.64913073484,111.62577240834307,9.904045176307903,True,2.75,8,12
3,109.80002766230446,113.75215749204074,-3.952129829736279,5.951915346571624,True,2.75,8,12
4,123.59012858228112,302.12022008468875,-178.53009150240763,-172.578176155836,True,2.75,8,12
5,377.567268304769,143.5830004019447,233.9842679028243,61.406091746988324,True,2.75,8,12
6,141.35376425633035,149.1809674411103,-7.827203184779961,53.57888856220836,True,2.75,8,12
7,146.94515188327645,364.43104275539,-217.48589087211357,-163.9070023099052,True,2.75,8,12
8,356.79403772576677,135.15675629276194,221.63728143300483,57.73027912309962,True,2.75,8,12
9,128.30835488917668,135.4607925608672,-7.152437671690507,50.577841451409114,True,2.75,8,12
10,135.07134103909266,334.3383613075127,-199.26702026842003,-148.6891788170109,True,2.75,8,12
11,291.814997789128,129.40484032482846,162.41015746429952,13.720978647288604,True,2.75,8,12
12,181.08862795783148,138.2796680305877,42.80895992724379,56.529938574532395,True,2.75,8,12
13,139.34507896227086,146.55476517426087,-7.209686211990004,49.32025236254239,False,2.75,8,12
14,142.3280484019848,144.84903327090862,-2.5209848689238186,46.79926749361857,False,2.75,8,12
15,140.9215376612201,142.0524434711299,-1.130905809909791,45.66836168370878,False,2.75,8,12
16,138.60084103988925,139.18385898585944,-0.5830179459701981,45.08534373773858,False,2.75,8,12
17,124.6458932208319,124.93569325729118,-0.2898000364592832,44.7955437012793,False,2.75,8,12
18,111.97227783351862,112.11931251314773,-0.14703467962911532,44.648509021650185,False,2.75,8,12
19,110.91194238228695,111.00220094728667,-0.09025856499971496,44.55825045665047,False,2.75,8,12
20,108.06546282364658,108.12148379965856,-0.056020976011978973,44.50222948063849,False,2.75,8,12
21,123.83783388698109,123.88047468464674,-0.04264079766565487,44.459588682972836,False,2.75,8,12
22,129.85469027902093,129.88099794190506,-0.026307662884136107,44.4332810200887,False,2.75,8,12
23,132.85005640323647,132.8689183261286,-0.018861922892142502,44.41441909719656,False,2.75,8,12
24,134.29177411388153,134.3048616826469,-0.013087568765371316,44.401331528431186,False,2.75,8,12
1,297.63581549882787,408.6227639349391,-110.98694843611122,-110.98694843611122,True,2.8,8,12
2,263.7823079880158,141.7579909024198,122.02431708559601,11.03736864948479,True,2.8,8,12
3,109.63300012645793,113.46730648535535,-3.8343063588974218,7.2030622905873685,True,2.8,8,12
4,123.5052076135053,316.1173313962487,-192.61212378274337,-185.409061492156,True,2.8,8,12
5,394.9215437428541,142.6315044400818,252.2900393027723,66.88097781061629,True,2.8,8,12
6,141.31297014625085,148.6993157665332,-7.386345620282356,59.49463219033393,True,2.8,8,12
7,146.91560851591555,381.1357618866994,-234.22015337078386,-174.72552118044993,True,2.8,8,12
8,373.1094524916858,134.18563704944856,238.9238154422372,64.19829426178728,True,2.8,8,12
9,128.2908897196728,134.9667320407821,-6.675842321109286,57.522451940677996,True,2.8,8,12
10,135.05610766587424,349.534222286703,-214.4781146208288,-156.9556626801508,True,2.8,8,12
11,301.64906850307983,128.39945920468017,173.24960929839966,16.293946618248867,True,2.8,8,12
12,187.0097911165557,137.7620615928253,49.24772952373041,65.54167614197928,True,2.8,8,12
13,139.3359820315203,146.22870552719579,-6.892723495675483,58.6489526463038,False,2.8,8,12
14,142.32037387679546,144.62046172936647,-2.3000878525710107,56.34886479373279,False,2.8,8,12
15,140.915027592539,141.8817684128403,-0.966740820301311,55.382123973431476,False,2.8,8,12
16,138.59495608163272,139.04297273915554,-0.44801665752282815,54.93410731590865,False,2.8,8,12
17,124.6404757137983,124.81432098175992,-0.17384526796162447,54.76026204794702,False,2.8,8,12
18,111.96726728025534,112.01246294158362,-0.0451956613282789,54.715066386618744,False,2.8,8,12
19,110.90729035380558,110.90662894765839,0.000661406147187904,54.71572779276593,False,2.8,8,12
20,108.06115210210359,108.03541720800239,0.02573489410120544,54.74146268686714,False,2.8,8,12
21,123.8334640054978,123.79513471418889,0.03832929130891216,54.77979197817605,False,2.8,8,12
22,129.84986871268828,129.7884491151053,0.06141959758298299,54.84121157575903,False,2.8,8,12
23,132.8456174727702,132.78486397377532,0.06075349899487037,54.9019650747539,False,2.8,8,12
24,134.28764899933978,134.2275848525065,0.06006414683326966,54.96202922158717,False,2.8,8,12
1,306.3834218443286,427.47816765404076,-121.09474580971215,-121.09474580971215,True,2.85,8,12
2,272.849252089037,140.11950419476736,132.72974789426965,11.635002084557499,True,2.85,8,12
3,109.63300012645793,112.92621945762602,-3.293219331168089,8.34178275338941,True,2.85,8,12
4,123.5052076135053,330.54351982782947,-207.03831221432415,-198.69652946093476,True,2.85,8,12
5,412.92258260931203,140.91553590606665,272.00704670324535,73.3105172423106,True,2.85,8,12
6,141.0913104831873,147.8079759957281,-6.7166655125408,66.5938517297698,True,2.85,8,12
7,146.81369885654115,398.2917819116959,-251.47808305515477,-184.88423132538497,True,2.85,8,12
8,389.9498440168192,132.45659024852256,257.49325376829665,72.60902244291168,True,2.85,8,12
9,128.04787872281716,134.07031125627418,-6.022432533457021,66.58658990945466,True,2.85,8,12
10,134.9282268452644,365.1434906270119,-230.2152637817475,-163.62867387229284,True,2.85,8,12
11,311.97612293512617,126.62768559191801,185.34843734320816,21.719763470915325,True,2.85,8,12
12,192.68480030609732,136.8381042702154,55.846696035881905,77.56645950679723,True,2.85,8,12
13,139.20816792977965,145.64923454326316,-6.441066613483514,71.12539289331372,False,2.85,8,12
14,142.24187884505847,144.21661168515348,-1.9747328400950153,69.1506600532187,False,2.85,8,12
15,140.86118808200678,141.58164397072656,-0.7204558887197834,68.43020416449892,False,2.85,8,12
16,138.55307019185324,138.7960060945755,-0.24293590272225174,68.18726826177667,False,2.85,8,12
17,124.60592369160162,124.6018888724036,0.004034819198011519,68.19130308097468,False,2.85,8,12
18,111.93783286671606,111.82547878797723,0.11235407873883219,68.30365715971351,False,2.85,8,12
19,110.88162684027523,110.73921761355658,0.1424092267186552,68.44606638643216,False,2.85,8,12
20,108.03850594216107,107.88437494188915,0.15413100027191717,68.60019738670408,False,2.85,8,12
21,123.81137619370512,123.64498505282069,0.16639114088442852,68.76658852758851,False,2.85,8,12
22,129.82623900228919,129.6251157223024,0.20112327998677415,68.96771180757528,False,2.85,8,12
23,132.8244003596404,132.63600997169442,0.1883903879459865,69.15610219552127,False,2.85,8,12
24,134.26833142368793,134.09022444206684,0.17810698162108451,69.33420917714236,False,2.85,8,12
1,315.1310281898292,448.32748737472303,-133.19645918489385,-133.19645918489385,True,2.9,8,12
2,281.91619619005814,140.11950419476736,141.7966919952908,8.600232810396932,True,2.9,8,12
3,109.63300012645793,112.92621945762602,-3.293219331168089,5.307013479228843,True,2.9,8,12
4,123.5052076135053,346.73877697811986,-223.23356936461454,-217.9265558853857,True,2.9,8,12
5,430.4307794450839,140.91553590606665,289.5152435390172,71.5886876536315,True,2.9,8,12
6,141.0913104831873,147.8079759957281,-6.7166655125408,64.8720221410907,True,2.9,8,12
7,146.81369885654115,417.69202704553317,-270.878328188992,-206.0063060479013,True,2.9,8,12
8,406.37644646859667,132.45659024852256,273.9198562200741,67.91355017217282,True,2.9,8,12
9,128.04787872281716,134.07031125627418,-6.022432533457021,61.8911176387158,True,2.9,8,12
10,134.9282268452644,382.9956859666867,-248.06745912142233,-186.17634148270653,True,2.9,8,12
11,321.9119453205294,126.62768559191801,195.2842597286114,9.10791824590487,True,2.9,8,12
12,198.61683516928466,136.8381042702154,61.778730899069245,70.88664914497411,True,2.9,8,12
13,139.20816792977965,145.64923454326316,-6.441066613483514,64.4455825314906,False,2.9,8,12
14,142.24187884505847,144.21661168515348,-1.9747328400950153,62.470849691395586,False,2.9,8,12
15,140.86118808200678,141.58164397072656,-0.7204558887197834,61.7503938026758,False,2.9,8,12
16,138.55307019185324,138.7960060945755,-0.24293590272225174,61.50745789995355,False,2.9,8,12
17,124.60592369160162,124.6018888724036,0.004034819198011519,61.51149271915156,False,2.9,8,12
18,111.93783286671606,111.82547878797723,0.11235407873883219,61.623846797890394,False,2.9,8,12
19,110.88162684027523,110.73921761355658,0.1424092267186552,61.76625602460905,False,2.9,8,12
20,108.03850594216107,107.88437494188915,0.15413100027191717,61.92038702488097,False,2.9,8,12
21,123.81137619370512,123.64498505282069,0.16639114088442852,62.086778165765395,False,2.9,8,12
22,129.82623900228919,129.6251157223024,0.20112327998677415,62.28790144575217,False,2.9,8,12
23,132.8244003596404,132.63600997169442,0.1883903879459865,62.476291833698156,False,2.9,8,12
24,134.26833142368793,134.09022444206684,0.17810698162108451,62.65439881531924,False,2.9,8,12
1,323.8786345353299,469.1768070954054,-145.2981725600755,-145.2981725600755,True,2.95,8,12
2,298.41922533912464,140.11950419476736,158.29972114435728,13.001548584281778,True,2.95,8,12
3,107.91782724139496,112.92621945762602,-5.008392216231059,7.99315636805072,True,2.95,8,12
4,122.60197174055372,362.9340341284104,-240.3320623878567,-232.33890601980596,True,2.95,8,12
5,453.8149535376802,140.91553590606665,312.8994176316136,80.56051161180761,True,2.95,8,12
6,138.4523041287356,147.8079759957281,-9.355671866992509,71.2048397448151,True,2.95,8,12
7,145.4550610291897,437.09227217937064,-291.637211150181,-220.43237140536587,True,2.95,8,12
8,428.1517114557401,132.45659024852256,295.69512120721754,75.26274980185167,True,2.95,8,12
9,125.46570436683453,134.07031125627418,-8.604606889439651,66.65814291241202,True,2.95,8,12
10,133.4813083038353,400.84788130636184,-267.36657300252654,-200.70843009011452,True,2.95,8,12
11,337.0460414656125,126.62768559191801,210.4183558736945,9.70992578357999,True,2.95,8,12
12,201.92381823432754,136.8381042702154,65.08571396411213,74.79563974769212,True,2.95,8,12
13,137.84933530313702,145.64923454326316,-7.799899240126138,66.99574050756598,False,2.95,8,12
14,141.3909532154268,144.21661168515348,-2.825658469726676,64.17008203783931,False,2.95,8,12
15,140.26896080331628,141.58164397072656,-1.3126831674102846,62.85739887042902,False,2.95,8,12
16,138.086593091521,138.7960060945755,-0.7094130030544932,62.14798586737453,False,2.95,8,12
17,124.21684158783995,124.6018888724036,-0.38504728456365456,61.762938582810875,False,2.95,8,12
18,111.60299277057229,111.82547878797723,-0.22248601740494678,61.54045256540593,False,2.95,8,12
19,110.58690065452917,110.73921761355658,-0.15231695902740228,61.388135606378526,False,2.95,8,12
20,107.77609459600178,107.88437494188915,-0.10828034588736557,61.27985526049116,False,2.95,8,12
21,123.55325194140036,123.64498505282069,-0.09173311142032503,61.188122149070836,False,2.95,8,12
22,129.54785100627404,129.6251157223024,-0.07726471602836682,61.11085743304247,False,2.95,8,12
23,132.57249372860525,132.63600997169442,-0.06351624308916826,61.0473411899533,False,2.95,8,12
24,134.03727159221566,134.09022444206684,-0.05295284985118087,60.99438834010212,False,2.95,8,12
1,332.6262408808306,490.0261268160876,-157.39988593525698,-157.39988593525698,True,3.0,8,12
2,310.54592554654806,140.11950419476736,170.4264213517807,13.026535416523728,True,3.0,8,12
3,107.91782724139496,112.92621945762602,-5.008392216231059,8.01814320029267,True,3.0,8,12
4,122.60197174055372,379.1292912787008,-256.5273195381471,-248.5091763378544,True,3.0,8,12
5,474.01223028988164,140.91553590606665,333.096694383815,84.58751804596062,True,3.0,8,12
6,138.4523041287356,147.8079759957281,-9.355671866992509,75.23184617896811,True,3.0,8,12
7,145.4550610291897,456.49251731320794,-311.0374562840183,-235.80561010505016,True,3.0,8,12
8,447.126026076789,132.45659024852256,314.66943582826644,78.86382572321628,True,3.0,8,12
9,125.46570436683453,134.07031125627418,-8.604606889439651,70.25921883377663,True,3.0,8,12
10,133.4813083038353,418.7000766460368,-285.2187683422015,-214.95954950842486,True,3.0,8,12
11,349.5120142929932,126.62768559191801,222.88432870107516,7.9247791926503055,True,3.0,8,12
12,207.85585309751488,136.8381042702154,71.01774882729947,78.94252801994978,True,3.0,8,12
13,137.84933530313702,145.64923454326316,-7.799899240126138,71.14262877982364,False,3.0,8,12
14,141.3909532154268,144.21661168515348,-2.825658469726676,68.31697031009696,False,3.0,8,12
15,140.26896080331628,141.58164397072656,-1.3126831674102846,67.00428714268668,False,3.0,8,12
16,138.086593091521,138.7960060945755,-0.7094130030544932,66.29487413963219,False,3.0,8,12
17,124.21684158783995,124.6018888724036,-0.38504728456365456,65.90982685506853,False,3.0,8,12
18,111.60299277057229,111.82547878797723,-0.22248601740494678,65.68734083766358,False,3.0,8,12
19,110.58690065452917,110.73921761355658,-0.15231695902740228,65.53502387863618,False,3.0,8,12
20,107.77609459600178,107.88437494188915,-0.10828034588736557,65.42674353274882,False,3.0,8,12
21,123.55325194140036,123.64498505282069,-0.09173311142032503,65.33501042132849,False,3.0,8,12
22,129.54785100627404,129.6251157223024,-0.07726471602836682,65.25774570530012,False,3.0,8,12
23,132.57249372860525,132.63600997169442,-0.06351624308916826,65.19422946221096,False,3.0,8,12
24,134.03727159221566,134.09022444206684,-0.05295284985118087,65.14127661235977,False,3.0,8,12
1,341.3738472263312,510.87544653676986,-169.50159931043868,-169.50159931043868,True,3.05,8,12
2,322.67262575397143,140.11950419476736,182.55312155920407,13.051522248765394,True,3.05,8,12
3,107.91782724139496,112.92621945762602,-5.008392216231059,8.043130032534336,True,3.05,8,12
4,122.60197174055372,395.3245484289912,-272.72257668843747,-264.6794466559031,True,3.05,8,12
5,494.2095070420831,140.91553590606665,353.29397113601647,88.61452448011335,True,3.05,8,12
6,138.4523041287356,147.8079759957281,-9.355671866992509,79.25885261312084,True,3.05,8,12
7,145.4550610291897,475.89276244704513,-330.43770141785546,-251.17884880473463,True,3.05,8,12
8,466.1003406978379,132.45659024852256,333.64375044931535,82.46490164458072,True,3.05,8,12
9,125.46570436683453,134.07031125627418,-8.604606889439651,73.86029475514107,True,3.05,8,12
10,133.4813083038353,436.5522719857117,-303.0709636818764,-229.2106689267353,True,3.05,8,12
11,361.97798712037377,126.62768559191801,235.35030152845576,6.13963260172045,True,3.05,8,12
12,213.78788796070222,136.8381042702154,76.94978369048681,83.08941629220726,True,3.05,8,12
13,137.84933530313702,145.64923454326316,-7.799899240126138,75.28951705208112,False,3.05,8,12
14,141.3909532154268,144.21661168515348,-2.825658469726676,72.46385858235445,False,3.05,8,12
15,140.26896080331628,141.58164397072656,-1.3126831674102846,71.15117541494416,False,3.05,8,12
16,138.086593091521,138.7960060945755,-0.7094130030544932,70.44176241188967,False,3.05,8,12
17,124.21684158783995,124.6018888724036,-0.38504728456365456,70.05671512732602,False,3.05,8,12
18,111.60299277057229,111.82547878797723,-0.22248601740494678,69.83422910992107,False,3.05,8,12
19,110.58690065452917,110.73921761355658,-0.15231695902740228,69.68191215089367,False,3.05,8,12
20,107.77609459600178,107.88437494188915,-0.10828034588736557,69.5736318050063,False,3.05,8,12
21,123.55325194140036,123.64498505282069,-0.09173311142032503,69.48189869358598,False,3.05,8,12
22,129.54785100627404,129.6251157223024,-0.07726471602836682,69.40463397755761,False,3.05,8,12
23,132.57249372860525,132.63600997169442,-0.06351624308916826,69.34111773446844,False,3.05,8,12
24,134.03727159221566,134.09022444206684,-0.05295284985118087,69.28816488461726,False,3.05,8,12
1,398.36583102952756,531.7247662574523,-133.35893522792475,-133.35893522792475,True,3.1,8,12
2,284.2608174304596,140.11950419476736,144.14131323569225,10.782378007767505,True,3.1,8,12
3,108.99598861677218,112.92621945762602,-3.930230840853838,6.852147166913667,True,3.1,8,12
4,122.98750636964479,411.5198055792818,-288.532299209637,-281.68015204272336,True,3.1,8,12
5,514.8988074741678,140.91553590606665,373.98327156810115,92.30311952537778,True,3.1,8,12
6,138.54843616070158,147.8079759957281,-9.259539835026516,83.04357969035127,True,3.1,8,12
7,145.511470523868,495.2930075808826,-349.7815370570146,-266.7379573666633,True,3.1,8,12
8,485.1556973896685,132.45659024852256,352.69910714114593,85.96114977448264,True,3.1,8,12
9,125.48589142574,134.07031125627418,-8.584419830534188,77.37672994394845,True,3.1,8,12
10,133.4960638240615,454.4044673253868,-320.9084035013253,-243.53167355737688,True,3.1,8,12
11,374.4579506236349,126.62768559191801,247.83026503171686,4.298591474339986,True,3.1,8,12
12,219.74052732648227,136.8381042702154,82.90242305626685,87.20101453060684,True,3.1,8,12
13,137.8566572435869,145.64923454326316,-7.792577299676253,79.40843723093059,False,3.1,8,12
14,141.39698568258996,144.21661168515348,-2.819626002563524,76.58881122836706,False,3.1,8,12
15,140.274027898141,141.58164397072656,-1.3076160725855743,75.28119515578149,False,3.1,8,12
16,138.0904346681075,138.7960060945755,-0.7055714264679978,74.57562372931349,False,3.1,8,12
17,124.21973812689781,124.6018888724036,-0.38215074550579686,74.1934729838077,False,3.1,8,12
18,111.6051439171913,111.82547878797723,-0.2203348707859334,73.97313811302176,False,3.1,8,12
19,110.58906699655927,110.73921761355658,-0.15015061699730836,73.82298749602445,False,3.1,8,12
20,107.77807579548126,107.88437494188915,-0.10629914640789195,73.71668834961656,False,3.1,8,12
21,123.55525068685624,123.64498505282069,-0.08973436596444628,73.62695398365211,False,3.1,8,12
22,129.54976828696456,129.6251157223024,-0.07534743533784649,73.55160654831427,False,3.1,8,12
23,132.57431958868028,132.63600997169442,-0.061690383014138206,73.48991616530013,False,3.1,8,12
24,134.03892515287993,134.09022444206684,-0.05129928918691462,73.43861687611322,False,3.1,8,12
1,410.73033768397823,552.5740859781345,-141.84374829415623,-141.84374829415623,True,3.15,8,12
2,292.79061026292635,140.11950419476736,152.671106068159,10.827357774002763,True,3.15,8,12
3,108.99598861677218,112.92621945762602,-3.930230840853838,6.897126933148925,True,3.15,8,12
4,122.98750636964479,427.7150627295722,-304.7275563599274,-297.8304294267785,True,3.15,8,12
5,535.1184760568113,140.91553590606665,394.20294015074467,96.37251072396617,True,3.15,8,12
6,138.54843616070158,147.8079759957281,-9.259539835026516,87.11297088893966,True,3.15,8,12
7,145.511470523868,514.6932527147198,-369.18178219085183,-282.0688113019122,True,3.15,8,12
8,504.13361637069346,132.45659024852256,371.6770261221709,89.6082148202587,True,3.15,8,12
9,125.48589142574,134.07031125627418,-8.584419830534188,81.02379498972451,True,3.15,8,12
10,133.4960638240615,472.2566626650617,-338.76059884100016,-257.7368038512757,True,3.15,8,12
11,386.9239904581052,126.62768559191801,260.2963048661872,2.5595010149115183,True,3.15,8,12
12,225.6734983506961,136.8381042702154,88.83539408048068,91.3948950953922,True,3.15,8,12
13,137.8566572435869,145.64923454326316,-7.792577299676253,83.60231779571595,False,3.15,8,12
14,141.39698568258996,144.21661168515348,-2.819626002563524,80.78269179315242,False,3.15,8,12
15,140.274027898141,141.58164397072656,-1.3076160725855743,79.47507572056685,False,3.15,8,12
16,138.0904346681075,138.7960060945755,-0.7055714264679978,78.76950429409885,False,3.15,8,12
17,124.21973812689781,124.6018888724036,-0.38215074550579686,78.38735354859305,False,3.15,8,12
18,111.6051439171913,111.82547878797723,-0.2203348707859334,78.16701867780712,False,3.15,8,12
19,110.58906699655927,110.73921761355658,-0.15015061699730836,78.01686806080981,False,3.15,8,12
20,107.77807579548126,107.88437494188915,-0.10629914640789195,77.91056891440192,False,3.15,8,12
21,123.55525068685624,123.64498505282069,-0.08973436596444628,77.82083454843747,False,3.15,8,12
22,129.54976828696456,129.6251157223024,-0.07534743533784649,77.74548711309963,False,3.15,8,12
23,132.57431958868028,132.63600997169442,-0.061690383014138206,77.68379673008549,False,3.15,8,12
24,134.03892515287993,134.09022444206684,-0.05129928918691462,77.63249744089858,False,3.15,8,12
1,423.09484433842925,573.4234056988169,-150.3285613603876,-150.3285613603876,True,3.2,8,12
2,301.32040309539326,140.11950419476736,161.2008989006259,10.872337540238306,True,3.2,8,12
3,108.99598861677218,112.92621945762602,-3.930230840853838,6.942106699384468,True,3.2,8,12
4,122.98750636964479,443.91031987986275,-320.92281351021796,-313.9807068108335,True,3.2,8,12
5,555.3381446394551,140.91553590606665,414.4226087333884,100.4419019225549,True,3.2,8,12
6,138.54843616070158,147.8079759957281,-9.259539835026516,91.18236208752839,True,3.2,8,12
7,145.511470523868,534.0934978485573,-388.58202732468925,-297.3996652371609,True,3.2,8,12
8,523.1115353517187,132.45659024852256,390.6549451031961,93.25527986603521,True,3.2,8,12
9,125.48589142574,134.07031125627418,-8.584419830534188,84.67086003550102,True,3.2,8,12
10,133.4960638240615,490.1088580047368,-356.61279418067534,-271.9419341451743,True,3.2,8,12
11,399.3900302925758,126.62768559191801,272.76234470065776,0.8204105554834769,True,3.2,8,12
12,231.60646937490992,136.8381042702154,94.76836510469451,95.58877566017799,True,3.2,8,12
13,137.8566572435869,145.64923454326316,-7.792577299676253,87.79619836050173,False,3.2,8,12
14,141.39698568258996,144.21661168515348,-2.819626002563524,84.97657235793821,False,3.2,8,12
15,140.274027898141,141.58164397072656,-1.3076160725855743,83.66895628535264,False,3.2,8,12
16,138.0904346681075,138.7960060945755,-0.7055714264679978,82.96338485888464,False,3.2,8,12
17,124.21973812689781,124.6018888724036,-0.38215074550579686,82.58123411337884,False,3.2,8,12
18,111.6051439171913,111.82547878797723,-0.2203348707859334,82.36089924259291,False,3.2,8,12
19,110.58906699655927,110.73921761355658,-0.15015061699730836,82.2107486255956,False,3.2,8,12
20,107.77807579548126,107.88437494188915,-0.10629914640789195,82.1044494791877,False,3.2,8,12
21,123.55525068685624,123.64498505282069,-0.08973436596444628,82.01471511322326,False,3.2,8,12
22,129.54976828696456,129.6251157223024,-0.07534743533784649,81.93936767788541,False,3.2,8,12
23,132.57431958868028,132.63600997169442,-0.061690383014138206,81.87767729487128,False,3.2,8,12
24,134.03892515287993,134.09022444206684,-0.05129928918691462,81.82637800568436,False,3.2,8,12
