store_upc,episode_number,store,upc,start_week,end_week,start_date,end_date,promotion_weeks,mean_depth,median_depth,max_depth,episode_length,consecutive_episode
1014,1,8,3800000110,112,112,1991-10-31,1991-11-06,1,0.03144654088050314,0.03144654088050314,0.03144654088050314,1,True
1014,2,8,3800000110,114,114,1991-11-14,1991-11-20,1,0.0,0.0,0.0,1,True
1014,3,8,3800000110,117,118,1991-12-05,1991-12-18,2,0.0,0.0,0.0,2,True
1014,4,8,3800000110,156,156,1992-09-03,1992-09-09,1,0.1445086705202312,0.1445086705202312,0.1445086705202312,1,True
1014,5,8,3800000110,222,232,1993-12-09,1994-02-23,11,0.08780522190739816,0.091324200913242,0.091324200913242,11,True
1014,6,8,3800000110,340,340,1996-03-14,1996-03-20,1,0.07441860465116279,0.07441860465116279,0.07441860465116279,1,True
1014,7,8,3800000110,342,342,1996-03-28,1996-04-03,1,0.25116279069767433,0.25116279069767433,0.25116279069767433,1,True
1014,8,8,3800000110,352,352,1996-06-06,1996-06-12,1,0.4651162790697675,0.4651162790697675,0.4651162790697675,1,True
1016,1,8,3800000120,25,25,1990-03-01,1990-03-07,1,0.0052631578947368585,0.0052631578947368585,0.0052631578947368585,1,True
1016,2,8,3800000120,43,44,1990-07-05,1990-07-18,2,0.0357142857142857,0.0357142857142857,0.0357142857142857,2,True
1016,3,8,3800000120,55,55,1990-09-27,1990-10-03,1,0.0357142857142857,0.0357142857142857,0.0357142857142857,1,True
1016,4,8,3800000120,74,75,1991-02-07,1991-02-20,2,0.23979591836734693,0.23979591836734693,0.23979591836734693,2,True
1016,5,8,3800000120,88,88,1991-05-16,1991-05-22,1,0.0,0.0,0.0,1,True
1016,6,8,3800000120,94,94,1991-06-27,1991-07-03,1,0.0357142857142857,0.0357142857142857,0.0357142857142857,1,True
1016,7,8,3800000120,97,97,1991-07-18,1991-07-24,1,0.0357142857142857,0.0357142857142857,0.0357142857142857,1,True
1016,8,8,3800000120,107,107,1991-09-26,1991-10-02,1,0.0357142857142857,0.0357142857142857,0.0357142857142857,1,True
1016,9,8,3800000120,123,127,1992-01-16,1992-02-19,5,0.22829268292682925,0.019512195121951237,0.5512195121951219,5,True
1016,10,8,3800000120,152,152,1992-08-06,1992-08-12,1,0.08848377056469536,0.08848377056469536,0.08848377056469536,1,True
1016,11,8,3800000120,156,156,1992-09-03,1992-09-09,1,0.17256637168141575,0.17256637168141575,0.17256637168141575,1,True
1016,12,8,3800000120,174,174,1993-01-07,1993-01-13,1,0.11946902654867253,0.11946902654867253,0.11946902654867253,1,True
1016,13,8,3800000120,178,178,1993-02-04,1993-02-10,1,0.017699115044247593,0.017699115044247593,0.017699115044247593,1,True
1016,14,8,3800000120,185,185,1993-03-25,1993-03-31,1,0.09322033898305071,0.09322033898305071,0.09322033898305071,1,True
1016,15,8,3800000120,187,189,1993-04-08,1993-04-28,3,0.016949152542372947,0.016949152542372947,0.016949152542372947,3,True
1016,16,8,3800000120,192,192,1993-05-13,1993-05-19,1,0.04661016949152541,0.04661016949152541,0.04661016949152541,1,True
1016,17,8,3800000120,214,215,1993-10-14,1993-10-27,2,0.1156862745098039,0.1156862745098039,0.2196078431372549,2,True
1016,18,8,3800000120,222,233,1993-12-09,1994-03-02,12,0.25685595587960325,0.26590007319234177,0.5333333333333333,12,True
1016,19,8,3800000120,235,236,1994-03-10,1994-03-23,2,0.32217573221757323,0.32217573221757323,0.5564853556485356,2,True
1016,20,8,3800000120,250,251,1994-06-23,1994-07-06,2,0.1549295774647887,0.1549295774647887,0.29929577464788726,2,True
1016,21,8,3800000120,266,267,1994-10-13,1994-10-26,2,0.42605633802816895,0.42605633802816895,0.6514084507042253,2,True
1016,22,8,3800000120,274,277,1994-12-08,1995-01-04,4,0.26408450704225345,0.2676056338028168,0.29929577464788726,4,True
1016,23,8,3800000120,321,321,1995-11-02,1995-11-08,1,0.3697183098591549,0.3697183098591549,0.3697183098591549,1,True
1016,24,8,3800000120,342,342,1996-03-28,1996-04-03,1,0.25,0.25,0.25,1,True
1016,25,8,3800000120,344,346,1996-04-11,1996-05-01,3,0.38380281690140833,0.2676056338028169,0.6514084507042253,3,True
1016,26,8,3800000120,348,348,1996-05-09,1996-05-15,1,0.17957746478873238,0.17957746478873238,0.17957746478873238,1,True
1016,27,8,3800000120,352,352,1996-06-06,1996-06-12,1,0.352112676056338,0.352112676056338,0.352112676056338,1,True
1016,28,8,3800000120,359,360,1996-07-25,1996-08-07,2,0.18245614035087726,0.18245614035087726,0.30175438596491233,2,True
1016,29,8,3800000120,368,369,1996-09-26,1996-10-09,2,0.4947368421052632,0.4947368421052632,0.6491228070175439,2,True
1016,30,8,3800000120,386,387,1997-01-30,1997-02-12,2,0.1649122807017544,0.1649122807017544,0.30175438596491233,2,True
1016,31,8,3800000120,391,391,1997-03-06,1997-03-12,1,0.056140350877193046,0.056140350877193046,0.056140350877193046,1,True
1017,1,8,3800000127,7,7,1989-10-26,1989-11-01,1,0.0,0.0,0.0,1,True
1017,2,8,3800000127,36,38,1990-05-17,1990-06-06,3,0.08399999999999996,0.08399999999999996,0.08399999999999996,3,True
1017,3,8,3800000127,56,56,1990-10-04,1990-10-10,1,0.604,0.604,0.604,1,True
1017,4,8,3800000127,82,85,1991-04-04,1991-05-01,4,0.06299999999999997,0.08399999999999996,0.08399999999999996,4,True
1017,5,8,3800000127,110,110,1991-10-17,1991-10-23,1,0.0039999999999998925,0.0039999999999998925,0.0039999999999998925,1,True
1017,6,8,3800000127,112,112,1991-10-31,1991-11-06,1,0.0039999999999998925,0.0039999999999998925,0.0039999999999998925,1,True
1017,7,8,3800000127,132,132,1992-03-19,1992-03-25,1,0.039215686274509665,0.039215686274509665,0.039215686274509665,1,True
1017,8,8,3800000127,156,156,1992-09-03,1992-09-09,1,0.16187050359712218,0.16187050359712218,0.16187050359712218,1,True
1017,9,8,3800000127,158,158,1992-09-17,1992-09-23,1,0.11870503597122295,0.11870503597122295,0.11870503597122295,1,True
1017,10,8,3800000127,181,182,1993-02-25,1993-03-10,2,0.15107913669064738,0.15107913669064738,0.2841726618705035,2,True
1017,11,8,3800000127,197,197,1993-06-17,1993-06-23,1,0.11870503597122295,0.11870503597122295,0.11870503597122295,1,True
1017,12,8,3800000127,208,209,1993-09-02,1993-09-15,2,0.2836065573770491,0.2836065573770491,0.521311475409836,2,True
1017,13,8,3800000127,228,229,1994-01-20,1994-02-02,2,0.28419452887538,0.28419452887538,0.4893617021276596,2,True
1017,14,8,3800000127,245,246,1994-05-19,1994-06-01,2,0.1899696048632219,0.1899696048632219,0.30395136778115506,2,True
1017,15,8,3800000127,256,257,1994-08-04,1994-08-17,2,0.2836676217765044,0.2836676217765044,0.5014326647564471,2,True
1017,16,8,3800000127,261,261,1994-09-08,1994-09-14,1,0.4269340974212035,0.4269340974212035,0.4269340974212035,1,True
1017,17,8,3800000127,268,269,1994-10-27,1994-11-09,2,0.330945558739255,0.330945558739255,0.5702005730659025,2,True
1017,18,8,3800000127,333,333,1996-01-25,1996-01-31,1,0.2836676217765044,0.2836676217765044,0.2836676217765044,1,True
1017,19,8,3800000127,342,342,1996-03-28,1996-04-03,1,0.24641833810888258,0.24641833810888258,0.24641833810888258,1,True
1017,20,8,3800000127,346,346,1996-04-25,1996-05-01,1,0.28653295128939826,0.28653295128939826,0.28653295128939826,1,True
1017,21,8,3800000127,352,352,1996-06-06,1996-06-12,1,0.28653295128939826,0.28653295128939826,0.28653295128939826,1,True
1017,22,8,3800000127,363,363,1996-08-22,1996-08-28,1,0.4269340974212035,0.4269340974212035,0.4269340974212035,1,True
1017,23,8,3800000127,379,379,1996-12-12,1996-12-18,1,0.28653295128939826,0.28653295128939826,0.28653295128939826,1,True
1017,24,8,3800000127,381,382,1996-12-26,1997-01-08,2,0.47277936962750716,0.47277936962750716,0.6790830945558739,2,True
1017,25,8,3800000127,390,390,1997-02-27,1997-03-05,1,0.14326647564469908,0.14326647564469908,0.14326647564469908,1,True
1017,26,8,3800000127,397,397,1997-04-17,1997-04-23,1,0.28653295128939826,0.28653295128939826,0.28653295128939826,1,True
1038,1,8,3800001520,24,24,1990-02-22,1990-02-28,1,0.18360655737704912,0.18360655737704912,0.18360655737704912,1,True
1038,2,8,3800001520,49,49,1990-08-16,1990-08-22,1,0.022222222222222143,0.022222222222222143,0.022222222222222143,1,True
1038,3,8,3800001520,51,51,1990-08-30,1990-09-05,1,0.022222222222222143,0.022222222222222143,0.022222222222222143,1,True
1038,4,8,3800001520,55,56,1990-09-27,1990-10-10,2,0.3682539682539683,0.3682539682539683,0.3682539682539683,2,True
1038,5,8,3800001520,76,76,1991-02-21,1991-02-27,1,0.027439024390243816,0.027439024390243816,0.027439024390243816,1,True
1038,6,8,3800001520,87,87,1991-05-09,1991-05-15,1,0.0,0.0,0.0,1,True
1038,7,8,3800001520,100,100,1991-08-08,1991-08-14,1,0.0,0.0,0.0,1,True
1038,8,8,3800001520,102,102,1991-08-22,1991-08-28,1,0.03353658536585358,0.03353658536585358,0.03353658536585358,1,True
1038,9,8,3800001520,123,124,1992-01-16,1992-01-29,2,0.02212389380530977,0.02212389380530977,0.029498525073746285,2,True
1038,10,8,3800001520,131,131,1992-03-12,1992-03-18,1,0.0,0.0,0.0,1,True
1038,11,8,3800001520,133,133,1992-03-26,1992-04-01,1,0.0,0.0,0.0,1,True
1038,12,8,3800001520,148,148,1992-07-09,1992-07-15,1,0.0,0.0,0.0,1,True
1038,13,8,3800001520,156,156,1992-09-03,1992-09-09,1,0.12868632707774796,0.12868632707774796,0.12868632707774796,1,True
1038,14,8,3800001520,161,161,1992-10-08,1992-10-14,1,0.0,0.0,0.0,1,True
1038,15,8,3800001520,163,164,1992-10-22,1992-11-04,2,0.12064343163538882,0.12064343163538882,0.12064343163538882,2,True
1038,16,8,3800001520,171,171,1992-12-17,1992-12-23,1,0.06434316353887393,0.06434316353887393,0.06434316353887393,1,True
1038,17,8,3800001520,176,176,1993-01-21,1993-01-27,1,0.12064343163538882,0.12064343163538882,0.12064343163538882,1,True
1038,18,8,3800001520,204,204,1993-08-05,1993-08-11,1,0.12658227848101267,0.12658227848101267,0.12658227848101267,1,True
1038,19,8,3800001520,220,220,1993-11-25,1993-12-01,1,0.19003868471953578,0.19003868471953578,0.19003868471953578,1,True
1038,20,8,3800001520,230,233,1994-02-03,1994-03-02,4,0.31605364252945883,0.316515095129553,0.5132530120481928,4,True
1038,21,8,3800001520,256,257,1994-08-04,1994-08-17,2,0.03268765133171908,0.03268765133171908,0.03389830508474567,2,True
1038,22,8,3800001520,269,270,1994-11-03,1994-11-16,2,0.14406779661016939,0.14406779661016939,0.2760290556900725,2,True
1038,23,8,3800001520,274,274,1994-12-08,1994-12-14,1,0.5012106537530265,0.5012106537530265,0.5012106537530265,1,True
1038,24,8,3800001520,278,279,1995-01-05,1995-01-18,2,0.20460048426150118,0.20460048426150118,0.3946731234866828,2,True
1038,25,8,3800001520,282,283,1995-02-02,1995-02-15,2,0.20460048426150118,0.20460048426150118,0.3946731234866828,2,True
1038,26,8,3800001520,327,327,1995-12-14,1995-12-20,1,0.05569007263922521,0.05569007263922521,0.05569007263922521,1,True
1038,27,8,3800001520,336,338,1996-02-15,1996-03-06,3,0.351089588377724,0.5157384987893463,0.5157384987893463,3,True
1038,28,8,3800001520,342,342,1996-03-28,1996-04-03,1,0.2518159806295399,0.2518159806295399,0.2518159806295399,1,True
1038,29,8,3800001520,352,357,1996-06-06,1996-07-17,6,0.18361581920903955,0.16222760290556903,0.2760290556900725,6,True
1038,30,8,3800001520,361,369,1996-08-08,1996-10-09,9,0.2620392789884315,0.15496368038740915,0.7578692493946732,9,True
1038,31,8,3800001520,372,372,1996-10-24,1996-10-30,1,0.3680387409200969,0.3680387409200969,0.3680387409200969,1,True
1038,32,8,3800001520,381,381,1996-12-26,1997-01-01,1,0.4097421203438396,0.4097421203438396,0.4097421203438396,1,True
1038,33,8,3800001520,384,385,1997-01-16,1997-01-29,2,0.15616045845272214,0.15616045845272214,0.2836676217765044,2,True
1041,1,8,3800001611,17,17,1990-01-04,1990-01-10,1,0.01673640167364021,0.01673640167364021,0.01673640167364021,1,True
1041,2,8,3800001611,97,98,1991-07-18,1991-07-31,2,0.021818181818181848,0.021818181818181848,0.021818181818181848,2,True
1041,3,8,3800001611,117,118,1991-12-05,1991-12-18,2,0.0,0.0,0.0,2,True
1041,4,8,3800001611,126,126,1992-02-06,1992-02-12,1,0.036363636363636376,0.036363636363636376,0.036363636363636376,1,True
1041,5,8,3800001611,131,131,1992-03-12,1992-03-18,1,0.0,0.0,0.0,1,True
1041,6,8,3800001611,151,151,1992-07-30,1992-08-05,1,0.11525423728813566,0.11525423728813566,0.11525423728813566,1,True
1041,7,8,3800001611,156,156,1992-09-03,1992-09-09,1,0.12903225806451613,0.12903225806451613,0.12903225806451613,1,True
1041,8,8,3800001611,176,176,1993-01-21,1993-01-27,1,0.03548387096774186,0.03548387096774186,0.03548387096774186,1,True
1041,9,8,3800001611,178,178,1993-02-04,1993-02-10,1,0.1645161290322581,0.1645161290322581,0.1645161290322581,1,True
1041,10,8,3800001611,191,191,1993-05-06,1993-05-12,1,0.30395136778115506,0.30395136778115506,0.30395136778115506,1,True
1041,11,8,3800001611,224,234,1993-12-23,1994-03-09,11,0.12236734491324612,0.06489675516224191,0.4129793510324484,11,True
1041,12,8,3800001611,246,246,1994-05-26,1994-06-01,1,0.3987915407854985,0.3987915407854985,0.3987915407854985,1,True
1041,13,8,3800001611,332,332,1996-01-18,1996-01-24,1,0.3987915407854985,0.3987915407854985,0.3987915407854985,1,True
1041,14,8,3800001611,342,342,1996-03-28,1996-04-03,1,0.25075528700906347,0.25075528700906347,0.25075528700906347,1,True
1041,15,8,3800001611,352,352,1996-06-06,1996-06-12,1,0.3021148036253777,0.3021148036253777,0.3021148036253777,1,True
1041,16,8,3800001611,383,383,1997-01-09,1997-01-15,1,0.10746268656716418,0.10746268656716418,0.10746268656716418,1,True
11353,1,70,1600066510,66,66,1990-12-13,1990-12-19,1,0.0,0.0,0.0,1,True
11353,2,70,1600066510,140,142,1992-05-14,1992-06-03,3,0.0182648401826484,0.0182648401826484,0.0182648401826484,3,True
11353,3,70,1600066510,152,152,1992-08-06,1992-08-12,1,0.016324822101297487,0.016324822101297487,0.016324822101297487,1,True
11353,4,70,1600066510,156,156,1992-09-03,1992-09-09,1,0.12916666666666665,0.12916666666666665,0.12916666666666665,1,True
11353,5,70,1600066510,186,187,1993-04-01,1993-04-14,2,0.2530120481927711,0.2530120481927711,0.2530120481927711,2,True
11353,6,70,1600066510,204,206,1993-08-05,1993-08-25,3,0.2627450980392156,0.2705882352941176,0.49411764705882344,3,True
11353,7,70,1600066510,208,209,1993-09-02,1993-09-15,2,0.18039215686274512,0.18039215686274512,0.34509803921568627,2,True
11353,8,70,1600066510,218,218,1993-11-11,1993-11-17,1,0.25098039215686274,0.25098039215686274,0.25098039215686274,1,True
11353,9,70,1600066510,244,244,1994-05-12,1994-05-18,1,0.4862745098039215,0.4862745098039215,0.4862745098039215,1,True
11353,10,70,1600066510,248,258,1994-06-09,1994-08-24,11,0.06207419259758296,0.06274509803921557,0.06274509803921557,11,True
11353,11,70,1600066510,261,261,1994-09-08,1994-09-14,1,0.2510460251046025,0.2510460251046025,0.2510460251046025,1,True
11353,12,70,1600066510,266,266,1994-10-13,1994-10-19,1,0.008368200836820106,0.008368200836820106,0.008368200836820106,1,True
11353,13,70,1600066510,318,318,1995-10-12,1995-10-18,1,0.5019455252918288,0.5019455252918288,0.5019455252918288,1,True
11353,14,70,1600066510,331,331,1996-01-11,1996-01-17,1,0.3307392996108949,0.3307392996108949,0.3307392996108949,1,True
11353,15,70,1600066510,355,355,1996-06-27,1996-07-03,1,0.2529182879377432,0.2529182879377432,0.2529182879377432,1,True
11353,16,70,1600066510,358,360,1996-07-18,1996-08-07,3,0.06485084306095967,0.07003891050583644,0.07003891050583644,3,True
11354,1,70,1600066590,21,21,1990-02-01,1990-02-07,1,0.34749034749034746,0.34749034749034746,0.34749034749034746,1,True
11354,2,70,1600066590,81,81,1991-03-28,1991-04-03,1,0.0,0.0,0.0,1,True
11354,3,70,1600066590,84,84,1991-04-18,1991-04-24,1,0.021818181818181848,0.021818181818181848,0.021818181818181848,1,True
11354,4,70,1600066590,107,108,1991-09-26,1991-10-09,2,0.0,0.0,0.0,2,True
11354,5,70,1600066590,118,118,1991-12-12,1991-12-18,1,0.0,0.0,0.0,1,True
11354,6,70,1600066590,120,120,1991-12-26,1992-01-01,1,0.0,0.0,0.0,1,True
11354,7,70,1600066590,122,123,1992-01-09,1992-01-22,2,0.0,0.0,0.0,2,True
11354,8,70,1600066590,138,138,1992-04-30,1992-05-06,1,0.0,0.0,0.0,1,True
11354,9,70,1600066590,152,152,1992-08-06,1992-08-12,1,0.010321797207043182,0.010321797207043182,0.010321797207043182,1,True
11354,10,70,1600066590,156,156,1992-09-03,1992-09-09,1,0.08761329305135956,0.08761329305135956,0.08761329305135956,1,True
11354,11,70,1600066590,160,160,1992-10-01,1992-10-07,1,0.006042296072507614,0.006042296072507614,0.006042296072507614,1,True
11354,12,70,1600066590,177,177,1993-01-28,1993-02-03,1,0.09667673716012082,0.09667673716012082,0.09667673716012082,1,True
11354,13,70,1600066590,186,187,1993-04-01,1993-04-14,2,0.25210084033613445,0.25210084033613445,0.25210084033613445,2,True
11354,14,70,1600066590,203,203,1993-07-29,1993-08-04,1,0.05479452054794509,0.05479452054794509,0.05479452054794509,1,True
11354,15,70,1600066590,206,206,1993-08-19,1993-08-25,1,0.27123287671232876,0.27123287671232876,0.27123287671232876,1,True
11354,16,70,1600066590,209,209,1993-09-09,1993-09-15,1,0.46301369863013697,0.46301369863013697,0.46301369863013697,1,True
11354,17,70,1600066590,218,218,1993-11-11,1993-11-17,1,0.2520547945205479,0.2520547945205479,0.2520547945205479,1,True
11354,18,70,1600066590,226,226,1994-01-06,1994-01-12,1,0.5013698630136987,0.5013698630136987,0.5013698630136987,1,True
11354,19,70,1600066590,236,236,1994-03-17,1994-03-23,1,0.5041095890410958,0.5041095890410958,0.5041095890410958,1,True
11354,20,70,1600066590,247,261,1994-06-02,1994-09-14,15,0.18422807354111317,0.21095890410958906,0.27710843373493976,15,True
11354,21,70,1600066590,267,268,1994-10-20,1994-11-02,2,0.15972222222222227,0.15972222222222227,0.3055555555555556,2,True
11354,22,70,1600066590,314,314,1995-09-14,1995-09-20,1,0.33221476510067116,0.33221476510067116,0.33221476510067116,1,True
11354,23,70,1600066590,318,319,1995-10-12,1995-10-25,2,0.32046979865771813,0.32046979865771813,0.5,2,True
11354,24,70,1600066590,331,332,1996-01-11,1996-01-24,2,0.33221476510067116,0.33221476510067116,0.33221476510067116,2,True
11354,25,70,1600066590,341,341,1996-03-21,1996-03-27,1,0.32885906040268453,0.32885906040268453,0.32885906040268453,1,True
11354,26,70,1600066590,346,346,1996-04-25,1996-05-01,1,0.3455497382198953,0.3455497382198953,0.3455497382198953,1,True
11354,27,70,1600066590,353,356,1996-06-13,1996-07-10,4,0.26302931596091206,0.1693811074918567,0.6384364820846905,4,True
11354,28,70,1600066590,358,360,1996-07-18,1996-08-07,3,0.059717698154180265,0.061889250814332275,0.061889250814332275,3,True
11354,29,70,1600066590,365,365,1996-09-05,1996-09-11,1,0.501628664495114,0.501628664495114,0.501628664495114,1,True
11354,30,70,1600066590,367,367,1996-09-19,1996-09-25,1,0.13029315960912047,0.13029315960912047,0.13029315960912047,1,True
11354,31,70,1600066590,392,393,1997-03-13,1997-03-26,2,0.013029315960912002,0.013029315960912002,0.026058631921824005,2,True
11355,1,70,1600066610,21,21,1990-02-01,1990-02-07,1,0.0,0.0,0.0,1,True
11355,2,70,1600066610,28,28,1990-03-22,1990-03-28,1,0.0,0.0,0.0,1,True
11355,3,70,1600066610,52,52,1990-09-06,1990-09-12,1,0.0,0.0,0.0,1,True
11355,4,70,1600066610,80,80,1991-03-21,1991-03-27,1,0.07457627118644072,0.07457627118644072,0.07457627118644072,1,True
11355,5,70,1600066610,93,94,1991-06-20,1991-07-03,2,0.0,0.0,0.0,2,True
11355,6,70,1600066610,108,109,1991-10-03,1991-10-16,2,0.013377926421404673,0.013377926421404673,0.013377926421404673,2,True
11355,7,70,1600066610,126,126,1992-02-06,1992-02-12,1,0.0,0.0,0.0,1,True
11355,8,70,1600066610,128,128,1992-02-20,1992-02-26,1,0.0,0.0,0.0,1,True
11355,9,70,1600066610,145,147,1992-06-18,1992-07-08,3,0.0,0.0,0.0,3,True
11355,10,70,1600066610,151,152,1992-07-30,1992-08-12,2,0.0372168284789644,0.0372168284789644,0.0744336569579288,2,True
11355,11,70,1600066610,156,157,1992-09-03,1992-09-16,2,0.0814606741573034,0.0814606741573034,0.1629213483146068,2,True
11355,12,70,1600066610,161,172,1992-10-08,1992-12-30,12,0.08849921579718716,0.0898876404494382,0.0898876404494382,12,True
11355,13,70,1600066610,175,175,1993-01-14,1993-01-20,1,0.0,0.0,0.0,1,True
11355,14,70,1600066610,177,177,1993-01-28,1993-02-03,1,0.04629629629629639,0.04629629629629639,0.04629629629629639,1,True
11355,15,70,1600066610,185,187,1993-03-25,1993-04-14,3,0.18289085545722714,0.25073746312684364,0.25073746312684364,3,True
11355,16,70,1600066610,193,193,1993-05-20,1993-05-26,1,0.48672566371681414,0.48672566371681414,0.48672566371681414,1,True
11355,17,70,1600066610,203,203,1993-07-29,1993-08-04,1,0.05479452054794509,0.05479452054794509,0.05479452054794509,1,True
11355,18,70,1600066610,206,206,1993-08-19,1993-08-25,1,0.27123287671232876,0.27123287671232876,0.27123287671232876,1,True
11355,19,70,1600066610,209,209,1993-09-09,1993-09-15,1,0.4328767123287671,0.4328767123287671,0.4328767123287671,1,True
11355,20,70,1600066610,218,218,1993-11-11,1993-11-17,1,0.2465753424657534,0.2465753424657534,0.2465753424657534,1,True
11355,21,70,1600066610,226,226,1994-01-06,1994-01-12,1,0.5013698630136987,0.5013698630136987,0.5013698630136987,1,True
11355,22,70,1600066610,247,259,1994-06-02,1994-08-31,13,0.18609623031889794,0.1808219178082191,0.4547945205479452,13,True
11355,23,70,1600066610,261,261,1994-09-08,1994-09-14,1,0.24749163879598668,0.24749163879598668,0.24749163879598668,1,True
11355,24,70,1600066610,267,267,1994-10-20,1994-10-26,1,0.33444816053511706,0.33444816053511706,0.33444816053511706,1,True
11355,25,70,1600066610,314,314,1995-09-14,1995-09-20,1,0.3670886075949368,0.3670886075949368,0.3670886075949368,1,True
11355,26,70,1600066610,318,319,1995-10-12,1995-10-25,2,0.2958860759493671,0.2958860759493671,0.5,2,True
11355,27,70,1600066610,326,326,1995-12-07,1995-12-13,1,0.3702531645569621,0.3702531645569621,0.3702531645569621,1,True
11355,28,70,1600066610,331,331,1996-01-11,1996-01-17,1,0.33227848101265833,0.33227848101265833,0.33227848101265833,1,True
11355,29,70,1600066610,341,341,1996-03-21,1996-03-27,1,0.3670886075949368,0.3670886075949368,0.3670886075949368,1,True
11355,30,70,1600066610,343,343,1996-04-04,1996-04-10,1,0.3702531645569621,0.3702531645569621,0.3702531645569621,1,True
11355,31,70,1600066610,353,356,1996-06-13,1996-07-10,4,0.2737341772151899,0.1740506329113924,0.6708860759493671,4,True
11355,32,70,1600066610,358,359,1996-07-18,1996-07-31,2,0.05379746835443033,0.05379746835443033,0.05379746835443033,2,True
11355,33,70,1600066610,365,365,1996-09-05,1996-09-11,1,0.5015873015873016,0.5015873015873016,0.5015873015873016,1,True
11355,34,70,1600066610,392,392,1997-03-13,1997-03-19,1,0.09523809523809523,0.09523809523809523,0.09523809523809523,1,True
11501,1,70,3800000110,112,112,1991-10-31,1991-11-06,1,0.0,0.0,0.0,1,True
11501,2,70,3800000110,114,114,1991-11-14,1991-11-20,1,0.0,0.0,0.0,1,True
11501,3,70,3800000110,117,118,1991-12-05,1991-12-18,2,0.0,0.0,0.0,2,True
11501,4,70,3800000110,156,156,1992-09-03,1992-09-09,1,0.11377245508982037,0.11377245508982037,0.11377245508982037,1,True
11501,5,70,3800000110,222,233,1993-12-09,1994-03-02,12,0.08620888749378197,0.09302325581395343,0.09302325581395343,12,True
11501,6,70,3800000110,340,340,1996-03-14,1996-03-20,1,0.029268292682926744,0.029268292682926744,0.029268292682926744,1,True
11501,7,70,3800000110,342,342,1996-03-28,1996-04-03,1,0.25365853658536575,0.25365853658536575,0.25365853658536575,1,True
11501,8,70,3800000110,352,352,1996-06-06,1996-06-12,1,0.4878048780487805,0.4878048780487805,0.4878048780487805,1,True
11502,1,70,3800000120,25,25,1990-03-01,1990-03-07,1,0.0052631578947368585,0.0052631578947368585,0.0052631578947368585,1,True
11502,2,70,3800000120,43,44,1990-07-05,1990-07-18,2,0.0052631578947368585,0.0052631578947368585,0.0052631578947368585,2,True
11502,3,70,3800000120,55,55,1990-09-27,1990-10-03,1,0.0052631578947368585,0.0052631578947368585,0.0052631578947368585,1,True
11502,4,70,3800000120,74,75,1991-02-07,1991-02-20,2,0.21578947368421053,0.21578947368421053,0.21578947368421053,2,True
11502,5,70,3800000120,88,88,1991-05-16,1991-05-22,1,0.0,0.0,0.0,1,True
11502,6,70,3800000120,90,90,1991-05-30,1991-06-05,1,0.0,0.0,0.0,1,True
11502,7,70,3800000120,94,94,1991-06-27,1991-07-03,1,0.0052631578947368585,0.0052631578947368585,0.0052631578947368585,1,True
11502,8,70,3800000120,97,97,1991-07-18,1991-07-24,1,0.0052631578947368585,0.0052631578947368585,0.0052631578947368585,1,True
11502,9,70,3800000120,107,107,1991-09-26,1991-10-02,1,0.0052631578947368585,0.0052631578947368585,0.0052631578947368585,1,True
11502,10,70,3800000120,123,127,1992-01-16,1992-02-19,5,0.21224489795918364,0.0,0.5306122448979591,5,True
11502,11,70,3800000120,152,152,1992-08-06,1992-08-12,1,0.04205607476635531,0.04205607476635531,0.04205607476635531,1,True
11502,12,70,3800000120,156,156,1992-09-03,1992-09-09,1,0.13023255813953483,0.13023255813953483,0.13023255813953483,1,True
11502,13,70,3800000120,174,174,1993-01-07,1993-01-13,1,0.07441860465116279,0.07441860465116279,0.07441860465116279,1,True
11502,14,70,3800000120,178,178,1993-02-04,1993-02-10,1,0.018604651162790753,0.018604651162790753,0.018604651162790753,1,True
11502,15,70,3800000120,185,185,1993-03-25,1993-03-31,1,0.04888888888888887,0.04888888888888887,0.04888888888888887,1,True
11502,16,70,3800000120,187,189,1993-04-08,1993-04-28,3,0.01777777777777778,0.01777777777777778,0.01777777777777778,3,True
11502,17,70,3800000120,214,215,1993-10-14,1993-10-27,2,0.11632653061224496,0.11632653061224496,0.18775510204081636,2,True
11502,18,70,3800000120,222,233,1993-12-09,1994-03-02,12,0.13691030106317273,0.10612244897959189,0.5551020408163265,12,True
11502,19,70,3800000120,235,236,1994-03-10,1994-03-23,2,0.2625570776255708,0.2625570776255708,0.5251141552511416,2,True
11502,20,70,3800000120,250,250,1994-06-23,1994-06-29,1,0.2602230483271375,0.2602230483271375,0.2602230483271375,1,True
11502,21,70,3800000120,266,267,1994-10-13,1994-10-26,2,0.34386617100371747,0.34386617100371747,0.6319702602230484,2,True
11502,22,70,3800000120,270,270,1994-11-10,1994-11-16,1,0.052044609665427566,0.052044609665427566,0.052044609665427566,1,True
11502,23,70,3800000120,274,275,1994-12-08,1994-12-21,2,0.24907063197026025,0.24907063197026025,0.2602230483271375,2,True
11502,24,70,3800000120,278,283,1995-01-05,1995-02-15,6,0.3339529120198265,0.3698884758364312,0.3754646840148699,6,True
11502,25,70,3800000120,321,322,1995-11-02,1995-11-15,2,0.19330855018587356,0.19330855018587356,0.33085501858736055,2,True
11502,26,70,3800000120,342,342,1996-03-28,1996-04-03,1,0.25278810408921937,0.25278810408921937,0.25278810408921937,1,True
11502,27,70,3800000120,344,346,1996-04-11,1996-05-01,3,0.3060718711276332,0.21189591078066905,0.6319702602230484,3,True
11502,28,70,3800000120,352,352,1996-06-06,1996-06-12,1,0.37174721189591076,0.37174721189591076,0.37174721189591076,1,True
11502,29,70,3800000120,359,359,1996-07-25,1996-07-31,1,0.2602230483271375,0.2602230483271375,0.2602230483271375,1,True
11502,30,70,3800000120,368,369,1996-09-26,1996-10-09,2,0.379182156133829,0.379182156133829,0.6245353159851301,2,True
11502,31,70,3800000120,386,387,1997-01-30,1997-02-12,2,0.1505576208178438,0.1505576208178438,0.2602230483271375,2,True
11503,1,70,3800000127,38,38,1990-05-31,1990-06-06,1,0.049792531120331995,0.049792531120331995,0.049792531120331995,1,True
11503,2,70,3800000127,56,56,1990-10-04,1990-10-10,1,0.5892116182572614,0.5892116182572614,0.5892116182572614,1,True
11503,3,70,3800000127,82,85,1991-04-04,1991-05-01,4,0.037344398340248997,0.049792531120331995,0.049792531120331995,4,True
11503,4,70,3800000127,110,110,1991-10-17,1991-10-23,1,0.008298755186721962,0.008298755186721962,0.008298755186721962,1,True
11503,5,70,3800000127,112,112,1991-10-31,1991-11-06,1,0.008298755186721962,0.008298755186721962,0.008298755186721962,1,True
11503,6,70,3800000127,132,132,1992-03-19,1992-03-25,1,0.0,0.0,0.0,1,True
11503,7,70,3800000127,145,145,1992-06-18,1992-06-24,1,0.0,0.0,0.0,1,True
11503,8,70,3800000127,154,165,1992-08-20,1992-11-11,12,0.10049693464795857,0.08532423208191131,0.20477815699658708,12,True
11503,9,70,3800000127,181,182,1993-02-25,1993-03-10,2,0.13805970149253738,0.13805970149253738,0.2574626865671642,2,True
11503,10,70,3800000127,197,197,1993-06-17,1993-06-23,1,0.19776119402985082,0.19776119402985082,0.19776119402985082,1,True
11503,11,70,3800000127,208,208,1993-09-02,1993-09-08,1,0.44444444444444453,0.44444444444444453,0.44444444444444453,1,True
11503,12,70,3800000127,228,229,1994-01-20,1994-02-02,2,0.25263157894736843,0.25263157894736843,0.47017543859649125,2,True
11503,13,70,3800000127,245,245,1994-05-19,1994-05-25,1,0.2821316614420063,0.2821316614420063,0.2821316614420063,1,True
11503,14,70,3800000127,256,257,1994-08-04,1994-08-17,2,0.2674772036474164,0.2674772036474164,0.5015197568389058,2,True
11503,15,70,3800000127,333,333,1996-01-25,1996-01-31,1,0.24012158054711252,0.24012158054711252,0.24012158054711252,1,True
11503,16,70,3800000127,342,342,1996-03-28,1996-04-03,1,0.2522796352583587,0.2522796352583587,0.2522796352583587,1,True
11503,17,70,3800000127,346,346,1996-04-25,1996-05-01,1,0.27826086956521734,0.27826086956521734,0.27826086956521734,1,True
11503,18,70,3800000127,352,352,1996-06-06,1996-06-12,1,0.336231884057971,0.336231884057971,0.336231884057971,1,True
11503,19,70,3800000127,363,363,1996-08-22,1996-08-28,1,0.39209726443769,0.39209726443769,0.39209726443769,1,True
11503,20,70,3800000127,379,380,1996-12-12,1996-12-25,2,0.16261398176291791,0.16261398176291791,0.24316109422492393,2,True
11503,21,70,3800000127,390,390,1997-02-27,1997-03-05,1,0.15197568389057747,0.15197568389057747,0.15197568389057747,1,True
11503,22,70,3800000127,397,397,1997-04-17,1997-04-23,1,0.24316109422492393,0.24316109422492393,0.24316109422492393,1,True
11525,1,70,3800001520,24,24,1990-02-22,1990-02-28,1,0.18360655737704912,0.18360655737704912,0.18360655737704912,1,True
11525,2,70,3800001520,49,49,1990-08-16,1990-08-22,1,0.0,0.0,0.0,1,True
11525,3,70,3800001520,51,51,1990-08-30,1990-09-05,1,0.0,0.0,0.0,1,True
11525,4,70,3800001520,55,56,1990-09-27,1990-10-10,2,0.3475409836065574,0.3475409836065574,0.3475409836065574,2,True
11525,5,70,3800001520,76,76,1991-02-21,1991-02-27,1,0.0,0.0,0.0,1,True
11525,6,70,3800001520,87,87,1991-05-09,1991-05-15,1,0.0,0.0,0.0,1,True
11525,7,70,3800001520,100,100,1991-08-08,1991-08-14,1,0.0,0.0,0.0,1,True
11525,8,70,3800001520,102,102,1991-08-22,1991-08-28,1,0.0,0.0,0.0,1,True
11525,9,70,3800001520,123,124,1992-01-16,1992-01-29,2,0.0,0.0,0.0,2,True
11525,10,70,3800001520,131,131,1992-03-12,1992-03-18,1,0.0,0.0,0.0,1,True
11525,11,70,3800001520,133,133,1992-03-26,1992-04-01,1,0.0,0.0,0.0,1,True
11525,12,70,3800001520,148,148,1992-07-09,1992-07-15,1,0.0,0.0,0.0,1,True
11525,13,70,3800001520,156,156,1992-09-03,1992-09-09,1,0.12868632707774796,0.12868632707774796,0.12868632707774796,1,True
11525,14,70,3800001520,161,161,1992-10-08,1992-10-14,1,0.0,0.0,0.0,1,True
11525,15,70,3800001520,163,164,1992-10-22,1992-11-04,2,0.12064343163538882,0.12064343163538882,0.12064343163538882,2,True
11525,16,70,3800001520,171,171,1992-12-17,1992-12-23,1,0.01608579088471851,0.01608579088471851,0.01608579088471851,1,True
11525,17,70,3800001520,176,176,1993-01-21,1993-01-27,1,0.12064343163538882,0.12064343163538882,0.12064343163538882,1,True
11525,18,70,3800001520,204,205,1993-08-05,1993-08-18,2,0.079155672823219,0.079155672823219,0.08970976253298146,2,True
11525,19,70,3800001520,220,220,1993-11-25,1993-12-01,1,0.0,0.0,0.0,1,True
11525,20,70,3800001520,224,235,1993-12-23,1994-03-16,12,0.16798991478723468,0.10025062656641615,0.5338345864661654,12,True
11525,21,70,3800001520,278,279,1995-01-05,1995-01-18,2,0.2467866323907455,0.2467866323907455,0.2570694087403599,2,True
11525,22,70,3800001520,281,283,1995-01-26,1995-02-15,3,0.25021422450728364,0.2570694087403599,0.2570694087403599,3,True
11525,23,70,3800001520,337,338,1996-02-22,1996-03-06,2,0.4948586118251928,0.4948586118251928,0.5012853470437018,2,True
11525,24,70,3800001520,342,342,1996-03-28,1996-04-03,1,0.25192802056555264,0.25192802056555264,0.25192802056555264,1,True
11525,25,70,3800001520,352,352,1996-06-06,1996-06-12,1,0.2570694087403599,0.2570694087403599,0.2570694087403599,1,True
11525,26,70,3800001520,354,357,1996-06-20,1996-07-17,4,0.18701799485861176,0.17223650385604106,0.23136246786632386,4,True
11525,27,70,3800001520,361,369,1996-08-08,1996-10-09,9,0.25678377606398173,0.1542416452442159,0.7455012853470437,9,True
11525,28,70,3800001520,372,372,1996-10-24,1996-10-30,1,0.36760925449871473,0.36760925449871473,0.36760925449871473,1,True
11525,29,70,3800001520,384,385,1997-01-16,1997-01-29,2,0.13221884498480246,0.13221884498480246,0.24012158054711252,2,True
11528,1,70,3800001611,17,17,1990-01-04,1990-01-10,1,0.008438818565400852,0.008438818565400852,0.008438818565400852,1,True
11528,2,70,3800001611,97,98,1991-07-18,1991-07-31,2,0.0,0.0,0.0,2,True
11528,3,70,3800001611,117,118,1991-12-05,1991-12-18,2,0.0,0.0,0.0,2,True
11528,4,70,3800001611,126,126,1992-02-06,1992-02-12,1,0.014869888475836479,0.014869888475836479,0.014869888475836479,1,True
11528,5,70,3800001611,131,131,1992-03-12,1992-03-18,1,0.0,0.0,0.0,1,True
11528,6,70,3800001611,151,151,1992-07-30,1992-08-05,1,0.06451612903225812,0.06451612903225812,0.06451612903225812,1,True
11528,7,70,3800001611,156,156,1992-09-03,1992-09-09,1,0.07849829351535831,0.07849829351535831,0.07849829351535831,1,True
11528,8,70,3800001611,176,176,1993-01-21,1993-01-27,1,0.017064846416382395,0.017064846416382395,0.017064846416382395,1,True
11528,9,70,3800001611,178,178,1993-02-04,1993-02-10,1,0.11604095563139938,0.11604095563139938,0.11604095563139938,1,True
11528,10,70,3800001611,191,191,1993-05-06,1993-05-12,1,0.2683706070287539,0.2683706070287539,0.2683706070287539,1,True
11528,11,70,3800001611,224,234,1993-12-23,1994-03-09,11,0.1418716431044072,0.09118541033434646,0.3951367781155015,11,True
11528,12,70,3800001611,246,246,1994-05-26,1994-06-01,1,0.3682539682539683,0.3682539682539683,0.3682539682539683,1,True
11528,13,70,3800001611,332,333,1996-01-18,1996-01-31,2,0.2095238095238095,0.2095238095238095,0.3682539682539683,2,True
11528,14,70,3800001611,342,342,1996-03-28,1996-04-03,1,0.2507936507936508,0.2507936507936508,0.2507936507936508,1,True
11528,15,70,3800001611,352,352,1996-06-06,1996-06-12,1,0.31746031746031744,0.31746031746031744,0.31746031746031744,1,True
11528,16,70,3800001611,383,383,1997-01-09,1997-01-15,1,0.050793650793650724,0.050793650793650724,0.050793650793650724,1,True
12618,1,73,1600066510,66,66,1990-12-13,1990-12-19,1,0.0,0.0,0.0,1,True
12618,2,73,1600066510,140,142,1992-05-14,1992-06-03,3,0.06113537117903933,0.06113537117903933,0.06113537117903933,3,True
12618,3,73,1600066510,151,156,1992-07-30,1992-09-09,6,0.08716875871687595,0.07531380753138084,0.12552301255230136,6,True
12618,4,73,1600066510,158,161,1992-09-17,1992-10-14,4,0.07443999655571751,0.07531380753138084,0.07531380753138084,4,True
12618,5,73,1600066510,186,187,1993-04-01,1993-04-14,2,0.2510460251046025,0.2510460251046025,0.2510460251046025,2,True
12618,6,73,1600066510,204,204,1993-08-05,1993-08-11,1,0.4769874476987448,0.4769874476987448,0.4769874476987448,1,True
12618,7,73,1600066510,206,206,1993-08-19,1993-08-25,1,0.2510460251046025,0.2510460251046025,0.2510460251046025,1,True
12618,8,73,1600066510,208,208,1993-09-02,1993-09-08,1,0.4351464435146444,0.4351464435146444,0.4351464435146444,1,True
12618,9,73,1600066510,218,218,1993-11-11,1993-11-17,1,0.2510460251046025,0.2510460251046025,0.2510460251046025,1,True
12618,10,73,1600066510,244,245,1994-05-12,1994-05-25,2,0.28661087866108786,0.28661087866108786,0.4853556485355649,2,True
12618,11,73,1600066510,261,261,1994-09-08,1994-09-14,1,0.2468619246861925,0.2468619246861925,0.2468619246861925,1,True
12618,12,73,1600066510,318,319,1995-10-12,1995-10-25,2,0.2824267782426778,0.2824267782426778,0.502092050209205,2,True
12618,13,73,1600066510,331,331,1996-01-11,1996-01-17,1,0.33054393305439334,0.33054393305439334,0.33054393305439334,1,True
12618,14,73,1600066510,355,357,1996-06-27,1996-07-17,3,0.2370990237099024,0.2468619246861925,0.2510460251046025,3,True
12618,15,73,1600066510,362,369,1996-08-15,1996-10-09,8,0.2510460251046025,0.2510460251046025,0.2510460251046025,8,True
12618,16,73,1600066510,372,373,1996-10-24,1996-11-06,2,0.2510460251046025,0.2510460251046025,0.2510460251046025,2,True
12619,1,73,1600066590,21,21,1990-02-01,1990-02-07,1,0.40701754385964917,0.40701754385964917,0.40701754385964917,1,True
12619,2,73,1600066590,57,57,1990-10-11,1990-10-17,1,0.056140350877193046,0.056140350877193046,0.056140350877193046,1,True
12619,3,73,1600066590,81,81,1991-03-28,1991-04-03,1,0.0,0.0,0.0,1,True
12619,4,73,1600066590,84,84,1991-04-18,1991-04-24,1,0.11803278688524588,0.11803278688524588,0.11803278688524588,1,True
12619,5,73,1600066590,107,108,1991-09-26,1991-10-09,2,0.016393442622950782,0.016393442622950782,0.032786885245901565,2,True
12619,6,73,1600066590,118,118,1991-12-12,1991-12-18,1,0.0,0.0,0.0,1,True
12619,7,73,1600066590,120,120,1991-12-26,1992-01-01,1,0.0,0.0,0.0,1,True
12619,8,73,1600066590,122,123,1992-01-09,1992-01-22,2,0.0,0.0,0.0,2,True
12619,9,73,1600066590,138,138,1992-04-30,1992-05-06,1,0.0,0.0,0.0,1,True
12619,10,73,1600066590,151,156,1992-07-30,1992-09-09,6,0.07446808510638299,0.07294832826747721,0.0820668693009119,6,True
12619,11,73,1600066590,158,162,1992-09-17,1992-10-21,5,0.07101337357411446,0.07294832826747721,0.07294832826747721,5,True
12619,12,73,1600066590,177,177,1993-01-28,1993-02-03,1,0.01967213114754085,0.01967213114754085,0.01967213114754085,1,True
12619,13,73,1600066590,186,187,1993-04-01,1993-04-14,2,0.25075528700906347,0.25075528700906347,0.25075528700906347,2,True
12619,14,73,1600066590,206,207,1993-08-19,1993-09-01,2,0.12979351032448383,0.12979351032448383,0.25073746312684364,2,True
12619,15,73,1600066590,209,209,1993-09-09,1993-09-15,1,0.4926253687315635,0.4926253687315635,0.4926253687315635,1,True
12619,16,73,1600066590,218,218,1993-11-11,1993-11-17,1,0.25073746312684364,0.25073746312684364,0.25073746312684364,1,True
12619,17,73,1600066590,226,226,1994-01-06,1994-01-12,1,0.5014749262536873,0.5014749262536873,0.5014749262536873,1,True
12619,18,73,1600066590,236,237,1994-03-17,1994-03-30,2,0.2669616519174042,0.2669616519174042,0.5014749262536873,2,True
12619,19,73,1600066590,248,258,1994-06-09,1994-08-24,11,0.058540400382116185,0.05899705014749268,0.05899705014749268,11,True
12619,20,73,1600066590,261,261,1994-09-08,1994-09-14,1,0.2507836990595611,0.2507836990595611,0.2507836990595611,1,True
12619,21,73,1600066590,266,267,1994-10-13,1994-10-26,2,0.18808777429467083,0.18808777429467083,0.37617554858934166,2,True
12619,22,73,1600066590,314,314,1995-09-14,1995-09-20,1,0.38769230769230767,0.38769230769230767,0.38769230769230767,1,True
12619,23,73,1600066590,318,319,1995-10-12,1995-10-25,2,0.34923076923076923,0.34923076923076923,0.5015384615384615,2,True
12619,24,73,1600066590,331,333,1996-01-11,1996-01-31,3,0.26666666666666666,0.3323076923076923,0.38769230769230767,3,True
12619,25,73,1600066590,341,342,1996-03-21,1996-04-03,2,0.29538461538461536,0.29538461538461536,0.3846153846153846,2,True
12619,26,73,1600066590,346,346,1996-04-25,1996-05-01,1,0.3846153846153846,0.3846153846153846,0.3846153846153846,1,True
12619,27,73,1600066590,353,357,1996-06-13,1996-07-17,5,0.3046153846153846,0.25230769230769223,0.6799999999999999,5,True
12619,28,73,1600066590,362,366,1996-08-15,1996-09-18,5,0.2855395189077557,0.25230769230769223,0.49938195302843014,5,True
12619,29,73,1600066590,392,393,1997-03-13,1997-03-26,2,0.03999999999999998,0.03999999999999998,0.07999999999999996,2,True
12620,1,73,1600066610,21,21,1990-02-01,1990-02-07,1,0.0,0.0,0.0,1,True
12620,2,73,1600066610,28,28,1990-03-22,1990-03-28,1,0.08620689655172409,0.08620689655172409,0.08620689655172409,1,True
12620,3,73,1600066610,52,52,1990-09-06,1990-09-12,1,0.037931034482758585,0.037931034482758585,0.037931034482758585,1,True
12620,4,73,1600066610,93,94,1991-06-20,1991-07-03,2,0.032362459546925404,0.032362459546925404,0.032362459546925404,2,True
12620,5,73,1600066610,108,109,1991-10-03,1991-10-16,2,0.032362459546925404,0.032362459546925404,0.032362459546925404,2,True
12620,6,73,1600066610,126,126,1992-02-06,1992-02-12,1,0.0,0.0,0.0,1,True
12620,7,73,1600066610,128,128,1992-02-20,1992-02-26,1,0.0,0.0,0.0,1,True
12620,8,73,1600066610,143,143,1992-06-04,1992-06-10,1,0.0,0.0,0.0,1,True
12620,9,73,1600066610,145,147,1992-06-18,1992-07-08,3,0.012307692307692353,0.01846153846153853,0.01846153846153853,3,True
12620,10,73,1600066610,151,152,1992-07-30,1992-08-12,2,0.08461538461538465,0.08461538461538465,0.12,2,True
12620,11,73,1600066610,156,156,1992-09-03,1992-09-09,1,0.08307692307692305,0.08307692307692305,0.08307692307692305,1,True
12620,12,73,1600066610,164,164,1992-10-29,1992-11-04,1,0.015923566878981,0.015923566878981,0.015923566878981,1,True
12620,13,73,1600066610,167,167,1992-11-19,1992-11-25,1,0.015923566878981,0.015923566878981,0.015923566878981,1,True
12620,14,73,1600066610,175,175,1993-01-14,1993-01-20,1,0.0,0.0,0.0,1,True
12620,15,73,1600066610,177,177,1993-01-28,1993-02-03,1,0.0,0.0,0.0,1,True
12620,16,73,1600066610,185,187,1993-03-25,1993-04-14,3,0.1846153846153846,0.25230769230769223,0.25230769230769223,3,True
12620,17,73,1600066610,192,193,1993-05-13,1993-05-26,2,0.24,0.24,0.48,2,True
12620,18,73,1600066610,206,206,1993-08-19,1993-08-25,1,0.25073746312684364,0.25073746312684364,0.25073746312684364,1,True
12620,19,73,1600066610,209,209,1993-09-09,1993-09-15,1,0.4365781710914455,0.4365781710914455,0.4365781710914455,1,True
12620,20,73,1600066610,218,218,1993-11-11,1993-11-17,1,0.25073746312684364,0.25073746312684364,0.25073746312684364,1,True
12620,21,73,1600066610,226,227,1994-01-06,1994-01-19,2,0.2699115044247788,0.2699115044247788,0.5014749262536873,2,True
12620,22,73,1600066610,249,257,1994-06-16,1994-08-17,9,0.09046214355948863,0.05014749262536866,0.4129793510324484,9,True
12620,23,73,1600066610,261,261,1994-09-08,1994-09-14,1,0.2515527950310559,0.2515527950310559,0.2515527950310559,1,True
12620,24,73,1600066610,267,268,1994-10-20,1994-11-02,2,0.203416149068323,0.203416149068323,0.38198757763975155,2,True
12620,25,73,1600066610,314,314,1995-09-14,1995-09-20,1,0.4059701492537313,0.4059701492537313,0.4059701492537313,1,True
12620,26,73,1600066610,318,318,1995-10-12,1995-10-18,1,0.5014925373134329,0.5014925373134329,0.5014925373134329,1,True
12620,27,73,1600066610,326,326,1995-12-07,1995-12-13,1,0.4059701492537313,0.4059701492537313,0.4059701492537313,1,True
12620,28,73,1600066610,331,331,1996-01-11,1996-01-17,1,0.33134328358208953,0.33134328358208953,0.33134328358208953,1,True
12620,29,73,1600066610,341,341,1996-03-21,1996-03-27,1,0.4029850746268657,0.4029850746268657,0.4029850746268657,1,True
12620,30,73,1600066610,343,343,1996-04-04,1996-04-10,1,0.4059701492537313,0.4059701492537313,0.4059701492537313,1,True
12620,31,73,1600066610,353,356,1996-06-13,1996-07-10,4,0.30522388059701494,0.20149253731343286,0.6985074626865672,4,True
12620,32,73,1600066610,365,366,1996-09-05,1996-09-18,2,0.30895522388059704,0.30895522388059704,0.5014925373134329,2,True
12769,1,73,3800000110,112,112,1991-10-31,1991-11-06,1,0.03144654088050314,0.03144654088050314,0.03144654088050314,1,True
12769,2,73,3800000110,114,114,1991-11-14,1991-11-20,1,0.0,0.0,0.0,1,True
12769,3,73,3800000110,117,118,1991-12-05,1991-12-18,2,0.0,0.0,0.0,2,True
12769,4,73,3800000110,151,156,1992-07-30,1992-09-09,6,0.07777777777777771,0.07272727272727264,0.10303030303030303,6,True
12769,5,73,3800000110,158,162,1992-09-17,1992-10-21,5,0.06789987983137535,0.07272727272727264,0.07272727272727264,5,True
12769,6,73,3800000110,340,340,1996-03-14,1996-03-20,1,0.07441860465116279,0.07441860465116279,0.07441860465116279,1,True
12769,7,73,3800000110,342,342,1996-03-28,1996-04-03,1,0.25116279069767433,0.25116279069767433,0.25116279069767433,1,True
12769,8,73,3800000110,352,352,1996-06-06,1996-06-12,1,0.4651162790697675,0.4651162790697675,0.4651162790697675,1,True
12771,1,73,3800000120,25,25,1990-03-01,1990-03-07,1,0.0052631578947368585,0.0052631578947368585,0.0052631578947368585,1,True
12771,2,73,3800000120,43,44,1990-07-05,1990-07-18,2,0.0357142857142857,0.0357142857142857,0.0357142857142857,2,True
12771,3,73,3800000120,55,55,1990-09-27,1990-10-03,1,0.0357142857142857,0.0357142857142857,0.0357142857142857,1,True
12771,4,73,3800000120,74,75,1991-02-07,1991-02-20,2,0.23979591836734693,0.23979591836734693,0.23979591836734693,2,True
12771,5,73,3800000120,88,88,1991-05-16,1991-05-22,1,0.0,0.0,0.0,1,True
12771,6,73,3800000120,90,90,1991-05-30,1991-06-05,1,0.0,0.0,0.0,1,True
12771,7,73,3800000120,94,94,1991-06-27,1991-07-03,1,0.0357142857142857,0.0357142857142857,0.0357142857142857,1,True
12771,8,73,3800000120,97,97,1991-07-18,1991-07-24,1,0.0357142857142857,0.0357142857142857,0.0357142857142857,1,True
12771,9,73,3800000120,107,107,1991-09-26,1991-10-02,1,0.0357142857142857,0.0357142857142857,0.0357142857142857,1,True
12771,10,73,3800000120,123,127,1992-01-16,1992-02-19,5,0.22829268292682925,0.019512195121951237,0.5512195121951219,5,True
12771,11,73,3800000120,151,156,1992-07-30,1992-09-09,6,0.08372093023255812,0.07441860465116279,0.13023255813953483,6,True
12771,12,73,3800000120,158,161,1992-09-17,1992-10-14,4,0.07366276356770013,0.07441860465116279,0.07441860465116279,4,True
12771,13,73,3800000120,174,174,1993-01-07,1993-01-13,1,0.0,0.0,0.0,1,True
12771,14,73,3800000120,178,178,1993-02-04,1993-02-10,1,0.0,0.0,0.0,1,True
12771,15,73,3800000120,185,185,1993-03-25,1993-03-31,1,0.0,0.0,0.0,1,True
12771,16,73,3800000120,187,189,1993-04-08,1993-04-28,3,0.019138755980861233,0.019138755980861233,0.019138755980861233,3,True
12771,17,73,3800000120,214,215,1993-10-14,1993-10-27,2,0.07641921397379908,0.07641921397379908,0.13100436681222705,2,True
12771,18,73,3800000120,226,227,1994-01-06,1994-01-19,2,0.2573221757322176,0.2573221757322176,0.502092050209205,2,True
12771,19,73,3800000120,235,235,1994-03-10,1994-03-16,1,0.5606694560669456,0.5606694560669456,0.5606694560669456,1,True
12771,20,73,3800000120,250,251,1994-06-23,1994-07-06,2,0.153169014084507,0.153169014084507,0.29929577464788726,2,True
12771,21,73,3800000120,266,267,1994-10-13,1994-10-26,2,0.41373239436619713,0.41373239436619713,0.6443661971830985,2,True
12771,22,73,3800000120,274,275,1994-12-08,1994-12-21,2,0.2904929577464788,0.2904929577464788,0.29929577464788726,2,True
12771,23,73,3800000120,277,277,1994-12-29,1995-01-04,1,0.18661971830985913,0.18661971830985913,0.18661971830985913,1,True
12771,24,73,3800000120,281,281,1995-01-26,1995-02-01,1,0.2781690140845071,0.2781690140845071,0.2781690140845071,1,True
12771,25,73,3800000120,321,321,1995-11-02,1995-11-08,1,0.3697183098591549,0.3697183098591549,0.3697183098591549,1,True
12771,26,73,3800000120,342,342,1996-03-28,1996-04-03,1,0.25,0.25,0.25,1,True
12771,27,73,3800000120,344,344,1996-04-11,1996-04-17,1,0.6514084507042253,0.6514084507042253,0.6514084507042253,1,True
12771,28,73,3800000120,346,346,1996-04-25,1996-05-01,1,0.08098591549295775,0.08098591549295775,0.08098591549295775,1,True
12771,29,73,3800000120,352,352,1996-06-06,1996-06-12,1,0.352112676056338,0.352112676056338,0.352112676056338,1,True
12771,30,73,3800000120,359,359,1996-07-25,1996-07-31,1,0.30175438596491233,0.30175438596491233,0.30175438596491233,1,True
12771,31,73,3800000120,368,369,1996-09-26,1996-10-09,2,0.38596491228070184,0.38596491228070184,0.6526315789473685,2,True
12771,32,73,3800000120,386,387,1997-01-30,1997-02-12,2,0.16140350877192988,0.16140350877192988,0.30175438596491233,2,True
12772,1,73,3800000127,7,7,1989-10-26,1989-11-01,1,0.0,0.0,0.0,1,True
12772,2,73,3800000127,36,38,1990-05-17,1990-06-06,3,0.08399999999999996,0.08399999999999996,0.08399999999999996,3,True
12772,3,73,3800000127,56,56,1990-10-04,1990-10-10,1,0.604,0.604,0.604,1,True
12772,4,73,3800000127,83,85,1991-04-11,1991-05-01,3,0.08399999999999996,0.08399999999999996,0.08399999999999996,3,True
12772,5,73,3800000127,110,110,1991-10-17,1991-10-23,1,0.0039999999999998925,0.0039999999999998925,0.0039999999999998925,1,True
12772,6,73,3800000127,112,112,1991-10-31,1991-11-06,1,0.0039999999999998925,0.0039999999999998925,0.0039999999999998925,1,True
12772,7,73,3800000127,132,132,1992-03-19,1992-03-25,1,0.039215686274509665,0.039215686274509665,0.039215686274509665,1,True
12772,8,73,3800000127,145,145,1992-06-18,1992-06-24,1,0.0,0.0,0.0,1,True
12772,9,73,3800000127,154,156,1992-08-20,1992-09-09,3,0.09056603773584897,0.07547169811320742,0.12075471698113205,3,True
12772,10,73,3800000127,158,164,1992-09-17,1992-11-04,7,0.064371566410117,0.07302307983352241,0.07547169811320742,7,True
12772,11,73,3800000127,181,182,1993-02-25,1993-03-10,2,0.11044176706827319,0.11044176706827319,0.20080321285140568,2,True
12772,12,73,3800000127,197,197,1993-06-17,1993-06-23,1,0.03770620581304007,0.03770620581304007,0.03770620581304007,1,True
12772,13,73,3800000127,208,208,1993-09-02,1993-09-08,1,0.4583640383198232,0.4583640383198232,0.4583640383198232,1,True
12772,14,73,3800000127,228,229,1994-01-20,1994-02-02,2,0.2553191489361702,0.2553191489361702,0.4772036474164134,2,True
12772,15,73,3800000127,245,246,1994-05-19,1994-06-01,2,0.15653495440729487,0.15653495440729487,0.30395136778115506,2,True
12772,16,73,3800000127,256,257,1994-08-04,1994-08-17,2,0.2865329512893983,0.2865329512893983,0.5014326647564471,2,True
12772,17,73,3800000127,333,333,1996-01-25,1996-01-31,1,0.2836676217765044,0.2836676217765044,0.2836676217765044,1,True
12772,18,73,3800000127,342,346,1996-03-28,1996-05-01,5,0.19312320916905443,0.14326647564469908,0.28653295128939826,5,True
12772,19,73,3800000127,348,348,1996-05-09,1996-05-15,1,0.14326647564469908,0.14326647564469908,0.14326647564469908,1,True
12772,20,73,3800000127,352,352,1996-06-06,1996-06-12,1,0.28653295128939826,0.28653295128939826,0.28653295128939826,1,True
12772,21,73,3800000127,363,363,1996-08-22,1996-08-28,1,0.4240687679083096,0.4240687679083096,0.4240687679083096,1,True
12772,22,73,3800000127,379,379,1996-12-12,1996-12-18,1,0.28653295128939826,0.28653295128939826,0.28653295128939826,1,True
12772,23,73,3800000127,390,390,1997-02-27,1997-03-05,1,0.14326647564469908,0.14326647564469908,0.14326647564469908,1,True
12772,24,73,3800000127,397,397,1997-04-17,1997-04-23,1,0.28653295128939826,0.28653295128939826,0.28653295128939826,1,True
12792,1,73,3800001520,24,24,1990-02-22,1990-02-28,1,0.3475409836065574,0.3475409836065574,0.3475409836065574,1,True
12792,2,73,3800001520,49,49,1990-08-16,1990-08-22,1,0.022222222222222143,0.022222222222222143,0.022222222222222143,1,True
12792,3,73,3800001520,51,51,1990-08-30,1990-09-05,1,0.022222222222222143,0.022222222222222143,0.022222222222222143,1,True
12792,4,73,3800001520,55,56,1990-09-27,1990-10-10,2,0.3682539682539683,0.3682539682539683,0.3682539682539683,2,True
12792,5,73,3800001520,76,76,1991-02-21,1991-02-27,1,0.027439024390243816,0.027439024390243816,0.027439024390243816,1,True
12792,6,73,3800001520,87,87,1991-05-09,1991-05-15,1,0.0,0.0,0.0,1,True
12792,7,73,3800001520,100,100,1991-08-08,1991-08-14,1,0.0,0.0,0.0,1,True
12792,8,73,3800001520,102,102,1991-08-22,1991-08-28,1,0.03353658536585358,0.03353658536585358,0.03353658536585358,1,True
12792,9,73,3800001520,123,124,1992-01-16,1992-01-29,2,0.02212389380530977,0.02212389380530977,0.029498525073746285,2,True
12792,10,73,3800001520,131,131,1992-03-12,1992-03-18,1,0.0,0.0,0.0,1,True
12792,11,73,3800001520,133,133,1992-03-26,1992-04-01,1,0.0,0.0,0.0,1,True
12792,12,73,3800001520,148,148,1992-07-09,1992-07-15,1,0.0,0.0,0.0,1,True
12792,13,73,3800001520,156,156,1992-09-03,1992-09-09,1,0.041297935103244865,0.041297935103244865,0.041297935103244865,1,True
12792,14,73,3800001520,161,161,1992-10-08,1992-10-14,1,0.03244837758112107,0.03244837758112107,0.03244837758112107,1,True
12792,15,73,3800001520,163,164,1992-10-22,1992-11-04,2,0.0,0.0,0.0,2,True
12792,16,73,3800001520,171,171,1992-12-17,1992-12-23,1,0.0,0.0,0.0,1,True
12792,17,73,3800001520,176,176,1993-01-21,1993-01-27,1,0.0,0.0,0.0,1,True
12792,18,73,3800001520,204,205,1993-08-05,1993-08-18,2,0.025352112676056193,0.025352112676056193,0.028169014084506894,2,True
12792,19,73,3800001520,220,220,1993-11-25,1993-12-01,1,0.31939978563772775,0.31939978563772775,0.31939978563772775,1,True
12792,20,73,3800001520,230,233,1994-02-03,1994-03-02,4,0.286967418546366,0.286967418546366,0.4912280701754387,4,True
12792,21,73,3800001520,257,257,1994-08-11,1994-08-17,1,0.03389830508474567,0.03389830508474567,0.03389830508474567,1,True
12792,22,73,3800001520,336,338,1996-02-15,1996-03-06,3,0.35673930589184827,0.5181598062953995,0.5302663438256658,3,True
12792,23,73,3800001520,342,342,1996-03-28,1996-04-03,1,0.2518159806295399,0.2518159806295399,0.2518159806295399,1,True
12792,24,73,3800001520,352,357,1996-06-06,1996-07-17,6,0.18442292171105726,0.16222760290556903,0.2760290556900725,6,True
12792,25,73,3800001520,361,369,1996-08-08,1996-10-09,9,0.2811407048695184,0.15496368038740915,0.7554479418886199,9,True
12792,26,73,3800001520,372,372,1996-10-24,1996-10-30,1,0.3680387409200969,0.3680387409200969,0.3680387409200969,1,True
12792,27,73,3800001520,384,385,1997-01-16,1997-01-29,2,0.14613180515759322,0.14613180515759322,0.2836676217765044,2,True
12795,1,73,3800001611,17,17,1990-01-04,1990-01-10,1,0.01673640167364021,0.01673640167364021,0.01673640167364021,1,True
12795,2,73,3800001611,97,98,1991-07-18,1991-07-31,2,0.021818181818181848,0.021818181818181848,0.021818181818181848,2,True
12795,3,73,3800001611,117,118,1991-12-05,1991-12-18,2,0.0,0.0,0.0,2,True
12795,4,73,3800001611,126,126,1992-02-06,1992-02-12,1,0.036363636363636376,0.036363636363636376,0.036363636363636376,1,True
12795,5,73,3800001611,131,131,1992-03-12,1992-03-18,1,0.0,0.0,0.0,1,True
12795,6,73,3800001611,151,156,1992-07-30,1992-09-09,6,0.08305084745762716,0.07457627118644072,0.11525423728813566,6,True
12795,7,73,3800001611,158,161,1992-09-17,1992-10-14,4,0.07386827955440045,0.07457627118644072,0.07457627118644072,4,True
12795,8,73,3800001611,176,176,1993-01-21,1993-01-27,1,0.0,0.0,0.0,1,True
12795,9,73,3800001611,178,178,1993-02-04,1993-02-10,1,0.05128205128205132,0.05128205128205132,0.05128205128205132,1,True
12795,10,73,3800001611,191,191,1993-05-06,1993-05-12,1,0.21843003412969286,0.21843003412969286,0.21843003412969286,1,True
12795,11,73,3800001611,226,227,1994-01-06,1994-01-19,2,0.3380726698262243,0.3380726698262243,0.3712480252764613,2,True
12795,12,73,3800001611,246,247,1994-05-26,1994-06-08,2,0.20241691842900306,0.20241691842900306,0.3987915407854985,2,True
12795,13,73,3800001611,332,332,1996-01-18,1996-01-24,1,0.3987915407854985,0.3987915407854985,0.3987915407854985,1,True
12795,14,73,3800001611,342,342,1996-03-28,1996-04-03,1,0.25075528700906347,0.25075528700906347,0.25075528700906347,1,True
12795,15,73,3800001611,352,352,1996-06-06,1996-06-12,1,0.3021148036253777,0.3021148036253777,0.3021148036253777,1,True
12795,16,73,3800001611,383,383,1997-01-09,1997-01-15,1,0.10746268656716418,0.10746268656716418,0.10746268656716418,1,True
13048,1,74,1600066510,66,66,1990-12-13,1990-12-19,1,0.0,0.0,0.0,1,True
13048,2,74,1600066510,140,142,1992-05-14,1992-06-03,3,0.06113537117903933,0.06113537117903933,0.06113537117903933,3,True
13048,3,74,1600066510,152,152,1992-08-06,1992-08-12,1,0.02092050209205032,0.02092050209205032,0.02092050209205032,1,True
13048,4,74,1600066510,156,156,1992-09-03,1992-09-09,1,0.12552301255230136,0.12552301255230136,0.12552301255230136,1,True
13048,5,74,1600066510,174,174,1993-01-07,1993-01-13,1,0.11297071129707115,0.11297071129707115,0.11297071129707115,1,True
13048,6,74,1600066510,186,187,1993-04-01,1993-04-14,2,0.2530120481927711,0.2530120481927711,0.2530120481927711,2,True
13048,7,74,1600066510,204,204,1993-08-05,1993-08-11,1,0.4738955823293173,0.4738955823293173,0.4738955823293173,1,True
13048,8,74,1600066510,206,206,1993-08-19,1993-08-25,1,0.2530120481927711,0.2530120481927711,0.2530120481927711,1,True
13048,9,74,1600066510,208,208,1993-09-02,1993-09-08,1,0.3654618473895582,0.3654618473895582,0.3654618473895582,1,True
13048,10,74,1600066510,218,218,1993-11-11,1993-11-17,1,0.24899598393574296,0.24899598393574296,0.24899598393574296,1,True
13048,11,74,1600066510,244,245,1994-05-12,1994-05-25,2,0.36345381526104426,0.36345381526104426,0.48594377510040165,2,True
13048,12,74,1600066510,261,261,1994-09-08,1994-09-14,1,0.2530120481927711,0.2530120481927711,0.2530120481927711,1,True
13048,13,74,1600066510,266,266,1994-10-13,1994-10-19,1,0.008032128514056214,0.008032128514056214,0.008032128514056214,1,True
13048,14,74,1600066510,318,318,1995-10-12,1995-10-18,1,0.5020080321285141,0.5020080321285141,0.5020080321285141,1,True
13048,15,74,1600066510,331,331,1996-01-11,1996-01-17,1,0.33333333333333337,0.33333333333333337,0.33333333333333337,1,True
13048,16,74,1600066510,355,356,1996-06-27,1996-07-10,2,0.16867469879518082,0.16867469879518082,0.2530120481927711,2,True
13049,1,74,1600066590,21,21,1990-02-01,1990-02-07,1,0.40909090909090906,0.40909090909090906,0.40909090909090906,1,True
13049,2,74,1600066590,57,57,1990-10-11,1990-10-17,1,0.056140350877193046,0.056140350877193046,0.056140350877193046,1,True
13049,3,74,1600066590,81,81,1991-03-28,1991-04-03,1,0.0,0.0,0.0,1,True
13049,4,74,1600066590,84,84,1991-04-18,1991-04-24,1,0.11803278688524588,0.11803278688524588,0.11803278688524588,1,True
13049,5,74,1600066590,107,108,1991-09-26,1991-10-09,2,0.016393442622950782,0.016393442622950782,0.032786885245901565,2,True
13049,6,74,1600066590,118,118,1991-12-12,1991-12-18,1,0.0,0.0,0.0,1,True
13049,7,74,1600066590,120,120,1991-12-26,1992-01-01,1,0.0,0.0,0.0,1,True
13049,8,74,1600066590,122,123,1992-01-09,1992-01-22,2,0.0,0.0,0.0,2,True
13049,9,74,1600066590,138,138,1992-04-30,1992-05-06,1,0.0,0.0,0.0,1,True
13049,10,74,1600066590,152,152,1992-08-06,1992-08-12,1,0.015197568389057725,0.015197568389057725,0.015197568389057725,1,True
13049,11,74,1600066590,156,156,1992-09-03,1992-09-09,1,0.0820668693009119,0.0820668693009119,0.0820668693009119,1,True
13049,12,74,1600066590,160,160,1992-10-01,1992-10-07,1,0.0,0.0,0.0,1,True
13049,13,74,1600066590,177,177,1993-01-28,1993-02-03,1,0.09118541033434646,0.09118541033434646,0.09118541033434646,1,True
13049,14,74,1600066590,186,187,1993-04-01,1993-04-14,2,0.25070422535211256,0.25070422535211256,0.25070422535211256,2,True
13049,15,74,1600066590,203,203,1993-07-29,1993-08-04,1,0.028169014084506894,0.028169014084506894,0.028169014084506894,1,True
13049,16,74,1600066590,206,206,1993-08-19,1993-08-25,1,0.25070422535211256,0.25070422535211256,0.25070422535211256,1,True
13049,17,74,1600066590,209,209,1993-09-09,1993-09-15,1,0.47042253521126765,0.47042253521126765,0.47042253521126765,1,True
13049,18,74,1600066590,218,218,1993-11-11,1993-11-17,1,0.25070422535211256,0.25070422535211256,0.25070422535211256,1,True
13049,19,74,1600066590,220,229,1993-11-25,1994-02-02,10,0.1639928191905926,0.12112676056338023,0.5605633802816901,10,True
13049,20,74,1600066590,236,237,1994-03-17,1994-03-30,2,0.3333333333333333,0.3333333333333333,0.5,2,True
13049,21,74,1600066590,261,261,1994-09-08,1994-09-14,1,0.2507836990595611,0.2507836990595611,0.2507836990595611,1,True
13049,22,74,1600066590,267,267,1994-10-20,1994-10-26,1,0.37617554858934166,0.37617554858934166,0.37617554858934166,1,True
13049,23,74,1600066590,314,314,1995-09-14,1995-09-20,1,0.38769230769230767,0.38769230769230767,0.38769230769230767,1,True
13049,24,74,1600066590,318,318,1995-10-12,1995-10-18,1,0.5015384615384615,0.5015384615384615,0.5015384615384615,1,True
13049,25,74,1600066590,331,332,1996-01-11,1996-01-24,2,0.36,0.36,0.38769230769230767,2,True
13049,26,74,1600066590,341,341,1996-03-21,1996-03-27,1,0.3846153846153846,0.3846153846153846,0.3846153846153846,1,True
13049,27,74,1600066590,346,346,1996-04-25,1996-05-01,1,0.3846153846153846,0.3846153846153846,0.3846153846153846,1,True
13049,28,74,1600066590,353,355,1996-06-13,1996-07-03,3,0.33538461538461534,0.24615384615384606,0.6799999999999999,3,True
13049,29,74,1600066590,365,366,1996-09-05,1996-09-18,2,0.28,0.28,0.48923076923076925,2,True
13049,30,74,1600066590,392,393,1997-03-13,1997-03-26,2,0.03999999999999998,0.03999999999999998,0.07999999999999996,2,True
13050,1,74,1600066610,21,21,1990-02-01,1990-02-07,1,0.0,0.0,0.0,1,True
13050,2,74,1600066610,28,28,1990-03-22,1990-03-28,1,0.08620689655172409,0.08620689655172409,0.08620689655172409,1,True
13050,3,74,1600066610,52,52,1990-09-06,1990-09-12,1,0.037931034482758585,0.037931034482758585,0.037931034482758585,1,True
13050,4,74,1600066610,93,94,1991-06-20,1991-07-03,2,0.032362459546925404,0.032362459546925404,0.032362459546925404,2,True
13050,5,74,1600066610,108,109,1991-10-03,1991-10-16,2,0.032362459546925404,0.032362459546925404,0.032362459546925404,2,True
13050,6,74,1600066610,126,126,1992-02-06,1992-02-12,1,0.0,0.0,0.0,1,True
13050,7,74,1600066610,128,128,1992-02-20,1992-02-26,1,0.0,0.0,0.0,1,True
13050,8,74,1600066610,143,143,1992-06-04,1992-06-10,1,0.0,0.0,0.0,1,True
13050,9,74,1600066610,145,146,1992-06-18,1992-07-01,2,0.009230769230769265,0.009230769230769265,0.01846153846153853,2,True
13050,10,74,1600066610,151,152,1992-07-30,1992-08-12,2,0.06769230769230766,0.06769230769230766,0.12,2,True
13050,11,74,1600066610,156,157,1992-09-03,1992-09-16,2,0.041538461538461524,0.041538461538461524,0.08307692307692305,2,True
13050,12,74,1600066610,164,164,1992-10-29,1992-11-04,1,0.0,0.0,0.0,1,True
13050,13,74,1600066610,167,167,1992-11-19,1992-11-25,1,0.0,0.0,0.0,1,True
13050,14,74,1600066610,175,175,1993-01-14,1993-01-20,1,0.0,0.0,0.0,1,True
13050,15,74,1600066610,177,177,1993-01-28,1993-02-03,1,0.0492307692307693,0.0492307692307693,0.0492307692307693,1,True
13050,16,74,1600066610,185,187,1993-03-25,1993-04-14,3,0.18377321603128063,0.2521994134897362,0.2521994134897362,3,True
13050,17,74,1600066610,193,193,1993-05-20,1993-05-26,1,0.4838709677419355,0.4838709677419355,0.4838709677419355,1,True
13050,18,74,1600066610,203,203,1993-07-29,1993-08-04,1,0.028169014084506894,0.028169014084506894,0.028169014084506894,1,True
13050,19,74,1600066610,206,206,1993-08-19,1993-08-25,1,0.25070422535211256,0.25070422535211256,0.25070422535211256,1,True
13050,20,74,1600066610,209,209,1993-09-09,1993-09-15,1,0.47323943661971823,0.47323943661971823,0.47323943661971823,1,True
13050,21,74,1600066610,218,218,1993-11-11,1993-11-17,1,0.23943661971830976,0.23943661971830976,0.23943661971830976,1,True
13050,22,74,1600066610,220,229,1993-11-25,1994-02-02,10,0.1461678604047493,0.09577464788732393,0.5492957746478873,10,True
13050,23,74,1600066610,250,251,1994-06-23,1994-07-06,2,0.20539033457249073,0.20539033457249073,0.3835192069392813,2,True
13050,24,74,1600066610,261,261,1994-09-08,1994-09-14,1,0.2515527950310559,0.2515527950310559,0.2515527950310559,1,True
13050,25,74,1600066610,267,268,1994-10-20,1994-11-02,2,0.21583850931677023,0.21583850931677023,0.38198757763975155,2,True
13050,26,74,1600066610,314,315,1995-09-14,1995-09-27,2,0.23134328358208955,0.23134328358208955,0.4059701492537313,2,True
13050,27,74,1600066610,318,318,1995-10-12,1995-10-18,1,0.5014925373134329,0.5014925373134329,0.5014925373134329,1,True
13050,28,74,1600066610,326,326,1995-12-07,1995-12-13,1,0.4059701492537313,0.4059701492537313,0.4059701492537313,1,True
13050,29,74,1600066610,331,331,1996-01-11,1996-01-17,1,0.33134328358208953,0.33134328358208953,0.33134328358208953,1,True
13050,30,74,1600066610,341,343,1996-03-21,1996-04-10,3,0.29054726368159206,0.4029850746268657,0.4059701492537313,3,True
13050,31,74,1600066610,353,355,1996-06-13,1996-07-03,3,0.41393034825870645,0.28955223880597025,0.6955223880597015,3,True
13050,32,74,1600066610,365,365,1996-09-05,1996-09-11,1,0.5014925373134329,0.5014925373134329,0.5014925373134329,1,True
13199,1,74,3800000110,112,112,1991-10-31,1991-11-06,1,0.03144654088050314,0.03144654088050314,0.03144654088050314,1,True
13199,2,74,3800000110,114,114,1991-11-14,1991-11-20,1,0.0,0.0,0.0,1,True
13199,3,74,3800000110,117,118,1991-12-05,1991-12-18,2,0.0,0.0,0.0,2,True
13199,4,74,3800000110,156,156,1992-09-03,1992-09-09,1,0.10303030303030303,0.10303030303030303,0.10303030303030303,1,True
13199,5,74,3800000110,340,340,1996-03-14,1996-03-20,1,0.07906976744186045,0.07906976744186045,0.07906976744186045,1,True
13199,6,74,3800000110,342,342,1996-03-28,1996-04-03,1,0.25116279069767433,0.25116279069767433,0.25116279069767433,1,True
13199,7,74,3800000110,352,352,1996-06-06,1996-06-12,1,0.4651162790697675,0.4651162790697675,0.4651162790697675,1,True
13201,1,74,3800000120,25,25,1990-03-01,1990-03-07,1,0.0052631578947368585,0.0052631578947368585,0.0052631578947368585,1,True
13201,2,74,3800000120,43,44,1990-07-05,1990-07-18,2,0.0357142857142857,0.0357142857142857,0.0357142857142857,2,True
13201,3,74,3800000120,55,55,1990-09-27,1990-10-03,1,0.0357142857142857,0.0357142857142857,0.0357142857142857,1,True
13201,4,74,3800000120,74,75,1991-02-07,1991-02-20,2,0.23979591836734693,0.23979591836734693,0.23979591836734693,2,True
13201,5,74,3800000120,88,88,1991-05-16,1991-05-22,1,0.0,0.0,0.0,1,True
13201,6,74,3800000120,90,90,1991-05-30,1991-06-05,1,0.0,0.0,0.0,1,True
13201,7,74,3800000120,94,94,1991-06-27,1991-07-03,1,0.0357142857142857,0.0357142857142857,0.0357142857142857,1,True
13201,8,74,3800000120,97,97,1991-07-18,1991-07-24,1,0.0357142857142857,0.0357142857142857,0.0357142857142857,1,True
13201,9,74,3800000120,107,107,1991-09-26,1991-10-02,1,0.0357142857142857,0.0357142857142857,0.0357142857142857,1,True
13201,10,74,3800000120,123,127,1992-01-16,1992-02-19,5,0.22829268292682925,0.019512195121951237,0.5512195121951219,5,True
13201,11,74,3800000120,152,152,1992-08-06,1992-08-12,1,0.04651162790697683,0.04651162790697683,0.04651162790697683,1,True
13201,12,74,3800000120,156,156,1992-09-03,1992-09-09,1,0.13023255813953483,0.13023255813953483,0.13023255813953483,1,True
13201,13,74,3800000120,174,174,1993-01-07,1993-01-13,1,0.07441860465116279,0.07441860465116279,0.07441860465116279,1,True
13201,14,74,3800000120,178,178,1993-02-04,1993-02-10,1,0.018604651162790753,0.018604651162790753,0.018604651162790753,1,True
13201,15,74,3800000120,185,185,1993-03-25,1993-03-31,1,0.04888888888888887,0.04888888888888887,0.04888888888888887,1,True
13201,16,74,3800000120,187,189,1993-04-08,1993-04-28,3,0.016296296296296253,0.01777777777777778,0.01777777777777778,3,True
13201,17,74,3800000120,192,193,1993-05-13,1993-05-26,2,0.23333333333333334,0.23333333333333334,0.3466666666666667,2,True
13201,18,74,3800000120,214,215,1993-10-14,1993-10-27,2,0.08786610878661089,0.08786610878661089,0.16736401673640167,2,True
13201,19,74,3800000120,226,227,1994-01-06,1994-01-19,2,0.2782426778242678,0.2782426778242678,0.502092050209205,2,True
13201,20,74,3800000120,235,235,1994-03-10,1994-03-16,1,0.5815899581589958,0.5815899581589958,0.5815899581589958,1,True
13201,21,74,3800000120,250,251,1994-06-23,1994-07-06,2,0.15845070422535207,0.15845070422535207,0.29929577464788726,2,True
13201,22,74,3800000120,266,266,1994-10-13,1994-10-19,1,0.6514084507042253,0.6514084507042253,0.6514084507042253,1,True
13201,23,74,3800000120,274,276,1994-12-08,1994-12-28,3,0.29929577464788726,0.29929577464788726,0.29929577464788726,3,True
13201,24,74,3800000120,321,321,1995-11-02,1995-11-08,1,0.3697183098591549,0.3697183098591549,0.3697183098591549,1,True
13201,25,74,3800000120,342,342,1996-03-28,1996-04-03,1,0.25,0.25,0.25,1,True
13201,26,74,3800000120,344,344,1996-04-11,1996-04-17,1,0.647887323943662,0.647887323943662,0.647887323943662,1,True
13201,27,74,3800000120,346,346,1996-04-25,1996-05-01,1,0.052816901408450634,0.052816901408450634,0.052816901408450634,1,True
13201,28,74,3800000120,352,352,1996-06-06,1996-06-12,1,0.352112676056338,0.352112676056338,0.352112676056338,1,True
13201,29,74,3800000120,359,359,1996-07-25,1996-07-31,1,0.3052631578947369,0.3052631578947369,0.3052631578947369,1,True
13201,30,74,3800000120,368,369,1996-09-26,1996-10-09,2,0.39824561403508774,0.39824561403508774,0.6491228070175439,2,True
13201,31,74,3800000120,373,373,1996-10-31,1996-11-06,1,0.09122807017543866,0.09122807017543866,0.09122807017543866,1,True
13201,32,74,3800000120,386,387,1997-01-30,1997-02-12,2,0.15614035087719302,0.15614035087719302,0.30175438596491233,2,True
13202,1,74,3800000127,7,7,1989-10-26,1989-11-01,1,0.0,0.0,0.0,1,True
13202,2,74,3800000127,36,38,1990-05-17,1990-06-06,3,0.08399999999999996,0.08399999999999996,0.08399999999999996,3,True
13202,3,74,3800000127,56,56,1990-10-04,1990-10-10,1,0.604,0.604,0.604,1,True
13202,4,74,3800000127,82,85,1991-04-04,1991-05-01,4,0.06299999999999997,0.08399999999999996,0.08399999999999996,4,True
13202,5,74,3800000127,110,110,1991-10-17,1991-10-23,1,0.0039999999999998925,0.0039999999999998925,0.0039999999999998925,1,True
13202,6,74,3800000127,112,112,1991-10-31,1991-11-06,1,0.0039999999999998925,0.0039999999999998925,0.0039999999999998925,1,True
13202,7,74,3800000127,132,132,1992-03-19,1992-03-25,1,0.039215686274509665,0.039215686274509665,0.039215686274509665,1,True
13202,8,74,3800000127,145,145,1992-06-18,1992-06-24,1,0.0,0.0,0.0,1,True
13202,9,74,3800000127,156,156,1992-09-03,1992-09-09,1,0.12075471698113205,0.12075471698113205,0.12075471698113205,1,True
13202,10,74,3800000127,158,158,1992-09-17,1992-09-23,1,0.07547169811320742,0.07547169811320742,0.07547169811320742,1,True
13202,11,74,3800000127,181,182,1993-02-25,1993-03-10,2,0.1339622641509433,0.1339622641509433,0.24905660377358485,2,True
13202,12,74,3800000127,197,197,1993-06-17,1993-06-23,1,0.08921933085501854,0.08921933085501854,0.08921933085501854,1,True
13202,13,74,3800000127,208,209,1993-09-02,1993-09-15,2,0.2505091649694501,0.2505091649694501,0.5010183299389002,2,True
13202,14,74,3800000127,228,229,1994-01-20,1994-02-02,2,0.2629179331306991,0.2629179331306991,0.4772036474164134,2,True
13202,15,74,3800000127,245,245,1994-05-19,1994-05-25,1,0.30395136778115506,0.30395136778115506,0.30395136778115506,1,True
13202,16,74,3800000127,256,257,1994-08-04,1994-08-17,2,0.2851002865329514,0.2851002865329514,0.5014326647564471,2,True
13202,17,74,3800000127,333,333,1996-01-25,1996-01-31,1,0.2836676217765044,0.2836676217765044,0.2836676217765044,1,True
13202,18,74,3800000127,342,342,1996-03-28,1996-04-03,1,0.25214899713467054,0.25214899713467054,0.25214899713467054,1,True
13202,19,74,3800000127,346,346,1996-04-25,1996-05-01,1,0.28653295128939826,0.28653295128939826,0.28653295128939826,1,True
13202,20,74,3800000127,352,352,1996-06-06,1996-06-12,1,0.28653295128939826,0.28653295128939826,0.28653295128939826,1,True
13202,21,74,3800000127,363,363,1996-08-22,1996-08-28,1,0.4269340974212035,0.4269340974212035,0.4269340974212035,1,True
13202,22,74,3800000127,379,379,1996-12-12,1996-12-18,1,0.28653295128939826,0.28653295128939826,0.28653295128939826,1,True
13202,23,74,3800000127,390,390,1997-02-27,1997-03-05,1,0.14326647564469908,0.14326647564469908,0.14326647564469908,1,True
13202,24,74,3800000127,397,397,1997-04-17,1997-04-23,1,0.28653295128939826,0.28653295128939826,0.28653295128939826,1,True
13225,1,74,3800001520,24,24,1990-02-22,1990-02-28,1,0.18360655737704912,0.18360655737704912,0.18360655737704912,1,True
13225,2,74,3800001520,49,49,1990-08-16,1990-08-22,1,0.022222222222222143,0.022222222222222143,0.022222222222222143,1,True
13225,3,74,3800001520,51,51,1990-08-30,1990-09-05,1,0.022222222222222143,0.022222222222222143,0.022222222222222143,1,True
13225,4,74,3800001520,55,56,1990-09-27,1990-10-10,2,0.3682539682539683,0.3682539682539683,0.3682539682539683,2,True
13225,5,74,3800001520,76,76,1991-02-21,1991-02-27,1,0.027439024390243816,0.027439024390243816,0.027439024390243816,1,True
13225,6,74,3800001520,87,87,1991-05-09,1991-05-15,1,0.0,0.0,0.0,1,True
13225,7,74,3800001520,100,100,1991-08-08,1991-08-14,1,0.0,0.0,0.0,1,True
13225,8,74,3800001520,102,102,1991-08-22,1991-08-28,1,0.03353658536585358,0.03353658536585358,0.03353658536585358,1,True
13225,9,74,3800001520,123,124,1992-01-16,1992-01-29,2,0.02212389380530977,0.02212389380530977,0.029498525073746285,2,True
13225,10,74,3800001520,131,131,1992-03-12,1992-03-18,1,0.0,0.0,0.0,1,True
13225,11,74,3800001520,133,133,1992-03-26,1992-04-01,1,0.0,0.0,0.0,1,True
13225,12,74,3800001520,148,148,1992-07-09,1992-07-15,1,0.0,0.0,0.0,1,True
13225,13,74,3800001520,156,156,1992-09-03,1992-09-09,1,0.08450704225352113,0.08450704225352113,0.08450704225352113,1,True
13225,14,74,3800001520,161,161,1992-10-08,1992-10-14,1,0.0,0.0,0.0,1,True
13225,15,74,3800001520,163,164,1992-10-22,1992-11-04,2,0.07605633802816902,0.07605633802816902,0.07605633802816902,2,True
13225,16,74,3800001520,171,171,1992-12-17,1992-12-23,1,0.016901408450704092,0.016901408450704092,0.016901408450704092,1,True
13225,17,74,3800001520,176,176,1993-01-21,1993-01-27,1,0.07605633802816902,0.07605633802816902,0.07605633802816902,1,True
13225,18,74,3800001520,204,205,1993-08-05,1993-08-18,2,0.05826558265582649,0.05826558265582649,0.06504065040650397,2,True
13225,19,74,3800001520,220,220,1993-11-25,1993-12-01,1,0.04823316997678628,0.04823316997678628,0.04823316997678628,1,True
13225,20,74,3800001520,230,230,1994-02-03,1994-02-09,1,0.4862155388471179,0.4862155388471179,0.4862155388471179,1,True
13225,21,74,3800001520,232,232,1994-02-17,1994-02-23,1,0.4862155388471179,0.4862155388471179,0.4862155388471179,1,True
13225,22,74,3800001520,256,257,1994-08-04,1994-08-17,2,0.030266343825665842,0.030266343825665842,0.03389830508474567,2,True
13225,23,74,3800001520,336,338,1996-02-15,1996-03-06,3,0.34786117836965297,0.5157384987893463,0.5157384987893463,3,True
13225,24,74,3800001520,342,342,1996-03-28,1996-04-03,1,0.2518159806295399,0.2518159806295399,0.2518159806295399,1,True
13225,25,74,3800001520,352,357,1996-06-06,1996-07-17,6,0.18805488297013717,0.16222760290556903,0.2760290556900725,6,True
13225,26,74,3800001520,361,369,1996-08-08,1996-10-09,9,0.2617702448210923,0.15496368038740915,0.7554479418886199,9,True
13225,27,74,3800001520,372,372,1996-10-24,1996-10-30,1,0.3680387409200969,0.3680387409200969,0.3680387409200969,1,True
13225,28,74,3800001520,384,385,1997-01-16,1997-01-29,2,0.1418338108882522,0.1418338108882522,0.2836676217765044,2,True
13228,1,74,3800001611,17,17,1990-01-04,1990-01-10,1,0.01673640167364021,0.01673640167364021,0.01673640167364021,1,True
13228,2,74,3800001611,97,98,1991-07-18,1991-07-31,2,0.021818181818181848,0.021818181818181848,0.021818181818181848,2,True
13228,3,74,3800001611,117,118,1991-12-05,1991-12-18,2,0.0,0.0,0.0,2,True
13228,4,74,3800001611,126,126,1992-02-06,1992-02-12,1,0.036363636363636376,0.036363636363636376,0.036363636363636376,1,True
13228,5,74,3800001611,131,131,1992-03-12,1992-03-18,1,0.0,0.0,0.0,1,True
13228,6,74,3800001611,151,151,1992-07-30,1992-08-05,1,0.11525423728813566,0.11525423728813566,0.11525423728813566,1,True
13228,7,74,3800001611,156,156,1992-09-03,1992-09-09,1,0.0847457627118644,0.0847457627118644,0.0847457627118644,1,True
13228,8,74,3800001611,176,176,1993-01-21,1993-01-27,1,0.016949152542372947,0.016949152542372947,0.016949152542372947,1,True
13228,9,74,3800001611,178,178,1993-02-04,1993-02-10,1,0.12203389830508482,0.12203389830508482,0.12203389830508482,1,True
13228,10,74,3800001611,191,191,1993-05-06,1993-05-12,1,0.27301587301587293,0.27301587301587293,0.27301587301587293,1,True
13228,11,74,3800001611,226,226,1994-01-06,1994-01-12,1,0.37617554858934166,0.37617554858934166,0.37617554858934166,1,True
13228,12,74,3800001611,246,247,1994-05-26,1994-06-08,2,0.2280966767371601,0.2280966767371601,0.3987915407854985,2,True
13228,13,74,3800001611,332,332,1996-01-18,1996-01-24,1,0.3987915407854985,0.3987915407854985,0.3987915407854985,1,True
13228,14,74,3800001611,342,342,1996-03-28,1996-04-03,1,0.25075528700906347,0.25075528700906347,0.25075528700906347,1,True
13228,15,74,3800001611,352,352,1996-06-06,1996-06-12,1,0.3021148036253777,0.3021148036253777,0.3021148036253777,1,True
13228,16,74,3800001611,383,383,1997-01-09,1997-01-15,1,0.10746268656716418,0.10746268656716418,0.10746268656716418,1,True
15164,1,80,1600066510,66,66,1990-12-13,1990-12-19,1,0.0,0.0,0.0,1,True
15164,2,80,1600066510,140,142,1992-05-14,1992-06-03,3,0.0182648401826484,0.0182648401826484,0.0182648401826484,3,True
15164,3,80,1600066510,152,152,1992-08-06,1992-08-12,1,0.02183406113537112,0.02183406113537112,0.02183406113537112,1,True
15164,4,80,1600066510,156,156,1992-09-03,1992-09-09,1,0.08733624454148481,0.08733624454148481,0.08733624454148481,1,True
15164,5,80,1600066510,174,174,1993-01-07,1993-01-13,1,0.07423580786026196,0.07423580786026196,0.07423580786026196,1,True
15164,6,80,1600066510,186,187,1993-04-01,1993-04-14,2,0.2510460251046025,0.2510460251046025,0.2510460251046025,2,True
15164,7,80,1600066510,204,204,1993-08-05,1993-08-11,1,0.4644351464435147,0.4644351464435147,0.4644351464435147,1,True
15164,8,80,1600066510,206,206,1993-08-19,1993-08-25,1,0.2510460251046025,0.2510460251046025,0.2510460251046025,1,True
15164,9,80,1600066510,208,208,1993-09-02,1993-09-08,1,0.4686192468619247,0.4686192468619247,0.4686192468619247,1,True
15164,10,80,1600066510,218,218,1993-11-11,1993-11-17,1,0.2510460251046025,0.2510460251046025,0.2510460251046025,1,True
15164,11,80,1600066510,244,244,1994-05-12,1994-05-18,1,0.4895397489539749,0.4895397489539749,0.4895397489539749,1,True
15164,12,80,1600066510,261,261,1994-09-08,1994-09-14,1,0.493723849372385,0.493723849372385,0.493723849372385,1,True
15164,13,80,1600066510,266,266,1994-10-13,1994-10-19,1,0.04184100418410042,0.04184100418410042,0.04184100418410042,1,True
15164,14,80,1600066510,318,318,1995-10-12,1995-10-18,1,0.502092050209205,0.502092050209205,0.502092050209205,1,True
15164,15,80,1600066510,331,331,1996-01-11,1996-01-17,1,0.33054393305439334,0.33054393305439334,0.33054393305439334,1,True
15164,16,80,1600066510,355,356,1996-06-27,1996-07-10,2,0.15271966527196656,0.15271966527196656,0.2468619246861925,2,True
15165,1,80,1600066590,21,21,1990-02-01,1990-02-07,1,0.3854545454545455,0.3854545454545455,0.3854545454545455,1,True
15165,2,80,1600066590,81,81,1991-03-28,1991-04-03,1,0.0,0.0,0.0,1,True
15165,3,80,1600066590,84,84,1991-04-18,1991-04-24,1,0.08813559322033904,0.08813559322033904,0.08813559322033904,1,True
15165,4,80,1600066590,107,108,1991-09-26,1991-10-09,2,0.0,0.0,0.0,2,True
15165,5,80,1600066590,118,118,1991-12-12,1991-12-18,1,0.0,0.0,0.0,1,True
15165,6,80,1600066590,120,120,1991-12-26,1992-01-01,1,0.0,0.0,0.0,1,True
15165,7,80,1600066590,122,123,1992-01-09,1992-01-22,2,0.0,0.0,0.0,2,True
15165,8,80,1600066590,138,138,1992-04-30,1992-05-06,1,0.0,0.0,0.0,1,True
15165,9,80,1600066590,152,152,1992-08-06,1992-08-12,1,0.0,0.0,0.0,1,True
15165,10,80,1600066590,156,156,1992-09-03,1992-09-09,1,0.041269841269841234,0.041269841269841234,0.041269841269841234,1,True
15165,11,80,1600066590,160,160,1992-10-01,1992-10-07,1,0.0,0.0,0.0,1,True
15165,12,80,1600066590,177,177,1993-01-28,1993-02-03,1,0.050793650793650724,0.050793650793650724,0.050793650793650724,1,True
15165,13,80,1600066590,186,187,1993-04-01,1993-04-14,2,0.2521994134897362,0.2521994134897362,0.2521994134897362,2,True
15165,14,80,1600066590,194,194,1993-05-27,1993-06-02,1,0.0058651026392961825,0.0058651026392961825,0.0058651026392961825,1,True
15165,15,80,1600066590,206,206,1993-08-19,1993-08-25,1,0.25073746312684364,0.25073746312684364,0.25073746312684364,1,True
15165,16,80,1600066590,209,209,1993-09-09,1993-09-15,1,0.471976401179941,0.471976401179941,0.471976401179941,1,True
15165,17,80,1600066590,218,218,1993-11-11,1993-11-17,1,0.25073746312684364,0.25073746312684364,0.25073746312684364,1,True
15165,18,80,1600066590,226,227,1994-01-06,1994-01-19,2,0.2890855457227139,0.2890855457227139,0.5014749262536873,2,True
15165,19,80,1600066590,236,239,1994-03-17,1994-04-13,4,0.3134218289085546,0.31268436578171094,0.5014749262536873,4,True
15165,20,80,1600066590,248,258,1994-06-09,1994-08-24,11,0.07401615019211329,0.07079646017699126,0.11061946902654884,11,True
15165,21,80,1600066590,261,261,1994-09-08,1994-09-14,1,0.5015873015873016,0.5015873015873016,0.5015873015873016,1,True
15165,22,80,1600066590,266,268,1994-10-13,1994-11-02,3,0.1439153439153439,0.04444444444444451,0.3650793650793651,3,True
15165,23,80,1600066590,314,314,1995-09-14,1995-09-20,1,0.38769230769230767,0.38769230769230767,0.38769230769230767,1,True
15165,24,80,1600066590,317,318,1995-10-05,1995-10-18,2,0.4323076923076923,0.4323076923076923,0.5015384615384615,2,True
15165,25,80,1600066590,331,332,1996-01-11,1996-01-24,2,0.36,0.36,0.38769230769230767,2,True
15165,26,80,1600066590,341,341,1996-03-21,1996-03-27,1,0.3846153846153846,0.3846153846153846,0.3846153846153846,1,True
15165,27,80,1600066590,345,346,1996-04-18,1996-05-01,2,0.26153846153846155,0.26153846153846155,0.3846153846153846,2,True
15165,28,80,1600066590,353,353,1996-06-13,1996-06-19,1,0.6523076923076924,0.6523076923076924,0.6523076923076924,1,True
15165,29,80,1600066590,355,355,1996-06-27,1996-07-03,1,0.25230769230769223,0.25230769230769223,0.25230769230769223,1,True
15165,30,80,1600066590,365,365,1996-09-05,1996-09-11,1,0.5015384615384615,0.5015384615384615,0.5015384615384615,1,True
15165,31,80,1600066590,382,383,1997-01-02,1997-01-15,2,0.2553846153846154,0.2553846153846154,0.4523076923076923,2,True
15165,32,80,1600066590,392,393,1997-03-13,1997-03-26,2,0.04307692307692307,0.04307692307692307,0.07999999999999996,2,True
15166,1,80,1600066610,21,21,1990-02-01,1990-02-07,1,0.0,0.0,0.0,1,True
15166,2,80,1600066610,28,28,1990-03-22,1990-03-28,1,0.05357142857142849,0.05357142857142849,0.05357142857142849,1,True
15166,3,80,1600066610,52,52,1990-09-06,1990-09-12,1,0.0035714285714284477,0.0035714285714284477,0.0035714285714284477,1,True
15166,4,80,1600066610,93,94,1991-06-20,1991-07-03,2,0.0,0.0,0.0,2,True
15166,5,80,1600066610,108,109,1991-10-03,1991-10-16,2,0.013377926421404673,0.013377926421404673,0.013377926421404673,2,True
15166,6,80,1600066610,126,126,1992-02-06,1992-02-12,1,0.0,0.0,0.0,1,True
15166,7,80,1600066610,128,128,1992-02-20,1992-02-26,1,0.0,0.0,0.0,1,True
15166,8,80,1600066610,143,143,1992-06-04,1992-06-10,1,0.0,0.0,0.0,1,True
15166,9,80,1600066610,145,147,1992-06-18,1992-07-08,3,0.0,0.0,0.0,3,True
15166,10,80,1600066610,151,152,1992-07-30,1992-08-12,2,0.045307443365695754,0.045307443365695754,0.0744336569579288,2,True
15166,11,80,1600066610,156,157,1992-09-03,1992-09-16,2,0.017799352750809017,0.017799352750809017,0.03559870550161803,2,True
15166,12,80,1600066610,164,164,1992-10-29,1992-11-04,1,0.0,0.0,0.0,1,True
15166,13,80,1600066610,167,167,1992-11-19,1992-11-25,1,0.0,0.0,0.0,1,True
15166,14,80,1600066610,175,175,1993-01-14,1993-01-20,1,0.0,0.0,0.0,1,True
15166,15,80,1600066610,177,177,1993-01-28,1993-02-03,1,0.0,0.0,0.0,1,True
15166,16,80,1600066610,185,187,1993-03-25,1993-04-14,3,0.1846153846153846,0.25230769230769223,0.25230769230769223,3,True
15166,17,80,1600066610,194,195,1993-05-27,1993-06-09,2,0.0,0.0,0.0,2,True
15166,18,80,1600066610,206,206,1993-08-19,1993-08-25,1,0.25073746312684364,0.25073746312684364,0.25073746312684364,1,True
15166,19,80,1600066610,209,209,1993-09-09,1993-09-15,1,0.4631268436578171,0.4631268436578171,0.4631268436578171,1,True
15166,20,80,1600066610,218,218,1993-11-11,1993-11-17,1,0.25073746312684364,0.25073746312684364,0.25073746312684364,1,True
15166,21,80,1600066610,226,227,1994-01-06,1994-01-19,2,0.37315634218289084,0.37315634218289084,0.5014749262536873,2,True
15166,22,80,1600066610,248,257,1994-06-09,1994-08-17,10,0.05457227138643063,0.05014749262536866,0.09439528023598831,10,True
15166,23,80,1600066610,261,261,1994-09-08,1994-09-14,1,0.5,0.5,0.5,1,True
15166,24,80,1600066610,266,268,1994-10-13,1994-11-02,3,0.1469979296066253,0.049689440993788914,0.38198757763975155,3,True
15166,25,80,1600066610,314,314,1995-09-14,1995-09-20,1,0.4059701492537313,0.4059701492537313,0.4059701492537313,1,True
15166,26,80,1600066610,317,318,1995-10-05,1995-10-18,2,0.4492537313432836,0.4492537313432836,0.5014925373134329,2,True
15166,27,80,1600066610,326,326,1995-12-07,1995-12-13,1,0.4059701492537313,0.4059701492537313,0.4059701492537313,1,True
15166,28,80,1600066610,331,331,1996-01-11,1996-01-17,1,0.33134328358208953,0.33134328358208953,0.33134328358208953,1,True
15166,29,80,1600066610,341,343,1996-03-21,1996-04-10,3,0.30248756218905476,0.4029850746268657,0.4059701492537313,3,True
15166,30,80,1600066610,353,353,1996-06-13,1996-06-19,1,0.6805970149253731,0.6805970149253731,0.6805970149253731,1,True
15166,31,80,1600066610,355,356,1996-06-27,1996-07-10,2,0.16417910447761197,0.16417910447761197,0.24776119402985075,2,True
15166,32,80,1600066610,365,365,1996-09-05,1996-09-11,1,0.5014925373134329,0.5014925373134329,0.5014925373134329,1,True
15166,33,80,1600066610,386,386,1997-01-30,1997-02-05,1,0.24477611940298516,0.24477611940298516,0.24477611940298516,1,True
15166,34,80,1600066610,392,394,1997-03-13,1997-04-02,3,0.1751243781094527,0.11343283582089547,0.29850746268656714,3,True
15317,1,80,3800000110,112,112,1991-10-31,1991-11-06,1,0.0,0.0,0.0,1,True
15317,2,80,3800000110,114,114,1991-11-14,1991-11-20,1,0.0,0.0,0.0,1,True
15317,3,80,3800000110,117,118,1991-12-05,1991-12-18,2,0.0,0.0,0.0,2,True
15317,4,80,3800000110,156,156,1992-09-03,1992-09-09,1,0.06918238993710701,0.06918238993710701,0.06918238993710701,1,True
15317,5,80,3800000110,340,340,1996-03-14,1996-03-20,1,0.07441860465116279,0.07441860465116279,0.07441860465116279,1,True
15317,6,80,3800000110,342,342,1996-03-28,1996-04-03,1,0.24651162790697667,0.24651162790697667,0.24651162790697667,1,True
15317,7,80,3800000110,352,352,1996-06-06,1996-06-12,1,0.46046511627906983,0.46046511627906983,0.46046511627906983,1,True
15319,1,80,3800000120,25,25,1990-03-01,1990-03-07,1,0.0052631578947368585,0.0052631578947368585,0.0052631578947368585,1,True
15319,2,80,3800000120,43,44,1990-07-05,1990-07-18,2,0.0052631578947368585,0.0052631578947368585,0.0052631578947368585,2,True
15319,3,80,3800000120,55,55,1990-09-27,1990-10-03,1,0.0052631578947368585,0.0052631578947368585,0.0052631578947368585,1,True
15319,4,80,3800000120,74,75,1991-02-07,1991-02-20,2,0.21578947368421053,0.21578947368421053,0.21578947368421053,2,True
15319,5,80,3800000120,88,88,1991-05-16,1991-05-22,1,0.0,0.0,0.0,1,True
15319,6,80,3800000120,90,90,1991-05-30,1991-06-05,1,0.0,0.0,0.0,1,True
15319,7,80,3800000120,94,94,1991-06-27,1991-07-03,1,0.0052631578947368585,0.0052631578947368585,0.0052631578947368585,1,True
15319,8,80,3800000120,97,97,1991-07-18,1991-07-24,1,0.0052631578947368585,0.0052631578947368585,0.0052631578947368585,1,True
15319,9,80,3800000120,107,107,1991-09-26,1991-10-02,1,0.0052631578947368585,0.0052631578947368585,0.0052631578947368585,1,True
15319,10,80,3800000120,123,127,1992-01-16,1992-02-19,5,0.21224489795918364,0.0,0.5306122448979591,5,True
15319,11,80,3800000120,152,152,1992-08-06,1992-08-12,1,0.0,0.0,0.0,1,True
15319,12,80,3800000120,156,156,1992-09-03,1992-09-09,1,0.08780487804878034,0.08780487804878034,0.08780487804878034,1,True
15319,13,80,3800000120,174,174,1993-01-07,1993-01-13,1,0.029268292682926744,0.029268292682926744,0.029268292682926744,1,True
15319,14,80,3800000120,178,178,1993-02-04,1993-02-10,1,0.019512195121951237,0.019512195121951237,0.019512195121951237,1,True
15319,15,80,3800000120,185,185,1993-03-25,1993-03-31,1,0.0046511627906975495,0.0046511627906975495,0.0046511627906975495,1,True
15319,16,80,3800000120,187,189,1993-04-08,1993-04-28,3,0.018604651162790753,0.018604651162790753,0.018604651162790753,3,True
15319,17,80,3800000120,192,192,1993-05-13,1993-05-19,1,0.0,0.0,0.0,1,True
15319,18,80,3800000120,214,215,1993-10-14,1993-10-27,2,0.07860262008733626,0.07860262008733626,0.13100436681222705,2,True
15319,19,80,3800000120,226,227,1994-01-06,1994-01-19,2,0.3117154811715481,0.3117154811715481,0.502092050209205,2,True
15319,20,80,3800000120,235,235,1994-03-10,1994-03-16,1,0.5564853556485356,0.5564853556485356,0.5564853556485356,1,True
15319,21,80,3800000120,250,250,1994-06-23,1994-06-29,1,0.29929577464788726,0.29929577464788726,0.29929577464788726,1,True
15319,22,80,3800000120,259,260,1994-08-25,1994-09-07,2,0.16725352112676045,0.16725352112676045,0.29929577464788726,2,True
15319,23,80,3800000120,266,267,1994-10-13,1994-10-26,2,0.44190140845070414,0.44190140845070414,0.6514084507042253,2,True
15319,24,80,3800000120,274,275,1994-12-08,1994-12-21,2,0.29225352112676056,0.29225352112676056,0.29929577464788726,2,True
15319,25,80,3800000120,321,321,1995-11-02,1995-11-08,1,0.36267605633802813,0.36267605633802813,0.36267605633802813,1,True
15319,26,80,3800000120,342,342,1996-03-28,1996-04-03,1,0.24295774647887325,0.24295774647887325,0.24295774647887325,1,True
15319,27,80,3800000120,344,345,1996-04-11,1996-04-24,2,0.403169014084507,0.403169014084507,0.6514084507042253,2,True
15319,28,80,3800000120,352,352,1996-06-06,1996-06-12,1,0.352112676056338,0.352112676056338,0.352112676056338,1,True
15319,29,80,3800000120,359,360,1996-07-25,1996-08-07,2,0.1789473684210527,0.1789473684210527,0.30175438596491233,2,True
15319,30,80,3800000120,368,369,1996-09-26,1996-10-09,2,0.5105263157894737,0.5105263157894737,0.6456140350877193,2,True
15319,31,80,3800000120,386,388,1997-01-30,1997-02-19,3,0.18245614035087723,0.1228070175438597,0.30175438596491233,3,True
15320,1,80,3800000127,7,7,1989-10-26,1989-11-01,1,0.0,0.0,0.0,1,True
15320,2,80,3800000127,36,36,1990-05-17,1990-05-23,1,0.049792531120331995,0.049792531120331995,0.049792531120331995,1,True
15320,3,80,3800000127,38,38,1990-05-31,1990-06-06,1,0.049792531120331995,0.049792531120331995,0.049792531120331995,1,True
15320,4,80,3800000127,56,56,1990-10-04,1990-10-10,1,0.5892116182572614,0.5892116182572614,0.5892116182572614,1,True
15320,5,80,3800000127,82,85,1991-04-04,1991-05-01,4,0.037344398340248997,0.049792531120331995,0.049792531120331995,4,True
15320,6,80,3800000127,110,110,1991-10-17,1991-10-23,1,0.008298755186721962,0.008298755186721962,0.008298755186721962,1,True
15320,7,80,3800000127,112,112,1991-10-31,1991-11-06,1,0.008298755186721962,0.008298755186721962,0.008298755186721962,1,True
15320,8,80,3800000127,132,132,1992-03-19,1992-03-25,1,0.0,0.0,0.0,1,True
15320,9,80,3800000127,145,145,1992-06-18,1992-06-24,1,0.0,0.0,0.0,1,True
15320,10,80,3800000127,156,156,1992-09-03,1992-09-09,1,0.08627450980392148,0.08627450980392148,0.08627450980392148,1,True
15320,11,80,3800000127,158,158,1992-09-17,1992-09-23,1,0.039215686274509665,0.039215686274509665,0.039215686274509665,1,True
15320,12,80,3800000127,181,182,1993-02-25,1993-03-10,2,0.11960784313725487,0.11960784313725487,0.2196078431372549,2,True
15320,13,80,3800000127,197,197,1993-06-17,1993-06-23,1,0.039215686274509665,0.039215686274509665,0.039215686274509665,1,True
15320,14,80,3800000127,208,208,1993-09-02,1993-09-08,1,0.4572490706319703,0.4572490706319703,0.4572490706319703,1,True
15320,15,80,3800000127,228,229,1994-01-20,1994-02-02,2,0.303951367781155,0.303951367781155,0.49544072948328266,2,True
15320,16,80,3800000127,238,239,1994-03-31,1994-04-13,2,0.439209726443769,0.439209726443769,0.45896656534954405,2,True
15320,17,80,3800000127,245,245,1994-05-19,1994-05-25,1,0.30395136778115506,0.30395136778115506,0.30395136778115506,1,True
15320,18,80,3800000127,256,257,1994-08-04,1994-08-17,2,0.3166189111747852,0.3166189111747852,0.5014326647564471,2,True
15320,19,80,3800000127,268,269,1994-10-27,1994-11-09,2,0.34527220630372496,0.34527220630372496,0.5673352435530086,2,True
15320,20,80,3800000127,315,315,1995-09-21,1995-09-27,1,0.05730659025787965,0.05730659025787965,0.05730659025787965,1,True
15320,21,80,3800000127,317,318,1995-10-05,1995-10-18,2,0.05730659025787965,0.05730659025787965,0.05730659025787965,2,True
15320,22,80,3800000127,320,320,1995-10-26,1995-11-01,1,0.05730659025787965,0.05730659025787965,0.05730659025787965,1,True
15320,23,80,3800000127,323,324,1995-11-16,1995-11-29,2,0.05458989455257096,0.05458989455257096,0.05730659025787965,2,True
15320,24,80,3800000127,333,333,1996-01-25,1996-01-31,1,0.2836676217765044,0.2836676217765044,0.2836676217765044,1,True
15320,25,80,3800000127,342,342,1996-03-28,1996-04-03,1,0.25214899713467054,0.25214899713467054,0.25214899713467054,1,True
15320,26,80,3800000127,346,346,1996-04-25,1996-05-01,1,0.28653295128939826,0.28653295128939826,0.28653295128939826,1,True
15320,27,80,3800000127,352,353,1996-06-06,1996-06-19,2,0.20057306590257884,0.20057306590257884,0.28653295128939826,2,True
15320,28,80,3800000127,363,364,1996-08-22,1996-09-04,2,0.2736389684813755,0.2736389684813755,0.4240687679083096,2,True
15320,29,80,3800000127,379,379,1996-12-12,1996-12-18,1,0.28653295128939826,0.28653295128939826,0.28653295128939826,1,True
15320,30,80,3800000127,390,390,1997-02-27,1997-03-05,1,0.14326647564469908,0.14326647564469908,0.14326647564469908,1,True
15320,31,80,3800000127,397,397,1997-04-17,1997-04-23,1,0.28653295128939826,0.28653295128939826,0.28653295128939826,1,True
15342,1,80,3800001520,24,24,1990-02-22,1990-02-28,1,0.17549668874172175,0.17549668874172175,0.17549668874172175,1,True
15342,2,80,3800001520,49,49,1990-08-16,1990-08-22,1,0.0,0.0,0.0,1,True
15342,3,80,3800001520,51,51,1990-08-30,1990-09-05,1,0.0,0.0,0.0,1,True
15342,4,80,3800001520,55,56,1990-09-27,1990-10-10,2,0.3475409836065574,0.3475409836065574,0.3475409836065574,2,True
15342,5,80,3800001520,76,76,1991-02-21,1991-02-27,1,0.0,0.0,0.0,1,True
15342,6,80,3800001520,87,87,1991-05-09,1991-05-15,1,0.0,0.0,0.0,1,True
15342,7,80,3800001520,100,100,1991-08-08,1991-08-14,1,0.0,0.0,0.0,1,True
15342,8,80,3800001520,102,102,1991-08-22,1991-08-28,1,0.0,0.0,0.0,1,True
15342,9,80,3800001520,123,124,1992-01-16,1992-01-29,2,0.0,0.0,0.0,2,True
15342,10,80,3800001520,131,131,1992-03-12,1992-03-18,1,0.0,0.0,0.0,1,True
15342,11,80,3800001520,148,148,1992-07-09,1992-07-15,1,0.0,0.0,0.0,1,True
15342,12,80,3800001520,156,156,1992-09-03,1992-09-09,1,0.08450704225352113,0.08450704225352113,0.08450704225352113,1,True
15342,13,80,3800001520,161,161,1992-10-08,1992-10-14,1,0.0,0.0,0.0,1,True
15342,14,80,3800001520,163,164,1992-10-22,1992-11-04,2,0.07605633802816902,0.07605633802816902,0.07605633802816902,2,True
15342,15,80,3800001520,171,171,1992-12-17,1992-12-23,1,0.016901408450704092,0.016901408450704092,0.016901408450704092,1,True
15342,16,80,3800001520,176,176,1993-01-21,1993-01-27,1,0.07605633802816902,0.07605633802816902,0.07605633802816902,1,True
15342,17,80,3800001520,204,205,1993-08-05,1993-08-18,2,0.0267605633802816,0.0267605633802816,0.028169014084506894,2,True
15342,18,80,3800001520,220,220,1993-11-25,1993-12-01,1,0.07362784471218209,0.07362784471218209,0.07362784471218209,1,True
15342,19,80,3800001520,230,230,1994-02-03,1994-02-09,1,0.4887218045112782,0.4887218045112782,0.4887218045112782,1,True
15342,20,80,3800001520,232,232,1994-02-17,1994-02-23,1,0.4887218045112782,0.4887218045112782,0.4887218045112782,1,True
15342,21,80,3800001520,251,252,1994-06-30,1994-07-13,2,0.1428571428571428,0.1428571428571428,0.2760290556900725,2,True
15342,22,80,3800001520,256,257,1994-08-04,1994-08-17,2,0.03268765133171908,0.03268765133171908,0.03389830508474567,2,True
15342,23,80,3800001520,269,270,1994-11-03,1994-11-16,2,0.14527845036319603,0.14527845036319603,0.2760290556900725,2,True
15342,24,80,3800001520,274,275,1994-12-08,1994-12-21,2,0.28813559322033894,0.28813559322033894,0.5012106537530265,2,True
15342,25,80,3800001520,336,339,1996-02-15,1996-03-13,4,0.301452784503632,0.3353510895883777,0.5157384987893463,4,True
15342,26,80,3800001520,342,342,1996-03-28,1996-04-03,1,0.2518159806295399,0.2518159806295399,0.2518159806295399,1,True
15342,27,80,3800001520,352,357,1996-06-06,1996-07-17,6,0.17635189669087972,0.16222760290556903,0.2590799031476997,6,True
15342,28,80,3800001520,361,369,1996-08-08,1996-10-09,9,0.2792574656981437,0.15496368038740915,0.7578692493946732,9,True
15342,29,80,3800001520,372,372,1996-10-24,1996-10-30,1,0.3680387409200969,0.3680387409200969,0.3680387409200969,1,True
15342,30,80,3800001520,384,385,1997-01-16,1997-01-29,2,0.1489971346704872,0.1489971346704872,0.2836676217765044,2,True
15345,1,80,3800001611,17,17,1990-01-04,1990-01-10,1,0.01673640167364021,0.01673640167364021,0.01673640167364021,1,True
15345,2,80,3800001611,97,98,1991-07-18,1991-07-31,2,0.0,0.0,0.0,2,True
15345,3,80,3800001611,117,118,1991-12-05,1991-12-18,2,0.0,0.0,0.0,2,True
15345,4,80,3800001611,126,126,1992-02-06,1992-02-12,1,0.014869888475836479,0.014869888475836479,0.014869888475836479,1,True
15345,5,80,3800001611,131,131,1992-03-12,1992-03-18,1,0.0,0.0,0.0,1,True
15345,6,80,3800001611,151,151,1992-07-30,1992-08-05,1,0.06451612903225812,0.06451612903225812,0.06451612903225812,1,True
15345,7,80,3800001611,176,176,1993-01-21,1993-01-27,1,0.0,0.0,0.0,1,True
15345,8,80,3800001611,178,178,1993-02-04,1993-02-10,1,0.07168458781362008,0.07168458781362008,0.07168458781362008,1,True
15345,9,80,3800001611,191,191,1993-05-06,1993-05-12,1,0.234113712374582,0.234113712374582,0.234113712374582,1,True
15345,10,80,3800001611,226,227,1994-01-06,1994-01-19,2,0.2861655085281112,0.2861655085281112,0.3714466203411244,2,True
15345,11,80,3800001611,246,247,1994-05-26,1994-06-08,2,0.216012084592145,0.216012084592145,0.3987915407854985,2,True
15345,12,80,3800001611,332,332,1996-01-18,1996-01-24,1,0.3987915407854985,0.3987915407854985,0.3987915407854985,1,True
15345,13,80,3800001611,342,342,1996-03-28,1996-04-03,1,0.25075528700906347,0.25075528700906347,0.25075528700906347,1,True
15345,14,80,3800001611,352,352,1996-06-06,1996-06-12,1,0.3021148036253777,0.3021148036253777,0.3021148036253777,1,True
15345,15,80,3800001611,383,383,1997-01-09,1997-01-15,1,0.10746268656716418,0.10746268656716418,0.10746268656716418,1,True
20892,1,98,1600066510,66,66,1990-12-13,1990-12-19,1,0.0,0.0,0.0,1,True
20892,2,98,1600066510,117,118,1991-12-05,1991-12-18,2,0.03711790393013098,0.03711790393013098,0.04366812227074235,2,True
20892,3,98,1600066510,140,142,1992-05-14,1992-06-03,3,0.05676855895196505,0.06113537117903933,0.06113537117903933,3,True
20892,4,98,1600066510,150,161,1992-07-23,1992-10-14,12,0.07880111030033715,0.07376362112321888,0.12405699916177715,12,True
20892,5,98,1600066510,174,174,1993-01-07,1993-01-13,1,0.040723981900452455,0.040723981900452455,0.040723981900452455,1,True
20892,6,98,1600066510,186,187,1993-04-01,1993-04-14,2,0.2510460251046025,0.2510460251046025,0.2510460251046025,2,True
20892,7,98,1600066510,204,204,1993-08-05,1993-08-11,1,0.46586345381526106,0.46586345381526106,0.46586345381526106,1,True
20892,8,98,1600066510,206,206,1993-08-19,1993-08-25,1,0.2530120481927711,0.2530120481927711,0.2530120481927711,1,True
20892,9,98,1600066510,208,209,1993-09-02,1993-09-15,2,0.2449799196787149,0.2449799196787149,0.30923694779116473,2,True
20892,10,98,1600066510,218,218,1993-11-11,1993-11-17,1,0.24096385542168686,0.24096385542168686,0.24096385542168686,1,True
20892,11,98,1600066510,244,245,1994-05-12,1994-05-25,2,0.25502008032128515,0.25502008032128515,0.4618473895582329,2,True
20892,12,98,1600066510,261,261,1994-09-08,1994-09-14,1,0.24899598393574296,0.24899598393574296,0.24899598393574296,1,True
20892,13,98,1600066510,318,318,1995-10-12,1995-10-18,1,0.5020080321285141,0.5020080321285141,0.5020080321285141,1,True
20892,14,98,1600066510,331,331,1996-01-11,1996-01-17,1,0.33333333333333337,0.33333333333333337,0.33333333333333337,1,True
20892,15,98,1600066510,355,356,1996-06-27,1996-07-10,2,0.15261044176706834,0.15261044176706834,0.2530120481927711,2,True
20893,1,98,1600066590,21,21,1990-02-01,1990-02-07,1,0.40701754385964917,0.40701754385964917,0.40701754385964917,1,True
20893,2,98,1600066590,57,57,1990-10-11,1990-10-17,1,0.056140350877193046,0.056140350877193046,0.056140350877193046,1,True
20893,3,98,1600066590,81,81,1991-03-28,1991-04-03,1,0.0,0.0,0.0,1,True
20893,4,98,1600066590,84,84,1991-04-18,1991-04-24,1,0.11803278688524588,0.11803278688524588,0.11803278688524588,1,True
20893,5,98,1600066590,108,108,1991-10-03,1991-10-09,1,0.032786885245901565,0.032786885245901565,0.032786885245901565,1,True
20893,6,98,1600066590,151,161,1992-07-30,1992-10-14,11,0.12851207061558753,0.07238442822384428,0.5164233576642335,11,True
20893,7,98,1600066590,177,177,1993-01-28,1993-02-03,1,0.01967213114754085,0.01967213114754085,0.01967213114754085,1,True
20893,8,98,1600066590,186,187,1993-04-01,1993-04-14,2,0.25075528700906347,0.25075528700906347,0.25075528700906347,2,True
20893,9,98,1600066590,203,203,1993-07-29,1993-08-04,1,0.028169014084506894,0.028169014084506894,0.028169014084506894,1,True
20893,10,98,1600066590,206,206,1993-08-19,1993-08-25,1,0.25070422535211256,0.25070422535211256,0.25070422535211256,1,True
20893,11,98,1600066590,209,209,1993-09-09,1993-09-15,1,0.43943661971830983,0.43943661971830983,0.43943661971830983,1,True
20893,12,98,1600066590,218,218,1993-11-11,1993-11-17,1,0.25070422535211256,0.25070422535211256,0.25070422535211256,1,True
20893,13,98,1600066590,226,227,1994-01-06,1994-01-19,2,0.2802816901408451,0.2802816901408451,0.5014084507042254,2,True
20893,14,98,1600066590,236,237,1994-03-17,1994-03-30,2,0.3140845070422535,0.3140845070422535,0.5014084507042254,2,True
20893,15,98,1600066590,248,259,1994-06-09,1994-08-31,12,0.09740721215432313,0.10140845070422533,0.10140845070422533,12,True
20893,16,98,1600066590,261,261,1994-09-08,1994-09-14,1,0.2507836990595611,0.2507836990595611,0.2507836990595611,1,True
20893,17,98,1600066590,267,268,1994-10-20,1994-11-02,2,0.1943573667711599,0.1943573667711599,0.37617554858934166,2,True
20893,18,98,1600066590,314,314,1995-09-14,1995-09-20,1,0.38769230769230767,0.38769230769230767,0.38769230769230767,1,True
20893,19,98,1600066590,318,318,1995-10-12,1995-10-18,1,0.5015384615384615,0.5015384615384615,0.5015384615384615,1,True
20893,20,98,1600066590,331,332,1996-01-11,1996-01-24,2,0.36,0.36,0.38769230769230767,2,True
20893,21,98,1600066590,341,341,1996-03-21,1996-03-27,1,0.3846153846153846,0.3846153846153846,0.3846153846153846,1,True
20893,22,98,1600066590,346,346,1996-04-25,1996-05-01,1,0.3846153846153846,0.3846153846153846,0.3846153846153846,1,True
20893,23,98,1600066590,353,353,1996-06-13,1996-06-19,1,0.6923076923076923,0.6923076923076923,0.6923076923076923,1,True
20893,24,98,1600066590,355,356,1996-06-27,1996-07-10,2,0.15538461538461534,0.15538461538461534,0.25230769230769223,2,True
20893,25,98,1600066590,365,365,1996-09-05,1996-09-11,1,0.5015384615384615,0.5015384615384615,0.5015384615384615,1,True
20893,26,98,1600066590,392,393,1997-03-13,1997-03-26,2,0.03999999999999998,0.03999999999999998,0.07999999999999996,2,True
20894,1,98,1600066610,21,21,1990-02-01,1990-02-07,1,0.0,0.0,0.0,1,True
20894,2,98,1600066610,28,28,1990-03-22,1990-03-28,1,0.08620689655172409,0.08620689655172409,0.08620689655172409,1,True
20894,3,98,1600066610,52,52,1990-09-06,1990-09-12,1,0.037931034482758585,0.037931034482758585,0.037931034482758585,1,True
20894,4,98,1600066610,107,109,1991-09-26,1991-10-16,3,0.03991370010787476,0.03559870550161803,0.051779935275080846,3,True
20894,5,98,1600066610,123,123,1992-01-16,1992-01-22,1,0.012539184952978122,0.012539184952978122,0.012539184952978122,1,True
20894,6,98,1600066610,146,147,1992-06-25,1992-07-08,2,0.020000000000000018,0.020000000000000018,0.021538461538461506,2,True
20894,7,98,1600066610,149,152,1992-07-16,1992-08-12,4,0.0730769230769231,0.06153846153846154,0.12,4,True
20894,8,98,1600066610,155,156,1992-08-27,1992-09-09,2,0.06769230769230766,0.06769230769230766,0.07692307692307687,2,True
20894,9,98,1600066610,185,187,1993-03-25,1993-04-14,3,0.1846153846153846,0.25230769230769223,0.25230769230769223,3,True
20894,10,98,1600066610,193,193,1993-05-20,1993-05-26,1,0.4738461538461538,0.4738461538461538,0.4738461538461538,1,True
20894,11,98,1600066610,203,203,1993-07-29,1993-08-04,1,0.028169014084506894,0.028169014084506894,0.028169014084506894,1,True
20894,12,98,1600066610,206,206,1993-08-19,1993-08-25,1,0.25070422535211256,0.25070422535211256,0.25070422535211256,1,True
20894,13,98,1600066610,209,209,1993-09-09,1993-09-15,1,0.44788732394366193,0.44788732394366193,0.44788732394366193,1,True
20894,14,98,1600066610,218,218,1993-11-11,1993-11-17,1,0.25070422535211256,0.25070422535211256,0.25070422535211256,1,True
20894,15,98,1600066610,226,226,1994-01-06,1994-01-12,1,0.5014084507042254,0.5014084507042254,0.5014084507042254,1,True
20894,16,98,1600066610,248,259,1994-06-09,1994-08-31,12,0.11725579913898769,0.09295774647887312,0.43943661971830983,12,True
20894,17,98,1600066610,261,261,1994-09-08,1994-09-14,1,0.2515527950310559,0.2515527950310559,0.2515527950310559,1,True
20894,18,98,1600066610,267,268,1994-10-20,1994-11-02,2,0.19875776397515532,0.19875776397515532,0.38198757763975155,2,True
20894,19,98,1600066610,314,315,1995-09-14,1995-09-27,2,0.2328358208955224,0.2328358208955224,0.4059701492537313,2,True
20894,20,98,1600066610,318,319,1995-10-12,1995-10-25,2,0.2776119402985075,0.2776119402985075,0.5014925373134329,2,True
20894,21,98,1600066610,326,326,1995-12-07,1995-12-13,1,0.4059701492537313,0.4059701492537313,0.4059701492537313,1,True
20894,22,98,1600066610,331,331,1996-01-11,1996-01-17,1,0.33134328358208953,0.33134328358208953,0.33134328358208953,1,True
20894,23,98,1600066610,341,341,1996-03-21,1996-03-27,1,0.4029850746268657,0.4029850746268657,0.4029850746268657,1,True
20894,24,98,1600066610,343,344,1996-04-04,1996-04-17,2,0.2298507462686567,0.2298507462686567,0.4059701492537313,2,True
20894,25,98,1600066610,353,356,1996-06-13,1996-07-10,4,0.3044776119402985,0.1970149253731343,0.6985074626865672,4,True
20894,26,98,1600066610,365,366,1996-09-05,1996-09-18,2,0.2776119402985075,0.2776119402985075,0.5014925373134329,2,True
21042,1,98,3800000110,112,112,1991-10-31,1991-11-06,1,0.030226700251889227,0.030226700251889227,0.030226700251889227,1,True
21042,2,98,3800000110,151,161,1992-07-30,1992-10-14,11,0.07536906678627647,0.07272727272727264,0.10303030303030303,11,True
21042,3,98,3800000110,340,340,1996-03-14,1996-03-20,1,0.07441860465116279,0.07441860465116279,0.07441860465116279,1,True
21042,4,98,3800000110,342,342,1996-03-28,1996-04-03,1,0.25116279069767433,0.25116279069767433,0.25116279069767433,1,True
21042,5,98,3800000110,352,352,1996-06-06,1996-06-12,1,0.46046511627906983,0.46046511627906983,0.46046511627906983,1,True
21044,1,98,3800000120,25,25,1990-03-01,1990-03-07,1,0.0052631578947368585,0.0052631578947368585,0.0052631578947368585,1,True
21044,2,98,3800000120,43,44,1990-07-05,1990-07-18,2,0.0357142857142857,0.0357142857142857,0.0357142857142857,2,True
21044,3,98,3800000120,55,55,1990-09-27,1990-10-03,1,0.0357142857142857,0.0357142857142857,0.0357142857142857,1,True
21044,4,98,3800000120,74,75,1991-02-07,1991-02-20,2,0.23979591836734693,0.23979591836734693,0.23979591836734693,2,True
21044,5,98,3800000120,88,88,1991-05-16,1991-05-22,1,0.0,0.0,0.0,1,True
21044,6,98,3800000120,90,90,1991-05-30,1991-06-05,1,0.0,0.0,0.0,1,True
21044,7,98,3800000120,107,107,1991-09-26,1991-10-02,1,0.0357142857142857,0.0357142857142857,0.0357142857142857,1,True
21044,8,98,3800000120,123,126,1992-01-16,1992-02-12,4,0.24999999999999997,0.21463414634146338,0.5512195121951219,4,True
21044,9,98,3800000120,139,139,1992-05-07,1992-05-13,1,0.029268292682926744,0.029268292682926744,0.029268292682926744,1,True
21044,10,98,3800000120,150,161,1992-07-23,1992-10-14,12,0.07677997541033009,0.07441860465116279,0.1209302325581395,12,True
21044,11,98,3800000120,187,189,1993-04-08,1993-04-28,3,0.019138755980861233,0.019138755980861233,0.019138755980861233,3,True
21044,12,98,3800000120,214,215,1993-10-14,1993-10-27,2,0.1025104602510461,0.1025104602510461,0.16736401673640167,2,True
21044,13,98,3800000120,226,227,1994-01-06,1994-01-19,2,0.26150627615062766,0.26150627615062766,0.502092050209205,2,True
21044,14,98,3800000120,234,235,1994-03-03,1994-03-16,2,0.4602510460251046,0.4602510460251046,0.5732217573221757,2,True
21044,15,98,3800000120,250,251,1994-06-23,1994-07-06,2,0.16021126760563376,0.16021126760563376,0.29929577464788726,2,True
21044,16,98,3800000120,266,267,1994-10-13,1994-10-26,2,0.3820422535211267,0.3820422535211267,0.6514084507042253,2,True
21044,17,98,3800000120,274,283,1994-12-08,1995-02-15,10,0.2626760563380281,0.29929577464788726,0.29929577464788726,10,True
21044,18,98,3800000120,321,321,1995-11-02,1995-11-08,1,0.3697183098591549,0.3697183098591549,0.3697183098591549,1,True
21044,19,98,3800000120,342,342,1996-03-28,1996-04-03,1,0.25,0.25,0.25,1,True
21044,20,98,3800000120,344,348,1996-04-11,1996-05-15,5,0.2704225352112675,0.20070422535211263,0.6514084507042253,5,True
21044,21,98,3800000120,352,352,1996-06-06,1996-06-12,1,0.352112676056338,0.352112676056338,0.352112676056338,1,True
21044,22,98,3800000120,358,359,1996-07-18,1996-07-31,2,0.30175438596491233,0.30175438596491233,0.30175438596491233,2,True
21044,23,98,3800000120,368,369,1996-09-26,1996-10-09,2,0.4157894736842106,0.4157894736842106,0.6456140350877193,2,True
21044,24,98,3800000120,372,376,1996-10-24,1996-11-27,5,0.26315789473684215,0.2701754385964912,0.29824561403508776,5,True
21044,25,98,3800000120,386,389,1997-01-30,1997-02-26,4,0.2070175438596491,0.22807017543859642,0.3052631578947369,4,True
21044,26,98,3800000120,391,391,1997-03-06,1997-03-12,1,0.05964912280701751,0.05964912280701751,0.05964912280701751,1,True
21045,1,98,3800000127,7,7,1989-10-26,1989-11-01,1,0.0,0.0,0.0,1,True
21045,2,98,3800000127,36,38,1990-05-17,1990-06-06,3,0.08399999999999996,0.08399999999999996,0.08399999999999996,3,True
21045,3,98,3800000127,56,56,1990-10-04,1990-10-10,1,0.604,0.604,0.604,1,True
21045,4,98,3800000127,82,85,1991-04-04,1991-05-01,4,0.06299999999999997,0.08399999999999996,0.08399999999999996,4,True
21045,5,98,3800000127,131,132,1992-03-12,1992-03-25,2,0.0352941176470587,0.0352941176470587,0.039215686274509665,2,True
21045,6,98,3800000127,154,163,1992-08-20,1992-10-28,10,0.0740535720606911,0.07267221801665391,0.11809235427706277,10,True
21045,7,98,3800000127,180,182,1993-02-18,1993-03-10,3,0.08032128514056236,0.0200803212851407,0.20080321285140568,3,True
21045,8,98,3800000127,197,197,1993-06-17,1993-06-23,1,0.04371584699453557,0.04371584699453557,0.04371584699453557,1,True
21045,9,98,3800000127,208,209,1993-09-02,1993-09-15,2,0.2389628591450596,0.2389628591450596,0.4779257182901192,2,True
21045,10,98,3800000127,228,229,1994-01-20,1994-02-02,2,0.2370820668693009,0.2370820668693009,0.43465045592705165,2,True
21045,11,98,3800000127,245,245,1994-05-19,1994-05-25,1,0.30395136778115506,0.30395136778115506,0.30395136778115506,1,True
21045,12,98,3800000127,256,257,1994-08-04,1994-08-17,2,0.2722063037249285,0.2722063037249285,0.5014326647564471,2,True
21045,13,98,3800000127,333,333,1996-01-25,1996-01-31,1,0.27507163323782247,0.27507163323782247,0.27507163323782247,1,True
21045,14,98,3800000127,342,342,1996-03-28,1996-04-03,1,0.25214899713467054,0.25214899713467054,0.25214899713467054,1,True
21045,15,98,3800000127,346,346,1996-04-25,1996-05-01,1,0.28653295128939826,0.28653295128939826,0.28653295128939826,1,True
21045,16,98,3800000127,352,352,1996-06-06,1996-06-12,1,0.28653295128939826,0.28653295128939826,0.28653295128939826,1,True
21045,17,98,3800000127,363,363,1996-08-22,1996-08-28,1,0.4269340974212035,0.4269340974212035,0.4269340974212035,1,True
21045,18,98,3800000127,379,379,1996-12-12,1996-12-18,1,0.28939828080229235,0.28939828080229235,0.28939828080229235,1,True
21045,19,98,3800000127,390,390,1997-02-27,1997-03-05,1,0.14613180515759316,0.14613180515759316,0.14613180515759316,1,True
21045,20,98,3800000127,397,397,1997-04-17,1997-04-23,1,0.28653295128939826,0.28653295128939826,0.28653295128939826,1,True
21067,1,98,3800001520,24,24,1990-02-22,1990-02-28,1,0.4459016393442623,0.4459016393442623,0.4459016393442623,1,True
21067,2,98,3800001520,49,49,1990-08-16,1990-08-22,1,0.022222222222222143,0.022222222222222143,0.022222222222222143,1,True
21067,3,98,3800001520,51,51,1990-08-30,1990-09-05,1,0.022222222222222143,0.022222222222222143,0.022222222222222143,1,True
21067,4,98,3800001520,55,56,1990-09-27,1990-10-10,2,0.3682539682539683,0.3682539682539683,0.3682539682539683,2,True
21067,5,98,3800001520,76,76,1991-02-21,1991-02-27,1,0.027439024390243816,0.027439024390243816,0.027439024390243816,1,True
21067,6,98,3800001520,87,87,1991-05-09,1991-05-15,1,0.0,0.0,0.0,1,True
21067,7,98,3800001520,123,126,1992-01-16,1992-02-12,4,0.01843657817109151,0.014749262536873253,0.029498525073746285,4,True
21067,8,98,3800001520,144,144,1992-06-11,1992-06-17,1,0.029498525073746285,0.029498525073746285,0.029498525073746285,1,True
21067,9,98,3800001520,156,156,1992-09-03,1992-09-09,1,0.041297935103244865,0.041297935103244865,0.041297935103244865,1,True
21067,10,98,3800001520,186,186,1993-04-01,1993-04-07,1,0.05487804878048774,0.05487804878048774,0.05487804878048774,1,True
21067,11,98,3800001520,204,205,1993-08-05,1993-08-18,2,0.03481894150417825,0.03481894150417825,0.03899721448467963,2,True
21067,12,98,3800001520,220,220,1993-11-25,1993-12-01,1,0.19269454737956593,0.19269454737956593,0.19269454737956593,1,True
21067,13,98,3800001520,230,233,1994-02-03,1994-03-02,4,0.26817042606516295,0.26817042606516295,0.4837092731829574,4,True
21067,14,98,3800001520,257,257,1994-08-11,1994-08-17,1,0.03389830508474567,0.03389830508474567,0.03389830508474567,1,True
21067,15,98,3800001520,336,338,1996-02-15,1996-03-06,3,0.34866828087167073,0.5157384987893463,0.5157384987893463,3,True
21067,16,98,3800001520,342,342,1996-03-28,1996-04-03,1,0.2518159806295399,0.2518159806295399,0.2518159806295399,1,True
21067,17,98,3800001520,352,352,1996-06-06,1996-06-12,1,0.24213075060532685,0.24213075060532685,0.24213075060532685,1,True
21067,18,98,3800001520,354,357,1996-06-20,1996-07-17,4,0.1906779661016949,0.16222760290556903,0.2760290556900725,4,True
21067,19,98,3800001520,361,369,1996-08-08,1996-10-09,9,0.2822168415388754,0.15496368038740915,0.7578692493946732,9,True
21067,20,98,3800001520,372,372,1996-10-24,1996-10-30,1,0.3680387409200969,0.3680387409200969,0.3680387409200969,1,True
21067,21,98,3800001520,384,385,1997-01-16,1997-01-29,2,0.21060171919770787,0.21060171919770787,0.2836676217765044,2,True
21070,1,98,3800001611,17,17,1990-01-04,1990-01-10,1,0.01673640167364021,0.01673640167364021,0.01673640167364021,1,True
21070,2,98,3800001611,110,110,1991-10-17,1991-10-23,1,0.021818181818181848,0.021818181818181848,0.021818181818181848,1,True
21070,3,98,3800001611,126,126,1992-02-06,1992-02-12,1,0.036363636363636376,0.036363636363636376,0.036363636363636376,1,True
21070,4,98,3800001611,151,161,1992-07-30,1992-10-14,11,0.07653173816740631,0.07205982324949023,0.11284840244731487,11,True
21070,5,98,3800001611,178,178,1993-02-04,1993-02-10,1,0.05128205128205132,0.05128205128205132,0.05128205128205132,1,True
21070,6,98,3800001611,191,191,1993-05-06,1993-05-12,1,0.21843003412969286,0.21843003412969286,0.21843003412969286,1,True
21070,7,98,3800001611,226,227,1994-01-06,1994-01-19,2,0.3557993730407523,0.3557993730407523,0.37617554858934166,2,True
21070,8,98,3800001611,229,229,1994-01-27,1994-02-02,1,0.056426332288401326,0.056426332288401326,0.056426332288401326,1,True
21070,9,98,3800001611,246,247,1994-05-26,1994-06-08,2,0.21752265861027192,0.21752265861027192,0.3987915407854985,2,True
21070,10,98,3800001611,332,332,1996-01-18,1996-01-24,1,0.3987915407854985,0.3987915407854985,0.3987915407854985,1,True
21070,11,98,3800001611,342,342,1996-03-28,1996-04-03,1,0.25075528700906347,0.25075528700906347,0.25075528700906347,1,True
21070,12,98,3800001611,352,352,1996-06-06,1996-06-12,1,0.3021148036253777,0.3021148036253777,0.3021148036253777,1,True
21070,13,98,3800001611,383,383,1997-01-09,1997-01-15,1,0.10746268656716418,0.10746268656716418,0.10746268656716418,1,True
22154,1,102,1600066510,66,66,1990-12-13,1990-12-19,1,0.0,0.0,0.0,1,True
22154,2,102,1600066510,117,118,1991-12-05,1991-12-18,2,0.03493449781659391,0.03493449781659391,0.04366812227074235,2,True
22154,3,102,1600066510,140,142,1992-05-14,1992-06-03,3,0.05385735080058226,0.06113537117903933,0.06113537117903933,3,True
22154,4,102,1600066510,152,152,1992-08-06,1992-08-12,1,0.02092050209205032,0.02092050209205032,0.02092050209205032,1,True
22154,5,102,1600066510,155,156,1992-08-27,1992-09-09,2,0.09205020920502088,0.09205020920502088,0.09623430962343094,2,True
22154,6,102,1600066510,186,187,1993-04-01,1993-04-14,2,0.2530120481927711,0.2530120481927711,0.2530120481927711,2,True
22154,7,102,1600066510,194,204,1993-05-27,1993-08-11,11,0.09730122837390622,0.05622489959839361,0.5080645161290323,11,True
22154,8,102,1600066510,206,206,1993-08-19,1993-08-25,1,0.25106382978723407,0.25106382978723407,0.25106382978723407,1,True
22154,9,102,1600066510,208,208,1993-09-02,1993-09-08,1,0.2085106382978723,0.2085106382978723,0.2085106382978723,1,True
22154,10,102,1600066510,218,218,1993-11-11,1993-11-17,1,0.25106382978723407,0.25106382978723407,0.25106382978723407,1,True
22154,11,102,1600066510,244,245,1994-05-12,1994-05-25,2,0.23617021276595745,0.23617021276595745,0.4723404255319149,2,True
22154,12,102,1600066510,261,261,1994-09-08,1994-09-14,1,0.2468085106382979,0.2468085106382979,0.2468085106382979,1,True
22154,13,102,1600066510,266,266,1994-10-13,1994-10-19,1,0.008510638297872353,0.008510638297872353,0.008510638297872353,1,True
22154,14,102,1600066510,318,318,1995-10-12,1995-10-18,1,0.5021276595744681,0.5021276595744681,0.5021276595744681,1,True
22154,15,102,1600066510,331,331,1996-01-11,1996-01-17,1,0.3319148936170213,0.3319148936170213,0.3319148936170213,1,True
22154,16,102,1600066510,355,355,1996-06-27,1996-07-03,1,0.25106382978723407,0.25106382978723407,0.25106382978723407,1,True
22155,1,102,1600066590,21,21,1990-02-01,1990-02-07,1,0.40701754385964917,0.40701754385964917,0.40701754385964917,1,True
22155,2,102,1600066590,57,57,1990-10-11,1990-10-17,1,0.056140350877193046,0.056140350877193046,0.056140350877193046,1,True
22155,3,102,1600066590,81,81,1991-03-28,1991-04-03,1,0.0,0.0,0.0,1,True
22155,4,102,1600066590,84,84,1991-04-18,1991-04-24,1,0.11803278688524588,0.11803278688524588,0.11803278688524588,1,True
22155,5,102,1600066590,108,108,1991-10-03,1991-10-09,1,0.032786885245901565,0.032786885245901565,0.032786885245901565,1,True
22155,6,102,1600066590,152,152,1992-08-06,1992-08-12,1,0.015197568389057725,0.015197568389057725,0.015197568389057725,1,True
22155,7,102,1600066590,156,156,1992-09-03,1992-09-09,1,0.06990881458966569,0.06990881458966569,0.06990881458966569,1,True
22155,8,102,1600066590,160,160,1992-10-01,1992-10-07,1,0.48328267477203646,0.48328267477203646,0.48328267477203646,1,True
22155,9,102,1600066590,177,177,1993-01-28,1993-02-03,1,0.09118541033434646,0.09118541033434646,0.09118541033434646,1,True
22155,10,102,1600066590,186,187,1993-04-01,1993-04-14,2,0.25070422535211256,0.25070422535211256,0.25070422535211256,2,True
22155,11,102,1600066590,194,204,1993-05-27,1993-08-11,11,0.07281007158983957,0.07323943661971821,0.07323943661971821,11,True
22155,12,102,1600066590,206,206,1993-08-19,1993-08-25,1,0.2522796352583587,0.2522796352583587,0.2522796352583587,1,True
22155,13,102,1600066590,209,210,1993-09-09,1993-09-22,2,0.243161094224924,0.243161094224924,0.4650455927051672,2,True
22155,14,102,1600066590,218,218,1993-11-11,1993-11-17,1,0.2492401215805471,0.2492401215805471,0.2492401215805471,1,True
22155,15,102,1600066590,226,226,1994-01-06,1994-01-12,1,0.5015197568389058,0.5015197568389058,0.5015197568389058,1,True
22155,16,102,1600066590,236,237,1994-03-17,1994-03-30,2,0.31458966565349544,0.31458966565349544,0.5015197568389058,2,True
22155,17,102,1600066590,261,261,1994-09-08,1994-09-14,1,0.2507836990595611,0.2507836990595611,0.2507836990595611,1,True
22155,18,102,1600066590,267,268,1994-10-20,1994-11-02,2,0.1943573667711599,0.1943573667711599,0.3699059561128527,2,True
22155,19,102,1600066590,314,314,1995-09-14,1995-09-20,1,0.38769230769230767,0.38769230769230767,0.38769230769230767,1,True
22155,20,102,1600066590,318,319,1995-10-12,1995-10-25,2,0.31076923076923074,0.31076923076923074,0.5015384615384615,2,True
22155,21,102,1600066590,331,332,1996-01-11,1996-01-24,2,0.36,0.36,0.38769230769230767,2,True
22155,22,102,1600066590,341,342,1996-03-21,1996-04-03,2,0.22000000000000003,0.22000000000000003,0.3846153846153846,2,True
22155,23,102,1600066590,346,347,1996-04-25,1996-05-08,2,0.22615384615384615,0.22615384615384615,0.3846153846153846,2,True
22155,24,102,1600066590,353,356,1996-06-13,1996-07-10,4,0.27999999999999997,0.19999999999999996,0.6553846153846153,4,True
22155,25,102,1600066590,365,365,1996-09-05,1996-09-11,1,0.5015384615384615,0.5015384615384615,0.5015384615384615,1,True
22155,26,102,1600066590,392,393,1997-03-13,1997-03-26,2,0.03999999999999998,0.03999999999999998,0.07999999999999996,2,True
22156,1,102,1600066610,21,21,1990-02-01,1990-02-07,1,0.0,0.0,0.0,1,True
22156,2,102,1600066610,28,28,1990-03-22,1990-03-28,1,0.08620689655172409,0.08620689655172409,0.08620689655172409,1,True
22156,3,102,1600066610,52,52,1990-09-06,1990-09-12,1,0.037931034482758585,0.037931034482758585,0.037931034482758585,1,True
22156,4,102,1600066610,108,109,1991-10-03,1991-10-16,2,0.027508090614886627,0.027508090614886627,0.032362459546925404,2,True
22156,5,102,1600066610,123,123,1992-01-16,1992-01-22,1,0.012539184952978122,0.012539184952978122,0.012539184952978122,1,True
22156,6,102,1600066610,146,147,1992-06-25,1992-07-08,2,0.01846153846153853,0.01846153846153853,0.01846153846153853,2,True
22156,7,102,1600066610,151,152,1992-07-30,1992-08-12,2,0.06769230769230766,0.06769230769230766,0.12,2,True
22156,8,102,1600066610,155,156,1992-08-27,1992-09-09,2,0.0615384615384616,0.0615384615384616,0.06769230769230772,2,True
22156,9,102,1600066610,177,177,1993-01-28,1993-02-03,1,0.0492307692307693,0.0492307692307693,0.0492307692307693,1,True
22156,10,102,1600066610,185,187,1993-03-25,1993-04-14,3,0.18377321603128063,0.2521994134897362,0.2521994134897362,3,True
22156,11,102,1600066610,190,191,1993-04-29,1993-05-12,2,0.29912023460410564,0.29912023460410564,0.49853372434017595,2,True
22156,12,102,1600066610,193,193,1993-05-20,1993-05-26,1,0.4780058651026393,0.4780058651026393,0.4780058651026393,1,True
22156,13,102,1600066610,206,206,1993-08-19,1993-08-25,1,0.27647058823529413,0.27647058823529413,0.27647058823529413,1,True
22156,14,102,1600066610,209,209,1993-09-09,1993-09-15,1,0.4772036474164134,0.4772036474164134,0.4772036474164134,1,True
22156,15,102,1600066610,218,218,1993-11-11,1993-11-17,1,0.2522796352583587,0.2522796352583587,0.2522796352583587,1,True
22156,16,102,1600066610,226,227,1994-01-06,1994-01-19,2,0.28419452887538,0.28419452887538,0.5015197568389058,2,True
22156,17,102,1600066610,250,250,1994-06-23,1994-06-29,1,0.39209726443769,0.39209726443769,0.39209726443769,1,True
22156,18,102,1600066610,261,261,1994-09-08,1994-09-14,1,0.2515527950310559,0.2515527950310559,0.2515527950310559,1,True
22156,19,102,1600066610,267,268,1994-10-20,1994-11-02,2,0.2282608695652174,0.2282608695652174,0.38198757763975155,2,True
22156,20,102,1600066610,314,314,1995-09-14,1995-09-20,1,0.4059701492537313,0.4059701492537313,0.4059701492537313,1,True
22156,21,102,1600066610,318,319,1995-10-12,1995-10-25,2,0.28656716417910455,0.28656716417910455,0.5014925373134329,2,True
22156,22,102,1600066610,326,327,1995-12-07,1995-12-20,2,0.22835820895522385,0.22835820895522385,0.4059701492537313,2,True
22156,23,102,1600066610,331,331,1996-01-11,1996-01-17,1,0.33134328358208953,0.33134328358208953,0.33134328358208953,1,True
22156,24,102,1600066610,341,341,1996-03-21,1996-03-27,1,0.4029850746268657,0.4029850746268657,0.4029850746268657,1,True
22156,25,102,1600066610,343,343,1996-04-04,1996-04-10,1,0.4059701492537313,0.4059701492537313,0.4059701492537313,1,True
22156,26,102,1600066610,353,353,1996-06-13,1996-06-19,1,0.6925373134328359,0.6925373134328359,0.6925373134328359,1,True
22156,27,102,1600066610,355,355,1996-06-27,1996-07-03,1,0.24776119402985075,0.24776119402985075,0.24776119402985075,1,True
22156,28,102,1600066610,365,366,1996-09-05,1996-09-18,2,0.28656716417910455,0.28656716417910455,0.5014925373134329,2,True
22302,1,102,3800000110,112,112,1991-10-31,1991-11-06,1,0.03144654088050314,0.03144654088050314,0.03144654088050314,1,True
22302,2,102,3800000110,155,156,1992-08-27,1992-09-09,2,0.06969696969696965,0.06969696969696965,0.07878787878787874,2,True
22302,3,102,3800000110,340,340,1996-03-14,1996-03-20,1,0.07441860465116279,0.07441860465116279,0.07441860465116279,1,True
22302,4,102,3800000110,342,342,1996-03-28,1996-04-03,1,0.25116279069767433,0.25116279069767433,0.25116279069767433,1,True
22302,5,102,3800000110,352,352,1996-06-06,1996-06-12,1,0.4651162790697675,0.4651162790697675,0.4651162790697675,1,True
22303,1,102,3800000120,25,25,1990-03-01,1990-03-07,1,0.0052631578947368585,0.0052631578947368585,0.0052631578947368585,1,True
22303,2,102,3800000120,43,44,1990-07-05,1990-07-18,2,0.0357142857142857,0.0357142857142857,0.0357142857142857,2,True
22303,3,102,3800000120,74,75,1991-02-07,1991-02-20,2,0.23979591836734693,0.23979591836734693,0.23979591836734693,2,True
22303,4,102,3800000120,88,88,1991-05-16,1991-05-22,1,0.0,0.0,0.0,1,True
22303,5,102,3800000120,90,90,1991-05-30,1991-06-05,1,0.0,0.0,0.0,1,True
22303,6,102,3800000120,107,107,1991-09-26,1991-10-02,1,0.0357142857142857,0.0357142857142857,0.0357142857142857,1,True
22303,7,102,3800000120,123,126,1992-01-16,1992-02-12,4,0.2731707317073171,0.26097560975609757,0.5512195121951219,4,True
22303,8,102,3800000120,139,139,1992-05-07,1992-05-13,1,0.029268292682926744,0.029268292682926744,0.029268292682926744,1,True
22303,9,102,3800000120,152,152,1992-08-06,1992-08-12,1,0.04651162790697683,0.04651162790697683,0.04651162790697683,1,True
22303,10,102,3800000120,155,156,1992-08-27,1992-09-09,2,0.086046511627907,0.086046511627907,0.10697674418604652,2,True
22303,11,102,3800000120,174,174,1993-01-07,1993-01-13,1,0.07441860465116279,0.07441860465116279,0.07441860465116279,1,True
22303,12,102,3800000120,176,178,1993-01-21,1993-02-10,3,0.018604651162790753,0.018604651162790753,0.018604651162790753,3,True
22303,13,102,3800000120,185,185,1993-03-25,1993-03-31,1,0.04888888888888887,0.04888888888888887,0.04888888888888887,1,True
22303,14,102,3800000120,187,189,1993-04-08,1993-04-28,3,0.01777777777777778,0.01777777777777778,0.01777777777777778,3,True
22303,15,102,3800000120,214,215,1993-10-14,1993-10-27,2,0.06666666666666665,0.06666666666666665,0.11555555555555552,2,True
22303,16,102,3800000120,226,227,1994-01-06,1994-01-19,2,0.3117154811715481,0.3117154811715481,0.502092050209205,2,True
22303,17,102,3800000120,235,235,1994-03-10,1994-03-16,1,0.5606694560669456,0.5606694560669456,0.5606694560669456,1,True
22303,18,102,3800000120,250,251,1994-06-23,1994-07-06,2,0.16725352112676045,0.16725352112676045,0.29929577464788726,2,True
22303,19,102,3800000120,266,267,1994-10-13,1994-10-26,2,0.42605633802816895,0.42605633802816895,0.6443661971830985,2,True
22303,20,102,3800000120,274,275,1994-12-08,1994-12-21,2,0.28697183098591544,0.28697183098591544,0.29929577464788726,2,True
22303,21,102,3800000120,321,321,1995-11-02,1995-11-08,1,0.3697183098591549,0.3697183098591549,0.3697183098591549,1,True
22303,22,102,3800000120,342,342,1996-03-28,1996-04-03,1,0.25,0.25,0.25,1,True
22303,23,102,3800000120,344,345,1996-04-11,1996-04-24,2,0.4119718309859154,0.4119718309859154,0.6514084507042253,2,True
22303,24,102,3800000120,352,352,1996-06-06,1996-06-12,1,0.352112676056338,0.352112676056338,0.352112676056338,1,True
22303,25,102,3800000120,359,359,1996-07-25,1996-07-31,1,0.30175438596491233,0.30175438596491233,0.30175438596491233,1,True
22303,26,102,3800000120,368,368,1996-09-26,1996-10-02,1,0.6491228070175439,0.6491228070175439,0.6491228070175439,1,True
22303,27,102,3800000120,386,387,1997-01-30,1997-02-12,2,0.15087719298245617,0.15087719298245617,0.30175438596491233,2,True
22304,1,102,3800000127,7,7,1989-10-26,1989-11-01,1,0.0,0.0,0.0,1,True
22304,2,102,3800000127,36,38,1990-05-17,1990-06-06,3,0.08399999999999996,0.08399999999999996,0.08399999999999996,3,True
22304,3,102,3800000127,56,56,1990-10-04,1990-10-10,1,0.604,0.604,0.604,1,True
22304,4,102,3800000127,82,85,1991-04-04,1991-05-01,4,0.06299999999999997,0.08399999999999996,0.08399999999999996,4,True
22304,5,102,3800000127,131,132,1992-03-12,1992-03-25,2,0.033333333333333215,0.033333333333333215,0.039215686274509665,2,True
22304,6,102,3800000127,155,156,1992-08-27,1992-09-09,2,0.09245283018867917,0.09245283018867917,0.10943396226415092,2,True
22304,7,102,3800000127,158,158,1992-09-17,1992-09-23,1,0.07547169811320742,0.07547169811320742,0.07547169811320742,1,True
22304,8,102,3800000127,180,182,1993-02-18,1993-03-10,3,0.09308176100628922,0.01886792452830177,0.24905660377358485,3,True
22304,9,102,3800000127,197,197,1993-06-17,1993-06-23,1,0.07825432656132425,0.07825432656132425,0.07825432656132425,1,True
22304,10,102,3800000127,208,208,1993-09-02,1993-09-08,1,0.45896877269426295,0.45896877269426295,0.45896877269426295,1,True
22304,11,102,3800000127,228,228,1994-01-20,1994-01-26,1,0.48024316109422494,0.48024316109422494,0.48024316109422494,1,True
22304,12,102,3800000127,245,246,1994-05-19,1994-06-01,2,0.17021276595744683,0.17021276595744683,0.30395136778115506,2,True
22304,13,102,3800000127,256,257,1994-08-04,1994-08-17,2,0.349570200573066,0.349570200573066,0.5014326647564471,2,True
22304,14,102,3800000127,333,333,1996-01-25,1996-01-31,1,0.2836676217765044,0.2836676217765044,0.2836676217765044,1,True
22304,15,102,3800000127,341,342,1996-03-21,1996-04-03,2,0.2736389684813754,0.2736389684813754,0.2951289398280803,2,True
22304,16,102,3800000127,346,346,1996-04-25,1996-05-01,1,0.28653295128939826,0.28653295128939826,0.28653295128939826,1,True
22304,17,102,3800000127,352,353,1996-06-06,1996-06-19,2,0.17621776504297998,0.17621776504297998,0.28653295128939826,2,True
22304,18,102,3800000127,363,364,1996-08-22,1996-09-04,2,0.2449856733524356,0.2449856733524356,0.4269340974212035,2,True
22304,19,102,3800000127,379,379,1996-12-12,1996-12-18,1,0.28653295128939826,0.28653295128939826,0.28653295128939826,1,True
22304,20,102,3800000127,390,390,1997-02-27,1997-03-05,1,0.14326647564469908,0.14326647564469908,0.14326647564469908,1,True
22304,21,102,3800000127,397,397,1997-04-17,1997-04-23,1,0.28653295128939826,0.28653295128939826,0.28653295128939826,1,True
22326,1,102,3800001520,24,24,1990-02-22,1990-02-28,1,0.3475409836065574,0.3475409836065574,0.3475409836065574,1,True
22326,2,102,3800001520,49,49,1990-08-16,1990-08-22,1,0.022222222222222143,0.022222222222222143,0.022222222222222143,1,True
22326,3,102,3800001520,51,51,1990-08-30,1990-09-05,1,0.022222222222222143,0.022222222222222143,0.022222222222222143,1,True
22326,4,102,3800001520,56,56,1990-10-04,1990-10-10,1,0.3682539682539683,0.3682539682539683,0.3682539682539683,1,True
22326,5,102,3800001520,76,76,1991-02-21,1991-02-27,1,0.027439024390243816,0.027439024390243816,0.027439024390243816,1,True
22326,6,102,3800001520,87,87,1991-05-09,1991-05-15,1,0.0,0.0,0.0,1,True
22326,7,102,3800001520,123,126,1992-01-16,1992-02-12,4,0.01843657817109151,0.014749262536873253,0.029498525073746285,4,True
22326,8,102,3800001520,144,144,1992-06-11,1992-06-17,1,0.029498525073746285,0.029498525073746285,0.029498525073746285,1,True
22326,9,102,3800001520,156,156,1992-09-03,1992-09-09,1,0.06197183098591541,0.06197183098591541,0.06197183098591541,1,True
22326,10,102,3800001520,161,161,1992-10-08,1992-10-14,1,0.0,0.0,0.0,1,True
22326,11,102,3800001520,163,164,1992-10-22,1992-11-04,2,0.07183098591549292,0.07183098591549292,0.07605633802816902,2,True
22326,12,102,3800001520,171,173,1992-12-17,1993-01-06,3,0.016901408450704092,0.016901408450704092,0.016901408450704092,3,True
22326,13,102,3800001520,176,176,1993-01-21,1993-01-27,1,0.07605633802816902,0.07605633802816902,0.07605633802816902,1,True
22326,14,102,3800001520,220,220,1993-11-25,1993-12-01,1,0.1119054165521034,0.1119054165521034,0.1119054165521034,1,True
22326,15,102,3800001520,230,233,1994-02-03,1994-03-02,4,0.286967418546366,0.286967418546366,0.4862155388471179,4,True
22326,16,102,3800001520,256,257,1994-08-04,1994-08-17,2,0.03268765133171908,0.03268765133171908,0.03389830508474567,2,True
22326,17,102,3800001520,336,339,1996-02-15,1996-03-13,4,0.30932203389830515,0.3523002421307506,0.5157384987893463,4,True
22326,18,102,3800001520,342,342,1996-03-28,1996-04-03,1,0.2518159806295399,0.2518159806295399,0.2518159806295399,1,True
22326,19,102,3800001520,352,357,1996-06-06,1996-07-17,6,0.178773204196933,0.16222760290556903,0.2760290556900725,6,True
22326,20,102,3800001520,361,369,1996-08-08,1996-10-09,9,0.2698412698412698,0.15496368038740915,0.7554479418886199,9,True
22326,21,102,3800001520,372,372,1996-10-24,1996-10-30,1,0.3680387409200969,0.3680387409200969,0.3680387409200969,1,True
22326,22,102,3800001520,384,385,1997-01-16,1997-01-29,2,0.1418338108882522,0.1418338108882522,0.2836676217765044,2,True
22329,1,102,3800001611,17,17,1990-01-04,1990-01-10,1,0.01673640167364021,0.01673640167364021,0.01673640167364021,1,True
22329,2,102,3800001611,110,110,1991-10-17,1991-10-23,1,0.021818181818181848,0.021818181818181848,0.021818181818181848,1,True
22329,3,102,3800001611,126,126,1992-02-06,1992-02-12,1,0.036363636363636376,0.036363636363636376,0.036363636363636376,1,True
22329,4,102,3800001611,151,151,1992-07-30,1992-08-05,1,0.11525423728813566,0.11525423728813566,0.11525423728813566,1,True
22329,5,102,3800001611,155,156,1992-08-27,1992-09-09,2,0.06271186440677973,0.06271186440677973,0.06779661016949157,2,True
22329,6,102,3800001611,175,178,1993-01-14,1993-02-10,4,0.05254237288135599,0.0355932203389831,0.12203389830508482,4,True
22329,7,102,3800001611,191,191,1993-05-06,1993-05-12,1,0.27301587301587293,0.27301587301587293,0.27301587301587293,1,True
22329,8,102,3800001611,196,206,1993-06-10,1993-08-25,11,0.08124365176056299,0.08253968253968247,0.08253968253968247,11,True
22329,9,102,3800001611,226,227,1994-01-06,1994-01-19,2,0.25316455696202533,0.25316455696202533,0.3670886075949368,2,True
22329,10,102,3800001611,246,247,1994-05-26,1994-06-08,2,0.20996978851963743,0.20996978851963743,0.3987915407854985,2,True
22329,11,102,3800001611,332,332,1996-01-18,1996-01-24,1,0.3987915407854985,0.3987915407854985,0.3987915407854985,1,True
22329,12,102,3800001611,342,342,1996-03-28,1996-04-03,1,0.25075528700906347,0.25075528700906347,0.25075528700906347,1,True
22329,13,102,3800001611,352,352,1996-06-06,1996-06-12,1,0.3021148036253777,0.3021148036253777,0.3021148036253777,1,True
22329,14,102,3800001611,383,383,1997-01-09,1997-01-15,1,0.10746268656716418,0.10746268656716418,0.10746268656716418,1,True
24708,1,109,1600066510,66,66,1990-12-13,1990-12-19,1,0.0,0.0,0.0,1,True
24708,2,109,1600066510,117,118,1991-12-05,1991-12-18,2,0.08368200836820094,0.08368200836820094,0.08368200836820094,2,True
24708,3,109,1600066510,140,142,1992-05-14,1992-06-03,3,0.10041841004184104,0.10041841004184104,0.10041841004184104,3,True
24708,4,109,1600066510,152,152,1992-08-06,1992-08-12,1,0.0,0.0,0.0,1,True
24708,5,109,1600066510,156,156,1992-09-03,1992-09-09,1,0.1992337164750958,0.1992337164750958,0.1992337164750958,1,True
24708,6,109,1600066510,186,187,1993-04-01,1993-04-14,2,0.2509225092250923,0.2509225092250923,0.2509225092250923,2,True
24708,7,109,1600066510,204,209,1993-08-05,1993-09-15,6,0.2383087356314736,0.18346198896431032,0.5044378698224852,6,True
24708,8,109,1600066510,218,218,1993-11-11,1993-11-17,1,0.2528301886792452,0.2528301886792452,0.2528301886792452,1,True
24708,9,109,1600066510,241,241,1994-04-21,1994-04-27,1,0.48679245283018857,0.48679245283018857,0.48679245283018857,1,True
24708,10,109,1600066510,244,245,1994-05-12,1994-05-25,2,0.23018867924528302,0.23018867924528302,0.46037735849056605,2,True
24708,11,109,1600066510,251,251,1994-06-30,1994-07-06,1,0.08679245283018866,0.08679245283018866,0.08679245283018866,1,True
24708,12,109,1600066510,261,261,1994-09-08,1994-09-14,1,0.2528301886792452,0.2528301886792452,0.2528301886792452,1,True
24708,13,109,1600066510,266,266,1994-10-13,1994-10-19,1,0.0037735849056602655,0.0037735849056602655,0.0037735849056602655,1,True
24708,14,109,1600066510,318,318,1995-10-12,1995-10-18,1,0.5018867924528301,0.5018867924528301,0.5018867924528301,1,True
24708,15,109,1600066510,331,331,1996-01-11,1996-01-17,1,0.33207547169811313,0.33207547169811313,0.33207547169811313,1,True
24708,16,109,1600066510,355,355,1996-06-27,1996-07-03,1,0.2528301886792452,0.2528301886792452,0.2528301886792452,1,True
24709,1,109,1600066590,21,21,1990-02-01,1990-02-07,1,0.4512987012987013,0.4512987012987013,0.4512987012987013,1,True
24709,2,109,1600066590,57,57,1990-10-11,1990-10-17,1,0.10033444816053516,0.10033444816053516,0.10033444816053516,1,True
24709,3,109,1600066590,81,81,1991-03-28,1991-04-03,1,0.0,0.0,0.0,1,True
24709,4,109,1600066590,84,84,1991-04-18,1991-04-24,1,0.15673981191222575,0.15673981191222575,0.15673981191222575,1,True
24709,5,109,1600066590,107,108,1991-09-26,1991-10-09,2,0.037617554858934144,0.037617554858934144,0.07523510971786829,2,True
24709,6,109,1600066590,118,118,1991-12-12,1991-12-18,1,0.0,0.0,0.0,1,True
24709,7,109,1600066590,120,120,1991-12-26,1992-01-01,1,0.0,0.0,0.0,1,True
24709,8,109,1600066590,122,123,1992-01-09,1992-01-22,2,0.021276595744680882,0.021276595744680882,0.042553191489361764,2,True
24709,9,109,1600066590,138,138,1992-04-30,1992-05-06,1,0.0,0.0,0.0,1,True
24709,10,109,1600066590,152,152,1992-08-06,1992-08-12,1,0.0,0.0,0.0,1,True
24709,11,109,1600066590,156,156,1992-09-03,1992-09-09,1,0.19034852546916892,0.19034852546916892,0.19034852546916892,1,True
24709,12,109,1600066590,160,160,1992-10-01,1992-10-07,1,0.11796246648793562,0.11796246648793562,0.11796246648793562,1,True
24709,13,109,1600066590,177,177,1993-01-28,1993-02-03,1,0.19839142091152806,0.19839142091152806,0.19839142091152806,1,True
24709,14,109,1600066590,186,187,1993-04-01,1993-04-14,2,0.2506265664160401,0.2506265664160401,0.2506265664160401,2,True
24709,15,109,1600066590,194,203,1993-05-27,1993-08-04,10,0.05864661654135338,0.05012531328320802,0.13533834586466165,10,True
24709,16,109,1600066590,206,206,1993-08-19,1993-08-25,1,0.29815303430079154,0.29815303430079154,0.29815303430079154,1,True
24709,17,109,1600066590,209,209,1993-09-09,1993-09-15,1,0.4617414248021108,0.4617414248021108,0.4617414248021108,1,True
24709,18,109,1600066590,218,218,1993-11-11,1993-11-17,1,0.25065963060686025,0.25065963060686025,0.25065963060686025,1,True
24709,19,109,1600066590,220,229,1993-11-25,1994-02-02,10,0.16384872001719092,0.1187335092348285,0.5593667546174143,10,True
24709,20,109,1600066590,236,237,1994-03-17,1994-03-30,2,0.2934131736526946,0.2934131736526946,0.5,2,True
24709,21,109,1600066590,261,261,1994-09-08,1994-09-14,1,0.25077399380804954,0.25077399380804954,0.25077399380804954,1,True
24709,22,109,1600066590,267,267,1994-10-20,1994-10-26,1,0.38390092879256965,0.38390092879256965,0.38390092879256965,1,True
24709,23,109,1600066590,280,280,1995-01-19,1995-01-25,1,0.3529411764705883,0.3529411764705883,0.3529411764705883,1,True
24709,24,109,1600066590,314,314,1995-09-14,1995-09-20,1,0.40949554896142437,0.40949554896142437,0.40949554896142437,1,True
24709,25,109,1600066590,318,318,1995-10-12,1995-10-18,1,0.5192878338278932,0.5192878338278932,0.5192878338278932,1,True
24709,26,109,1600066590,331,332,1996-01-11,1996-01-24,2,0.370919881305638,0.370919881305638,0.40949554896142437,2,True
24709,27,109,1600066590,341,341,1996-03-21,1996-03-27,1,0.4065281899109793,0.4065281899109793,0.4065281899109793,1,True
24709,28,109,1600066590,346,346,1996-04-25,1996-05-01,1,0.4065281899109793,0.4065281899109793,0.4065281899109793,1,True
24709,29,109,1600066590,353,353,1996-06-13,1996-06-19,1,0.6498516320474778,0.6498516320474778,0.6498516320474778,1,True
24709,30,109,1600066590,355,355,1996-06-27,1996-07-03,1,0.2522255192878339,0.2522255192878339,0.2522255192878339,1,True
24709,31,109,1600066590,365,365,1996-09-05,1996-09-11,1,0.5221238938053097,0.5221238938053097,0.5221238938053097,1,True
24709,32,109,1600066590,392,393,1997-03-13,1997-03-26,2,0.06047197640117996,0.06047197640117996,0.11799410029498525,2,True
24710,1,109,1600066610,21,21,1990-02-01,1990-02-07,1,0.0,0.0,0.0,1,True
24710,2,109,1600066610,28,28,1990-03-22,1990-03-28,1,0.12828947368421062,0.12828947368421062,0.12828947368421062,1,True
24710,3,109,1600066610,52,52,1990-09-06,1990-09-12,1,0.08223684210526316,0.08223684210526316,0.08223684210526316,1,True
24710,4,109,1600066610,80,80,1991-03-21,1991-03-27,1,0.07999999999999996,0.07999999999999996,0.07999999999999996,1,True
24710,5,109,1600066610,93,94,1991-06-20,1991-07-03,2,0.07999999999999996,0.07999999999999996,0.07999999999999996,2,True
24710,6,109,1600066610,108,109,1991-10-03,1991-10-16,2,0.07999999999999996,0.07999999999999996,0.07999999999999996,2,True
24710,7,109,1600066610,123,123,1992-01-16,1992-01-22,1,0.07079646017699126,0.07079646017699126,0.07079646017699126,1,True
24710,8,109,1600066610,125,126,1992-01-30,1992-02-12,2,0.05899705014749268,0.05899705014749268,0.05899705014749268,2,True
24710,9,109,1600066610,128,128,1992-02-20,1992-02-26,1,0.0,0.0,0.0,1,True
24710,10,109,1600066610,143,143,1992-06-04,1992-06-10,1,0.0,0.0,0.0,1,True
24710,11,109,1600066610,145,147,1992-06-18,1992-07-08,3,0.03933136676499512,0.05899705014749268,0.05899705014749268,3,True
24710,12,109,1600066610,151,152,1992-07-30,1992-08-12,2,0.08259587020648979,0.08259587020648979,0.15634218289085555,2,True
24710,13,109,1600066610,156,157,1992-09-03,1992-09-16,2,0.06304985337243402,0.06304985337243402,0.12609970674486803,2,True
24710,14,109,1600066610,164,164,1992-10-29,1992-11-04,1,0.0,0.0,0.0,1,True
24710,15,109,1600066610,167,167,1992-11-19,1992-11-25,1,0.0,0.0,0.0,1,True
24710,16,109,1600066610,175,175,1993-01-14,1993-01-20,1,0.0393258426966292,0.0393258426966292,0.0393258426966292,1,True
24710,17,109,1600066610,177,177,1993-01-28,1993-02-03,1,0.1320224719101124,0.1320224719101124,0.1320224719101124,1,True
24710,18,109,1600066610,185,188,1993-03-25,1993-04-21,4,0.19758064516129037,0.24865591397849468,0.25,4,True
24710,19,109,1600066610,191,193,1993-05-06,1993-05-26,3,0.1801075268817205,0.018817204301075363,0.5026881720430108,3,True
24710,20,109,1600066610,203,203,1993-07-29,1993-08-04,1,0.08970976253298146,0.08970976253298146,0.08970976253298146,1,True
24710,21,109,1600066610,206,207,1993-08-19,1993-09-01,2,0.17546174142480214,0.17546174142480214,0.29815303430079154,2,True
24710,22,109,1600066610,209,209,1993-09-09,1993-09-15,1,0.46437994722955156,0.46437994722955156,0.46437994722955156,1,True
24710,23,109,1600066610,218,218,1993-11-11,1993-11-17,1,0.25065963060686025,0.25065963060686025,0.25065963060686025,1,True
24710,24,109,1600066610,220,229,1993-11-25,1994-02-02,10,0.16173790207523842,0.1187335092348285,0.5593667546174143,10,True
24710,25,109,1600066610,250,250,1994-06-23,1994-06-29,1,0.39537640782454064,0.39537640782454064,0.39537640782454064,1,True
24710,26,109,1600066610,261,261,1994-09-08,1994-09-14,1,0.28059701492537314,0.28059701492537314,0.28059701492537314,1,True
24710,27,109,1600066610,267,268,1994-10-20,1994-11-02,2,0.2059701492537313,0.2059701492537313,0.4059701492537313,2,True
24710,28,109,1600066610,280,281,1995-01-19,1995-02-01,2,0.2895522388059702,0.2895522388059702,0.36417910447761204,2,True
24710,29,109,1600066610,314,314,1995-09-14,1995-09-20,1,0.42651296829971186,0.42651296829971186,0.42651296829971186,1,True
24710,30,109,1600066610,318,318,1995-10-12,1995-10-18,1,0.5187319884726225,0.5187319884726225,0.5187319884726225,1,True
24710,31,109,1600066610,326,326,1995-12-07,1995-12-13,1,0.42651296829971186,0.42651296829971186,0.42651296829971186,1,True
24710,32,109,1600066610,331,331,1996-01-11,1996-01-17,1,0.33141210374639773,0.33141210374639773,0.33141210374639773,1,True
24710,33,109,1600066610,341,341,1996-03-21,1996-03-27,1,0.42363112391930835,0.42363112391930835,0.42363112391930835,1,True
24710,34,109,1600066610,343,343,1996-04-04,1996-04-10,1,0.42651296829971186,0.42651296829971186,0.42651296829971186,1,True
24710,35,109,1600066610,353,353,1996-06-13,1996-06-19,1,0.6916426512968299,0.6916426512968299,0.6916426512968299,1,True
24710,36,109,1600066610,355,356,1996-06-27,1996-07-10,2,0.1512968299711816,0.1512968299711816,0.25072046109510093,2,True
24710,37,109,1600066610,365,365,1996-09-05,1996-09-11,1,0.5214899713467049,0.5214899713467049,0.5214899713467049,1,True
24710,38,109,1600066610,392,393,1997-03-13,1997-03-26,2,0.024355300859598916,0.024355300859598916,0.04297994269340988,2,True
24863,1,109,3800000110,112,112,1991-10-31,1991-11-06,1,0.06666666666666654,0.06666666666666654,0.06666666666666654,1,True
24863,2,109,3800000110,114,114,1991-11-14,1991-11-20,1,0.0,0.0,0.0,1,True
24863,3,109,3800000110,117,118,1991-12-05,1991-12-18,2,0.0,0.0,0.0,2,True
24863,4,109,3800000110,156,156,1992-09-03,1992-09-09,1,0.19565217391304357,0.19565217391304357,0.19565217391304357,1,True
24863,5,109,3800000110,222,231,1993-12-09,1994-02-16,10,0.07090423162583522,0.07111111111111112,0.07111111111111112,10,True
24863,6,109,3800000110,340,340,1996-03-14,1996-03-20,1,0.5515695067264574,0.5515695067264574,0.5515695067264574,1,True
24863,7,109,3800000110,342,342,1996-03-28,1996-04-03,1,0.2511210762331839,0.2511210762331839,0.2511210762331839,1,True
24863,8,109,3800000110,352,352,1996-06-06,1996-06-12,1,0.44843049327354256,0.44843049327354256,0.44843049327354256,1,True
24864,1,109,3800000120,25,25,1990-03-01,1990-03-07,1,0.08252427184466027,0.08252427184466027,0.08252427184466027,1,True
24864,2,109,3800000120,43,44,1990-07-05,1990-07-18,2,0.08252427184466027,0.08252427184466027,0.08252427184466027,2,True
24864,3,109,3800000120,54,55,1990-09-20,1990-10-03,2,0.08252427184466027,0.08252427184466027,0.08252427184466027,2,True
24864,4,109,3800000120,74,75,1991-02-07,1991-02-20,2,0.2766990291262136,0.2766990291262136,0.2766990291262136,2,True
24864,5,109,3800000120,88,88,1991-05-16,1991-05-22,1,0.0,0.0,0.0,1,True
24864,6,109,3800000120,90,90,1991-05-30,1991-06-05,1,0.0,0.0,0.0,1,True
24864,7,109,3800000120,94,97,1991-06-27,1991-07-24,4,0.08252427184466027,0.08252427184466027,0.08252427184466027,4,True
24864,8,109,3800000120,107,107,1991-09-26,1991-10-02,1,0.08252427184466027,0.08252427184466027,0.08252427184466027,1,True
24864,9,109,3800000120,123,127,1992-01-16,1992-02-19,5,0.24372093023255811,0.037209302325581395,0.5720930232558139,5,True
24864,10,109,3800000120,139,139,1992-05-07,1992-05-13,1,0.07441860465116279,0.07441860465116279,0.07441860465116279,1,True
24864,11,109,3800000120,152,152,1992-08-06,1992-08-12,1,0.09211691762621799,0.09211691762621799,0.09211691762621799,1,True
24864,12,109,3800000120,156,156,1992-09-03,1992-09-09,1,0.2076271186440677,0.2076271186440677,0.2076271186440677,1,True
24864,13,109,3800000120,174,174,1993-01-07,1993-01-13,1,0.15677966101694907,0.15677966101694907,0.15677966101694907,1,True
24864,14,109,3800000120,178,178,1993-02-04,1993-02-10,1,0.016949152542372947,0.016949152542372947,0.016949152542372947,1,True
24864,15,109,3800000120,185,185,1993-03-25,1993-03-31,1,0.13008130081300806,0.13008130081300806,0.13008130081300806,1,True
24864,16,109,3800000120,187,189,1993-04-08,1993-04-28,3,0.016260162601625994,0.016260162601625994,0.016260162601625994,3,True
24864,17,109,3800000120,192,192,1993-05-13,1993-05-19,1,0.08536585365853655,0.08536585365853655,0.08536585365853655,1,True
24864,18,109,3800000120,214,215,1993-10-14,1993-10-27,2,0.1215686274509803,0.1215686274509803,0.2196078431372549,2,True
24864,19,109,3800000120,226,227,1994-01-06,1994-01-19,2,0.2862745098039215,0.2862745098039215,0.5333333333333333,2,True
24864,20,109,3800000120,235,236,1994-03-10,1994-03-23,2,0.3004032258064516,0.3004032258064516,0.6008064516129032,2,True
24864,21,109,3800000120,250,251,1994-06-23,1994-07-06,2,0.16836734693877553,0.16836734693877553,0.3231292517006803,2,True
24864,22,109,3800000120,266,266,1994-10-13,1994-10-19,1,0.6632653061224489,0.6632653061224489,0.6632653061224489,1,True
24864,23,109,3800000120,274,275,1994-12-08,1994-12-21,2,0.3112244897959184,0.3112244897959184,0.3231292517006803,2,True
24864,24,109,3800000120,280,280,1995-01-19,1995-01-25,1,0.16666666666666663,0.16666666666666663,0.16666666666666663,1,True
24864,25,109,3800000120,321,321,1995-11-02,1995-11-08,1,0.391156462585034,0.391156462585034,0.391156462585034,1,True
24864,26,109,3800000120,342,342,1996-03-28,1996-04-03,1,0.2517006802721088,0.2517006802721088,0.2517006802721088,1,True
24864,27,109,3800000120,344,345,1996-04-11,1996-04-24,2,0.37414965986394555,0.37414965986394555,0.6632653061224489,2,True
24864,28,109,3800000120,352,352,1996-06-06,1996-06-12,1,0.34013605442176875,0.34013605442176875,0.34013605442176875,1,True
24864,29,109,3800000120,359,359,1996-07-25,1996-07-31,1,0.3254237288135594,0.3254237288135594,0.3254237288135594,1,True
24864,30,109,3800000120,368,369,1996-09-26,1996-10-09,2,0.364406779661017,0.364406779661017,0.6542372881355932,2,True
24864,31,109,3800000120,386,388,1997-01-30,1997-02-19,3,0.15141242937853117,0.06440677966101704,0.3254237288135594,3,True
24865,1,109,3800000127,7,7,1989-10-26,1989-11-01,1,0.0,0.0,0.0,1,True
24865,2,109,3800000127,37,38,1990-05-24,1990-06-06,2,0.12595419847328249,0.12595419847328249,0.12595419847328249,2,True
24865,3,109,3800000127,56,56,1990-10-04,1990-10-10,1,0.6221374045801527,0.6221374045801527,0.6221374045801527,1,True
24865,4,109,3800000127,82,85,1991-04-04,1991-05-01,4,0.09446564885496186,0.12595419847328249,0.12595419847328249,4,True
24865,5,109,3800000127,110,110,1991-10-17,1991-10-23,1,0.06037735849056591,0.06037735849056591,0.06037735849056591,1,True
24865,6,109,3800000127,112,112,1991-10-31,1991-11-06,1,0.0,0.0,0.0,1,True
24865,7,109,3800000127,131,132,1992-03-12,1992-03-25,2,0.08921933085501854,0.08921933085501854,0.08921933085501854,2,True
24865,8,109,3800000127,145,145,1992-06-18,1992-06-24,1,0.0,0.0,0.0,1,True
24865,9,109,3800000127,156,156,1992-09-03,1992-09-09,1,0.19710544452101997,0.19710544452101997,0.19710544452101997,1,True
24865,10,109,3800000127,158,158,1992-09-17,1992-09-23,1,0.16382252559726962,0.16382252559726962,0.16382252559726962,1,True
24865,11,109,3800000127,181,182,1993-02-25,1993-03-10,2,0.16894197952218437,0.16894197952218437,0.32081911262798635,2,True
24865,12,109,3800000127,197,197,1993-06-17,1993-06-23,1,0.17508417508417506,0.17508417508417506,0.17508417508417506,1,True
24865,13,109,3800000127,208,209,1993-09-02,1993-09-15,2,0.2640413169786959,0.2640413169786959,0.48030987734021946,2,True
24865,14,109,3800000127,228,230,1994-01-20,1994-02-09,3,0.1994134897360704,0.09384164222873903,0.4809384164222874,3,True
24865,15,109,3800000127,232,232,1994-02-17,1994-02-23,1,0.09384164222873903,0.09384164222873903,0.09384164222873903,1,True
24865,16,109,3800000127,234,234,1994-03-03,1994-03-09,1,0.2434017595307918,0.2434017595307918,0.2434017595307918,1,True
24865,17,109,3800000127,245,245,1994-05-19,1994-05-25,1,0.32844574780058655,0.32844574780058655,0.32844574780058655,1,True
24865,18,109,3800000127,256,257,1994-08-04,1994-08-17,2,0.30991735537190085,0.30991735537190085,0.5206611570247934,2,True
24865,19,109,3800000127,333,333,1996-01-25,1996-01-31,1,0.3112947658402203,0.3112947658402203,0.3112947658402203,1,True
24865,20,109,3800000127,342,342,1996-03-28,1996-04-03,1,0.25068870523415976,0.25068870523415976,0.25068870523415976,1,True
24865,21,109,3800000127,346,346,1996-04-25,1996-05-01,1,0.31404958677685946,0.31404958677685946,0.31404958677685946,1,True
24865,22,109,3800000127,352,352,1996-06-06,1996-06-12,1,0.27548209366391185,0.27548209366391185,0.27548209366391185,1,True
24865,23,109,3800000127,363,363,1996-08-22,1996-08-28,1,0.4493150684931507,0.4493150684931507,0.4493150684931507,1,True
24865,24,109,3800000127,379,379,1996-12-12,1996-12-18,1,0.3178082191780821,0.3178082191780821,0.3178082191780821,1,True
24865,25,109,3800000127,381,382,1996-12-26,1997-01-08,2,0.35890410958904106,0.35890410958904106,0.4301369863013699,2,True
24865,26,109,3800000127,390,390,1997-02-27,1997-03-05,1,0.1808219178082191,0.1808219178082191,0.1808219178082191,1,True
24865,27,109,3800000127,397,397,1997-04-17,1997-04-23,1,0.3178082191780821,0.3178082191780821,0.3178082191780821,1,True
24884,1,109,3800001520,24,24,1990-02-22,1990-02-28,1,0.24316109422492393,0.24316109422492393,0.24316109422492393,1,True
24884,2,109,3800001520,49,49,1990-08-16,1990-08-22,1,0.042553191489361764,0.042553191489361764,0.042553191489361764,1,True
24884,3,109,3800001520,51,51,1990-08-30,1990-09-05,1,0.042553191489361764,0.042553191489361764,0.042553191489361764,1,True
24884,4,109,3800001520,55,56,1990-09-27,1990-10-10,2,0.3951367781155015,0.3951367781155015,0.3951367781155015,2,True
24884,5,109,3800001520,75,77,1991-02-14,1991-03-06,3,0.06725146198830412,0.06725146198830412,0.06725146198830412,3,True
24884,6,109,3800001520,87,87,1991-05-09,1991-05-15,1,0.0,0.0,0.0,1,True
24884,7,109,3800001520,100,100,1991-08-08,1991-08-14,1,0.0,0.0,0.0,1,True
24884,8,109,3800001520,102,102,1991-08-22,1991-08-28,1,0.07309941520467833,0.07309941520467833,0.07309941520467833,1,True
24884,9,109,3800001520,123,124,1992-01-16,1992-01-29,2,0.05070422535211255,0.05070422535211255,0.07323943661971821,2,True
24884,10,109,3800001520,131,131,1992-03-12,1992-03-18,1,0.0,0.0,0.0,1,True
24884,11,109,3800001520,133,133,1992-03-26,1992-04-01,1,0.0,0.0,0.0,1,True
24884,12,109,3800001520,144,144,1992-06-11,1992-06-17,1,0.07323943661971821,0.07323943661971821,0.07323943661971821,1,True
24884,13,109,3800001520,148,148,1992-07-09,1992-07-15,1,0.0,0.0,0.0,1,True
24884,14,109,3800001520,156,156,1992-09-03,1992-09-09,1,0.16020671834625322,0.16020671834625322,0.16020671834625322,1,True
24884,15,109,3800001520,161,161,1992-10-08,1992-10-14,1,0.0,0.0,0.0,1,True
24884,16,109,3800001520,163,164,1992-10-22,1992-11-04,2,0.1524547803617572,0.1524547803617572,0.1524547803617572,2,True
24884,17,109,3800001520,171,171,1992-12-17,1992-12-23,1,0.015503875968992276,0.015503875968992276,0.015503875968992276,1,True
24884,18,109,3800001520,176,176,1993-01-21,1993-01-27,1,0.1524547803617572,0.1524547803617572,0.1524547803617572,1,True
24884,19,109,3800001520,204,205,1993-08-05,1993-08-18,2,0.11518987341772152,0.11518987341772152,0.12658227848101267,2,True
24884,20,109,3800001520,220,220,1993-11-25,1993-12-01,1,0.11992263056092844,0.11992263056092844,0.11992263056092844,1,True
24884,21,109,3800001520,230,233,1994-02-03,1994-03-02,4,0.2647667664154785,0.2649382486551801,0.49397590361445787,4,True
24884,22,109,3800001520,256,257,1994-08-04,1994-08-17,2,0.0641025641025641,0.0641025641025641,0.0699300699300699,2,True
24884,23,109,3800001520,318,318,1995-10-12,1995-10-18,1,0.06759906759906764,0.06759906759906764,0.06759906759906764,1,True
24884,24,109,3800001520,336,339,1996-02-15,1996-03-13,4,0.32167832167832167,0.35664335664335667,0.5337995337995338,4,True
24884,25,109,3800001520,342,342,1996-03-28,1996-04-03,1,0.2517482517482518,0.2517482517482518,0.2517482517482518,1,True
24884,26,109,3800001520,352,352,1996-06-06,1996-06-12,1,0.2331002331002331,0.2331002331002331,0.2331002331002331,1,True
24884,27,109,3800001520,354,357,1996-06-20,1996-07-17,4,0.19289044289044283,0.1561771561771561,0.303030303030303,4,True
24884,28,109,3800001520,361,369,1996-08-08,1996-10-09,9,0.2530432530432531,0.1398601398601399,0.7645687645687645,9,True
24884,29,109,3800001520,372,372,1996-10-24,1996-10-30,1,0.35664335664335667,0.35664335664335667,0.35664335664335667,1,True
24884,30,109,3800001520,384,385,1997-01-16,1997-01-29,2,0.16124661246612465,0.16124661246612465,0.3224932249322493,2,True
24887,1,109,3800001611,17,17,1990-01-04,1990-01-10,1,0.09615384615384615,0.09615384615384615,0.09615384615384615,1,True
24887,2,109,3800001611,97,98,1991-07-18,1991-07-31,2,0.056140350877193046,0.056140350877193046,0.056140350877193046,2,True
24887,3,109,3800001611,110,110,1991-10-17,1991-10-23,1,0.056140350877193046,0.056140350877193046,0.056140350877193046,1,True
24887,4,109,3800001611,117,118,1991-12-05,1991-12-18,2,0.0,0.0,0.0,2,True
24887,5,109,3800001611,126,126,1992-02-06,1992-02-12,1,0.10169491525423735,0.10169491525423735,0.10169491525423735,1,True
24887,6,109,3800001611,131,131,1992-03-12,1992-03-18,1,0.0,0.0,0.0,1,True
24887,7,109,3800001611,151,151,1992-07-30,1992-08-05,1,0.15533980582524276,0.15533980582524276,0.15533980582524276,1,True
24887,8,109,3800001611,156,156,1992-09-03,1992-09-09,1,0.16666666666666663,0.16666666666666663,0.16666666666666663,1,True
24887,9,109,3800001611,176,176,1993-01-21,1993-01-27,1,0.03395061728395077,0.03395061728395077,0.03395061728395077,1,True
24887,10,109,3800001611,178,178,1993-02-04,1993-02-10,1,0.2006172839506174,0.2006172839506174,0.2006172839506174,1,True
24887,11,109,3800001611,191,191,1993-05-06,1993-05-12,1,0.3343023255813953,0.3343023255813953,0.3343023255813953,1,True
24887,12,109,3800001611,226,227,1994-01-06,1994-01-19,2,0.34955752212389385,0.34955752212389385,0.4129793510324484,2,True
24887,13,109,3800001611,246,247,1994-05-26,1994-06-08,2,0.2149122807017544,0.2149122807017544,0.41812865497076024,2,True
24887,14,109,3800001611,332,332,1996-01-18,1996-01-24,1,0.41812865497076024,0.41812865497076024,0.41812865497076024,1,True
24887,15,109,3800001611,342,342,1996-03-28,1996-04-03,1,0.2514619883040935,0.2514619883040935,0.2514619883040935,1,True
24887,16,109,3800001611,352,352,1996-06-06,1996-06-12,1,0.29239766081871343,0.29239766081871343,0.29239766081871343,1,True
24887,17,109,3800001611,383,383,1997-01-09,1997-01-15,1,0.1333333333333333,0.1333333333333333,0.1333333333333333,1,True
2539,1,18,1600066510,66,66,1990-12-13,1990-12-19,1,0.0,0.0,0.0,1,True
2539,2,18,1600066510,140,142,1992-05-14,1992-06-03,3,0.06113537117903933,0.06113537117903933,0.06113537117903933,3,True
2539,3,18,1600066510,151,160,1992-07-30,1992-10-07,10,0.07895842083158346,0.07181856362872752,0.12221755564888714,10,True
2539,4,18,1600066510,186,187,1993-04-01,1993-04-14,2,0.2510460251046025,0.2510460251046025,0.2510460251046025,2,True
2539,5,18,1600066510,204,204,1993-08-05,1993-08-11,1,0.4819277108433735,0.4819277108433735,0.4819277108433735,1,True
2539,6,18,1600066510,206,206,1993-08-19,1993-08-25,1,0.2530120481927711,0.2530120481927711,0.2530120481927711,1,True
2539,7,18,1600066510,208,208,1993-09-02,1993-09-08,1,0.1807228915662651,0.1807228915662651,0.1807228915662651,1,True
2539,8,18,1600066510,218,218,1993-11-11,1993-11-17,1,0.2530120481927711,0.2530120481927711,0.2530120481927711,1,True
2539,9,18,1600066510,244,245,1994-05-12,1994-05-25,2,0.283132530120482,0.283132530120482,0.48594377510040165,2,True
2539,10,18,1600066510,261,261,1994-09-08,1994-09-14,1,0.2530120481927711,0.2530120481927711,0.2530120481927711,1,True
2539,11,18,1600066510,266,266,1994-10-13,1994-10-19,1,0.016064257028112428,0.016064257028112428,0.016064257028112428,1,True
2539,12,18,1600066510,318,318,1995-10-12,1995-10-18,1,0.5020080321285141,0.5020080321285141,0.5020080321285141,1,True
2539,13,18,1600066510,331,331,1996-01-11,1996-01-17,1,0.33333333333333337,0.33333333333333337,0.33333333333333337,1,True
2539,14,18,1600066510,355,356,1996-06-27,1996-07-10,2,0.16465863453815271,0.16465863453815271,0.2530120481927711,2,True
2540,1,18,1600066590,21,21,1990-02-01,1990-02-07,1,0.40701754385964917,0.40701754385964917,0.40701754385964917,1,True
2540,2,18,1600066590,57,57,1990-10-11,1990-10-17,1,0.056140350877193046,0.056140350877193046,0.056140350877193046,1,True
2540,3,18,1600066590,81,81,1991-03-28,1991-04-03,1,0.0,0.0,0.0,1,True
2540,4,18,1600066590,84,84,1991-04-18,1991-04-24,1,0.11803278688524588,0.11803278688524588,0.11803278688524588,1,True
2540,5,18,1600066590,107,108,1991-09-26,1991-10-09,2,0.016393442622950782,0.016393442622950782,0.032786885245901565,2,True
2540,6,18,1600066590,118,118,1991-12-12,1991-12-18,1,0.0,0.0,0.0,1,True
2540,7,18,1600066590,120,120,1991-12-26,1992-01-01,1,0.0,0.0,0.0,1,True
2540,8,18,1600066590,122,123,1992-01-09,1992-01-22,2,0.0,0.0,0.0,2,True
2540,9,18,1600066590,138,138,1992-04-30,1992-05-06,1,0.0,0.0,0.0,1,True
2540,10,18,1600066590,151,161,1992-07-30,1992-10-14,11,0.07266739747950791,0.07266646397081189,0.08178777743995136,11,True
2540,11,18,1600066590,177,177,1993-01-28,1993-02-03,1,0.01967213114754085,0.01967213114754085,0.01967213114754085,1,True
2540,12,18,1600066590,186,187,1993-04-01,1993-04-14,2,0.25075528700906347,0.25075528700906347,0.25075528700906347,2,True
2540,13,18,1600066590,203,203,1993-07-29,1993-08-04,1,0.028169014084506894,0.028169014084506894,0.028169014084506894,1,True
2540,14,18,1600066590,206,206,1993-08-19,1993-08-25,1,0.25070422535211256,0.25070422535211256,0.25070422535211256,1,True
2540,15,18,1600066590,209,209,1993-09-09,1993-09-15,1,0.47605633802816893,0.47605633802816893,0.47605633802816893,1,True
2540,16,18,1600066590,218,218,1993-11-11,1993-11-17,1,0.25070422535211256,0.25070422535211256,0.25070422535211256,1,True
2540,17,18,1600066590,220,229,1993-11-25,1994-02-02,10,0.1639928191905926,0.12112676056338023,0.5605633802816901,10,True
2540,18,18,1600066590,236,237,1994-03-17,1994-03-30,2,0.26282051282051283,0.26282051282051283,0.5,2,True
2540,19,18,1600066590,261,261,1994-09-08,1994-09-14,1,0.2507836990595611,0.2507836990595611,0.2507836990595611,1,True
2540,20,18,1600066590,266,268,1994-10-13,1994-11-02,3,0.1431556948798328,0.053291536050156685,0.37617554858934166,3,True
2540,21,18,1600066590,281,281,1995-01-26,1995-02-01,1,0.31034482758620685,0.31034482758620685,0.31034482758620685,1,True
2540,22,18,1600066590,314,314,1995-09-14,1995-09-20,1,0.38769230769230767,0.38769230769230767,0.38769230769230767,1,True
2540,23,18,1600066590,318,318,1995-10-12,1995-10-18,1,0.5015384615384615,0.5015384615384615,0.5015384615384615,1,True
2540,24,18,1600066590,320,320,1995-10-26,1995-11-01,1,0.058461538461538454,0.058461538461538454,0.058461538461538454,1,True
2540,25,18,1600066590,331,332,1996-01-11,1996-01-24,2,0.35846153846153844,0.35846153846153844,0.38769230769230767,2,True
2540,26,18,1600066590,341,341,1996-03-21,1996-03-27,1,0.3846153846153846,0.3846153846153846,0.3846153846153846,1,True
2540,27,18,1600066590,346,346,1996-04-25,1996-05-01,1,0.3846153846153846,0.3846153846153846,0.3846153846153846,1,True
2540,28,18,1600066590,353,356,1996-06-13,1996-07-10,4,0.27384615384615385,0.1661538461538461,0.6830769230769231,4,True
2540,29,18,1600066590,365,365,1996-09-05,1996-09-11,1,0.5015384615384615,0.5015384615384615,0.5015384615384615,1,True
2540,30,18,1600066590,392,393,1997-03-13,1997-03-26,2,0.03999999999999998,0.03999999999999998,0.07999999999999996,2,True
2541,1,18,1600066610,21,21,1990-02-01,1990-02-07,1,0.0,0.0,0.0,1,True
2541,2,18,1600066610,28,28,1990-03-22,1990-03-28,1,0.08620689655172409,0.08620689655172409,0.08620689655172409,1,True
2541,3,18,1600066610,52,52,1990-09-06,1990-09-12,1,0.037931034482758585,0.037931034482758585,0.037931034482758585,1,True
2541,4,18,1600066610,93,94,1991-06-20,1991-07-03,2,0.032362459546925404,0.032362459546925404,0.032362459546925404,2,True
2541,5,18,1600066610,108,109,1991-10-03,1991-10-16,2,0.032362459546925404,0.032362459546925404,0.032362459546925404,2,True
2541,6,18,1600066610,126,126,1992-02-06,1992-02-12,1,0.0,0.0,0.0,1,True
2541,7,18,1600066610,128,128,1992-02-20,1992-02-26,1,0.0,0.0,0.0,1,True
2541,8,18,1600066610,143,143,1992-06-04,1992-06-10,1,0.0,0.0,0.0,1,True
2541,9,18,1600066610,145,147,1992-06-18,1992-07-08,3,0.012307692307692353,0.01846153846153853,0.01846153846153853,3,True
2541,10,18,1600066610,151,152,1992-07-30,1992-08-12,2,0.08461538461538465,0.08461538461538465,0.12,2,True
2541,11,18,1600066610,156,157,1992-09-03,1992-09-16,2,0.058461538461538454,0.058461538461538454,0.08307692307692305,2,True
2541,12,18,1600066610,164,164,1992-10-29,1992-11-04,1,0.015923566878981,0.015923566878981,0.015923566878981,1,True
2541,13,18,1600066610,167,167,1992-11-19,1992-11-25,1,0.015923566878981,0.015923566878981,0.015923566878981,1,True
2541,14,18,1600066610,175,175,1993-01-14,1993-01-20,1,0.0,0.0,0.0,1,True
2541,15,18,1600066610,177,177,1993-01-28,1993-02-03,1,0.0,0.0,0.0,1,True
2541,16,18,1600066610,185,187,1993-03-25,1993-04-14,3,0.1846153846153846,0.25230769230769223,0.25230769230769223,3,True
2541,17,18,1600066610,195,195,1993-06-03,1993-06-09,1,0.0,0.0,0.0,1,True
2541,18,18,1600066610,203,203,1993-07-29,1993-08-04,1,0.028169014084506894,0.028169014084506894,0.028169014084506894,1,True
2541,19,18,1600066610,206,206,1993-08-19,1993-08-25,1,0.25070422535211256,0.25070422535211256,0.25070422535211256,1,True
2541,20,18,1600066610,209,209,1993-09-09,1993-09-15,1,0.47887323943661964,0.47887323943661964,0.47887323943661964,1,True
2541,21,18,1600066610,218,218,1993-11-11,1993-11-17,1,0.25070422535211256,0.25070422535211256,0.25070422535211256,1,True
2541,22,18,1600066610,220,229,1993-11-25,1994-02-02,10,0.1498298322357352,0.09577464788732393,0.5492957746478873,10,True
2541,23,18,1600066610,250,251,1994-06-23,1994-07-06,2,0.21239210850801482,0.21239210850801482,0.3865598027127004,2,True
2541,24,18,1600066610,261,261,1994-09-08,1994-09-14,1,0.2515527950310559,0.2515527950310559,0.2515527950310559,1,True
2541,25,18,1600066610,267,268,1994-10-20,1994-11-02,2,0.38198757763975155,0.38198757763975155,0.38198757763975155,2,True
2541,26,18,1600066610,278,278,1995-01-05,1995-01-11,1,0.05590062111801242,0.05590062111801242,0.05590062111801242,1,True
2541,27,18,1600066610,281,282,1995-01-26,1995-02-08,2,0.1816770186335404,0.1816770186335404,0.3074534161490684,2,True
2541,28,18,1600066610,314,314,1995-09-14,1995-09-20,1,0.4059701492537313,0.4059701492537313,0.4059701492537313,1,True
2541,29,18,1600066610,318,320,1995-10-12,1995-11-01,3,0.22089552238805973,0.09850746268656718,0.5014925373134329,3,True
2541,30,18,1600066610,326,326,1995-12-07,1995-12-13,1,0.4059701492537313,0.4059701492537313,0.4059701492537313,1,True
2541,31,18,1600066610,331,331,1996-01-11,1996-01-17,1,0.32835820895522394,0.32835820895522394,0.32835820895522394,1,True
2541,32,18,1600066610,341,341,1996-03-21,1996-03-27,1,0.4029850746268657,0.4029850746268657,0.4029850746268657,1,True
2541,33,18,1600066610,343,343,1996-04-04,1996-04-10,1,0.4029850746268657,0.4029850746268657,0.4029850746268657,1,True
2541,34,18,1600066610,353,356,1996-06-13,1996-07-10,4,0.28059701492537314,0.18358208955223887,0.6955223880597015,4,True
2541,35,18,1600066610,365,365,1996-09-05,1996-09-11,1,0.5014925373134329,0.5014925373134329,0.5014925373134329,1,True
25551,1,111,1600066510,66,66,1990-12-13,1990-12-19,1,0.0,0.0,0.0,1,True
25551,2,111,1600066510,117,118,1991-12-05,1991-12-18,2,0.07112970711297079,0.07112970711297079,0.08368200836820094,2,True
25551,3,111,1600066510,140,142,1992-05-14,1992-06-03,3,0.09065550906555093,0.10041841004184104,0.10041841004184104,3,True
25551,4,111,1600066510,152,152,1992-08-06,1992-08-12,1,0.0200803212851407,0.0200803212851407,0.0200803212851407,1,True
25551,5,111,1600066510,155,156,1992-08-27,1992-09-09,2,0.11445783132530124,0.11445783132530124,0.12048192771084343,2,True
25551,6,111,1600066510,186,187,1993-04-01,1993-04-14,2,0.2509652509652509,0.2509652509652509,0.2509652509652509,2,True
25551,7,111,1600066510,204,204,1993-08-05,1993-08-11,1,0.4887683965917893,0.4887683965917893,0.4887683965917893,1,True
25551,8,111,1600066510,206,206,1993-08-19,1993-08-25,1,0.2530120481927711,0.2530120481927711,0.2530120481927711,1,True
25551,9,111,1600066510,208,208,1993-09-02,1993-09-08,1,0.29718875502008035,0.29718875502008035,0.29718875502008035,1,True
25551,10,111,1600066510,218,218,1993-11-11,1993-11-17,1,0.24899598393574296,0.24899598393574296,0.24899598393574296,1,True
25551,11,111,1600066510,244,244,1994-05-12,1994-05-18,1,0.44979919678714864,0.44979919678714864,0.44979919678714864,1,True
25551,12,111,1600066510,261,261,1994-09-08,1994-09-14,1,0.2530120481927711,0.2530120481927711,0.2530120481927711,1,True
25551,13,111,1600066510,318,318,1995-10-12,1995-10-18,1,0.5018587360594795,0.5018587360594795,0.5018587360594795,1,True
25551,14,111,1600066510,331,331,1996-01-11,1996-01-17,1,0.33085501858736055,0.33085501858736055,0.33085501858736055,1,True
25551,15,111,1600066510,355,355,1996-06-27,1996-07-03,1,0.25278810408921937,0.25278810408921937,0.25278810408921937,1,True
25552,1,111,1600066590,21,21,1990-02-01,1990-02-07,1,0.4512987012987013,0.4512987012987013,0.4512987012987013,1,True
25552,2,111,1600066590,34,35,1990-05-03,1990-05-16,2,0.09415584415584421,0.09415584415584421,0.09415584415584421,2,True
25552,3,111,1600066590,57,57,1990-10-11,1990-10-17,1,0.10033444816053516,0.10033444816053516,0.10033444816053516,1,True
25552,4,111,1600066590,81,81,1991-03-28,1991-04-03,1,0.0,0.0,0.0,1,True
25552,5,111,1600066590,84,84,1991-04-18,1991-04-24,1,0.15673981191222575,0.15673981191222575,0.15673981191222575,1,True
25552,6,111,1600066590,108,108,1991-10-03,1991-10-09,1,0.07523510971786829,0.07523510971786829,0.07523510971786829,1,True
25552,7,111,1600066590,123,123,1992-01-16,1992-01-22,1,0.042553191489361764,0.042553191489361764,0.042553191489361764,1,True
25552,8,111,1600066590,152,152,1992-08-06,1992-08-12,1,0.014084507042253502,0.014084507042253502,0.014084507042253502,1,True
25552,9,111,1600066590,155,156,1992-08-27,1992-09-09,2,0.10985915492957737,0.10985915492957737,0.11549295774647883,2,True
25552,10,111,1600066590,160,160,1992-10-01,1992-10-07,1,0.5154929577464789,0.5154929577464789,0.5154929577464789,1,True
25552,11,111,1600066590,177,177,1993-01-28,1993-02-03,1,0.15774647887323934,0.15774647887323934,0.15774647887323934,1,True
25552,12,111,1600066590,186,187,1993-04-01,1993-04-14,2,0.25196850393700787,0.25196850393700787,0.25196850393700787,2,True
25552,13,111,1600066590,194,204,1993-05-27,1993-08-11,11,0.07022545297487989,0.06824146981627299,0.0944881889763779,11,True
25552,14,111,1600066590,206,206,1993-08-19,1993-08-25,1,0.25070422535211256,0.25070422535211256,0.25070422535211256,1,True
25552,15,111,1600066590,209,209,1993-09-09,1993-09-15,1,0.48450704225352104,0.48450704225352104,0.48450704225352104,1,True
25552,16,111,1600066590,218,218,1993-11-11,1993-11-17,1,0.25070422535211256,0.25070422535211256,0.25070422535211256,1,True
25552,17,111,1600066590,226,227,1994-01-06,1994-01-19,2,0.2873239436619718,0.2873239436619718,0.5014084507042254,2,True
25552,18,111,1600066590,236,237,1994-03-17,1994-03-30,2,0.3253521126760563,0.3253521126760563,0.5014084507042254,2,True
25552,19,111,1600066590,248,259,1994-06-09,1994-08-31,12,0.08499721788177368,0.09014084507042253,0.09014084507042253,12,True
25552,20,111,1600066590,261,261,1994-09-08,1994-09-14,1,0.25077399380804954,0.25077399380804954,0.25077399380804954,1,True
25552,21,111,1600066590,267,268,1994-10-20,1994-11-02,2,0.20278637770897828,0.20278637770897828,0.38390092879256965,2,True
25552,22,111,1600066590,314,314,1995-09-14,1995-09-20,1,0.4005934718100891,0.4005934718100891,0.4005934718100891,1,True
25552,23,111,1600066590,318,319,1995-10-12,1995-10-25,2,0.3234421364985164,0.3234421364985164,0.5192878338278932,2,True
25552,24,111,1600066590,331,332,1996-01-11,1996-01-24,2,0.370919881305638,0.370919881305638,0.40949554896142437,2,True
25552,25,111,1600066590,341,341,1996-03-21,1996-03-27,1,0.4065281899109793,0.4065281899109793,0.4065281899109793,1,True
25552,26,111,1600066590,343,343,1996-04-04,1996-04-10,1,0.05934718100890213,0.05934718100890213,0.05934718100890213,1,True
25552,27,111,1600066590,346,346,1996-04-25,1996-05-01,1,0.4065281899109793,0.4065281899109793,0.4065281899109793,1,True
25552,28,111,1600066590,353,353,1996-06-13,1996-06-19,1,0.599406528189911,0.599406528189911,0.599406528189911,1,True
25552,29,111,1600066590,355,355,1996-06-27,1996-07-03,1,0.2522255192878339,0.2522255192878339,0.2522255192878339,1,True
25552,30,111,1600066590,365,365,1996-09-05,1996-09-11,1,0.5221238938053097,0.5221238938053097,0.5221238938053097,1,True
25552,31,111,1600066590,392,393,1997-03-13,1997-03-26,2,0.058997050147492625,0.058997050147492625,0.11799410029498525,2,True
25553,1,111,1600066610,21,21,1990-02-01,1990-02-07,1,0.0,0.0,0.0,1,True
25553,2,111,1600066610,28,28,1990-03-22,1990-03-28,1,0.12828947368421062,0.12828947368421062,0.12828947368421062,1,True
25553,3,111,1600066610,52,52,1990-09-06,1990-09-12,1,0.08223684210526316,0.08223684210526316,0.08223684210526316,1,True
25553,4,111,1600066610,80,80,1991-03-21,1991-03-27,1,0.07999999999999996,0.07999999999999996,0.07999999999999996,1,True
25553,5,111,1600066610,93,94,1991-06-20,1991-07-03,2,0.07999999999999996,0.07999999999999996,0.07999999999999996,2,True
25553,6,111,1600066610,108,109,1991-10-03,1991-10-16,2,0.07076923076923075,0.07076923076923075,0.07999999999999996,2,True
25553,7,111,1600066610,123,123,1992-01-16,1992-01-22,1,0.07079646017699126,0.07079646017699126,0.07079646017699126,1,True
25553,8,111,1600066610,125,126,1992-01-30,1992-02-12,2,0.047197640117994155,0.047197640117994155,0.05899705014749268,2,True
25553,9,111,1600066610,146,147,1992-06-25,1992-07-08,2,0.057522123893805344,0.057522123893805344,0.05899705014749268,2,True
25553,10,111,1600066610,151,152,1992-07-30,1992-08-12,2,0.10619469026548678,0.10619469026548678,0.15634218289085555,2,True
25553,11,111,1600066610,155,156,1992-08-27,1992-09-09,2,0.10176991150442483,0.10176991150442483,0.1032448377581121,2,True
25553,12,111,1600066610,175,177,1993-01-14,1993-02-03,3,0.042281219272369754,0.020648967551622488,0.08849557522123896,3,True
25553,13,111,1600066610,185,187,1993-03-25,1993-04-14,3,0.18215962441314545,0.25070422535211256,0.25070422535211256,3,True
25553,14,111,1600066610,191,195,1993-05-06,1993-06-09,5,0.11098591549295769,0.019718309859154903,0.47887323943661964,5,True
25553,15,111,1600066610,203,203,1993-07-29,1993-08-04,1,0.028169014084506894,0.028169014084506894,0.028169014084506894,1,True
25553,16,111,1600066610,206,206,1993-08-19,1993-08-25,1,0.25070422535211256,0.25070422535211256,0.25070422535211256,1,True
25553,17,111,1600066610,209,209,1993-09-09,1993-09-15,1,0.44225352112676053,0.44225352112676053,0.44225352112676053,1,True
25553,18,111,1600066610,218,218,1993-11-11,1993-11-17,1,0.25070422535211256,0.25070422535211256,0.25070422535211256,1,True
25553,19,111,1600066610,226,227,1994-01-06,1994-01-19,2,0.276056338028169,0.276056338028169,0.5014084507042254,2,True
25553,20,111,1600066610,249,258,1994-06-16,1994-08-24,10,0.09358968037473848,0.05633802816901401,0.4309859154929577,10,True
25553,21,111,1600066610,261,261,1994-09-08,1994-09-14,1,0.28059701492537314,0.28059701492537314,0.28059701492537314,1,True
25553,22,111,1600066610,267,268,1994-10-20,1994-11-02,2,0.208955223880597,0.208955223880597,0.4059701492537313,2,True
25553,23,111,1600066610,314,314,1995-09-14,1995-09-20,1,0.42651296829971186,0.42651296829971186,0.42651296829971186,1,True
25553,24,111,1600066610,318,319,1995-10-12,1995-10-25,2,0.2881844380403459,0.2881844380403459,0.5158501440922191,2,True
25553,25,111,1600066610,326,326,1995-12-07,1995-12-13,1,0.42651296829971186,0.42651296829971186,0.42651296829971186,1,True
25553,26,111,1600066610,331,331,1996-01-11,1996-01-17,1,0.33141210374639773,0.33141210374639773,0.33141210374639773,1,True
25553,27,111,1600066610,341,341,1996-03-21,1996-03-27,1,0.42363112391930835,0.42363112391930835,0.42363112391930835,1,True
25553,28,111,1600066610,343,343,1996-04-04,1996-04-10,1,0.42651296829971186,0.42651296829971186,0.42651296829971186,1,True
25553,29,111,1600066610,353,353,1996-06-13,1996-06-19,1,0.6887608069164265,0.6887608069164265,0.6887608069164265,1,True
25553,30,111,1600066610,355,355,1996-06-27,1996-07-03,1,0.24207492795389052,0.24207492795389052,0.24207492795389052,1,True
25553,31,111,1600066610,365,365,1996-09-05,1996-09-11,1,0.5214899713467049,0.5214899713467049,0.5214899713467049,1,True
25553,32,111,1600066610,392,393,1997-03-13,1997-03-26,2,0.09598853868194845,0.09598853868194845,0.15759312320916907,2,True
25692,1,111,3800000110,112,112,1991-10-31,1991-11-06,1,0.06666666666666654,0.06666666666666654,0.06666666666666654,1,True
25692,2,111,3800000110,155,156,1992-08-27,1992-09-09,2,0.1057142857142857,0.1057142857142857,0.12,2,True
25692,3,111,3800000110,340,340,1996-03-14,1996-03-20,1,0.1076233183856502,0.1076233183856502,0.1076233183856502,1,True
25692,4,111,3800000110,342,342,1996-03-28,1996-04-03,1,0.2511210762331839,0.2511210762331839,0.2511210762331839,1,True
25692,5,111,3800000110,352,352,1996-06-06,1996-06-12,1,0.44843049327354256,0.44843049327354256,0.44843049327354256,1,True
25693,1,111,3800000120,25,25,1990-03-01,1990-03-07,1,0.08252427184466027,0.08252427184466027,0.08252427184466027,1,True
25693,2,111,3800000120,43,44,1990-07-05,1990-07-18,2,0.07802684180468311,0.07802684180468311,0.08252427184466027,2,True
25693,3,111,3800000120,55,55,1990-09-27,1990-10-03,1,0.0357142857142857,0.0357142857142857,0.0357142857142857,1,True
25693,4,111,3800000120,74,75,1991-02-07,1991-02-20,2,0.23979591836734693,0.23979591836734693,0.23979591836734693,2,True
25693,5,111,3800000120,88,88,1991-05-16,1991-05-22,1,0.0,0.0,0.0,1,True
25693,6,111,3800000120,90,90,1991-05-30,1991-06-05,1,0.0,0.0,0.0,1,True
25693,7,111,3800000120,94,94,1991-06-27,1991-07-03,1,0.0357142857142857,0.0357142857142857,0.0357142857142857,1,True
25693,8,111,3800000120,97,97,1991-07-18,1991-07-24,1,0.0357142857142857,0.0357142857142857,0.0357142857142857,1,True
25693,9,111,3800000120,107,107,1991-09-26,1991-10-02,1,0.0357142857142857,0.0357142857142857,0.0357142857142857,1,True
25693,10,111,3800000120,123,126,1992-01-16,1992-02-12,4,0.24512195121951214,0.20731707317073167,0.5512195121951219,4,True
25693,11,111,3800000120,139,139,1992-05-07,1992-05-13,1,0.029268292682926744,0.029268292682926744,0.029268292682926744,1,True
25693,12,111,3800000120,152,152,1992-08-06,1992-08-12,1,0.05092592592592604,0.05092592592592604,0.05092592592592604,1,True
25693,13,111,3800000120,155,156,1992-08-27,1992-09-09,2,0.11333333333333329,0.11333333333333329,0.1333333333333333,2,True
25693,14,111,3800000120,174,174,1993-01-07,1993-01-13,1,0.11555555555555552,0.11555555555555552,0.11555555555555552,1,True
25693,15,111,3800000120,176,178,1993-01-21,1993-02-10,3,0.03259259259259262,0.03555555555555556,0.03555555555555556,3,True
25693,16,111,3800000120,185,185,1993-03-25,1993-03-31,1,0.08936170212765959,0.08936170212765959,0.08936170212765959,1,True
25693,17,111,3800000120,187,189,1993-04-08,1993-04-28,3,0.017021276595744705,0.017021276595744705,0.017021276595744705,3,True
25693,18,111,3800000120,192,192,1993-05-13,1993-05-19,1,0.042553191489361764,0.042553191489361764,0.042553191489361764,1,True
25693,19,111,3800000120,214,215,1993-10-14,1993-10-27,2,0.08995815899581594,0.08995815899581594,0.16736401673640167,2,True
25693,20,111,3800000120,226,227,1994-01-06,1994-01-19,2,0.27217741935483875,0.27217741935483875,0.5201612903225807,2,True
25693,21,111,3800000120,235,236,1994-03-10,1994-03-23,2,0.2983870967741935,0.2983870967741935,0.596774193548387,2,True
25693,22,111,3800000120,250,251,1994-06-23,1994-07-06,2,0.16666666666666663,0.16666666666666663,0.3231292517006803,2,True
25693,23,111,3800000120,266,267,1994-10-13,1994-10-26,2,0.4659863945578231,0.4659863945578231,0.6632653061224489,2,True
25693,24,111,3800000120,274,275,1994-12-08,1994-12-21,2,0.29591836734693877,0.29591836734693877,0.3231292517006803,2,True
25693,25,111,3800000120,321,321,1995-11-02,1995-11-08,1,0.391156462585034,0.391156462585034,0.391156462585034,1,True
25693,26,111,3800000120,342,342,1996-03-28,1996-04-03,1,0.2517006802721088,0.2517006802721088,0.2517006802721088,1,True
25693,27,111,3800000120,344,344,1996-04-11,1996-04-17,1,0.6632653061224489,0.6632653061224489,0.6632653061224489,1,True
25693,28,111,3800000120,352,352,1996-06-06,1996-06-12,1,0.34013605442176875,0.34013605442176875,0.34013605442176875,1,True
25693,29,111,3800000120,359,359,1996-07-25,1996-07-31,1,0.3254237288135594,0.3254237288135594,0.3254237288135594,1,True
25693,30,111,3800000120,368,368,1996-09-26,1996-10-02,1,0.6610169491525424,0.6610169491525424,0.6610169491525424,1,True
25693,31,111,3800000120,386,387,1997-01-30,1997-02-12,2,0.1627118644067797,0.1627118644067797,0.3254237288135594,2,True
25693,32,111,3800000120,395,395,1997-04-03,1997-04-09,1,0.06101694915254241,0.06101694915254241,0.06101694915254241,1,True
25694,1,111,3800000127,7,7,1989-10-26,1989-11-01,1,0.0,0.0,0.0,1,True
25694,2,111,3800000127,13,23,1989-12-07,1990-02-21,11,0.16204024982650933,0.16030534351145032,0.17938931297709926,11,True
25694,3,111,3800000127,36,38,1990-05-17,1990-06-06,3,0.05371900826446274,0.05371900826446274,0.05371900826446274,3,True
25694,4,111,3800000127,56,56,1990-10-04,1990-10-10,1,0.5909090909090908,0.5909090909090908,0.5909090909090908,1,True
25694,5,111,3800000127,82,85,1991-04-04,1991-05-01,4,0.06299999999999997,0.08399999999999996,0.08399999999999996,4,True
25694,6,111,3800000127,110,110,1991-10-17,1991-10-23,1,0.0039999999999998925,0.0039999999999998925,0.0039999999999998925,1,True
25694,7,111,3800000127,131,132,1992-03-12,1992-03-25,2,0.046332046332046184,0.046332046332046184,0.054054054054053946,2,True
25694,8,111,3800000127,155,156,1992-08-27,1992-09-09,2,0.1254480286738352,0.1254480286738352,0.1254480286738352,2,True
25694,9,111,3800000127,158,158,1992-09-17,1992-09-23,1,0.12186379928315405,0.12186379928315405,0.12186379928315405,1,True
25694,10,111,3800000127,180,182,1993-02-18,1993-03-10,3,0.10633213859020312,0.017921146953404965,0.28673835125448033,3,True
25694,11,111,3800000127,197,197,1993-06-17,1993-06-23,1,0.12935323383084574,0.12935323383084574,0.12935323383084574,1,True
25694,12,111,3800000127,208,209,1993-09-02,1993-09-15,2,0.24134419551934827,0.24134419551934827,0.4806517311608961,2,True
25694,13,111,3800000127,228,229,1994-01-20,1994-02-02,2,0.24926686217008803,0.24926686217008803,0.4574780058651027,2,True
25694,14,111,3800000127,245,245,1994-05-19,1994-05-25,1,0.32844574780058655,0.32844574780058655,0.32844574780058655,1,True
25694,15,111,3800000127,256,257,1994-08-04,1994-08-17,2,0.3112947658402204,0.3112947658402204,0.5206611570247934,2,True
25694,16,111,3800000127,333,333,1996-01-25,1996-01-31,1,0.3112947658402203,0.3112947658402203,0.3112947658402203,1,True
25694,17,111,3800000127,342,342,1996-03-28,1996-04-03,1,0.25068870523415976,0.25068870523415976,0.25068870523415976,1,True
25694,18,111,3800000127,346,346,1996-04-25,1996-05-01,1,0.31404958677685946,0.31404958677685946,0.31404958677685946,1,True
25694,19,111,3800000127,352,352,1996-06-06,1996-06-12,1,0.27548209366391185,0.27548209366391185,0.27548209366391185,1,True
25694,20,111,3800000127,363,363,1996-08-22,1996-08-28,1,0.452054794520548,0.452054794520548,0.452054794520548,1,True
25694,21,111,3800000127,379,379,1996-12-12,1996-12-18,1,0.3178082191780821,0.3178082191780821,0.3178082191780821,1,True
25694,22,111,3800000127,390,390,1997-02-27,1997-03-05,1,0.1808219178082191,0.1808219178082191,0.1808219178082191,1,True
25694,23,111,3800000127,397,397,1997-04-17,1997-04-23,1,0.3178082191780821,0.3178082191780821,0.3178082191780821,1,True
25712,1,111,3800001520,49,49,1990-08-16,1990-08-22,1,0.042553191489361764,0.042553191489361764,0.042553191489361764,1,True
25712,2,111,3800001520,51,51,1990-08-30,1990-09-05,1,0.042553191489361764,0.042553191489361764,0.042553191489361764,1,True
25712,3,111,3800001520,55,56,1990-09-27,1990-10-10,2,0.3951367781155015,0.3951367781155015,0.3951367781155015,2,True
25712,4,111,3800001520,75,77,1991-02-14,1991-03-06,3,0.06725146198830412,0.06725146198830412,0.06725146198830412,3,True
25712,5,111,3800001520,87,87,1991-05-09,1991-05-15,1,0.0,0.0,0.0,1,True
25712,6,111,3800001520,100,100,1991-08-08,1991-08-14,1,0.0,0.0,0.0,1,True
25712,7,111,3800001520,102,102,1991-08-22,1991-08-28,1,0.07309941520467833,0.07309941520467833,0.07309941520467833,1,True
25712,8,111,3800001520,123,126,1992-01-16,1992-02-12,4,0.038732394366197076,0.028169014084506894,0.07323943661971821,4,True
25712,9,111,3800001520,144,144,1992-06-11,1992-06-17,1,0.07323943661971821,0.07323943661971821,0.07323943661971821,1,True
25712,10,111,3800001520,155,156,1992-08-27,1992-09-09,2,0.09891598915989158,0.09891598915989158,0.10027100271002709,2,True
25712,11,111,3800001520,161,161,1992-10-08,1992-10-14,1,0.0,0.0,0.0,1,True
25712,12,111,3800001520,163,164,1992-10-22,1992-11-04,2,0.10027100271002715,0.10027100271002715,0.11111111111111116,2,True
25712,13,111,3800001520,171,173,1992-12-17,1993-01-06,3,0.016260162601625994,0.016260162601625994,0.016260162601625994,3,True
25712,14,111,3800001520,176,176,1993-01-21,1993-01-27,1,0.11111111111111116,0.11111111111111116,0.11111111111111116,1,True
25712,15,111,3800001520,204,205,1993-08-05,1993-08-18,2,0.06368563685636852,0.06368563685636852,0.06504065040650397,2,True
25712,16,111,3800001520,220,220,1993-11-25,1993-12-01,1,0.19525406241939647,0.19525406241939647,0.19525406241939647,1,True
25712,17,111,3800001520,230,233,1994-02-03,1994-03-02,4,0.26904176904176913,0.26904176904176913,0.4864864864864865,4,True
25712,18,111,3800001520,256,257,1994-08-04,1994-08-17,2,0.06293706293706297,0.06293706293706297,0.0699300699300699,2,True
25712,19,111,3800001520,336,338,1996-02-15,1996-03-06,3,0.3752913752913753,0.5337995337995338,0.5337995337995338,3,True
25712,20,111,3800001520,342,342,1996-03-28,1996-04-03,1,0.2517482517482518,0.2517482517482518,0.2517482517482518,1,True
25712,21,111,3800001520,352,352,1996-06-06,1996-06-12,1,0.2331002331002331,0.2331002331002331,0.2331002331002331,1,True
25712,22,111,3800001520,354,357,1996-06-20,1996-07-17,4,0.19289044289044283,0.1561771561771561,0.303030303030303,4,True
25712,23,111,3800001520,361,369,1996-08-08,1996-10-09,9,0.2530432530432531,0.1398601398601399,0.7645687645687645,9,True
25712,24,111,3800001520,372,372,1996-10-24,1996-10-30,1,0.35664335664335667,0.35664335664335667,0.35664335664335667,1,True
25712,25,111,3800001520,384,385,1997-01-16,1997-01-29,2,0.16124661246612465,0.16124661246612465,0.3224932249322493,2,True
25715,1,111,3800001611,17,17,1990-01-04,1990-01-10,1,0.09615384615384615,0.09615384615384615,0.09615384615384615,1,True
25715,2,111,3800001611,97,98,1991-07-18,1991-07-31,2,0.056140350877193046,0.056140350877193046,0.056140350877193046,2,True
25715,3,111,3800001611,110,110,1991-10-17,1991-10-23,1,0.056140350877193046,0.056140350877193046,0.056140350877193046,1,True
25715,4,111,3800001611,126,126,1992-02-06,1992-02-12,1,0.10169491525423735,0.10169491525423735,0.10169491525423735,1,True
25715,5,111,3800001611,151,151,1992-07-30,1992-08-05,1,0.15204678362573099,0.15204678362573099,0.15204678362573099,1,True
25715,6,111,3800001611,155,156,1992-08-27,1992-09-09,2,0.08576051779935273,0.08576051779935273,0.10679611650485443,2,True
25715,7,111,3800001611,175,178,1993-01-14,1993-02-10,4,0.07928802588996756,0.0598705501618122,0.1618122977346278,4,True
25715,8,111,3800001611,191,191,1993-05-06,1993-05-12,1,0.30395136778115506,0.30395136778115506,0.30395136778115506,1,True
25715,9,111,3800001611,196,206,1993-06-10,1993-08-25,11,0.05985637108000196,0.06079027355623101,0.06079027355623101,11,True
25715,10,111,3800001611,226,227,1994-01-06,1994-01-19,2,0.33353714460409656,0.33353714460409656,0.3916233567716294,2,True
25715,11,111,3800001611,246,246,1994-05-26,1994-06-01,1,0.41812865497076024,0.41812865497076024,0.41812865497076024,1,True
25715,12,111,3800001611,332,332,1996-01-18,1996-01-24,1,0.41812865497076024,0.41812865497076024,0.41812865497076024,1,True
25715,13,111,3800001611,342,342,1996-03-28,1996-04-03,1,0.2514619883040935,0.2514619883040935,0.2514619883040935,1,True
25715,14,111,3800001611,352,352,1996-06-06,1996-06-12,1,0.29239766081871343,0.29239766081871343,0.29239766081871343,1,True
25715,15,111,3800001611,383,383,1997-01-09,1997-01-15,1,0.1333333333333333,0.1333333333333333,0.1333333333333333,1,True
2679,1,18,3800000110,112,112,1991-10-31,1991-11-06,1,0.03144654088050314,0.03144654088050314,0.03144654088050314,1,True
2679,2,18,3800000110,114,114,1991-11-14,1991-11-20,1,0.0,0.0,0.0,1,True
2679,3,18,3800000110,117,118,1991-12-05,1991-12-18,2,0.0,0.0,0.0,2,True
2679,4,18,3800000110,151,161,1992-07-30,1992-10-14,11,0.07328782416577663,0.07272727272727264,0.10303030303030303,11,True
2679,5,18,3800000110,340,340,1996-03-14,1996-03-20,1,0.07441860465116279,0.07441860465116279,0.07441860465116279,1,True
2679,6,18,3800000110,342,342,1996-03-28,1996-04-03,1,0.25116279069767433,0.25116279069767433,0.25116279069767433,1,True
2679,7,18,3800000110,352,352,1996-06-06,1996-06-12,1,0.4651162790697675,0.4651162790697675,0.4651162790697675,1,True
2680,1,18,3800000120,25,25,1990-03-01,1990-03-07,1,0.0052631578947368585,0.0052631578947368585,0.0052631578947368585,1,True
2680,2,18,3800000120,43,44,1990-07-05,1990-07-18,2,0.0357142857142857,0.0357142857142857,0.0357142857142857,2,True
2680,3,18,3800000120,55,55,1990-09-27,1990-10-03,1,0.0357142857142857,0.0357142857142857,0.0357142857142857,1,True
2680,4,18,3800000120,74,75,1991-02-07,1991-02-20,2,0.23979591836734693,0.23979591836734693,0.23979591836734693,2,True
2680,5,18,3800000120,88,88,1991-05-16,1991-05-22,1,0.0,0.0,0.0,1,True
2680,6,18,3800000120,90,90,1991-05-30,1991-06-05,1,0.0,0.0,0.0,1,True
2680,7,18,3800000120,94,94,1991-06-27,1991-07-03,1,0.0357142857142857,0.0357142857142857,0.0357142857142857,1,True
2680,8,18,3800000120,97,97,1991-07-18,1991-07-24,1,0.0357142857142857,0.0357142857142857,0.0357142857142857,1,True
2680,9,18,3800000120,107,107,1991-09-26,1991-10-02,1,0.0357142857142857,0.0357142857142857,0.0357142857142857,1,True
2680,10,18,3800000120,123,127,1992-01-16,1992-02-19,5,0.22829268292682925,0.019512195121951237,0.5512195121951219,5,True
2680,11,18,3800000120,151,160,1992-07-30,1992-10-07,10,0.07969766356661492,0.07441860465116279,0.13023255813953483,10,True
2680,12,18,3800000120,174,174,1993-01-07,1993-01-13,1,0.0,0.0,0.0,1,True
2680,13,18,3800000120,178,178,1993-02-04,1993-02-10,1,0.0,0.0,0.0,1,True
2680,14,18,3800000120,185,185,1993-03-25,1993-03-31,1,0.0,0.0,0.0,1,True
2680,15,18,3800000120,187,189,1993-04-08,1993-04-28,3,0.019138755980861233,0.019138755980861233,0.019138755980861233,3,True
2680,16,18,3800000120,192,192,1993-05-13,1993-05-19,1,0.0,0.0,0.0,1,True
2680,17,18,3800000120,214,215,1993-10-14,1993-10-27,2,0.09205020920502094,0.09205020920502094,0.16736401673640167,2,True
2680,18,18,3800000120,226,227,1994-01-06,1994-01-19,2,0.3138075313807532,0.3138075313807532,0.502092050209205,2,True
2680,19,18,3800000120,235,235,1994-03-10,1994-03-16,1,0.5648535564853556,0.5648535564853556,0.5648535564853556,1,True
2680,20,18,3800000120,250,251,1994-06-23,1994-07-06,2,0.15140845070422532,0.15140845070422532,0.2957746478873239,2,True
2680,21,18,3800000120,266,267,1994-10-13,1994-10-26,2,0.38028169014084506,0.38028169014084506,0.6514084507042253,2,True
2680,22,18,3800000120,274,275,1994-12-08,1994-12-21,2,0.2887323943661972,0.2887323943661972,0.29929577464788726,2,True
2680,23,18,3800000120,321,321,1995-11-02,1995-11-08,1,0.3697183098591549,0.3697183098591549,0.3697183098591549,1,True
2680,24,18,3800000120,342,342,1996-03-28,1996-04-03,1,0.25,0.25,0.25,1,True
2680,25,18,3800000120,344,345,1996-04-11,1996-04-24,2,0.38028169014084506,0.38028169014084506,0.6514084507042253,2,True
2680,26,18,3800000120,352,352,1996-06-06,1996-06-12,1,0.352112676056338,0.352112676056338,0.352112676056338,1,True
2680,27,18,3800000120,359,359,1996-07-25,1996-07-31,1,0.30175438596491233,0.30175438596491233,0.30175438596491233,1,True
2680,28,18,3800000120,368,369,1996-09-26,1996-10-09,2,0.4052631578947369,0.4052631578947369,0.6456140350877193,2,True
2680,29,18,3800000120,386,387,1997-01-30,1997-02-12,2,0.16842105263157897,0.16842105263157897,0.30175438596491233,2,True
26804,1,114,1600066510,66,66,1990-12-13,1990-12-19,1,0.0,0.0,0.0,1,True
26804,2,114,1600066510,117,118,1991-12-05,1991-12-18,2,0.041484716157205226,0.041484716157205226,0.04366812227074235,2,True
26804,3,114,1600066510,140,142,1992-05-14,1992-06-03,3,0.052401746724890876,0.06113537117903933,0.06113537117903933,3,True
26804,4,114,1600066510,152,152,1992-08-06,1992-08-12,1,0.02092050209205032,0.02092050209205032,0.02092050209205032,1,True
26804,5,114,1600066510,155,156,1992-08-27,1992-09-09,2,0.09414225941422599,0.09414225941422599,0.09623430962343094,2,True
26804,6,114,1600066510,186,187,1993-04-01,1993-04-14,2,0.2530120481927711,0.2530120481927711,0.2530120481927711,2,True
26804,7,114,1600066510,194,206,1993-05-27,1993-08-25,13,0.10245270850475398,0.05622489959839361,0.4713478611783697,13,True
26804,8,114,1600066510,208,209,1993-09-02,1993-09-15,2,0.18936170212765963,0.18936170212765963,0.3531914893617022,2,True
26804,9,114,1600066510,218,218,1993-11-11,1993-11-17,1,0.2468085106382979,0.2468085106382979,0.2468085106382979,1,True
26804,10,114,1600066510,243,244,1994-05-05,1994-05-18,2,0.28936170212765966,0.28936170212765966,0.48510638297872344,2,True
26804,11,114,1600066510,261,261,1994-09-08,1994-09-14,1,0.2468085106382979,0.2468085106382979,0.2468085106382979,1,True
26804,12,114,1600066510,266,266,1994-10-13,1994-10-19,1,0.008510638297872353,0.008510638297872353,0.008510638297872353,1,True
26804,13,114,1600066510,318,318,1995-10-12,1995-10-18,1,0.5021276595744681,0.5021276595744681,0.5021276595744681,1,True
26804,14,114,1600066510,331,331,1996-01-11,1996-01-17,1,0.34042553191489366,0.34042553191489366,0.34042553191489366,1,True
26804,15,114,1600066510,355,356,1996-06-27,1996-07-10,2,0.15106382978723404,0.15106382978723404,0.2468085106382979,2,True
26805,1,114,1600066590,21,21,1990-02-01,1990-02-07,1,0.40701754385964917,0.40701754385964917,0.40701754385964917,1,True
26805,2,114,1600066590,57,57,1990-10-11,1990-10-17,1,0.056140350877193046,0.056140350877193046,0.056140350877193046,1,True
26805,3,114,1600066590,81,81,1991-03-28,1991-04-03,1,0.0,0.0,0.0,1,True
26805,4,114,1600066590,84,84,1991-04-18,1991-04-24,1,0.11803278688524588,0.11803278688524588,0.11803278688524588,1,True
26805,5,114,1600066590,108,108,1991-10-03,1991-10-09,1,0.032786885245901565,0.032786885245901565,0.032786885245901565,1,True
26805,6,114,1600066590,152,152,1992-08-06,1992-08-12,1,0.015197568389057725,0.015197568389057725,0.015197568389057725,1,True
26805,7,114,1600066590,156,156,1992-09-03,1992-09-09,1,0.06382978723404253,0.06382978723404253,0.06382978723404253,1,True
26805,8,114,1600066590,160,160,1992-10-01,1992-10-07,1,0.4772036474164134,0.4772036474164134,0.4772036474164134,1,True
26805,9,114,1600066590,177,177,1993-01-28,1993-02-03,1,0.09118541033434646,0.09118541033434646,0.09118541033434646,1,True
26805,10,114,1600066590,186,187,1993-04-01,1993-04-14,2,0.25070422535211256,0.25070422535211256,0.25070422535211256,2,True
26805,11,114,1600066590,194,204,1993-05-27,1993-08-11,11,0.07271406215068178,0.07323943661971821,0.07323943661971821,11,True
26805,12,114,1600066590,206,206,1993-08-19,1993-08-25,1,0.2522796352583587,0.2522796352583587,0.2522796352583587,1,True
26805,13,114,1600066590,209,209,1993-09-09,1993-09-15,1,0.45592705167173253,0.45592705167173253,0.45592705167173253,1,True
26805,14,114,1600066590,218,218,1993-11-11,1993-11-17,1,0.2522796352583587,0.2522796352583587,0.2522796352583587,1,True
26805,15,114,1600066590,226,227,1994-01-06,1994-01-19,2,0.2750759878419453,0.2750759878419453,0.5015197568389058,2,True
26805,16,114,1600066590,236,236,1994-03-17,1994-03-23,1,0.5015197568389058,0.5015197568389058,0.5015197568389058,1,True
26805,17,114,1600066590,261,261,1994-09-08,1994-09-14,1,0.2507836990595611,0.2507836990595611,0.2507836990595611,1,True
26805,18,114,1600066590,266,267,1994-10-13,1994-10-26,2,0.1912225705329153,0.1912225705329153,0.3730407523510971,2,True
26805,19,114,1600066590,314,314,1995-09-14,1995-09-20,1,0.3846153846153846,0.3846153846153846,0.3846153846153846,1,True
26805,20,114,1600066590,318,319,1995-10-12,1995-10-25,2,0.2938461538461538,0.2938461538461538,0.5015384615384615,2,True
26805,21,114,1600066590,331,332,1996-01-11,1996-01-24,2,0.36,0.36,0.38769230769230767,2,True
26805,22,114,1600066590,341,341,1996-03-21,1996-03-27,1,0.3846153846153846,0.3846153846153846,0.3846153846153846,1,True
26805,23,114,1600066590,346,347,1996-04-25,1996-05-08,2,0.2276923076923077,0.2276923076923077,0.3846153846153846,2,True
26805,24,114,1600066590,353,356,1996-06-13,1996-07-10,4,0.2623076923076923,0.1584615384615385,0.6738461538461538,4,True
26805,25,114,1600066590,365,366,1996-09-05,1996-09-18,2,0.3092307692307692,0.3092307692307692,0.5015384615384615,2,True
26805,26,114,1600066590,392,393,1997-03-13,1997-03-26,2,0.06784660766961653,0.06784660766961653,0.11799410029498525,2,True
26806,1,114,1600066610,21,21,1990-02-01,1990-02-07,1,0.0,0.0,0.0,1,True
26806,2,114,1600066610,28,28,1990-03-22,1990-03-28,1,0.08620689655172409,0.08620689655172409,0.08620689655172409,1,True
26806,3,114,1600066610,52,52,1990-09-06,1990-09-12,1,0.037931034482758585,0.037931034482758585,0.037931034482758585,1,True
26806,4,114,1600066610,108,109,1991-10-03,1991-10-16,2,0.0307443365695792,0.0307443365695792,0.032362459546925404,2,True
26806,5,114,1600066610,123,123,1992-01-16,1992-01-22,1,0.012539184952978122,0.012539184952978122,0.012539184952978122,1,True
26806,6,114,1600066610,146,147,1992-06-25,1992-07-08,2,0.01846153846153853,0.01846153846153853,0.01846153846153853,2,True
26806,7,114,1600066610,151,152,1992-07-30,1992-08-12,2,0.06769230769230766,0.06769230769230766,0.12,2,True
26806,8,114,1600066610,155,156,1992-08-27,1992-09-09,2,0.0615384615384616,0.0615384615384616,0.06769230769230772,2,True
26806,9,114,1600066610,177,177,1993-01-28,1993-02-03,1,0.0492307692307693,0.0492307692307693,0.0492307692307693,1,True
26806,10,114,1600066610,185,187,1993-03-25,1993-04-14,3,0.18377321603128063,0.2521994134897362,0.2521994134897362,3,True
26806,11,114,1600066610,193,193,1993-05-20,1993-05-26,1,0.4750733137829912,0.4750733137829912,0.4750733137829912,1,True
26806,12,114,1600066610,206,206,1993-08-19,1993-08-25,1,0.27732079905992946,0.27732079905992946,0.27732079905992946,1,True
26806,13,114,1600066610,209,209,1993-09-09,1993-09-15,1,0.5015197568389058,0.5015197568389058,0.5015197568389058,1,True
26806,14,114,1600066610,218,218,1993-11-11,1993-11-17,1,0.2522796352583587,0.2522796352583587,0.2522796352583587,1,True
26806,15,114,1600066610,226,227,1994-01-06,1994-01-19,2,0.2613981762917933,0.2613981762917933,0.5015197568389058,2,True
26806,16,114,1600066610,250,250,1994-06-23,1994-06-29,1,0.3951367781155015,0.3951367781155015,0.3951367781155015,1,True
26806,17,114,1600066610,261,261,1994-09-08,1994-09-14,1,0.24844720496894412,0.24844720496894412,0.24844720496894412,1,True
26806,18,114,1600066610,266,268,1994-10-13,1994-11-02,3,0.1387163561076605,0.021739130434782705,0.38198757763975155,3,True
26806,19,114,1600066610,314,314,1995-09-14,1995-09-20,1,0.4059701492537313,0.4059701492537313,0.4059701492537313,1,True
26806,20,114,1600066610,318,318,1995-10-12,1995-10-18,1,0.5014925373134329,0.5014925373134329,0.5014925373134329,1,True
26806,21,114,1600066610,326,326,1995-12-07,1995-12-13,1,0.4059701492537313,0.4059701492537313,0.4059701492537313,1,True
26806,22,114,1600066610,331,331,1996-01-11,1996-01-17,1,0.33134328358208953,0.33134328358208953,0.33134328358208953,1,True
26806,23,114,1600066610,341,341,1996-03-21,1996-03-27,1,0.4029850746268657,0.4029850746268657,0.4029850746268657,1,True
26806,24,114,1600066610,343,344,1996-04-04,1996-04-17,2,0.2328358208955224,0.2328358208955224,0.4059701492537313,2,True
26806,25,114,1600066610,353,353,1996-06-13,1996-06-19,1,0.6895522388059702,0.6895522388059702,0.6895522388059702,1,True
26806,26,114,1600066610,355,356,1996-06-27,1996-07-10,2,0.17164179104477617,0.17164179104477617,0.25074626865671645,2,True
26806,27,114,1600066610,365,365,1996-09-05,1996-09-11,1,0.5014925373134329,0.5014925373134329,0.5014925373134329,1,True
26806,28,114,1600066610,392,393,1997-03-13,1997-03-26,2,0.02148997134670494,0.02148997134670494,0.04011461318051579,2,True
2681,1,18,3800000127,7,7,1989-10-26,1989-11-01,1,0.0,0.0,0.0,1,True
2681,2,18,3800000127,37,38,1990-05-24,1990-06-06,2,0.08399999999999996,0.08399999999999996,0.08399999999999996,2,True
2681,3,18,3800000127,56,56,1990-10-04,1990-10-10,1,0.604,0.604,0.604,1,True
2681,4,18,3800000127,82,85,1991-04-04,1991-05-01,4,0.06299999999999997,0.08399999999999996,0.08399999999999996,4,True
2681,5,18,3800000127,110,110,1991-10-17,1991-10-23,1,0.0039999999999998925,0.0039999999999998925,0.0039999999999998925,1,True
2681,6,18,3800000127,112,112,1991-10-31,1991-11-06,1,0.0039999999999998925,0.0039999999999998925,0.0039999999999998925,1,True
2681,7,18,3800000127,132,132,1992-03-19,1992-03-25,1,0.039215686274509665,0.039215686274509665,0.039215686274509665,1,True
2681,8,18,3800000127,145,145,1992-06-18,1992-06-24,1,0.0,0.0,0.0,1,True
2681,9,18,3800000127,154,164,1992-08-20,1992-11-04,11,0.06891953614758031,0.07302307983352241,0.11842603102534988,11,True
2681,10,18,3800000127,181,182,1993-02-25,1993-03-10,2,0.11044176706827319,0.11044176706827319,0.20080321285140568,2,True
2681,11,18,3800000127,197,197,1993-06-17,1993-06-23,1,0.06417112299465233,0.06417112299465233,0.06417112299465233,1,True
2681,12,18,3800000127,208,209,1993-09-02,1993-09-15,2,0.23498233215547704,0.23498233215547704,0.46996466431095407,2,True
2681,13,18,3800000127,228,229,1994-01-20,1994-02-02,2,0.270516717325228,0.270516717325228,0.45896656534954405,2,True
2681,14,18,3800000127,245,246,1994-05-19,1994-06-01,2,0.16413373860182373,0.16413373860182373,0.30395136778115506,2,True
2681,15,18,3800000127,256,257,1994-08-04,1994-08-17,2,0.2851002865329514,0.2851002865329514,0.5014326647564471,2,True
2681,16,18,3800000127,333,333,1996-01-25,1996-01-31,1,0.2836676217765044,0.2836676217765044,0.2836676217765044,1,True
2681,17,18,3800000127,342,342,1996-03-28,1996-04-03,1,0.25214899713467054,0.25214899713467054,0.25214899713467054,1,True
2681,18,18,3800000127,346,346,1996-04-25,1996-05-01,1,0.28653295128939826,0.28653295128939826,0.28653295128939826,1,True
2681,19,18,3800000127,352,352,1996-06-06,1996-06-12,1,0.28653295128939826,0.28653295128939826,0.28653295128939826,1,True
2681,20,18,3800000127,363,363,1996-08-22,1996-08-28,1,0.4269340974212035,0.4269340974212035,0.4269340974212035,1,True
2681,21,18,3800000127,379,379,1996-12-12,1996-12-18,1,0.28653295128939826,0.28653295128939826,0.28653295128939826,1,True
2681,22,18,3800000127,390,390,1997-02-27,1997-03-05,1,0.14326647564469908,0.14326647564469908,0.14326647564469908,1,True
2681,23,18,3800000127,397,397,1997-04-17,1997-04-23,1,0.28653295128939826,0.28653295128939826,0.28653295128939826,1,True
26951,1,114,3800000110,112,112,1991-10-31,1991-11-06,1,0.03144654088050314,0.03144654088050314,0.03144654088050314,1,True
26951,2,114,3800000110,155,156,1992-08-27,1992-09-09,2,0.07575757575757569,0.07575757575757569,0.08484848484848484,2,True
26951,3,114,3800000110,340,340,1996-03-14,1996-03-20,1,0.07441860465116279,0.07441860465116279,0.07441860465116279,1,True
26951,4,114,3800000110,342,342,1996-03-28,1996-04-03,1,0.24186046511627912,0.24186046511627912,0.24186046511627912,1,True
26951,5,114,3800000110,352,352,1996-06-06,1996-06-12,1,0.4651162790697675,0.4651162790697675,0.4651162790697675,1,True
26952,1,114,3800000120,25,25,1990-03-01,1990-03-07,1,0.0052631578947368585,0.0052631578947368585,0.0052631578947368585,1,True
26952,2,114,3800000120,43,44,1990-07-05,1990-07-18,2,0.0357142857142857,0.0357142857142857,0.0357142857142857,2,True
26952,3,114,3800000120,55,55,1990-09-27,1990-10-03,1,0.0357142857142857,0.0357142857142857,0.0357142857142857,1,True
26952,4,114,3800000120,74,75,1991-02-07,1991-02-20,2,0.23979591836734693,0.23979591836734693,0.23979591836734693,2,True
26952,5,114,3800000120,88,88,1991-05-16,1991-05-22,1,0.0,0.0,0.0,1,True
26952,6,114,3800000120,90,90,1991-05-30,1991-06-05,1,0.0,0.0,0.0,1,True
26952,7,114,3800000120,107,107,1991-09-26,1991-10-02,1,0.0357142857142857,0.0357142857142857,0.0357142857142857,1,True
26952,8,114,3800000120,123,126,1992-01-16,1992-02-12,4,0.24268292682926826,0.19999999999999996,0.5512195121951219,4,True
26952,9,114,3800000120,139,139,1992-05-07,1992-05-13,1,0.029268292682926744,0.029268292682926744,0.029268292682926744,1,True
26952,10,114,3800000120,152,152,1992-08-06,1992-08-12,1,0.0046511627906975495,0.0046511627906975495,0.0046511627906975495,1,True
26952,11,114,3800000120,155,156,1992-08-27,1992-09-09,2,0.086046511627907,0.086046511627907,0.11627906976744184,2,True
26952,12,114,3800000120,174,174,1993-01-07,1993-01-13,1,0.07441860465116279,0.07441860465116279,0.07441860465116279,1,True
26952,13,114,3800000120,176,178,1993-01-21,1993-02-10,3,0.018604651162790753,0.018604651162790753,0.018604651162790753,3,True
26952,14,114,3800000120,185,185,1993-03-25,1993-03-31,1,0.04888888888888887,0.04888888888888887,0.04888888888888887,1,True
26952,15,114,3800000120,187,189,1993-04-08,1993-04-28,3,0.016296296296296253,0.01777777777777778,0.01777777777777778,3,True
26952,16,114,3800000120,214,215,1993-10-14,1993-10-27,2,0.06888888888888883,0.06888888888888883,0.11555555555555552,2,True
26952,17,114,3800000120,226,227,1994-01-06,1994-01-19,2,0.3075313807531381,0.3075313807531381,0.502092050209205,2,True
26952,18,114,3800000120,235,236,1994-03-10,1994-03-23,2,0.2719665271966527,0.2719665271966527,0.5439330543933054,2,True
26952,19,114,3800000120,250,251,1994-06-23,1994-07-06,2,0.1549295774647887,0.1549295774647887,0.29929577464788726,2,True
26952,20,114,3800000120,266,267,1994-10-13,1994-10-26,2,0.4647887323943662,0.4647887323943662,0.6514084507042253,2,True
26952,21,114,3800000120,274,275,1994-12-08,1994-12-21,2,0.28345070422535207,0.28345070422535207,0.29929577464788726,2,True
26952,22,114,3800000120,321,321,1995-11-02,1995-11-08,1,0.3697183098591549,0.3697183098591549,0.3697183098591549,1,True
26952,23,114,3800000120,342,342,1996-03-28,1996-04-03,1,0.2464788732394365,0.2464788732394365,0.2464788732394365,1,True
26952,24,114,3800000120,344,345,1996-04-11,1996-04-24,2,0.3820422535211267,0.3820422535211267,0.6514084507042253,2,True
26952,25,114,3800000120,352,352,1996-06-06,1996-06-12,1,0.3485915492957746,0.3485915492957746,0.3485915492957746,1,True
26952,26,114,3800000120,359,360,1996-07-25,1996-08-07,2,0.17719298245614035,0.17719298245614035,0.30175438596491233,2,True
26952,27,114,3800000120,368,369,1996-09-26,1996-10-09,2,0.3543859649122807,0.3543859649122807,0.6491228070175439,2,True
26952,28,114,3800000120,386,387,1997-01-30,1997-02-12,2,0.18644067796610175,0.18644067796610175,0.3254237288135594,2,True
26953,1,114,3800000127,7,7,1989-10-26,1989-11-01,1,0.0,0.0,0.0,1,True
26953,2,114,3800000127,36,37,1990-05-17,1990-05-30,2,0.08399999999999996,0.08399999999999996,0.08399999999999996,2,True
26953,3,114,3800000127,56,56,1990-10-04,1990-10-10,1,0.604,0.604,0.604,1,True
26953,4,114,3800000127,82,85,1991-04-04,1991-05-01,4,0.06299999999999997,0.08399999999999996,0.08399999999999996,4,True
26953,5,114,3800000127,131,132,1992-03-12,1992-03-25,2,0.0352941176470587,0.0352941176470587,0.039215686274509665,2,True
26953,6,114,3800000127,155,156,1992-08-27,1992-09-09,2,0.09056603773584904,0.09056603773584904,0.10188679245283017,2,True
26953,7,114,3800000127,158,158,1992-09-17,1992-09-23,1,0.07547169811320742,0.07547169811320742,0.07547169811320742,1,True
26953,8,114,3800000127,180,182,1993-02-18,1993-03-10,3,0.09433962264150937,0.01886792452830177,0.24905660377358485,3,True
26953,9,114,3800000127,197,197,1993-06-17,1993-06-23,1,0.07825432656132425,0.07825432656132425,0.07825432656132425,1,True
26953,10,114,3800000127,208,208,1993-09-02,1993-09-08,1,0.45126353790613716,0.45126353790613716,0.45126353790613716,1,True
26953,11,114,3800000127,228,229,1994-01-20,1994-02-02,2,0.2537993920972645,0.2537993920972645,0.4650455927051672,2,True
26953,12,114,3800000127,245,246,1994-05-19,1994-06-01,2,0.15653495440729487,0.15653495440729487,0.30395136778115506,2,True
26953,13,114,3800000127,256,256,1994-08-04,1994-08-10,1,0.5014326647564471,0.5014326647564471,0.5014326647564471,1,True
26953,14,114,3800000127,333,333,1996-01-25,1996-01-31,1,0.2836676217765044,0.2836676217765044,0.2836676217765044,1,True
26953,15,114,3800000127,342,342,1996-03-28,1996-04-03,1,0.25214899713467054,0.25214899713467054,0.25214899713467054,1,True
26953,16,114,3800000127,346,346,1996-04-25,1996-05-01,1,0.28653295128939826,0.28653295128939826,0.28653295128939826,1,True
26953,17,114,3800000127,352,352,1996-06-06,1996-06-12,1,0.27793696275071633,0.27793696275071633,0.27793696275071633,1,True
26953,18,114,3800000127,363,363,1996-08-22,1996-08-28,1,0.4240687679083096,0.4240687679083096,0.4240687679083096,1,True
26953,19,114,3800000127,379,379,1996-12-12,1996-12-18,1,0.3178082191780821,0.3178082191780821,0.3178082191780821,1,True
26953,20,114,3800000127,390,390,1997-02-27,1997-03-05,1,0.1808219178082191,0.1808219178082191,0.1808219178082191,1,True
26953,21,114,3800000127,397,397,1997-04-17,1997-04-23,1,0.3178082191780821,0.3178082191780821,0.3178082191780821,1,True
26972,1,114,3800001520,24,24,1990-02-22,1990-02-28,1,0.3475409836065574,0.3475409836065574,0.3475409836065574,1,True
26972,2,114,3800001520,49,49,1990-08-16,1990-08-22,1,0.022222222222222143,0.022222222222222143,0.022222222222222143,1,True
26972,3,114,3800001520,51,51,1990-08-30,1990-09-05,1,0.022222222222222143,0.022222222222222143,0.022222222222222143,1,True
26972,4,114,3800001520,55,56,1990-09-27,1990-10-10,2,0.3682539682539683,0.3682539682539683,0.3682539682539683,2,True
26972,5,114,3800001520,76,76,1991-02-21,1991-02-27,1,0.027439024390243816,0.027439024390243816,0.027439024390243816,1,True
26972,6,114,3800001520,87,87,1991-05-09,1991-05-15,1,0.0,0.0,0.0,1,True
26972,7,114,3800001520,123,126,1992-01-16,1992-02-12,4,0.01843657817109151,0.014749262536873253,0.029498525073746285,4,True
26972,8,114,3800001520,144,144,1992-06-11,1992-06-17,1,0.029498525073746285,0.029498525073746285,0.029498525073746285,1,True
26972,9,114,3800001520,155,156,1992-08-27,1992-09-09,2,0.05915492957746471,0.05915492957746471,0.06760563380281681,2,True
26972,10,114,3800001520,161,161,1992-10-08,1992-10-14,1,0.0,0.0,0.0,1,True
26972,11,114,3800001520,163,164,1992-10-22,1992-11-04,2,0.06901408450704222,0.06901408450704222,0.07605633802816902,2,True
26972,12,114,3800001520,171,173,1992-12-17,1993-01-06,3,0.016901408450704092,0.016901408450704092,0.016901408450704092,3,True
26972,13,114,3800001520,176,176,1993-01-21,1993-01-27,1,0.07605633802816902,0.07605633802816902,0.07605633802816902,1,True
26972,14,114,3800001520,220,220,1993-11-25,1993-12-01,1,0.23817381738173815,0.23817381738173815,0.23817381738173815,1,True
26972,15,114,3800001520,230,233,1994-02-03,1994-03-02,4,0.26315789473684215,0.26315789473684215,0.4862155388471179,4,True
26972,16,114,3800001520,257,257,1994-08-11,1994-08-17,1,0.03147699757869249,0.03147699757869249,0.03147699757869249,1,True
26972,17,114,3800001520,280,280,1995-01-19,1995-01-25,1,0.0532687651331718,0.0532687651331718,0.0532687651331718,1,True
26972,18,114,3800001520,336,338,1996-02-15,1996-03-06,3,0.3535108958837773,0.5157384987893463,0.5157384987893463,3,True
26972,19,114,3800001520,342,342,1996-03-28,1996-04-03,1,0.24939467312348662,0.24939467312348662,0.24939467312348662,1,True
26972,20,114,3800001520,352,357,1996-06-06,1996-07-17,6,0.18200161420500405,0.16222760290556903,0.2760290556900725,6,True
26972,21,114,3800001520,361,369,1996-08-08,1996-10-09,9,0.26338444982512776,0.15496368038740915,0.7554479418886199,9,True
26972,22,114,3800001520,372,372,1996-10-24,1996-10-30,1,0.3680387409200969,0.3680387409200969,0.3680387409200969,1,True
26972,23,114,3800001520,384,385,1997-01-16,1997-01-29,2,0.1598915989159892,0.1598915989159892,0.3197831978319784,2,True
26975,1,114,3800001611,110,110,1991-10-17,1991-10-23,1,0.021818181818181848,0.021818181818181848,0.021818181818181848,1,True
26975,2,114,3800001611,126,126,1992-02-06,1992-02-12,1,0.036363636363636376,0.036363636363636376,0.036363636363636376,1,True
26975,3,114,3800001611,151,151,1992-07-30,1992-08-05,1,0.11525423728813566,0.11525423728813566,0.11525423728813566,1,True
26975,4,114,3800001611,155,156,1992-08-27,1992-09-09,2,0.06779661016949157,0.06779661016949157,0.08135593220338988,2,True
26975,5,114,3800001611,175,178,1993-01-14,1993-02-10,4,0.05169491525423736,0.03389830508474584,0.12203389830508482,4,True
26975,6,114,3800001611,191,191,1993-05-06,1993-05-12,1,0.27301587301587293,0.27301587301587293,0.27301587301587293,1,True
26975,7,114,3800001611,196,206,1993-06-10,1993-08-25,11,0.08044525318997481,0.08253968253968247,0.08253968253968247,11,True
26975,8,114,3800001611,226,227,1994-01-06,1994-01-19,2,0.319620253164557,0.319620253164557,0.3702531645569621,2,True
26975,9,114,3800001611,246,247,1994-05-26,1994-06-08,2,0.21148036253776437,0.21148036253776437,0.3987915407854985,2,True
26975,10,114,3800001611,332,333,1996-01-18,1996-01-31,2,0.2280966767371601,0.2280966767371601,0.3987915407854985,2,True
26975,11,114,3800001611,342,342,1996-03-28,1996-04-03,1,0.25075528700906347,0.25075528700906347,0.25075528700906347,1,True
26975,12,114,3800001611,352,352,1996-06-06,1996-06-12,1,0.3021148036253777,0.3021148036253777,0.3021148036253777,1,True
26975,13,114,3800001611,383,383,1997-01-09,1997-01-15,1,0.1333333333333333,0.1333333333333333,0.1333333333333333,1,True
2700,1,18,3800001520,24,24,1990-02-22,1990-02-28,1,0.18360655737704912,0.18360655737704912,0.18360655737704912,1,True
2700,2,18,3800001520,49,49,1990-08-16,1990-08-22,1,0.022222222222222143,0.022222222222222143,0.022222222222222143,1,True
2700,3,18,3800001520,51,51,1990-08-30,1990-09-05,1,0.022222222222222143,0.022222222222222143,0.022222222222222143,1,True
2700,4,18,3800001520,55,56,1990-09-27,1990-10-10,2,0.3682539682539683,0.3682539682539683,0.3682539682539683,2,True
2700,5,18,3800001520,76,76,1991-02-21,1991-02-27,1,0.027439024390243816,0.027439024390243816,0.027439024390243816,1,True
2700,6,18,3800001520,87,87,1991-05-09,1991-05-15,1,0.0,0.0,0.0,1,True
2700,7,18,3800001520,100,100,1991-08-08,1991-08-14,1,0.0,0.0,0.0,1,True
2700,8,18,3800001520,102,102,1991-08-22,1991-08-28,1,0.03353658536585358,0.03353658536585358,0.03353658536585358,1,True
2700,9,18,3800001520,123,124,1992-01-16,1992-01-29,2,0.02212389380530977,0.02212389380530977,0.029498525073746285,2,True
2700,10,18,3800001520,131,131,1992-03-12,1992-03-18,1,0.0,0.0,0.0,1,True
2700,11,18,3800001520,133,133,1992-03-26,1992-04-01,1,0.0,0.0,0.0,1,True
2700,12,18,3800001520,148,148,1992-07-09,1992-07-15,1,0.0,0.0,0.0,1,True
2700,13,18,3800001520,156,156,1992-09-03,1992-09-09,1,0.041297935103244865,0.041297935103244865,0.041297935103244865,1,True
2700,14,18,3800001520,161,161,1992-10-08,1992-10-14,1,0.029298609055933733,0.029298609055933733,0.029298609055933733,1,True
2700,15,18,3800001520,163,164,1992-10-22,1992-11-04,2,0.0,0.0,0.0,2,True
2700,16,18,3800001520,171,171,1992-12-17,1992-12-23,1,0.0,0.0,0.0,1,True
2700,17,18,3800001520,176,176,1993-01-21,1993-01-27,1,0.0,0.0,0.0,1,True
2700,18,18,3800001520,188,193,1993-04-15,1993-05-26,6,0.06178489702517165,0.06178489702517165,0.06178489702517165,6,True
2700,19,18,3800001520,195,196,1993-06-03,1993-06-16,2,0.07605633802816902,0.07605633802816902,0.07605633802816902,2,True
2700,20,18,3800001520,204,205,1993-08-05,1993-08-18,2,0.03760445682451252,0.03760445682451252,0.03899721448467963,2,True
2700,21,18,3800001520,220,220,1993-11-25,1993-12-01,1,0.12271402067320436,0.12271402067320436,0.12271402067320436,1,True
2700,22,18,3800001520,230,230,1994-02-03,1994-02-09,1,0.4761904761904763,0.4761904761904763,0.4761904761904763,1,True
2700,23,18,3800001520,232,232,1994-02-17,1994-02-23,1,0.4761904761904763,0.4761904761904763,0.4761904761904763,1,True
2700,24,18,3800001520,256,257,1994-08-04,1994-08-17,2,0.03389830508474567,0.03389830508474567,0.03389830508474567,2,True
2700,25,18,3800001520,278,278,1995-01-05,1995-01-11,1,0.3946731234866828,0.3946731234866828,0.3946731234866828,1,True
2700,26,18,3800001520,282,282,1995-02-02,1995-02-08,1,0.3946731234866828,0.3946731234866828,0.3946731234866828,1,True
2700,27,18,3800001520,336,338,1996-02-15,1996-03-06,3,0.3494753833736885,0.513317191283293,0.5157384987893463,3,True
2700,28,18,3800001520,342,342,1996-03-28,1996-04-03,1,0.2518159806295399,0.2518159806295399,0.2518159806295399,1,True
2700,29,18,3800001520,352,352,1996-06-06,1996-06-12,1,0.24213075060532685,0.24213075060532685,0.24213075060532685,1,True
2700,30,18,3800001520,354,357,1996-06-20,1996-07-17,4,0.18825665859564167,0.16222760290556903,0.26634382566585957,4,True
2700,31,18,3800001520,361,369,1996-08-08,1996-10-09,9,0.2789884315308044,0.15496368038740915,0.7578692493946732,9,True
2700,32,18,3800001520,372,372,1996-10-24,1996-10-30,1,0.3680387409200969,0.3680387409200969,0.3680387409200969,1,True
2700,33,18,3800001520,384,385,1997-01-16,1997-01-29,2,0.1418338108882522,0.1418338108882522,0.2836676217765044,2,True
2703,1,18,3800001611,17,17,1990-01-04,1990-01-10,1,0.01673640167364021,0.01673640167364021,0.01673640167364021,1,True
2703,2,18,3800001611,97,98,1991-07-18,1991-07-31,2,0.021818181818181848,0.021818181818181848,0.021818181818181848,2,True
2703,3,18,3800001611,117,118,1991-12-05,1991-12-18,2,0.0,0.0,0.0,2,True
2703,4,18,3800001611,126,126,1992-02-06,1992-02-12,1,0.036363636363636376,0.036363636363636376,0.036363636363636376,1,True
2703,5,18,3800001611,131,131,1992-03-12,1992-03-18,1,0.0,0.0,0.0,1,True
2703,6,18,3800001611,151,160,1992-07-30,1992-10-07,10,0.07684461067664072,0.07174430465827963,0.11254675280516846,10,True
2703,7,18,3800001611,176,176,1993-01-21,1993-01-27,1,0.0,0.0,0.0,1,True
2703,8,18,3800001611,178,178,1993-02-04,1993-02-10,1,0.05128205128205132,0.05128205128205132,0.05128205128205132,1,True
2703,9,18,3800001611,191,191,1993-05-06,1993-05-12,1,0.21843003412969286,0.21843003412969286,0.21843003412969286,1,True
2703,10,18,3800001611,226,227,1994-01-06,1994-01-19,2,0.3181818181818182,0.3181818181818182,0.37617554858934166,2,True
2703,11,18,3800001611,246,247,1994-05-26,1994-06-08,2,0.2054380664652568,0.2054380664652568,0.3987915407854985,2,True
2703,12,18,3800001611,332,332,1996-01-18,1996-01-24,1,0.3987915407854985,0.3987915407854985,0.3987915407854985,1,True
2703,13,18,3800001611,342,342,1996-03-28,1996-04-03,1,0.25075528700906347,0.25075528700906347,0.25075528700906347,1,True
2703,14,18,3800001611,352,352,1996-06-06,1996-06-12,1,0.3021148036253777,0.3021148036253777,0.3021148036253777,1,True
2703,15,18,3800001611,383,383,1997-01-09,1997-01-15,1,0.10746268656716418,0.10746268656716418,0.10746268656716418,1,True
29600,1,122,1600066510,66,66,1990-12-13,1990-12-19,1,0.0,0.0,0.0,1,True
29600,2,122,1600066510,140,142,1992-05-14,1992-06-03,3,0.016742770167427683,0.0182648401826484,0.0182648401826484,3,True
29600,3,122,1600066510,152,152,1992-08-06,1992-08-12,1,0.01755852842809358,0.01755852842809358,0.01755852842809358,1,True
29600,4,122,1600066510,155,156,1992-08-27,1992-09-09,2,0.09166666666666667,0.09166666666666667,0.09583333333333333,2,True
29600,5,122,1600066510,186,187,1993-04-01,1993-04-14,2,0.2530120481927711,0.2530120481927711,0.2530120481927711,2,True
29600,6,122,1600066510,204,204,1993-08-05,1993-08-11,1,0.4915254237288136,0.4915254237288136,0.4915254237288136,1,True
29600,7,122,1600066510,206,208,1993-08-19,1993-09-08,3,0.20223152022315205,0.2510460251046025,0.35146443514644354,3,True
29600,8,122,1600066510,218,218,1993-11-11,1993-11-17,1,0.2510460251046025,0.2510460251046025,0.2510460251046025,1,True
29600,9,122,1600066510,244,244,1994-05-12,1994-05-18,1,0.4728033472803348,0.4728033472803348,0.4728033472803348,1,True
29600,10,122,1600066510,261,261,1994-09-08,1994-09-14,1,0.2510460251046025,0.2510460251046025,0.2510460251046025,1,True
29600,11,122,1600066510,266,266,1994-10-13,1994-10-19,1,0.008368200836820106,0.008368200836820106,0.008368200836820106,1,True
29600,12,122,1600066510,318,318,1995-10-12,1995-10-18,1,0.502092050209205,0.502092050209205,0.502092050209205,1,True
29600,13,122,1600066510,331,331,1996-01-11,1996-01-17,1,0.33054393305439334,0.33054393305439334,0.33054393305439334,1,True
29600,14,122,1600066510,355,356,1996-06-27,1996-07-10,2,0.16317991631799167,0.16317991631799167,0.2510460251046025,2,True
29601,1,122,1600066590,21,21,1990-02-01,1990-02-07,1,0.3854545454545455,0.3854545454545455,0.3854545454545455,1,True
29601,2,122,1600066590,81,81,1991-03-28,1991-04-03,1,0.0,0.0,0.0,1,True
29601,3,122,1600066590,84,84,1991-04-18,1991-04-24,1,0.08813559322033904,0.08813559322033904,0.08813559322033904,1,True
29601,4,122,1600066590,152,152,1992-08-06,1992-08-12,1,0.008515815085158307,0.008515815085158307,0.008515815085158307,1,True
29601,5,122,1600066590,155,156,1992-08-27,1992-09-09,2,0.060422960725075525,0.060422960725075525,0.06948640483383683,2,True
29601,6,122,1600066590,160,160,1992-10-01,1992-10-07,1,0.4561933534743202,0.4561933534743202,0.4561933534743202,1,True
29601,7,122,1600066590,177,177,1993-01-28,1993-02-03,1,0.09667673716012082,0.09667673716012082,0.09667673716012082,1,True
29601,8,122,1600066590,186,187,1993-04-01,1993-04-14,2,0.25210084033613445,0.25210084033613445,0.25210084033613445,2,True
29601,9,122,1600066590,194,203,1993-05-27,1993-08-04,10,0.05042016806722682,0.05042016806722682,0.05042016806722682,10,True
29601,10,122,1600066590,206,206,1993-08-19,1993-08-25,1,0.25073746312684364,0.25073746312684364,0.25073746312684364,1,True
29601,11,122,1600066590,209,209,1993-09-09,1993-09-15,1,0.4896755162241888,0.4896755162241888,0.4896755162241888,1,True
29601,12,122,1600066590,218,218,1993-11-11,1993-11-17,1,0.24778761061946908,0.24778761061946908,0.24778761061946908,1,True
29601,13,122,1600066590,226,226,1994-01-06,1994-01-12,1,0.5014749262536873,0.5014749262536873,0.5014749262536873,1,True
29601,14,122,1600066590,236,237,1994-03-17,1994-03-30,2,0.26253687315634217,0.26253687315634217,0.5014749262536873,2,True
29601,15,122,1600066590,248,258,1994-06-09,1994-08-24,11,0.06825052938224468,0.07079646017699126,0.07079646017699126,11,True
29601,16,122,1600066590,261,261,1994-09-08,1994-09-14,1,0.2583280955373979,0.2583280955373979,0.2583280955373979,1,True
29601,17,122,1600066590,266,268,1994-10-13,1994-11-02,3,0.1396825396825397,0.04444444444444451,0.3682539682539683,3,True
29601,18,122,1600066590,314,314,1995-09-14,1995-09-20,1,0.38769230769230767,0.38769230769230767,0.38769230769230767,1,True
29601,19,122,1600066590,318,318,1995-10-12,1995-10-18,1,0.5015384615384615,0.5015384615384615,0.5015384615384615,1,True
29601,20,122,1600066590,331,332,1996-01-11,1996-01-24,2,0.36,0.36,0.38769230769230767,2,True
29601,21,122,1600066590,341,341,1996-03-21,1996-03-27,1,0.3846153846153846,0.3846153846153846,0.3846153846153846,1,True
29601,22,122,1600066590,346,347,1996-04-25,1996-05-08,2,0.24153846153846148,0.24153846153846148,0.3846153846153846,2,True
29601,23,122,1600066590,353,353,1996-06-13,1996-06-19,1,0.676923076923077,0.676923076923077,0.676923076923077,1,True
29601,24,122,1600066590,355,356,1996-06-27,1996-07-10,2,0.15384615384615385,0.15384615384615385,0.25230769230769223,2,True
29601,25,122,1600066590,365,365,1996-09-05,1996-09-11,1,0.5015384615384615,0.5015384615384615,0.5015384615384615,1,True
29601,26,122,1600066590,392,393,1997-03-13,1997-03-26,2,0.04153846153846147,0.04153846153846147,0.07999999999999996,2,True
29602,1,122,1600066610,21,21,1990-02-01,1990-02-07,1,0.0,0.0,0.0,1,True
29602,2,122,1600066610,52,52,1990-09-06,1990-09-12,1,0.0035714285714284477,0.0035714285714284477,0.0035714285714284477,1,True
29602,3,122,1600066610,123,123,1992-01-16,1992-01-22,1,0.032362459546925404,0.032362459546925404,0.032362459546925404,1,True
29602,4,122,1600066610,151,152,1992-07-30,1992-08-12,2,0.051161330822347806,0.051161330822347806,0.10232266164469561,2,True
29602,5,122,1600066610,155,156,1992-08-27,1992-09-09,2,0.08797653958944285,0.08797653958944285,0.09384164222873903,2,True
29602,6,122,1600066610,177,177,1993-01-28,1993-02-03,1,0.04629629629629639,0.04629629629629639,0.04629629629629639,1,True
29602,7,122,1600066610,185,187,1993-03-25,1993-04-14,3,0.18289085545722714,0.25073746312684364,0.25073746312684364,3,True
29602,8,122,1600066610,193,193,1993-05-20,1993-05-26,1,0.48672566371681414,0.48672566371681414,0.48672566371681414,1,True
29602,9,122,1600066610,206,206,1993-08-19,1993-08-25,1,0.25073746312684364,0.25073746312684364,0.25073746312684364,1,True
29602,10,122,1600066610,209,209,1993-09-09,1993-09-15,1,0.47787610619469023,0.47787610619469023,0.47787610619469023,1,True
29602,11,122,1600066610,218,218,1993-11-11,1993-11-17,1,0.2448377581120944,0.2448377581120944,0.2448377581120944,1,True
29602,12,122,1600066610,226,226,1994-01-06,1994-01-12,1,0.5014749262536873,0.5014749262536873,0.5014749262536873,1,True
29602,13,122,1600066610,248,257,1994-06-09,1994-08-17,10,0.08613569321533918,0.05014749262536866,0.41002949852507375,10,True
29602,14,122,1600066610,261,261,1994-09-08,1994-09-14,1,0.2515527950310559,0.2515527950310559,0.2515527950310559,1,True
29602,15,122,1600066610,267,268,1994-10-20,1994-11-02,2,0.20186335403726713,0.20186335403726713,0.38198757763975155,2,True
29602,16,122,1600066610,314,314,1995-09-14,1995-09-20,1,0.4059701492537313,0.4059701492537313,0.4059701492537313,1,True
29602,17,122,1600066610,318,318,1995-10-12,1995-10-18,1,0.5014925373134329,0.5014925373134329,0.5014925373134329,1,True
29602,18,122,1600066610,326,327,1995-12-07,1995-12-20,2,0.2298507462686567,0.2298507462686567,0.4059701492537313,2,True
29602,19,122,1600066610,331,331,1996-01-11,1996-01-17,1,0.35522388059701493,0.35522388059701493,0.35522388059701493,1,True
29602,20,122,1600066610,341,343,1996-03-21,1996-04-10,3,0.2865671641791045,0.4029850746268657,0.4059701492537313,3,True
29602,21,122,1600066610,353,355,1996-06-13,1996-07-03,3,0.3383084577114428,0.25074626865671645,0.7014925373134329,3,True
29602,22,122,1600066610,365,365,1996-09-05,1996-09-11,1,0.5014925373134329,0.5014925373134329,0.5014925373134329,1,True
29753,1,122,3800000110,155,156,1992-08-27,1992-09-09,2,0.07784431137724546,0.07784431137724546,0.08982035928143706,2,True
29753,2,122,3800000110,340,340,1996-03-14,1996-03-20,1,0.07441860465116279,0.07441860465116279,0.07441860465116279,1,True
29753,3,122,3800000110,342,342,1996-03-28,1996-04-03,1,0.25116279069767433,0.25116279069767433,0.25116279069767433,1,True
29753,4,122,3800000110,352,352,1996-06-06,1996-06-12,1,0.4651162790697675,0.4651162790697675,0.4651162790697675,1,True
29754,1,122,3800000120,25,25,1990-03-01,1990-03-07,1,0.0052631578947368585,0.0052631578947368585,0.0052631578947368585,1,True
29754,2,122,3800000120,43,44,1990-07-05,1990-07-18,2,0.0052631578947368585,0.0052631578947368585,0.0052631578947368585,2,True
29754,3,122,3800000120,55,55,1990-09-27,1990-10-03,1,0.0052631578947368585,0.0052631578947368585,0.0052631578947368585,1,True
29754,4,122,3800000120,74,75,1991-02-07,1991-02-20,2,0.21578947368421053,0.21578947368421053,0.21578947368421053,2,True
29754,5,122,3800000120,88,88,1991-05-16,1991-05-22,1,0.0,0.0,0.0,1,True
29754,6,122,3800000120,90,90,1991-05-30,1991-06-05,1,0.0,0.0,0.0,1,True
29754,7,122,3800000120,107,107,1991-09-26,1991-10-02,1,0.0052631578947368585,0.0052631578947368585,0.0052631578947368585,1,True
29754,8,122,3800000120,123,124,1992-01-16,1992-01-29,2,0.4974489795918367,0.4974489795918367,0.5306122448979591,2,True
29754,9,122,3800000120,152,152,1992-08-06,1992-08-12,1,0.03936269915651358,0.03936269915651358,0.03936269915651358,1,True
29754,10,122,3800000120,155,156,1992-08-27,1992-09-09,2,0.07674418604651162,0.07674418604651162,0.10232558139534886,2,True
29754,11,122,3800000120,174,174,1993-01-07,1993-01-13,1,0.07441860465116279,0.07441860465116279,0.07441860465116279,1,True
29754,12,122,3800000120,176,178,1993-01-21,1993-02-10,3,0.018604651162790753,0.018604651162790753,0.018604651162790753,3,True
29754,13,122,3800000120,185,185,1993-03-25,1993-03-31,1,0.04888888888888887,0.04888888888888887,0.04888888888888887,1,True
29754,14,122,3800000120,187,189,1993-04-08,1993-04-28,3,0.01777777777777778,0.01777777777777778,0.01777777777777778,3,True
29754,15,122,3800000120,214,214,1993-10-14,1993-10-20,1,0.13100436681222705,0.13100436681222705,0.13100436681222705,1,True
29754,16,122,3800000120,226,226,1994-01-06,1994-01-12,1,0.502092050209205,0.502092050209205,0.502092050209205,1,True
29754,17,122,3800000120,235,236,1994-03-10,1994-03-23,2,0.2907949790794979,0.2907949790794979,0.5815899581589958,2,True
29754,18,122,3800000120,250,251,1994-06-23,1994-07-06,2,0.153169014084507,0.153169014084507,0.2957746478873239,2,True
29754,19,122,3800000120,266,267,1994-10-13,1994-10-26,2,0.39964788732394363,0.39964788732394363,0.6514084507042253,2,True
29754,20,122,3800000120,274,275,1994-12-08,1994-12-21,2,0.28697183098591544,0.28697183098591544,0.29929577464788726,2,True
29754,21,122,3800000120,321,321,1995-11-02,1995-11-08,1,0.3697183098591549,0.3697183098591549,0.3697183098591549,1,True
29754,22,122,3800000120,342,342,1996-03-28,1996-04-03,1,0.25,0.25,0.25,1,True
29754,23,122,3800000120,344,344,1996-04-11,1996-04-17,1,0.6514084507042253,0.6514084507042253,0.6514084507042253,1,True
29754,24,122,3800000120,352,352,1996-06-06,1996-06-12,1,0.352112676056338,0.352112676056338,0.352112676056338,1,True
29754,25,122,3800000120,359,359,1996-07-25,1996-07-31,1,0.30175438596491233,0.30175438596491233,0.30175438596491233,1,True
29754,26,122,3800000120,368,369,1996-09-26,1996-10-09,2,0.34385964912280703,0.34385964912280703,0.631578947368421,2,True
29754,27,122,3800000120,386,388,1997-01-30,1997-02-19,3,0.1380116959064328,0.056140350877193046,0.30175438596491233,3,True
29755,1,122,3800000127,7,7,1989-10-26,1989-11-01,1,0.0,0.0,0.0,1,True
29755,2,122,3800000127,36,36,1990-05-17,1990-05-23,1,0.049792531120331995,0.049792531120331995,0.049792531120331995,1,True
29755,3,122,3800000127,38,38,1990-05-31,1990-06-06,1,0.049792531120331995,0.049792531120331995,0.049792531120331995,1,True
29755,4,122,3800000127,56,56,1990-10-04,1990-10-10,1,0.5892116182572614,0.5892116182572614,0.5892116182572614,1,True
29755,5,122,3800000127,82,85,1991-04-04,1991-05-01,4,0.037344398340248997,0.049792531120331995,0.049792531120331995,4,True
29755,6,122,3800000127,155,156,1992-08-27,1992-09-09,2,0.13309352517985595,0.13309352517985595,0.13309352517985595,2,True
29755,7,122,3800000127,158,158,1992-09-17,1992-09-23,1,0.11870503597122295,0.11870503597122295,0.11870503597122295,1,True
29755,8,122,3800000127,180,182,1993-02-18,1993-03-10,3,0.09825870646766177,0.018656716417910557,0.2574626865671642,3,True
29755,9,122,3800000127,197,197,1993-06-17,1993-06-23,1,0.08582089552238803,0.08582089552238803,0.08582089552238803,1,True
29755,10,122,3800000127,208,208,1993-09-02,1993-09-08,1,0.46125461254612543,0.46125461254612543,0.46125461254612543,1,True
29755,11,122,3800000127,228,229,1994-01-20,1994-02-02,2,0.25379939209726443,0.25379939209726443,0.4741641337386019,2,True
29755,12,122,3800000127,245,246,1994-05-19,1994-06-01,2,0.1595744680851064,0.1595744680851064,0.30395136778115506,2,True
29755,13,122,3800000127,256,256,1994-08-04,1994-08-10,1,0.5014326647564471,0.5014326647564471,0.5014326647564471,1,True
29755,14,122,3800000127,333,334,1996-01-25,1996-02-07,2,0.16905444126074504,0.16905444126074504,0.27793696275071633,2,True
29755,15,122,3800000127,342,342,1996-03-28,1996-04-03,1,0.25214899713467054,0.25214899713467054,0.25214899713467054,1,True
29755,16,122,3800000127,346,346,1996-04-25,1996-05-01,1,0.2808022922636104,0.2808022922636104,0.2808022922636104,1,True
29755,17,122,3800000127,352,352,1996-06-06,1996-06-12,1,0.28653295128939826,0.28653295128939826,0.28653295128939826,1,True
29755,18,122,3800000127,363,363,1996-08-22,1996-08-28,1,0.4269340974212035,0.4269340974212035,0.4269340974212035,1,True
29755,19,122,3800000127,379,380,1996-12-12,1996-12-25,2,0.1790830945558739,0.1790830945558739,0.28653295128939826,2,True
29755,20,122,3800000127,390,390,1997-02-27,1997-03-05,1,0.14326647564469908,0.14326647564469908,0.14326647564469908,1,True
29755,21,122,3800000127,397,397,1997-04-17,1997-04-23,1,0.28653295128939826,0.28653295128939826,0.28653295128939826,1,True
29774,1,122,3800001520,24,24,1990-02-22,1990-02-28,1,0.17549668874172175,0.17549668874172175,0.17549668874172175,1,True
29774,2,122,3800001520,49,49,1990-08-16,1990-08-22,1,0.0,0.0,0.0,1,True
29774,3,122,3800001520,51,51,1990-08-30,1990-09-05,1,0.0,0.0,0.0,1,True
29774,4,122,3800001520,55,56,1990-09-27,1990-10-10,2,0.3475409836065574,0.3475409836065574,0.3475409836065574,2,True
29774,5,122,3800001520,76,76,1991-02-21,1991-02-27,1,0.0,0.0,0.0,1,True
29774,6,122,3800001520,87,87,1991-05-09,1991-05-15,1,0.0,0.0,0.0,1,True
29774,7,122,3800001520,144,144,1992-06-11,1992-06-17,1,0.03039513677811556,0.03039513677811556,0.03039513677811556,1,True
29774,8,122,3800001520,155,156,1992-08-27,1992-09-09,2,0.0871313672922252,0.0871313672922252,0.09651474530831095,2,True
29774,9,122,3800001520,161,161,1992-10-08,1992-10-14,1,0.0,0.0,0.0,1,True
29774,10,122,3800001520,163,164,1992-10-22,1992-11-04,2,0.10991957104557648,0.10991957104557648,0.12064343163538882,2,True
29774,11,122,3800001520,171,173,1992-12-17,1993-01-06,3,0.01608579088471851,0.01608579088471851,0.01608579088471851,3,True
29774,12,122,3800001520,176,176,1993-01-21,1993-01-27,1,0.12064343163538882,0.12064343163538882,0.12064343163538882,1,True
29774,13,122,3800001520,193,194,1993-05-20,1993-06-02,2,0.11796246648793568,0.11796246648793568,0.14745308310991956,2,True
29774,14,122,3800001520,204,205,1993-08-05,1993-08-18,2,0.07113566260197757,0.07113566260197757,0.07506702412868627,2,True
29774,15,122,3800001520,220,220,1993-11-25,1993-12-01,1,0.16198125836680055,0.16198125836680055,0.16198125836680055,1,True
29774,16,122,3800001520,230,233,1994-02-03,1994-03-02,4,0.27318295739348375,0.27318295739348375,0.4887218045112782,4,True
29774,17,122,3800001520,256,257,1994-08-04,1994-08-17,2,0.03389830508474567,0.03389830508474567,0.03389830508474567,2,True
29774,18,122,3800001520,336,339,1996-02-15,1996-03-13,4,0.27602905569007263,0.28450363196125905,0.5157384987893463,4,True
29774,19,122,3800001520,342,342,1996-03-28,1996-04-03,1,0.2518159806295399,0.2518159806295399,0.2518159806295399,1,True
29774,20,122,3800001520,352,357,1996-06-06,1996-07-17,6,0.17998385794995964,0.16222760290556903,0.2760290556900725,6,True
29774,21,122,3800001520,361,369,1996-08-08,1996-10-09,9,0.2617702448210923,0.15496368038740915,0.7578692493946732,9,True
29774,22,122,3800001520,372,372,1996-10-24,1996-10-30,1,0.3656174334140435,0.3656174334140435,0.3656174334140435,1,True
29774,23,122,3800001520,384,385,1997-01-16,1997-01-29,2,0.14613180515759322,0.14613180515759322,0.2836676217765044,2,True
29777,1,122,3800001611,17,17,1990-01-04,1990-01-10,1,0.01673640167364021,0.01673640167364021,0.01673640167364021,1,True
29777,2,122,3800001611,126,126,1992-02-06,1992-02-12,1,0.014869888475836479,0.014869888475836479,0.014869888475836479,1,True
29777,3,122,3800001611,151,151,1992-07-30,1992-08-05,1,0.09813407049067047,0.09813407049067047,0.09813407049067047,1,True
29777,4,122,3800001611,155,156,1992-08-27,1992-09-09,2,0.05290102389078505,0.05290102389078505,0.05460750853242324,2,True
29777,5,122,3800001611,175,178,1993-01-14,1993-02-10,4,0.04863481228668953,0.03071672354948818,0.11604095563139938,4,True
29777,6,122,3800001611,191,191,1993-05-06,1993-05-12,1,0.2683706070287539,0.2683706070287539,0.2683706070287539,1,True
29777,7,122,3800001611,226,227,1994-01-06,1994-01-19,2,0.3475513428120063,0.3475513428120063,0.3712480252764613,2,True
29777,8,122,3800001611,246,246,1994-05-26,1994-06-01,1,0.3987915407854985,0.3987915407854985,0.3987915407854985,1,True
29777,9,122,3800001611,332,332,1996-01-18,1996-01-24,1,0.3987915407854985,0.3987915407854985,0.3987915407854985,1,True
29777,10,122,3800001611,342,342,1996-03-28,1996-04-03,1,0.25075528700906347,0.25075528700906347,0.25075528700906347,1,True
29777,11,122,3800001611,352,352,1996-06-06,1996-06-12,1,0.29909365558912393,0.29909365558912393,0.29909365558912393,1,True
29777,12,122,3800001611,383,383,1997-01-09,1997-01-15,1,0.10746268656716418,0.10746268656716418,0.10746268656716418,1,True
30452,1,124,1600066510,66,66,1990-12-13,1990-12-19,1,0.0,0.0,0.0,1,True
30452,2,124,1600066510,117,118,1991-12-05,1991-12-18,2,0.07112970711297079,0.07112970711297079,0.08368200836820094,2,True
30452,3,124,1600066510,140,142,1992-05-14,1992-06-03,3,0.09205020920502098,0.10041841004184104,0.10041841004184104,3,True
30452,4,124,1600066510,150,160,1992-07-23,1992-10-07,11,0.08483951571416044,0.07258064516129037,0.1411290322580645,11,True
30452,5,124,1600066510,174,174,1993-01-07,1993-01-13,1,0.08260869565217388,0.08260869565217388,0.08260869565217388,1,True
30452,6,124,1600066510,186,187,1993-04-01,1993-04-14,2,0.2510460251046025,0.2510460251046025,0.2510460251046025,2,True
30452,7,124,1600066510,204,206,1993-08-05,1993-08-25,3,0.23560910307898267,0.2530120481927711,0.4417670682730924,3,True
30452,8,124,1600066510,208,208,1993-09-02,1993-09-08,1,0.4136546184738956,0.4136546184738956,0.4136546184738956,1,True
30452,9,124,1600066510,218,218,1993-11-11,1993-11-17,1,0.2530120481927711,0.2530120481927711,0.2530120481927711,1,True
30452,10,124,1600066510,244,245,1994-05-12,1994-05-25,2,0.2791164658634539,0.2791164658634539,0.46586345381526106,2,True
30452,11,124,1600066510,261,261,1994-09-08,1994-09-14,1,0.24497991967871502,0.24497991967871502,0.24497991967871502,1,True
30452,12,124,1600066510,266,266,1994-10-13,1994-10-19,1,0.028112449799196915,0.028112449799196915,0.028112449799196915,1,True
30452,13,124,1600066510,278,278,1995-01-05,1995-01-11,1,0.46586345381526106,0.46586345381526106,0.46586345381526106,1,True
30452,14,124,1600066510,282,282,1995-02-02,1995-02-08,1,0.46586345381526106,0.46586345381526106,0.46586345381526106,1,True
30452,15,124,1600066510,318,319,1995-10-12,1995-10-25,2,0.2931726907630523,0.2931726907630523,0.5020080321285141,2,True
30452,16,124,1600066510,331,331,1996-01-11,1996-01-17,1,0.3694779116465864,0.3694779116465864,0.3694779116465864,1,True
30452,17,124,1600066510,355,356,1996-06-27,1996-07-10,2,0.19477911646586354,0.19477911646586354,0.2530120481927711,2,True
30453,1,124,1600066590,34,35,1990-05-03,1990-05-16,2,0.06688963210702348,0.06688963210702348,0.06688963210702348,2,True
30453,2,124,1600066590,57,57,1990-10-11,1990-10-17,1,0.10033444816053516,0.10033444816053516,0.10033444816053516,1,True
30453,3,124,1600066590,81,81,1991-03-28,1991-04-03,1,0.0,0.0,0.0,1,True
30453,4,124,1600066590,84,84,1991-04-18,1991-04-24,1,0.15673981191222575,0.15673981191222575,0.15673981191222575,1,True
30453,5,124,1600066590,108,108,1991-10-03,1991-10-09,1,0.07836990595611282,0.07836990595611282,0.07836990595611282,1,True
30453,6,124,1600066590,123,123,1992-01-16,1992-01-22,1,0.042553191489361764,0.042553191489361764,0.042553191489361764,1,True
30453,7,124,1600066590,150,160,1992-07-23,1992-10-07,11,0.12181303116147307,0.07082152974504252,0.5099150141643058,11,True
30453,8,124,1600066590,177,177,1993-01-28,1993-02-03,1,0.08841463414634132,0.08841463414634132,0.08841463414634132,1,True
30453,9,124,1600066590,186,189,1993-04-01,1993-04-28,4,0.1836158192090396,0.21045197740112997,0.25141242937853114,4,True
30453,10,124,1600066590,203,203,1993-07-29,1993-08-04,1,0.028169014084506894,0.028169014084506894,0.028169014084506894,1,True
30453,11,124,1600066590,206,207,1993-08-19,1993-09-01,2,0.13239436619718303,0.13239436619718303,0.25070422535211256,2,True
30453,12,124,1600066590,209,209,1993-09-09,1993-09-15,1,0.45070422535211263,0.45070422535211263,0.45070422535211263,1,True
30453,13,124,1600066590,218,218,1993-11-11,1993-11-17,1,0.24788732394366197,0.24788732394366197,0.24788732394366197,1,True
30453,14,124,1600066590,226,227,1994-01-06,1994-01-19,2,0.27464788732394363,0.27464788732394363,0.5014084507042254,2,True
30453,15,124,1600066590,236,237,1994-03-17,1994-03-30,2,0.2676056338028169,0.2676056338028169,0.5014084507042254,2,True
30453,16,124,1600066590,248,259,1994-06-09,1994-08-31,12,0.08582787401866036,0.09014084507042253,0.09014084507042253,12,True
30453,17,124,1600066590,261,261,1994-09-08,1994-09-14,1,0.25077399380804954,0.25077399380804954,0.25077399380804954,1,True
30453,18,124,1600066590,266,268,1994-10-13,1994-11-02,3,0.13415892672858618,0.012383900928792602,0.38390092879256965,3,True
30453,19,124,1600066590,278,279,1995-01-05,1995-01-18,2,0.4473684210526316,0.4473684210526316,0.4520123839009288,2,True
30453,20,124,1600066590,282,283,1995-02-02,1995-02-15,2,0.4473684210526316,0.4473684210526316,0.4520123839009288,2,True
30453,21,124,1600066590,314,314,1995-09-14,1995-09-20,1,0.40949554896142437,0.40949554896142437,0.40949554896142437,1,True
30453,22,124,1600066590,318,318,1995-10-12,1995-10-18,1,0.5192878338278932,0.5192878338278932,0.5192878338278932,1,True
30453,23,124,1600066590,331,332,1996-01-11,1996-01-24,2,0.370919881305638,0.370919881305638,0.40949554896142437,2,True
30453,24,124,1600066590,341,342,1996-03-21,1996-04-03,2,0.2314540059347181,0.2314540059347181,0.4065281899109793,2,True
30453,25,124,1600066590,346,346,1996-04-25,1996-05-01,1,0.4065281899109793,0.4065281899109793,0.4065281899109793,1,True
30453,26,124,1600066590,353,353,1996-06-13,1996-06-19,1,0.6884272997032641,0.6884272997032641,0.6884272997032641,1,True
30453,27,124,1600066590,355,356,1996-06-27,1996-07-10,2,0.155786350148368,0.155786350148368,0.24925816023738878,2,True
30453,28,124,1600066590,358,359,1996-07-18,1996-07-31,2,0.2032640949554897,0.2032640949554897,0.3056379821958458,2,True
30453,29,124,1600066590,365,366,1996-09-05,1996-09-18,2,0.28613569321533916,0.28613569321533916,0.5221238938053097,2,True
30453,30,124,1600066590,392,393,1997-03-13,1997-03-26,2,0.06194690265486724,0.06194690265486724,0.11799410029498525,2,True
30454,1,124,1600066610,28,28,1990-03-22,1990-03-28,1,0.08620689655172409,0.08620689655172409,0.08620689655172409,1,True
30454,2,124,1600066610,52,52,1990-09-06,1990-09-12,1,0.08223684210526316,0.08223684210526316,0.08223684210526316,1,True
30454,3,124,1600066610,80,80,1991-03-21,1991-03-27,1,0.07999999999999996,0.07999999999999996,0.07999999999999996,1,True
30454,4,124,1600066610,93,94,1991-06-20,1991-07-03,2,0.07999999999999996,0.07999999999999996,0.07999999999999996,2,True
30454,5,124,1600066610,106,106,1991-09-19,1991-09-25,1,0.0492307692307693,0.0492307692307693,0.0492307692307693,1,True
30454,6,124,1600066610,108,109,1991-10-03,1991-10-16,2,0.06615384615384612,0.06615384615384612,0.07999999999999996,2,True
30454,7,124,1600066610,123,123,1992-01-16,1992-01-22,1,0.07079646017699126,0.07079646017699126,0.07079646017699126,1,True
30454,8,124,1600066610,125,127,1992-01-30,1992-02-19,3,0.208456243854474,0.25073746312684364,0.31563421828908567,3,True
30454,9,124,1600066610,146,147,1992-06-25,1992-07-08,2,0.05604719764011806,0.05604719764011806,0.05899705014749268,2,True
30454,10,124,1600066610,150,157,1992-07-23,1992-09-16,8,0.09430720531709604,0.08702064896755163,0.15634218289085555,8,True
30454,11,124,1600066610,177,177,1993-01-28,1993-02-03,1,0.022292993630573354,0.022292993630573354,0.022292993630573354,1,True
30454,12,124,1600066610,185,189,1993-03-25,1993-04-28,5,0.16474164133738603,0.1671732522796352,0.2522796352583587,5,True
30454,13,124,1600066610,193,193,1993-05-20,1993-05-26,1,0.46808510638297873,0.46808510638297873,0.46808510638297873,1,True
30454,14,124,1600066610,203,203,1993-07-29,1993-08-04,1,0.028169014084506894,0.028169014084506894,0.028169014084506894,1,True
30454,15,124,1600066610,206,206,1993-08-19,1993-08-25,1,0.25070422535211256,0.25070422535211256,0.25070422535211256,1,True
30454,16,124,1600066610,209,211,1993-09-09,1993-09-29,3,0.3352112676056338,0.3887323943661972,0.4169014084507042,3,True
30454,17,124,1600066610,218,218,1993-11-11,1993-11-17,1,0.25070422535211256,0.25070422535211256,0.25070422535211256,1,True
30454,18,124,1600066610,226,227,1994-01-06,1994-01-19,2,0.2605633802816901,0.2605633802816901,0.5014084507042254,2,True
30454,19,124,1600066610,249,258,1994-06-16,1994-08-24,10,0.09364305471656116,0.05633802816901401,0.4309859154929577,10,True
30454,20,124,1600066610,261,261,1994-09-08,1994-09-14,1,0.28059701492537314,0.28059701492537314,0.28059701492537314,1,True
30454,21,124,1600066610,266,270,1994-10-13,1994-11-16,5,0.18925373134328366,0.14626865671641798,0.4029850746268657,5,True
30454,22,124,1600066610,278,279,1995-01-05,1995-01-18,2,0.5014925373134329,0.5014925373134329,0.5014925373134329,2,True
30454,23,124,1600066610,282,283,1995-02-02,1995-02-15,2,0.5014925373134329,0.5014925373134329,0.5014925373134329,2,True
30454,24,124,1600066610,314,315,1995-09-14,1995-09-27,2,0.23919308357348706,0.23919308357348706,0.42651296829971186,2,True
30454,25,124,1600066610,318,318,1995-10-12,1995-10-18,1,0.5187319884726225,0.5187319884726225,0.5187319884726225,1,True
30454,26,124,1600066610,326,326,1995-12-07,1995-12-13,1,0.42651296829971186,0.42651296829971186,0.42651296829971186,1,True
30454,27,124,1600066610,331,331,1996-01-11,1996-01-17,1,0.33141210374639773,0.33141210374639773,0.33141210374639773,1,True
30454,28,124,1600066610,341,341,1996-03-21,1996-03-27,1,0.42363112391930835,0.42363112391930835,0.42363112391930835,1,True
30454,29,124,1600066610,343,343,1996-04-04,1996-04-10,1,0.42651296829971186,0.42651296829971186,0.42651296829971186,1,True
30454,30,124,1600066610,353,353,1996-06-13,1996-06-19,1,0.6974063400576369,0.6974063400576369,0.6974063400576369,1,True
30454,31,124,1600066610,355,355,1996-06-27,1996-07-03,1,0.25072046109510093,0.25072046109510093,0.25072046109510093,1,True
30454,32,124,1600066610,365,365,1996-09-05,1996-09-11,1,0.5214899713467049,0.5214899713467049,0.5214899713467049,1,True
30454,33,124,1600066610,391,393,1997-03-06,1997-03-26,3,0.06112702960840496,0.04011461318051579,0.14326647564469908,3,True
30454,34,124,1600066610,396,397,1997-04-10,1997-04-23,2,0.05300859598853874,0.05300859598853874,0.05444126074498579,2,True
30603,1,124,3800000110,112,112,1991-10-31,1991-11-06,1,0.07160194174757273,0.07160194174757273,0.07160194174757273,1,True
30603,2,124,3800000110,150,160,1992-07-23,1992-10-07,11,0.0835747911467128,0.07428571428571418,0.13142857142857145,11,True
30603,3,124,3800000110,340,340,1996-03-14,1996-03-20,1,0.1076233183856502,0.1076233183856502,0.1076233183856502,1,True
30603,4,124,3800000110,342,342,1996-03-28,1996-04-03,1,0.2511210762331839,0.2511210762331839,0.2511210762331839,1,True
30603,5,124,3800000110,352,352,1996-06-06,1996-06-12,1,0.43497757847533636,0.43497757847533636,0.43497757847533636,1,True
30605,1,124,3800000120,25,25,1990-03-01,1990-03-07,1,0.0052631578947368585,0.0052631578947368585,0.0052631578947368585,1,True
30605,2,124,3800000120,43,44,1990-07-05,1990-07-18,2,0.08252427184466027,0.08252427184466027,0.08252427184466027,2,True
30605,3,124,3800000120,54,55,1990-09-20,1990-10-03,2,0.08252427184466027,0.08252427184466027,0.08252427184466027,2,True
30605,4,124,3800000120,74,75,1991-02-07,1991-02-20,2,0.2766990291262136,0.2766990291262136,0.2766990291262136,2,True
30605,5,124,3800000120,88,88,1991-05-16,1991-05-22,1,0.0,0.0,0.0,1,True
30605,6,124,3800000120,90,90,1991-05-30,1991-06-05,1,0.0,0.0,0.0,1,True
30605,7,124,3800000120,94,97,1991-06-27,1991-07-24,4,0.08252427184466027,0.08252427184466027,0.08252427184466027,4,True
30605,8,124,3800000120,107,107,1991-09-26,1991-10-02,1,0.08252427184466027,0.08252427184466027,0.08252427184466027,1,True
30605,9,124,3800000120,123,126,1992-01-16,1992-02-12,4,0.30465116279069765,0.30465116279069765,0.5720930232558139,4,True
30605,10,124,3800000120,139,139,1992-05-07,1992-05-13,1,0.09302325581395343,0.09302325581395343,0.09302325581395343,1,True
30605,11,124,3800000120,150,160,1992-07-23,1992-10-07,11,0.08715057552266853,0.07555555555555549,0.15555555555555556,11,True
30605,12,124,3800000120,174,174,1993-01-07,1993-01-13,1,0.0625,0.0625,0.0625,1,True
30605,13,124,3800000120,176,178,1993-01-21,1993-02-10,3,0.019230769230769273,0.019230769230769273,0.019230769230769273,3,True
30605,14,124,3800000120,185,189,1993-03-25,1993-04-28,5,0.034862385321100975,0.01834862385321101,0.06880733944954143,5,True
30605,15,124,3800000120,214,216,1993-10-14,1993-11-03,3,0.08228730822873087,0.05020920502092052,0.17154811715481177,3,True
30605,16,124,3800000120,226,227,1994-01-06,1994-01-19,2,0.29838709677419356,0.29838709677419356,0.5201612903225807,2,True
30605,17,124,3800000120,235,235,1994-03-10,1994-03-16,1,0.5887096774193548,0.5887096774193548,0.5887096774193548,1,True
30605,18,124,3800000120,250,251,1994-06-23,1994-07-06,2,0.1751700680272109,0.1751700680272109,0.3231292517006803,2,True
30605,19,124,3800000120,266,266,1994-10-13,1994-10-19,1,0.6632653061224489,0.6632653061224489,0.6632653061224489,1,True
30605,20,124,3800000120,274,283,1994-12-08,1995-02-15,10,0.41278503215747414,0.4856938682703641,0.5,10,True
30605,21,124,3800000120,321,321,1995-11-02,1995-11-08,1,0.391156462585034,0.391156462585034,0.391156462585034,1,True
30605,22,124,3800000120,342,342,1996-03-28,1996-04-03,1,0.2517006802721088,0.2517006802721088,0.2517006802721088,1,True
30605,23,124,3800000120,344,345,1996-04-11,1996-04-24,2,0.3673469387755102,0.3673469387755102,0.6598639455782314,2,True
30605,24,124,3800000120,349,349,1996-05-16,1996-05-22,1,0.05782312925170063,0.05782312925170063,0.05782312925170063,1,True
30605,25,124,3800000120,352,352,1996-06-06,1996-06-12,1,0.34013605442176875,0.34013605442176875,0.34013605442176875,1,True
30605,26,124,3800000120,358,359,1996-07-18,1996-07-31,2,0.18983050847457633,0.18983050847457633,0.3254237288135594,2,True
30605,27,124,3800000120,368,369,1996-09-26,1996-10-09,2,0.3864406779661017,0.3864406779661017,0.6610169491525424,2,True
30605,28,124,3800000120,386,387,1997-01-30,1997-02-12,2,0.1677966101694916,0.1677966101694916,0.3254237288135594,2,True
30606,1,124,3800000127,36,38,1990-05-17,1990-06-06,3,0.12595419847328249,0.12595419847328249,0.12595419847328249,3,True
30606,2,124,3800000127,56,56,1990-10-04,1990-10-10,1,0.6221374045801527,0.6221374045801527,0.6221374045801527,1,True
30606,3,124,3800000127,82,85,1991-04-04,1991-05-01,4,0.09446564885496186,0.12595419847328249,0.12595419847328249,4,True
30606,4,124,3800000127,110,110,1991-10-17,1991-10-23,1,0.06037735849056591,0.06037735849056591,0.06037735849056591,1,True
30606,5,124,3800000127,131,132,1992-03-12,1992-03-25,2,0.0799256505576208,0.0799256505576208,0.08921933085501854,2,True
30606,6,124,3800000127,150,160,1992-07-23,1992-10-07,11,0.08798842120920929,0.07194244604316558,0.13669064748201454,11,True
30606,7,124,3800000127,180,182,1993-02-18,1993-03-10,3,0.08656330749354017,0.019379844961240456,0.22868217054263573,3,True
30606,8,124,3800000127,188,189,1993-04-15,1993-04-28,2,0.1937984496124031,0.1937984496124031,0.22480620155038766,2,True
30606,9,124,3800000127,197,197,1993-06-17,1993-06-23,1,0.07337367624810887,0.07337367624810887,0.07337367624810887,1,True
30606,10,124,3800000127,208,209,1993-09-02,1993-09-15,2,0.23816060398078248,0.23816060398078248,0.46122168840082367,2,True
30606,11,124,3800000127,228,229,1994-01-20,1994-02-02,2,0.2609970674486804,0.2609970674486804,0.4780058651026393,2,True
30606,12,124,3800000127,245,246,1994-05-19,1994-06-01,2,0.18475073313782997,0.18475073313782997,0.32844574780058655,2,True
30606,13,124,3800000127,256,257,1994-08-04,1994-08-17,2,0.32231404958677684,0.32231404958677684,0.5206611570247934,2,True
30606,14,124,3800000127,279,279,1995-01-12,1995-01-18,1,0.10743801652892548,0.10743801652892548,0.10743801652892548,1,True
30606,15,124,3800000127,283,283,1995-02-09,1995-02-15,1,0.10743801652892548,0.10743801652892548,0.10743801652892548,1,True
30606,16,124,3800000127,333,333,1996-01-25,1996-01-31,1,0.3112947658402203,0.3112947658402203,0.3112947658402203,1,True
30606,17,124,3800000127,342,342,1996-03-28,1996-04-03,1,0.25068870523415976,0.25068870523415976,0.25068870523415976,1,True
30606,18,124,3800000127,346,346,1996-04-25,1996-05-01,1,0.31404958677685946,0.31404958677685946,0.31404958677685946,1,True
30606,19,124,3800000127,352,352,1996-06-06,1996-06-12,1,0.27548209366391185,0.27548209366391185,0.27548209366391185,1,True
30606,20,124,3800000127,363,364,1996-08-22,1996-09-04,2,0.27808219178082194,0.27808219178082194,0.4493150684931507,2,True
30606,21,124,3800000127,379,379,1996-12-12,1996-12-18,1,0.3178082191780821,0.3178082191780821,0.3178082191780821,1,True
30606,22,124,3800000127,390,390,1997-02-27,1997-03-05,1,0.1808219178082191,0.1808219178082191,0.1808219178082191,1,True
30606,23,124,3800000127,397,397,1997-04-17,1997-04-23,1,0.3178082191780821,0.3178082191780821,0.3178082191780821,1,True
30625,1,124,3800001520,24,24,1990-02-22,1990-02-28,1,0.18360655737704912,0.18360655737704912,0.18360655737704912,1,True
30625,2,124,3800001520,49,49,1990-08-16,1990-08-22,1,0.042553191489361764,0.042553191489361764,0.042553191489361764,1,True
30625,3,124,3800001520,51,51,1990-08-30,1990-09-05,1,0.042553191489361764,0.042553191489361764,0.042553191489361764,1,True
30625,4,124,3800001520,55,56,1990-09-27,1990-10-10,2,0.3951367781155015,0.3951367781155015,0.3951367781155015,2,True
30625,5,124,3800001520,75,77,1991-02-14,1991-03-06,3,0.06725146198830412,0.06725146198830412,0.06725146198830412,3,True
30625,6,124,3800001520,87,87,1991-05-09,1991-05-15,1,0.0,0.0,0.0,1,True
30625,7,124,3800001520,100,100,1991-08-08,1991-08-14,1,0.0,0.0,0.0,1,True
30625,8,124,3800001520,102,102,1991-08-22,1991-08-28,1,0.07309941520467833,0.07309941520467833,0.07309941520467833,1,True
30625,9,124,3800001520,123,126,1992-01-16,1992-02-12,4,0.04366197183098583,0.0352112676056337,0.07605633802816902,4,True
30625,10,124,3800001520,144,144,1992-06-11,1992-06-17,1,0.07605633802816902,0.07605633802816902,0.07605633802816902,1,True
30625,11,124,3800001520,155,156,1992-08-27,1992-09-09,2,0.07605633802816902,0.07605633802816902,0.07605633802816902,2,True
30625,12,124,3800001520,161,161,1992-10-08,1992-10-14,1,0.01842256764536554,0.01842256764536554,0.01842256764536554,1,True
30625,13,124,3800001520,163,164,1992-10-22,1992-11-04,2,0.033724340175953105,0.033724340175953105,0.0381231671554253,2,True
30625,14,124,3800001520,171,173,1992-12-17,1993-01-06,3,0.01857282502443795,0.017595307917888547,0.02052785923753675,3,True
30625,15,124,3800001520,176,176,1993-01-21,1993-01-27,1,0.04105571847507339,0.04105571847507339,0.04105571847507339,1,True
30625,16,124,3800001520,204,205,1993-08-05,1993-08-18,2,0.06233062330623301,0.06233062330623301,0.07046070460704601,2,True
30625,17,124,3800001520,220,222,1993-11-25,1993-12-15,3,0.23659523194767199,0.21249677252775634,0.42938290730699724,3,True
30625,18,124,3800001520,230,233,1994-02-03,1994-03-02,4,0.25307125307125317,0.25307125307125317,0.49140049140049147,4,True
30625,19,124,3800001520,256,257,1994-08-04,1994-08-17,2,0.0641025641025641,0.0641025641025641,0.0699300699300699,2,True
30625,20,124,3800001520,278,279,1995-01-05,1995-01-18,2,0.2272727272727273,0.2272727272727273,0.29370629370629375,2,True
30625,21,124,3800001520,281,283,1995-01-26,1995-02-15,3,0.22144522144522147,0.2097902097902098,0.29370629370629375,3,True
30625,22,124,3800001520,314,314,1995-09-14,1995-09-20,1,0.1942872541094045,0.1942872541094045,0.1942872541094045,1,True
30625,23,124,3800001520,316,316,1995-09-28,1995-10-04,1,0.7223001402524545,0.7223001402524545,0.7223001402524545,1,True
30625,24,124,3800001520,336,338,1996-02-15,1996-03-06,3,0.3783993783993784,0.5337995337995338,0.5337995337995338,3,True
30625,25,124,3800001520,342,343,1996-03-28,1996-04-10,2,0.15501165501165498,0.15501165501165498,0.25874125874125875,2,True
30625,26,124,3800001520,352,357,1996-06-06,1996-07-17,6,0.17676767676767677,0.1561771561771561,0.303030303030303,6,True
30625,27,124,3800001520,361,369,1996-08-08,1996-10-09,9,0.2530432530432531,0.1398601398601399,0.7645687645687645,9,True
30625,28,124,3800001520,372,372,1996-10-24,1996-10-30,1,0.35664335664335667,0.35664335664335667,0.35664335664335667,1,True
30625,29,124,3800001520,384,385,1997-01-16,1997-01-29,2,0.16802168021680214,0.16802168021680214,0.3224932249322493,2,True
30628,1,124,3800001611,13,13,1989-12-07,1989-12-13,1,0.05794245171462353,0.05794245171462353,0.05794245171462353,1,True
30628,2,124,3800001611,16,17,1989-12-28,1990-01-10,2,0.05802861685214622,0.05802861685214622,0.06597774244833066,2,True
30628,3,124,3800001611,97,98,1991-07-18,1991-07-31,2,0.056140350877193046,0.056140350877193046,0.056140350877193046,2,True
30628,4,124,3800001611,110,110,1991-10-17,1991-10-23,1,0.056140350877193046,0.056140350877193046,0.056140350877193046,1,True
30628,5,124,3800001611,126,126,1992-02-06,1992-02-12,1,0.10169491525423735,0.10169491525423735,0.10169491525423735,1,True
30628,6,124,3800001611,150,160,1992-07-23,1992-10-07,11,0.08375637371601508,0.06961613532856215,0.15094339622641506,11,True
30628,7,124,3800001611,175,178,1993-01-14,1993-02-10,4,0.0419580419580419,0.027972027972027913,0.09440559440559437,4,True
30628,8,124,3800001611,191,191,1993-05-06,1993-05-12,1,0.25163398692810457,0.25163398692810457,0.25163398692810457,1,True
30628,9,124,3800001611,226,226,1994-01-06,1994-01-12,1,0.39218081857055587,0.39218081857055587,0.39218081857055587,1,True
30628,10,124,3800001611,231,231,1994-02-10,1994-02-16,1,0.06402439024390238,0.06402439024390238,0.06402439024390238,1,True
30628,11,124,3800001611,233,233,1994-02-24,1994-03-02,1,0.06402439024390238,0.06402439024390238,0.06402439024390238,1,True
30628,12,124,3800001611,246,247,1994-05-26,1994-06-08,2,0.23391812865497075,0.23391812865497075,0.41812865497076024,2,True
30628,13,124,3800001611,332,332,1996-01-18,1996-01-24,1,0.41812865497076024,0.41812865497076024,0.41812865497076024,1,True
30628,14,124,3800001611,342,342,1996-03-28,1996-04-03,1,0.2514619883040935,0.2514619883040935,0.2514619883040935,1,True
30628,15,124,3800001611,352,352,1996-06-06,1996-06-12,1,0.2894736842105262,0.2894736842105262,0.2894736842105262,1,True
30628,16,124,3800001611,383,383,1997-01-09,1997-01-15,1,0.1333333333333333,0.1333333333333333,0.1333333333333333,1,True
31316,1,128,1600066510,66,66,1990-12-13,1990-12-19,1,0.0,0.0,0.0,1,True
31316,2,128,1600066510,117,118,1991-12-05,1991-12-18,2,0.07322175732217578,0.07322175732217578,0.08368200836820094,2,True
31316,3,128,1600066510,140,142,1992-05-14,1992-06-03,3,0.0850767085076709,0.10041841004184104,0.10041841004184104,3,True
31316,4,128,1600066510,150,160,1992-07-23,1992-10-07,11,0.08687031869584395,0.0710823909531505,0.13974151857835238,11,True
31316,5,128,1600066510,175,177,1993-01-14,1993-02-03,3,0.28840579710144926,0.3086956521739129,0.5,3,True
31316,6,128,1600066510,186,187,1993-04-01,1993-04-14,2,0.2510460251046025,0.2510460251046025,0.2510460251046025,2,True
31316,7,128,1600066510,204,209,1993-08-05,1993-09-15,6,0.21509433962264146,0.17924528301886783,0.4981132075471698,6,True
31316,8,128,1600066510,218,218,1993-11-11,1993-11-17,1,0.2528301886792452,0.2528301886792452,0.2528301886792452,1,True
31316,9,128,1600066510,244,245,1994-05-12,1994-05-25,2,0.2735849056603773,0.2735849056603773,0.4716981132075472,2,True
31316,10,128,1600066510,251,251,1994-06-30,1994-07-06,1,0.08679245283018866,0.08679245283018866,0.08679245283018866,1,True
31316,11,128,1600066510,261,261,1994-09-08,1994-09-14,1,0.2528301886792452,0.2528301886792452,0.2528301886792452,1,True
31316,12,128,1600066510,318,319,1995-10-12,1995-10-25,2,0.29433962264150937,0.29433962264150937,0.5018867924528301,2,True
31316,13,128,1600066510,331,331,1996-01-11,1996-01-17,1,0.33207547169811313,0.33207547169811313,0.33207547169811313,1,True
31316,14,128,1600066510,355,355,1996-06-27,1996-07-03,1,0.2528301886792452,0.2528301886792452,0.2528301886792452,1,True
31317,1,128,1600066590,21,21,1990-02-01,1990-02-07,1,0.4512987012987013,0.4512987012987013,0.4512987012987013,1,True
31317,2,128,1600066590,34,35,1990-05-03,1990-05-16,2,0.09415584415584421,0.09415584415584421,0.09415584415584421,2,True
31317,3,128,1600066590,57,57,1990-10-11,1990-10-17,1,0.10033444816053516,0.10033444816053516,0.10033444816053516,1,True
31317,4,128,1600066590,81,81,1991-03-28,1991-04-03,1,0.0,0.0,0.0,1,True
31317,5,128,1600066590,84,84,1991-04-18,1991-04-24,1,0.15673981191222575,0.15673981191222575,0.15673981191222575,1,True
31317,6,128,1600066590,108,108,1991-10-03,1991-10-09,1,0.07523510971786829,0.07523510971786829,0.07523510971786829,1,True
31317,7,128,1600066590,123,123,1992-01-16,1992-01-22,1,0.042553191489361764,0.042553191489361764,0.042553191489361764,1,True
31317,8,128,1600066590,150,160,1992-07-23,1992-10-07,11,0.12448347107438021,0.06818181818181823,0.5227272727272727,11,True
31317,9,128,1600066590,177,177,1993-01-28,1993-02-03,1,0.08841463414634132,0.08841463414634132,0.08841463414634132,1,True
31317,10,128,1600066590,186,189,1993-04-01,1993-04-28,4,0.21045197740112997,0.25141242937853114,0.28248587570621464,4,True
31317,11,128,1600066590,203,203,1993-07-29,1993-08-04,1,0.08970976253298146,0.08970976253298146,0.08970976253298146,1,True
31317,12,128,1600066590,206,207,1993-08-19,1993-09-01,2,0.1741424802110818,0.1741424802110818,0.29815303430079154,2,True
31317,13,128,1600066590,209,209,1993-09-09,1993-09-15,1,0.4907651715039578,0.4907651715039578,0.4907651715039578,1,True
31317,14,128,1600066590,214,214,1993-10-14,1993-10-20,1,0.07387862796833777,0.07387862796833777,0.07387862796833777,1,True
31317,15,128,1600066590,218,218,1993-11-11,1993-11-17,1,0.25065963060686025,0.25065963060686025,0.25065963060686025,1,True
31317,16,128,1600066590,226,226,1994-01-06,1994-01-12,1,0.5013192612137203,0.5013192612137203,0.5013192612137203,1,True
31317,17,128,1600066590,228,228,1994-01-20,1994-01-26,1,0.06860158311345654,0.06860158311345654,0.06860158311345654,1,True
31317,18,128,1600066590,236,237,1994-03-17,1994-03-30,2,0.32717678100263853,0.32717678100263853,0.5013192612137203,2,True
31317,19,128,1600066590,248,259,1994-06-09,1994-08-31,12,0.1412873129091736,0.14775725593667544,0.14775725593667544,12,True
31317,20,128,1600066590,261,261,1994-09-08,1994-09-14,1,0.25077399380804954,0.25077399380804954,0.25077399380804954,1,True
31317,21,128,1600066590,266,267,1994-10-13,1994-10-26,2,0.19504643962848295,0.19504643962848295,0.38390092879256965,2,True
31317,22,128,1600066590,314,314,1995-09-14,1995-09-20,1,0.40949554896142437,0.40949554896142437,0.40949554896142437,1,True
31317,23,128,1600066590,318,319,1995-10-12,1995-10-25,2,0.30563798219584576,0.30563798219584576,0.5192878338278932,2,True
31317,24,128,1600066590,331,332,1996-01-11,1996-01-24,2,0.370919881305638,0.370919881305638,0.40949554896142437,2,True
31317,25,128,1600066590,341,342,1996-03-21,1996-04-03,2,0.2566765578635016,0.2566765578635016,0.4065281899109793,2,True
31317,26,128,1600066590,346,347,1996-04-25,1996-05-08,2,0.2314540059347181,0.2314540059347181,0.4065281899109793,2,True
31317,27,128,1600066590,353,353,1996-06-13,1996-06-19,1,0.6379821958456974,0.6379821958456974,0.6379821958456974,1,True
31317,28,128,1600066590,355,356,1996-06-27,1996-07-10,2,0.16765578635014844,0.16765578635014844,0.2522255192878339,2,True
31317,29,128,1600066590,365,365,1996-09-05,1996-09-11,1,0.5221238938053097,0.5221238938053097,0.5221238938053097,1,True
31317,30,128,1600066590,392,393,1997-03-13,1997-03-26,2,0.06194690265486724,0.06194690265486724,0.11799410029498525,2,True
31318,1,128,1600066610,21,21,1990-02-01,1990-02-07,1,0.0,0.0,0.0,1,True
31318,2,128,1600066610,28,28,1990-03-22,1990-03-28,1,0.12828947368421062,0.12828947368421062,0.12828947368421062,1,True
31318,3,128,1600066610,52,52,1990-09-06,1990-09-12,1,0.08223684210526316,0.08223684210526316,0.08223684210526316,1,True
31318,4,128,1600066610,80,80,1991-03-21,1991-03-27,1,0.07999999999999996,0.07999999999999996,0.07999999999999996,1,True
31318,5,128,1600066610,93,94,1991-06-20,1991-07-03,2,0.07076923076923075,0.07076923076923075,0.07999999999999996,2,True
31318,6,128,1600066610,108,109,1991-10-03,1991-10-16,2,0.06615384615384612,0.06615384615384612,0.07999999999999996,2,True
31318,7,128,1600066610,123,123,1992-01-16,1992-01-22,1,0.07079646017699126,0.07079646017699126,0.07079646017699126,1,True
31318,8,128,1600066610,125,126,1992-01-30,1992-02-12,2,0.05457227138643067,0.05457227138643067,0.05899705014749268,2,True
31318,9,128,1600066610,146,147,1992-06-25,1992-07-08,2,0.05604719764011806,0.05604719764011806,0.05899705014749268,2,True
31318,10,128,1600066610,150,160,1992-07-23,1992-10-07,11,0.10967417149722475,0.11209439528023613,0.15634218289085555,11,True
31318,11,128,1600066610,177,177,1993-01-28,1993-02-03,1,0.015923566878981,0.015923566878981,0.015923566878981,1,True
31318,12,128,1600066610,185,188,1993-03-25,1993-04-21,4,0.21428571428571433,0.2522796352583587,0.30395136778115506,4,True
31318,13,128,1600066610,193,193,1993-05-20,1993-05-26,1,0.452887537993921,0.452887537993921,0.452887537993921,1,True
31318,14,128,1600066610,203,203,1993-07-29,1993-08-04,1,0.05479452054794509,0.05479452054794509,0.05479452054794509,1,True
31318,15,128,1600066610,206,206,1993-08-19,1993-08-25,1,0.27123287671232876,0.27123287671232876,0.27123287671232876,1,True
31318,16,128,1600066610,209,209,1993-09-09,1993-09-15,1,0.46849315068493147,0.46849315068493147,0.46849315068493147,1,True
31318,17,128,1600066610,218,218,1993-11-11,1993-11-17,1,0.24931506849315066,0.24931506849315066,0.24931506849315066,1,True
31318,18,128,1600066610,226,227,1994-01-06,1994-01-19,2,0.27534246575342464,0.27534246575342464,0.5013698630136987,2,True
31318,19,128,1600066610,248,259,1994-06-09,1994-08-31,12,0.10915053495640575,0.0821917808219178,0.4547945205479452,12,True
31318,20,128,1600066610,261,261,1994-09-08,1994-09-14,1,0.27761194029850755,0.27761194029850755,0.27761194029850755,1,True
31318,21,128,1600066610,267,268,1994-10-20,1994-11-02,2,0.25671641791044775,0.25671641791044775,0.4059701492537313,2,True
31318,22,128,1600066610,314,315,1995-09-14,1995-09-27,2,0.24351585014409222,0.24351585014409222,0.42363112391930835,2,True
31318,23,128,1600066610,318,318,1995-10-12,1995-10-18,1,0.5187319884726225,0.5187319884726225,0.5187319884726225,1,True
31318,24,128,1600066610,326,326,1995-12-07,1995-12-13,1,0.42651296829971186,0.42651296829971186,0.42651296829971186,1,True
31318,25,128,1600066610,331,331,1996-01-11,1996-01-17,1,0.3285302593659942,0.3285302593659942,0.3285302593659942,1,True
31318,26,128,1600066610,341,341,1996-03-21,1996-03-27,1,0.42363112391930835,0.42363112391930835,0.42363112391930835,1,True
31318,27,128,1600066610,343,343,1996-04-04,1996-04-10,1,0.42074927953890495,0.42074927953890495,0.42074927953890495,1,True
31318,28,128,1600066610,353,355,1996-06-13,1996-07-03,3,0.38904899135446697,0.25072046109510093,0.7002881844380404,3,True
31318,29,128,1600066610,365,365,1996-09-05,1996-09-11,1,0.5214899713467049,0.5214899713467049,0.5214899713467049,1,True
31318,30,128,1600066610,392,393,1997-03-13,1997-03-26,2,0.028653295128939826,0.028653295128939826,0.04011461318051579,2,True
31469,1,128,3800000110,112,112,1991-10-31,1991-11-06,1,0.06553398058252424,0.06553398058252424,0.06553398058252424,1,True
31469,2,128,3800000110,150,160,1992-07-23,1992-10-07,11,0.08636676756079732,0.07428571428571418,0.13142857142857145,11,True
31469,3,128,3800000110,235,235,1994-03-10,1994-03-16,1,0.05263157894736836,0.05263157894736836,0.05263157894736836,1,True
31469,4,128,3800000110,340,340,1996-03-14,1996-03-20,1,0.1076233183856502,0.1076233183856502,0.1076233183856502,1,True
31469,5,128,3800000110,342,342,1996-03-28,1996-04-03,1,0.2511210762331839,0.2511210762331839,0.2511210762331839,1,True
31469,6,128,3800000110,352,352,1996-06-06,1996-06-12,1,0.4260089686098655,0.4260089686098655,0.4260089686098655,1,True
31471,1,128,3800000120,25,25,1990-03-01,1990-03-07,1,0.08252427184466027,0.08252427184466027,0.08252427184466027,1,True
31471,2,128,3800000120,43,44,1990-07-05,1990-07-18,2,0.08252427184466027,0.08252427184466027,0.08252427184466027,2,True
31471,3,128,3800000120,54,55,1990-09-20,1990-10-03,2,0.08252427184466027,0.08252427184466027,0.08252427184466027,2,True
31471,4,128,3800000120,74,75,1991-02-07,1991-02-20,2,0.2766990291262136,0.2766990291262136,0.2766990291262136,2,True
31471,5,128,3800000120,88,88,1991-05-16,1991-05-22,1,0.0,0.0,0.0,1,True
31471,6,128,3800000120,90,90,1991-05-30,1991-06-05,1,0.0,0.0,0.0,1,True
31471,7,128,3800000120,94,95,1991-06-27,1991-07-10,2,0.08252427184466027,0.08252427184466027,0.08252427184466027,2,True
31471,8,128,3800000120,97,97,1991-07-18,1991-07-24,1,0.08252427184466027,0.08252427184466027,0.08252427184466027,1,True
31471,9,128,3800000120,107,107,1991-09-26,1991-10-02,1,0.004854368932038944,0.004854368932038944,0.004854368932038944,1,True
31471,10,128,3800000120,123,126,1992-01-16,1992-02-12,4,0.2453488372093023,0.18604651162790697,0.5720930232558139,4,True
31471,11,128,3800000120,139,139,1992-05-07,1992-05-13,1,0.07441860465116279,0.07441860465116279,0.07441860465116279,1,True
31471,12,128,3800000120,150,160,1992-07-23,1992-10-07,11,0.09030719007442373,0.07555555555555549,0.1511111111111112,11,True
31471,13,128,3800000120,174,178,1993-01-07,1993-02-10,5,0.1836538461538462,0.04326923076923084,0.4807692307692307,5,True
31471,14,128,3800000120,185,185,1993-03-25,1993-03-31,1,0.01834862385321101,0.01834862385321101,0.01834862385321101,1,True
31471,15,128,3800000120,187,189,1993-04-08,1993-04-28,3,0.01834862385321101,0.01834862385321101,0.01834862385321101,3,True
31471,16,128,3800000120,214,215,1993-10-14,1993-10-27,2,0.12248995983935751,0.12248995983935751,0.20080321285140568,2,True
31471,17,128,3800000120,226,227,1994-01-06,1994-01-19,2,0.38353413654618485,0.38353413654618485,0.5220883534136547,2,True
31471,18,128,3800000120,235,235,1994-03-10,1994-03-16,1,0.5564516129032258,0.5564516129032258,0.5564516129032258,1,True
31471,19,128,3800000120,250,251,1994-06-23,1994-07-06,2,0.17176870748299322,0.17176870748299322,0.3231292517006803,2,True
31471,20,128,3800000120,266,267,1994-10-13,1994-10-26,2,0.45748299319727886,0.45748299319727886,0.6632653061224489,2,True
31471,21,128,3800000120,274,276,1994-12-08,1994-12-28,3,0.2811791383219955,0.3197278911564626,0.3231292517006803,3,True
31471,22,128,3800000120,321,322,1995-11-02,1995-11-15,2,0.24489795918367346,0.24489795918367346,0.391156462585034,2,True
31471,23,128,3800000120,342,342,1996-03-28,1996-04-03,1,0.2517006802721088,0.2517006802721088,0.2517006802721088,1,True
31471,24,128,3800000120,344,345,1996-04-11,1996-04-24,2,0.5578231292517006,0.5578231292517006,0.6598639455782314,2,True
31471,25,128,3800000120,352,352,1996-06-06,1996-06-12,1,0.34013605442176875,0.34013605442176875,0.34013605442176875,1,True
31471,26,128,3800000120,359,360,1996-07-25,1996-08-07,2,0.19491525423728823,0.19491525423728823,0.3254237288135594,2,True
31471,27,128,3800000120,368,369,1996-09-26,1996-10-09,2,0.5203389830508476,0.5203389830508476,0.6576271186440679,2,True
31471,28,128,3800000120,386,388,1997-01-30,1997-02-19,3,0.1649717514124294,0.0847457627118644,0.3254237288135594,3,True
31472,1,128,3800000127,7,7,1989-10-26,1989-11-01,1,0.0,0.0,0.0,1,True
31472,2,128,3800000127,36,38,1990-05-17,1990-06-06,3,0.12595419847328249,0.12595419847328249,0.12595419847328249,3,True
31472,3,128,3800000127,56,56,1990-10-04,1990-10-10,1,0.6221374045801527,0.6221374045801527,0.6221374045801527,1,True
31472,4,128,3800000127,82,85,1991-04-04,1991-05-01,4,0.09446564885496186,0.12595419847328249,0.12595419847328249,4,True
31472,5,128,3800000127,110,110,1991-10-17,1991-10-23,1,0.06037735849056591,0.06037735849056591,0.06037735849056591,1,True
31472,6,128,3800000127,131,132,1992-03-12,1992-03-25,2,0.08550185873605942,0.08550185873605942,0.08921933085501854,2,True
31472,7,128,3800000127,150,160,1992-07-23,1992-10-07,11,0.12690621113947245,0.1180705543556515,0.28365730741540673,11,True
31472,8,128,3800000127,180,184,1993-02-18,1993-03-24,5,0.14883720930232563,0.10465116279069764,0.3798449612403101,5,True
31472,9,128,3800000127,197,197,1993-06-17,1993-06-23,1,0.08170914542728636,0.08170914542728636,0.08170914542728636,1,True
31472,10,128,3800000127,208,209,1993-09-02,1993-09-15,2,0.2508650519031142,0.2508650519031142,0.4913494809688581,2,True
31472,11,128,3800000127,216,217,1993-10-28,1993-11-10,2,0.2065573770491803,0.2065573770491803,0.3475409836065574,2,True
31472,12,128,3800000127,228,229,1994-01-20,1994-02-02,2,0.2595307917888563,0.2595307917888563,0.501466275659824,2,True
31472,13,128,3800000127,245,245,1994-05-19,1994-05-25,1,0.32844574780058655,0.32844574780058655,0.32844574780058655,1,True
31472,14,128,3800000127,256,257,1994-08-04,1994-08-17,2,0.3278236914600551,0.3278236914600551,0.5206611570247934,2,True
31472,15,128,3800000127,333,333,1996-01-25,1996-01-31,1,0.3112947658402203,0.3112947658402203,0.3112947658402203,1,True
31472,16,128,3800000127,342,342,1996-03-28,1996-04-03,1,0.25068870523415976,0.25068870523415976,0.25068870523415976,1,True
31472,17,128,3800000127,346,346,1996-04-25,1996-05-01,1,0.31404958677685946,0.31404958677685946,0.31404958677685946,1,True
31472,18,128,3800000127,352,352,1996-06-06,1996-06-12,1,0.27548209366391185,0.27548209366391185,0.27548209366391185,1,True
31472,19,128,3800000127,363,364,1996-08-22,1996-09-04,2,0.31917808219178073,0.31917808219178073,0.44657534246575337,2,True
31472,20,128,3800000127,379,379,1996-12-12,1996-12-18,1,0.3178082191780821,0.3178082191780821,0.3178082191780821,1,True
31472,21,128,3800000127,382,382,1997-01-02,1997-01-08,1,0.1041095890410959,0.1041095890410959,0.1041095890410959,1,True
31472,22,128,3800000127,390,390,1997-02-27,1997-03-05,1,0.1808219178082191,0.1808219178082191,0.1808219178082191,1,True
31472,23,128,3800000127,397,397,1997-04-17,1997-04-23,1,0.3178082191780821,0.3178082191780821,0.3178082191780821,1,True
31491,1,128,3800001520,24,24,1990-02-22,1990-02-28,1,0.3951367781155015,0.3951367781155015,0.3951367781155015,1,True
31491,2,128,3800001520,49,49,1990-08-16,1990-08-22,1,0.042553191489361764,0.042553191489361764,0.042553191489361764,1,True
31491,3,128,3800001520,51,51,1990-08-30,1990-09-05,1,0.042553191489361764,0.042553191489361764,0.042553191489361764,1,True
31491,4,128,3800001520,55,56,1990-09-27,1990-10-10,2,0.3951367781155015,0.3951367781155015,0.3951367781155015,2,True
31491,5,128,3800001520,75,77,1991-02-14,1991-03-06,3,0.06725146198830412,0.06725146198830412,0.06725146198830412,3,True
31491,6,128,3800001520,87,87,1991-05-09,1991-05-15,1,0.0,0.0,0.0,1,True
31491,7,128,3800001520,102,102,1991-08-22,1991-08-28,1,0.07309941520467833,0.07309941520467833,0.07309941520467833,1,True
31491,8,128,3800001520,123,126,1992-01-16,1992-02-12,4,0.040140845070422426,0.0295774647887323,0.07323943661971821,4,True
31491,9,128,3800001520,144,144,1992-06-11,1992-06-17,1,0.07323943661971821,0.07323943661971821,0.07323943661971821,1,True
31491,10,128,3800001520,150,150,1992-07-23,1992-07-29,1,0.06760563380281681,0.06760563380281681,0.06760563380281681,1,True
31491,11,128,3800001520,155,156,1992-08-27,1992-09-09,2,0.07323943661971832,0.07323943661971832,0.07605633802816902,2,True
31491,12,128,3800001520,161,161,1992-10-08,1992-10-14,1,0.011594202898550732,0.011594202898550732,0.011594202898550732,1,True
31491,13,128,3800001520,163,164,1992-10-22,1992-11-04,2,0.035190615835777206,0.035190615835777206,0.0381231671554253,2,True
31491,14,128,3800001520,171,173,1992-12-17,1993-01-06,3,0.017595307917888547,0.017595307917888547,0.017595307917888547,3,True
31491,15,128,3800001520,176,176,1993-01-21,1993-01-27,1,0.0381231671554253,0.0381231671554253,0.0381231671554253,1,True
31491,16,128,3800001520,204,205,1993-08-05,1993-08-18,2,0.07733333333333331,0.07733333333333331,0.07999999999999996,2,True
31491,17,128,3800001520,220,220,1993-11-25,1993-12-01,1,0.19875130072840796,0.19875130072840796,0.19875130072840796,1,True
31491,18,128,3800001520,230,234,1994-02-03,1994-03-09,5,0.28353808353808363,0.19164619164619168,0.48157248157248167,5,True
31491,19,128,3800001520,239,239,1994-04-07,1994-04-13,1,0.4706723891273247,0.4706723891273247,0.4706723891273247,1,True
31491,20,128,3800001520,256,257,1994-08-04,1994-08-17,2,0.06643356643356646,0.06643356643356646,0.0699300699300699,2,True
31491,21,128,3800001520,278,279,1995-01-05,1995-01-18,2,0.22377622377622375,0.22377622377622375,0.4172494172494172,2,True
31491,22,128,3800001520,282,283,1995-02-02,1995-02-15,2,0.22377622377622375,0.22377622377622375,0.4172494172494172,2,True
31491,23,128,3800001520,330,330,1996-01-04,1996-01-10,1,0.05128205128205121,0.05128205128205121,0.05128205128205121,1,True
31491,24,128,3800001520,336,339,1996-02-15,1996-03-13,4,0.38461538461538464,0.4755244755244755,0.5337995337995338,4,True
31491,25,128,3800001520,342,343,1996-03-28,1996-04-10,2,0.1573426573426574,0.1573426573426574,0.2517482517482518,2,True
31491,26,128,3800001520,352,357,1996-06-06,1996-07-17,6,0.18997668997668993,0.1561771561771561,0.303030303030303,6,True
31491,27,128,3800001520,361,369,1996-08-08,1996-10-09,9,0.26651126651126655,0.1398601398601399,0.7645687645687645,9,True
31491,28,128,3800001520,372,372,1996-10-24,1996-10-30,1,0.35664335664335667,0.35664335664335667,0.35664335664335667,1,True
31491,29,128,3800001520,384,385,1997-01-16,1997-01-29,2,0.16124661246612465,0.16124661246612465,0.3224932249322493,2,True
31494,1,128,3800001611,17,17,1990-01-04,1990-01-10,1,0.09615384615384615,0.09615384615384615,0.09615384615384615,1,True
31494,2,128,3800001611,97,97,1991-07-18,1991-07-24,1,0.056140350877193046,0.056140350877193046,0.056140350877193046,1,True
31494,3,128,3800001611,110,110,1991-10-17,1991-10-23,1,0.056140350877193046,0.056140350877193046,0.056140350877193046,1,True
31494,4,128,3800001611,126,126,1992-02-06,1992-02-12,1,0.10169491525423735,0.10169491525423735,0.10169491525423735,1,True
31494,5,128,3800001611,150,160,1992-07-23,1992-10-07,11,0.0852901165197847,0.06961613532856215,0.15094339622641506,11,True
31494,6,128,3800001611,175,178,1993-01-14,1993-02-10,4,0.0419580419580419,0.027972027972027913,0.09440559440559437,4,True
31494,7,128,3800001611,191,191,1993-05-06,1993-05-12,1,0.25163398692810457,0.25163398692810457,0.25163398692810457,1,True
31494,8,128,3800001611,226,227,1994-01-06,1994-01-19,2,0.3377581120943953,0.3377581120943953,0.4129793510324484,2,True
31494,9,128,3800001611,231,231,1994-02-10,1994-02-16,1,0.0766961651917405,0.0766961651917405,0.0766961651917405,1,True
31494,10,128,3800001611,233,233,1994-02-24,1994-03-02,1,0.0766961651917405,0.0766961651917405,0.0766961651917405,1,True
31494,11,128,3800001611,246,247,1994-05-26,1994-06-08,2,0.2222222222222222,0.2222222222222222,0.41812865497076024,2,True
31494,12,128,3800001611,332,332,1996-01-18,1996-01-24,1,0.41812865497076024,0.41812865497076024,0.41812865497076024,1,True
31494,13,128,3800001611,342,342,1996-03-28,1996-04-03,1,0.2514619883040935,0.2514619883040935,0.2514619883040935,1,True
31494,14,128,3800001611,352,352,1996-06-06,1996-06-12,1,0.2865497076023392,0.2865497076023392,0.2865497076023392,1,True
31494,15,128,3800001611,383,383,1997-01-09,1997-01-15,1,0.1333333333333333,0.1333333333333333,0.1333333333333333,1,True
32997,1,132,1600066510,66,66,1990-12-13,1990-12-19,1,0.0,0.0,0.0,1,True
32997,2,132,1600066510,117,118,1991-12-05,1991-12-18,2,0.03711790393013098,0.03711790393013098,0.04366812227074235,2,True
32997,3,132,1600066510,140,142,1992-05-14,1992-06-03,3,0.05676855895196505,0.06113537117903933,0.06113537117903933,3,True
32997,4,132,1600066510,152,152,1992-08-06,1992-08-12,1,0.02092050209205032,0.02092050209205032,0.02092050209205032,1,True
32997,5,132,1600066510,155,156,1992-08-27,1992-09-09,2,0.09205020920502088,0.09205020920502088,0.10460251046025104,2,True
32997,6,132,1600066510,174,174,1993-01-07,1993-01-13,1,0.11297071129707115,0.11297071129707115,0.11297071129707115,1,True
32997,7,132,1600066510,186,187,1993-04-01,1993-04-14,2,0.2530120481927711,0.2530120481927711,0.2530120481927711,2,True
32997,8,132,1600066510,194,204,1993-05-27,1993-08-11,11,0.11994017124215346,0.08032128514056236,0.5161290322580645,11,True
32997,9,132,1600066510,206,206,1993-08-19,1993-08-25,1,0.2532751091703057,0.2532751091703057,0.2532751091703057,1,True
32997,10,132,1600066510,208,208,1993-09-02,1993-09-08,1,0.2532751091703057,0.2532751091703057,0.2532751091703057,1,True
32997,11,132,1600066510,218,218,1993-11-11,1993-11-17,1,0.24890829694323147,0.24890829694323147,0.24890829694323147,1,True
32997,12,132,1600066510,244,244,1994-05-12,1994-05-18,1,0.48034934497816595,0.48034934497816595,0.48034934497816595,1,True
32997,13,132,1600066510,261,261,1994-09-08,1994-09-14,1,0.2532751091703057,0.2532751091703057,0.2532751091703057,1,True
32997,14,132,1600066510,266,266,1994-10-13,1994-10-19,1,0.0,0.0,0.0,1,True
32997,15,132,1600066510,318,318,1995-10-12,1995-10-18,1,0.5021834061135372,0.5021834061135372,0.5021834061135372,1,True
32997,16,132,1600066510,331,331,1996-01-11,1996-01-17,1,0.3318777292576419,0.3318777292576419,0.3318777292576419,1,True
32997,17,132,1600066510,355,355,1996-06-27,1996-07-03,1,0.2532751091703057,0.2532751091703057,0.2532751091703057,1,True
32998,1,132,1600066590,21,21,1990-02-01,1990-02-07,1,0.40701754385964917,0.40701754385964917,0.40701754385964917,1,True
32998,2,132,1600066590,57,57,1990-10-11,1990-10-17,1,0.056140350877193046,0.056140350877193046,0.056140350877193046,1,True
32998,3,132,1600066590,81,81,1991-03-28,1991-04-03,1,0.0,0.0,0.0,1,True
32998,4,132,1600066590,84,84,1991-04-18,1991-04-24,1,0.11803278688524588,0.11803278688524588,0.11803278688524588,1,True
32998,5,132,1600066590,108,108,1991-10-03,1991-10-09,1,0.032786885245901565,0.032786885245901565,0.032786885245901565,1,True
32998,6,132,1600066590,152,152,1992-08-06,1992-08-12,1,0.015197568389057725,0.015197568389057725,0.015197568389057725,1,True
32998,7,132,1600066590,156,156,1992-09-03,1992-09-09,1,0.054711246200607966,0.054711246200607966,0.054711246200607966,1,True
32998,8,132,1600066590,160,160,1992-10-01,1992-10-07,1,0.452887537993921,0.452887537993921,0.452887537993921,1,True
32998,9,132,1600066590,177,177,1993-01-28,1993-02-03,1,0.09118541033434646,0.09118541033434646,0.09118541033434646,1,True
32998,10,132,1600066590,186,187,1993-04-01,1993-04-14,2,0.25070422535211256,0.25070422535211256,0.25070422535211256,2,True
32998,11,132,1600066590,194,204,1993-05-27,1993-08-11,11,0.10066539086708995,0.10140845070422533,0.10140845070422533,11,True
32998,12,132,1600066590,206,206,1993-08-19,1993-08-25,1,0.2507836990595611,0.2507836990595611,0.2507836990595611,1,True
32998,13,132,1600066590,209,209,1993-09-09,1993-09-15,1,0.4764890282131662,0.4764890282131662,0.4764890282131662,1,True
32998,14,132,1600066590,218,218,1993-11-11,1993-11-17,1,0.2507836990595611,0.2507836990595611,0.2507836990595611,1,True
32998,15,132,1600066590,226,226,1994-01-06,1994-01-12,1,0.5015673981191222,0.5015673981191222,0.5015673981191222,1,True
32998,16,132,1600066590,236,236,1994-03-17,1994-03-23,1,0.5015673981191222,0.5015673981191222,0.5015673981191222,1,True
32998,17,132,1600066590,261,261,1994-09-08,1994-09-14,1,0.24761904761904752,0.24761904761904752,0.24761904761904752,1,True
32998,18,132,1600066590,267,268,1994-10-20,1994-11-02,2,0.2,0.2,0.3682539682539683,2,True
32998,19,132,1600066590,314,314,1995-09-14,1995-09-20,1,0.38769230769230767,0.38769230769230767,0.38769230769230767,1,True
32998,20,132,1600066590,318,319,1995-10-12,1995-10-25,2,0.27999999999999997,0.27999999999999997,0.5015384615384615,2,True
32998,21,132,1600066590,331,332,1996-01-11,1996-01-24,2,0.36,0.36,0.38769230769230767,2,True
32998,22,132,1600066590,341,341,1996-03-21,1996-03-27,1,0.3846153846153846,0.3846153846153846,0.3846153846153846,1,True
32998,23,132,1600066590,346,347,1996-04-25,1996-05-08,2,0.2246153846153846,0.2246153846153846,0.3846153846153846,2,True
32998,24,132,1600066590,353,353,1996-06-13,1996-06-19,1,0.6492307692307693,0.6492307692307693,0.6492307692307693,1,True
32998,25,132,1600066590,355,356,1996-06-27,1996-07-10,2,0.15999999999999998,0.15999999999999998,0.25230769230769223,2,True
32998,26,132,1600066590,365,366,1996-09-05,1996-09-18,2,0.2815384615384615,0.2815384615384615,0.5015384615384615,2,True
32998,27,132,1600066590,392,393,1997-03-13,1997-03-26,2,0.03999999999999998,0.03999999999999998,0.07999999999999996,2,True
32999,1,132,1600066610,21,21,1990-02-01,1990-02-07,1,0.0,0.0,0.0,1,True
32999,2,132,1600066610,28,28,1990-03-22,1990-03-28,1,0.08620689655172409,0.08620689655172409,0.08620689655172409,1,True
32999,3,132,1600066610,52,52,1990-09-06,1990-09-12,1,0.037931034482758585,0.037931034482758585,0.037931034482758585,1,True
32999,4,132,1600066610,108,109,1991-10-03,1991-10-16,2,0.02912621359223294,0.02912621359223294,0.032362459546925404,2,True
32999,5,132,1600066610,123,123,1992-01-16,1992-01-22,1,0.012539184952978122,0.012539184952978122,0.012539184952978122,1,True
32999,6,132,1600066610,127,129,1992-02-13,1992-03-04,3,0.37931034482758613,0.39811912225705326,0.4702194357366771,3,True
32999,7,132,1600066610,146,147,1992-06-25,1992-07-08,2,0.01846153846153853,0.01846153846153853,0.01846153846153853,2,True
32999,8,132,1600066610,151,152,1992-07-30,1992-08-12,2,0.06769230769230766,0.06769230769230766,0.12,2,True
32999,9,132,1600066610,156,156,1992-09-03,1992-09-09,1,0.06461538461538463,0.06461538461538463,0.06461538461538463,1,True
32999,10,132,1600066610,177,177,1993-01-28,1993-02-03,1,0.0492307692307693,0.0492307692307693,0.0492307692307693,1,True
32999,11,132,1600066610,185,187,1993-03-25,1993-04-14,3,0.18377321603128063,0.2521994134897362,0.2521994134897362,3,True
32999,12,132,1600066610,193,193,1993-05-20,1993-05-26,1,0.47214076246334313,0.47214076246334313,0.47214076246334313,1,True
32999,13,132,1600066610,206,206,1993-08-19,1993-08-25,1,0.2848734549735138,0.2848734549735138,0.2848734549735138,1,True
32999,14,132,1600066610,209,209,1993-09-09,1993-09-15,1,0.4307692307692308,0.4307692307692308,0.4307692307692308,1,True
32999,15,132,1600066610,218,218,1993-11-11,1993-11-17,1,0.25230769230769223,0.25230769230769223,0.25230769230769223,1,True
32999,16,132,1600066610,226,227,1994-01-06,1994-01-19,2,0.2692307692307692,0.2692307692307692,0.5015384615384615,2,True
32999,17,132,1600066610,250,250,1994-06-23,1994-06-29,1,0.38769230769230767,0.38769230769230767,0.38769230769230767,1,True
32999,18,132,1600066610,261,261,1994-09-08,1994-09-14,1,0.24534161490683226,0.24534161490683226,0.24534161490683226,1,True
32999,19,132,1600066610,267,267,1994-10-20,1994-10-26,1,0.38198757763975155,0.38198757763975155,0.38198757763975155,1,True
32999,20,132,1600066610,314,314,1995-09-14,1995-09-20,1,0.4059701492537313,0.4059701492537313,0.4059701492537313,1,True
32999,21,132,1600066610,318,318,1995-10-12,1995-10-18,1,0.5014925373134329,0.5014925373134329,0.5014925373134329,1,True
32999,22,132,1600066610,326,326,1995-12-07,1995-12-13,1,0.4059701492537313,0.4059701492537313,0.4059701492537313,1,True
32999,23,132,1600066610,331,331,1996-01-11,1996-01-17,1,0.33134328358208953,0.33134328358208953,0.33134328358208953,1,True
32999,24,132,1600066610,341,341,1996-03-21,1996-03-27,1,0.4029850746268657,0.4029850746268657,0.4029850746268657,1,True
32999,25,132,1600066610,343,343,1996-04-04,1996-04-10,1,0.4059701492537313,0.4059701492537313,0.4059701492537313,1,True
32999,26,132,1600066610,353,356,1996-06-13,1996-07-10,4,0.33731343283582094,0.3014925373134329,0.6895522388059702,4,True
32999,27,132,1600066610,365,365,1996-09-05,1996-09-11,1,0.5014925373134329,0.5014925373134329,0.5014925373134329,1,True
33151,1,132,3800000110,112,112,1991-10-31,1991-11-06,1,0.03144654088050314,0.03144654088050314,0.03144654088050314,1,True
33151,2,132,3800000110,155,156,1992-08-27,1992-09-09,2,0.06969696969696965,0.06969696969696965,0.08484848484848484,2,True
33151,3,132,3800000110,340,340,1996-03-14,1996-03-20,1,0.07441860465116279,0.07441860465116279,0.07441860465116279,1,True
33151,4,132,3800000110,342,342,1996-03-28,1996-04-03,1,0.25116279069767433,0.25116279069767433,0.25116279069767433,1,True
33151,5,132,3800000110,352,352,1996-06-06,1996-06-12,1,0.4651162790697675,0.4651162790697675,0.4651162790697675,1,True
33153,1,132,3800000120,25,25,1990-03-01,1990-03-07,1,0.0052631578947368585,0.0052631578947368585,0.0052631578947368585,1,True
33153,2,132,3800000120,43,44,1990-07-05,1990-07-18,2,0.0357142857142857,0.0357142857142857,0.0357142857142857,2,True
33153,3,132,3800000120,55,55,1990-09-27,1990-10-03,1,0.0357142857142857,0.0357142857142857,0.0357142857142857,1,True
33153,4,132,3800000120,74,75,1991-02-07,1991-02-20,2,0.23979591836734693,0.23979591836734693,0.23979591836734693,2,True
33153,5,132,3800000120,88,88,1991-05-16,1991-05-22,1,0.0,0.0,0.0,1,True
33153,6,132,3800000120,90,90,1991-05-30,1991-06-05,1,0.0,0.0,0.0,1,True
33153,7,132,3800000120,107,107,1991-09-26,1991-10-02,1,0.0357142857142857,0.0357142857142857,0.0357142857142857,1,True
33153,8,132,3800000120,123,126,1992-01-16,1992-02-12,4,0.24268292682926826,0.19999999999999996,0.5512195121951219,4,True
33153,9,132,3800000120,139,139,1992-05-07,1992-05-13,1,0.029268292682926744,0.029268292682926744,0.029268292682926744,1,True
33153,10,132,3800000120,152,152,1992-08-06,1992-08-12,1,0.04651162790697683,0.04651162790697683,0.04651162790697683,1,True
33153,11,132,3800000120,155,156,1992-08-27,1992-09-09,2,0.08139534883720934,0.08139534883720934,0.10697674418604652,2,True
33153,12,132,3800000120,174,174,1993-01-07,1993-01-13,1,0.07441860465116279,0.07441860465116279,0.07441860465116279,1,True
33153,13,132,3800000120,176,178,1993-01-21,1993-02-10,3,0.018604651162790753,0.018604651162790753,0.018604651162790753,3,True
33153,14,132,3800000120,185,185,1993-03-25,1993-03-31,1,0.04888888888888887,0.04888888888888887,0.04888888888888887,1,True
33153,15,132,3800000120,187,189,1993-04-08,1993-04-28,3,0.01777777777777778,0.01777777777777778,0.01777777777777778,3,True
33153,16,132,3800000120,196,206,1993-06-10,1993-08-25,11,0.06992243867243869,0.07111111111111112,0.07111111111111112,11,True
33153,17,132,3800000120,214,215,1993-10-14,1993-10-27,2,0.0547945205479452,0.0547945205479452,0.091324200913242,2,True
33153,18,132,3800000120,226,227,1994-01-06,1994-01-19,2,0.2824267782426778,0.2824267782426778,0.502092050209205,2,True
33153,19,132,3800000120,235,235,1994-03-10,1994-03-16,1,0.5606694560669456,0.5606694560669456,0.5606694560669456,1,True
33153,20,132,3800000120,250,251,1994-06-23,1994-07-06,2,0.153169014084507,0.153169014084507,0.2957746478873239,2,True
33153,21,132,3800000120,266,266,1994-10-13,1994-10-19,1,0.647887323943662,0.647887323943662,0.647887323943662,1,True
33153,22,132,3800000120,274,275,1994-12-08,1994-12-21,2,0.28521126760563376,0.28521126760563376,0.29929577464788726,2,True
33153,23,132,3800000120,321,321,1995-11-02,1995-11-08,1,0.3697183098591549,0.3697183098591549,0.3697183098591549,1,True
33153,24,132,3800000120,342,342,1996-03-28,1996-04-03,1,0.25,0.25,0.25,1,True
33153,25,132,3800000120,344,344,1996-04-11,1996-04-17,1,0.647887323943662,0.647887323943662,0.647887323943662,1,True
33153,26,132,3800000120,352,352,1996-06-06,1996-06-12,1,0.352112676056338,0.352112676056338,0.352112676056338,1,True
33153,27,132,3800000120,359,359,1996-07-25,1996-07-31,1,0.30175438596491233,0.30175438596491233,0.30175438596491233,1,True
33153,28,132,3800000120,368,369,1996-09-26,1996-10-09,2,0.44912280701754387,0.44912280701754387,0.6421052631578947,2,True
33153,29,132,3800000120,386,387,1997-01-30,1997-02-12,2,0.17192982456140354,0.17192982456140354,0.30175438596491233,2,True
33154,1,132,3800000127,7,7,1989-10-26,1989-11-01,1,0.0,0.0,0.0,1,True
33154,2,132,3800000127,36,38,1990-05-17,1990-06-06,3,0.08399999999999996,0.08399999999999996,0.08399999999999996,3,True
33154,3,132,3800000127,56,56,1990-10-04,1990-10-10,1,0.604,0.604,0.604,1,True
33154,4,132,3800000127,82,85,1991-04-04,1991-05-01,4,0.06299999999999997,0.08399999999999996,0.08399999999999996,4,True
33154,5,132,3800000127,131,132,1992-03-12,1992-03-25,2,0.03725490196078424,0.03725490196078424,0.039215686274509665,2,True
33154,6,132,3800000127,155,156,1992-08-27,1992-09-09,2,0.08113207547169804,0.08113207547169804,0.08679245283018866,2,True
33154,7,132,3800000127,158,158,1992-09-17,1992-09-23,1,0.07547169811320742,0.07547169811320742,0.07547169811320742,1,True
33154,8,132,3800000127,180,182,1993-02-18,1993-03-10,3,0.09433962264150937,0.01886792452830177,0.24905660377358485,3,True
33154,9,132,3800000127,197,197,1993-06-17,1993-06-23,1,0.07547169811320742,0.07547169811320742,0.07547169811320742,1,True
33154,10,132,3800000127,208,208,1993-09-02,1993-09-08,1,0.43661971830985913,0.43661971830985913,0.43661971830985913,1,True
33154,11,132,3800000127,228,229,1994-01-20,1994-02-02,2,0.2583586626139817,0.2583586626139817,0.48328267477203646,2,True
33154,12,132,3800000127,245,246,1994-05-19,1994-06-01,2,0.15805471124620063,0.15805471124620063,0.30395136778115506,2,True
33154,13,132,3800000127,256,257,1994-08-04,1994-08-17,2,0.32378223495702013,0.32378223495702013,0.5014326647564471,2,True
33154,14,132,3800000127,261,261,1994-09-08,1994-09-14,1,0.10315186246418351,0.10315186246418351,0.10315186246418351,1,True
33154,15,132,3800000127,266,269,1994-10-13,1994-11-09,4,0.11676217765042987,0.11461318051575942,0.12607449856733532,4,True
33154,16,132,3800000127,333,333,1996-01-25,1996-01-31,1,0.2836676217765044,0.2836676217765044,0.2836676217765044,1,True
33154,17,132,3800000127,342,342,1996-03-28,1996-04-03,1,0.23782234957020054,0.23782234957020054,0.23782234957020054,1,True
33154,18,132,3800000127,346,347,1996-04-25,1996-05-08,2,0.167621776504298,0.167621776504298,0.27793696275071633,2,True
33154,19,132,3800000127,352,352,1996-06-06,1996-06-12,1,0.28653295128939826,0.28653295128939826,0.28653295128939826,1,True
33154,20,132,3800000127,363,364,1996-08-22,1996-09-04,2,0.26217765042979946,0.26217765042979946,0.4269340974212035,2,True
33154,21,132,3800000127,379,380,1996-12-12,1996-12-25,2,0.173352435530086,0.173352435530086,0.28653295128939826,2,True
33154,22,132,3800000127,390,390,1997-02-27,1997-03-05,1,0.14326647564469908,0.14326647564469908,0.14326647564469908,1,True
33154,23,132,3800000127,397,397,1997-04-17,1997-04-23,1,0.28653295128939826,0.28653295128939826,0.28653295128939826,1,True
33178,1,132,3800001520,24,24,1990-02-22,1990-02-28,1,0.18360655737704912,0.18360655737704912,0.18360655737704912,1,True
33178,2,132,3800001520,49,49,1990-08-16,1990-08-22,1,0.022222222222222143,0.022222222222222143,0.022222222222222143,1,True
33178,3,132,3800001520,51,51,1990-08-30,1990-09-05,1,0.022222222222222143,0.022222222222222143,0.022222222222222143,1,True
33178,4,132,3800001520,55,56,1990-09-27,1990-10-10,2,0.3682539682539683,0.3682539682539683,0.3682539682539683,2,True
33178,5,132,3800001520,76,76,1991-02-21,1991-02-27,1,0.027439024390243816,0.027439024390243816,0.027439024390243816,1,True
33178,6,132,3800001520,87,87,1991-05-09,1991-05-15,1,0.0,0.0,0.0,1,True
33178,7,132,3800001520,123,126,1992-01-16,1992-02-12,4,0.01843657817109151,0.014749262536873253,0.029498525073746285,4,True
33178,8,132,3800001520,144,144,1992-06-11,1992-06-17,1,0.029498525073746285,0.029498525073746285,0.029498525073746285,1,True
33178,9,132,3800001520,155,156,1992-08-27,1992-09-09,2,0.06338028169014082,0.06338028169014082,0.07323943661971821,2,True
33178,10,132,3800001520,161,161,1992-10-08,1992-10-14,1,0.0,0.0,0.0,1,True
33178,11,132,3800001520,163,164,1992-10-22,1992-11-04,2,0.07323943661971832,0.07323943661971832,0.07605633802816902,2,True
33178,12,132,3800001520,171,173,1992-12-17,1993-01-06,3,0.016901408450704092,0.016901408450704092,0.016901408450704092,3,True
33178,13,132,3800001520,176,177,1993-01-21,1993-02-03,2,0.03943661971830981,0.03943661971830981,0.07605633802816902,2,True
33178,14,132,3800001520,220,220,1993-11-25,1993-12-01,1,0.0914173888733576,0.0914173888733576,0.0914173888733576,1,True
33178,15,132,3800001520,230,233,1994-02-03,1994-03-02,4,0.2832080200501254,0.2832080200501254,0.4812030075187971,4,True
33178,16,132,3800001520,256,257,1994-08-04,1994-08-17,2,0.03268765133171908,0.03268765133171908,0.03389830508474567,2,True
33178,17,132,3800001520,336,339,1996-02-15,1996-03-13,4,0.2845036319612591,0.301452784503632,0.5157384987893463,4,True
33178,18,132,3800001520,342,343,1996-03-28,1996-04-10,2,0.15738498789346245,0.15738498789346245,0.2518159806295399,2,True
33178,19,132,3800001520,352,357,1996-06-06,1996-07-17,6,0.17836965294592413,0.16222760290556903,0.27118644067796616,6,True
33178,20,132,3800001520,361,369,1996-08-08,1996-10-09,9,0.27683615819209034,0.15496368038740915,0.7578692493946732,9,True
33178,21,132,3800001520,372,372,1996-10-24,1996-10-30,1,0.3680387409200969,0.3680387409200969,0.3680387409200969,1,True
33178,22,132,3800001520,384,385,1997-01-16,1997-01-29,2,0.16332378223495714,0.16332378223495714,0.2836676217765044,2,True
33181,1,132,3800001611,17,17,1990-01-04,1990-01-10,1,0.01673640167364021,0.01673640167364021,0.01673640167364021,1,True
33181,2,132,3800001611,110,110,1991-10-17,1991-10-23,1,0.021818181818181848,0.021818181818181848,0.021818181818181848,1,True
33181,3,132,3800001611,126,126,1992-02-06,1992-02-12,1,0.036363636363636376,0.036363636363636376,0.036363636363636376,1,True
33181,4,132,3800001611,151,151,1992-07-30,1992-08-05,1,0.11525423728813566,0.11525423728813566,0.11525423728813566,1,True
33181,5,132,3800001611,156,156,1992-09-03,1992-09-09,1,0.06779661016949157,0.06779661016949157,0.06779661016949157,1,True
33181,6,132,3800001611,175,178,1993-01-14,1993-02-10,4,0.0508474576271187,0.03220338983050852,0.12203389830508482,4,True
33181,7,132,3800001611,191,191,1993-05-06,1993-05-12,1,0.27301587301587293,0.27301587301587293,0.27301587301587293,1,True
33181,8,132,3800001611,196,206,1993-06-10,1993-08-25,11,0.11239881195038137,0.11428571428571421,0.11428571428571421,11,True
33181,9,132,3800001611,226,227,1994-01-06,1994-01-19,2,0.3274111675126904,0.3274111675126904,0.36865482233502544,2,True
33181,10,132,3800001611,246,247,1994-05-26,1994-06-08,2,0.21299093655589124,0.21299093655589124,0.3987915407854985,2,True
33181,11,132,3800001611,332,332,1996-01-18,1996-01-24,1,0.3987915407854985,0.3987915407854985,0.3987915407854985,1,True
33181,12,132,3800001611,342,342,1996-03-28,1996-04-03,1,0.25075528700906347,0.25075528700906347,0.25075528700906347,1,True
33181,13,132,3800001611,352,352,1996-06-06,1996-06-12,1,0.3021148036253777,0.3021148036253777,0.3021148036253777,1,True
33181,14,132,3800001611,383,383,1997-01-09,1997-01-15,1,0.10746268656716418,0.10746268656716418,0.10746268656716418,1,True
863,1,8,1600066510,66,66,1990-12-13,1990-12-19,1,0.0,0.0,0.0,1,True
863,2,8,1600066510,140,142,1992-05-14,1992-06-03,3,0.06113537117903933,0.06113537117903933,0.06113537117903933,3,True
863,3,8,1600066510,152,152,1992-08-06,1992-08-12,1,0.015212169735788539,0.015212169735788539,0.015212169735788539,1,True
863,4,8,1600066510,156,156,1992-09-03,1992-09-09,1,0.16733067729083662,0.16733067729083662,0.16733067729083662,1,True
863,5,8,1600066510,174,174,1993-01-07,1993-01-13,1,0.15537848605577675,0.15537848605577675,0.15537848605577675,1,True
863,6,8,1600066510,186,187,1993-04-01,1993-04-14,2,0.25287356321839083,0.25287356321839083,0.25287356321839083,2,True
863,7,8,1600066510,204,209,1993-08-05,1993-09-15,6,0.23333333333333325,0.17924528301886783,0.5094339622641508,6,True
863,8,8,1600066510,218,218,1993-11-11,1993-11-17,1,0.2528301886792452,0.2528301886792452,0.2528301886792452,1,True
863,9,8,1600066510,244,245,1994-05-12,1994-05-25,2,0.27169811320754705,0.27169811320754705,0.4830188679245282,2,True
863,10,8,1600066510,261,261,1994-09-08,1994-09-14,1,0.2509652509652509,0.2509652509652509,0.2509652509652509,1,True
863,11,8,1600066510,266,266,1994-10-13,1994-10-19,1,0.007722007722007707,0.007722007722007707,0.007722007722007707,1,True
863,12,8,1600066510,318,318,1995-10-12,1995-10-18,1,0.5018315018315018,0.5018315018315018,0.5018315018315018,1,True
863,13,8,1600066510,331,331,1996-01-11,1996-01-17,1,0.33333333333333326,0.33333333333333326,0.33333333333333326,1,True
863,14,8,1600066510,355,356,1996-06-27,1996-07-10,2,0.16117216117216115,0.16117216117216115,0.25274725274725274,2,True
863,15,8,1600066510,358,359,1996-07-18,1996-07-31,2,0.05128205128205132,0.05128205128205132,0.05128205128205132,2,True
864,1,8,1600066590,21,21,1990-02-01,1990-02-07,1,0.40701754385964917,0.40701754385964917,0.40701754385964917,1,True
864,2,8,1600066590,57,57,1990-10-11,1990-10-17,1,0.056140350877193046,0.056140350877193046,0.056140350877193046,1,True
864,3,8,1600066590,81,81,1991-03-28,1991-04-03,1,0.0,0.0,0.0,1,True
864,4,8,1600066590,84,84,1991-04-18,1991-04-24,1,0.11803278688524588,0.11803278688524588,0.11803278688524588,1,True
864,5,8,1600066590,107,108,1991-09-26,1991-10-09,2,0.016393442622950782,0.016393442622950782,0.032786885245901565,2,True
864,6,8,1600066590,118,118,1991-12-12,1991-12-18,1,0.0,0.0,0.0,1,True
864,7,8,1600066590,120,120,1991-12-26,1992-01-01,1,0.0,0.0,0.0,1,True
864,8,8,1600066590,122,123,1992-01-09,1992-01-22,2,0.0,0.0,0.0,2,True
864,9,8,1600066590,138,138,1992-04-30,1992-05-06,1,0.0,0.0,0.0,1,True
864,10,8,1600066590,152,152,1992-08-06,1992-08-12,1,0.00990099009901002,0.00990099009901002,0.00990099009901002,1,True
864,11,8,1600066590,156,156,1992-09-03,1992-09-09,1,0.12463768115942031,0.12463768115942031,0.12463768115942031,1,True
864,12,8,1600066590,160,160,1992-10-01,1992-10-07,1,0.04637681159420293,0.04637681159420293,0.04637681159420293,1,True
864,13,8,1600066590,177,177,1993-01-28,1993-02-03,1,0.1333333333333333,0.1333333333333333,0.1333333333333333,1,True
864,14,8,1600066590,186,187,1993-04-01,1993-04-14,2,0.25201072386058976,0.25201072386058976,0.25201072386058976,2,True
864,15,8,1600066590,194,194,1993-05-27,1993-06-02,1,0.0,0.0,0.0,1,True
864,16,8,1600066590,203,203,1993-07-29,1993-08-04,1,0.08970976253298146,0.08970976253298146,0.08970976253298146,1,True
864,17,8,1600066590,206,206,1993-08-19,1993-08-25,1,0.29815303430079154,0.29815303430079154,0.29815303430079154,1,True
864,18,8,1600066590,209,209,1993-09-09,1993-09-15,1,0.4828496042216359,0.4828496042216359,0.4828496042216359,1,True
864,19,8,1600066590,218,218,1993-11-11,1993-11-17,1,0.2453825857519789,0.2453825857519789,0.2453825857519789,1,True
864,20,8,1600066590,220,229,1993-11-25,1994-02-02,10,0.17018117384304846,0.1187335092348285,0.5593667546174143,10,True
864,21,8,1600066590,236,237,1994-03-17,1994-03-30,2,0.2754491017964072,0.2754491017964072,0.5,2,True
864,22,8,1600066590,261,261,1994-09-08,1994-09-14,1,0.2507836990595611,0.2507836990595611,0.2507836990595611,1,True
864,23,8,1600066590,266,267,1994-10-13,1994-10-26,2,0.19278996865203757,0.19278996865203757,0.37617554858934166,2,True
864,24,8,1600066590,279,279,1995-01-12,1995-01-18,1,0.3650793650793651,0.3650793650793651,0.3650793650793651,1,True
864,25,8,1600066590,283,283,1995-02-09,1995-02-15,1,0.3650793650793651,0.3650793650793651,0.3650793650793651,1,True
864,26,8,1600066590,314,314,1995-09-14,1995-09-20,1,0.38769230769230767,0.38769230769230767,0.38769230769230767,1,True
864,27,8,1600066590,318,318,1995-10-12,1995-10-18,1,0.5015384615384615,0.5015384615384615,0.5015384615384615,1,True
864,28,8,1600066590,331,332,1996-01-11,1996-01-24,2,0.36,0.36,0.38769230769230767,2,True
864,29,8,1600066590,341,341,1996-03-21,1996-03-27,1,0.3846153846153846,0.3846153846153846,0.3846153846153846,1,True
864,30,8,1600066590,346,346,1996-04-25,1996-05-01,1,0.3846153846153846,0.3846153846153846,0.3846153846153846,1,True
864,31,8,1600066590,353,353,1996-06-13,1996-06-19,1,0.676923076923077,0.676923076923077,0.676923076923077,1,True
864,32,8,1600066590,355,355,1996-06-27,1996-07-03,1,0.25230769230769223,0.25230769230769223,0.25230769230769223,1,True
864,33,8,1600066590,365,366,1996-09-05,1996-09-18,2,0.2938461538461538,0.2938461538461538,0.5015384615384615,2,True
864,34,8,1600066590,392,393,1997-03-13,1997-03-26,2,0.03999999999999998,0.03999999999999998,0.07999999999999996,2,True
865,1,8,1600066610,21,21,1990-02-01,1990-02-07,1,0.0,0.0,0.0,1,True
865,2,8,1600066610,28,28,1990-03-22,1990-03-28,1,0.08620689655172409,0.08620689655172409,0.08620689655172409,1,True
865,3,8,1600066610,52,52,1990-09-06,1990-09-12,1,0.037931034482758585,0.037931034482758585,0.037931034482758585,1,True
865,4,8,1600066610,93,94,1991-06-20,1991-07-03,2,0.032362459546925404,0.032362459546925404,0.032362459546925404,2,True
865,5,8,1600066610,108,109,1991-10-03,1991-10-16,2,0.032362459546925404,0.032362459546925404,0.032362459546925404,2,True
865,6,8,1600066610,126,126,1992-02-06,1992-02-12,1,0.0,0.0,0.0,1,True
865,7,8,1600066610,128,128,1992-02-20,1992-02-26,1,0.0,0.0,0.0,1,True
865,8,8,1600066610,143,143,1992-06-04,1992-06-10,1,0.0,0.0,0.0,1,True
865,9,8,1600066610,146,147,1992-06-25,1992-07-08,2,0.01846153846153853,0.01846153846153853,0.01846153846153853,2,True
865,10,8,1600066610,151,152,1992-07-30,1992-08-12,2,0.06,0.06,0.12,2,True
865,11,8,1600066610,156,157,1992-09-03,1992-09-16,2,0.06304985337243402,0.06304985337243402,0.12609970674486803,2,True
865,12,8,1600066610,164,164,1992-10-29,1992-11-04,1,0.0,0.0,0.0,1,True
865,13,8,1600066610,167,167,1992-11-19,1992-11-25,1,0.0,0.0,0.0,1,True
865,14,8,1600066610,175,175,1993-01-14,1993-01-20,1,0.04398826979472148,0.04398826979472148,0.04398826979472148,1,True
865,15,8,1600066610,177,177,1993-01-28,1993-02-03,1,0.09384164222873903,0.09384164222873903,0.09384164222873903,1,True
865,16,8,1600066610,185,187,1993-03-25,1993-04-14,3,0.1830065359477124,0.25210084033613445,0.25210084033613445,3,True
865,17,8,1600066610,194,195,1993-05-27,1993-06-09,2,0.019607843137254832,0.019607843137254832,0.019607843137254832,2,True
865,18,8,1600066610,203,203,1993-07-29,1993-08-04,1,0.08970976253298146,0.08970976253298146,0.08970976253298146,1,True
865,19,8,1600066610,206,206,1993-08-19,1993-08-25,1,0.29815303430079154,0.29815303430079154,0.29815303430079154,1,True
865,20,8,1600066610,209,209,1993-09-09,1993-09-15,1,0.47229551451187335,0.47229551451187335,0.47229551451187335,1,True
865,21,8,1600066610,218,218,1993-11-11,1993-11-17,1,0.25065963060686025,0.25065963060686025,0.25065963060686025,1,True
865,22,8,1600066610,220,229,1993-11-25,1994-02-02,10,0.16173790207523842,0.1187335092348285,0.5593667546174143,10,True
865,23,8,1600066610,250,250,1994-06-23,1994-06-29,1,0.39820359281437134,0.39820359281437134,0.39820359281437134,1,True
865,24,8,1600066610,261,261,1994-09-08,1994-09-14,1,0.2515527950310559,0.2515527950310559,0.2515527950310559,1,True
865,25,8,1600066610,267,268,1994-10-20,1994-11-02,2,0.203416149068323,0.203416149068323,0.38198757763975155,2,True
865,26,8,1600066610,314,314,1995-09-14,1995-09-20,1,0.4059701492537313,0.4059701492537313,0.4059701492537313,1,True
865,27,8,1600066610,318,319,1995-10-12,1995-10-25,2,0.29850746268656725,0.29850746268656725,0.5014925373134329,2,True
865,28,8,1600066610,326,326,1995-12-07,1995-12-13,1,0.4059701492537313,0.4059701492537313,0.4059701492537313,1,True
865,29,8,1600066610,331,331,1996-01-11,1996-01-17,1,0.33134328358208953,0.33134328358208953,0.33134328358208953,1,True
865,30,8,1600066610,341,341,1996-03-21,1996-03-27,1,0.4029850746268657,0.4029850746268657,0.4029850746268657,1,True
865,31,8,1600066610,343,344,1996-04-04,1996-04-17,2,0.2492537313432836,0.2492537313432836,0.4059701492537313,2,True
865,32,8,1600066610,353,356,1996-06-13,1996-07-10,4,0.2858208955223881,0.18955223880597016,0.6955223880597015,4,True
865,33,8,1600066610,365,366,1996-09-05,1996-09-18,2,0.27611940298507465,0.27611940298507465,0.5014925373134329,2,True
