upc,product_name,alpha,dynamic_schedule_id,myopic_schedule_id,dynamic_promotion_count,myopic_promotion_count,dynamic_value,myopic_full_horizon_value,value_of_dynamic_optimization
1600066610,1600066610,0.0,0,0,0,0,319.8865966796869,319.8865966796869,0.0
1600066610,1600066610,0.01,0,0,0,0,319.8865966796869,319.8865966796869,0.0
1600066610,1600066610,0.02,0,0,0,0,319.8865966796869,319.8865966796869,0.0
1600066610,1600066610,0.03,0,0,0,0,319.8865966796869,319.8865966796869,0.0
1600066610,1600066610,0.04,0,0,0,0,319.8865966796869,319.8865966796869,0.0
1600066610,1600066610,0.05,0,0,0,0,319.8865966796869,319.8865966796869,0.0
1600066610,1600066610,0.06,0,0,0,0,319.8865966796869,319.8865966796869,0.0
1600066610,1600066610,0.07,0,0,0,0,319.8865966796869,319.8865966796869,0.0
1600066610,1600066610,0.08,0,0,0,0,319.8865966796869,319.8865966796869,0.0
1600066610,1600066610,0.09,0,0,0,0,319.8865966796869,319.8865966796869,0.0
1600066610,1600066610,0.1,0,0,0,0,319.8865966796869,319.8865966796869,0.0
1600066610,1600066610,0.11,0,0,0,0,319.8865966796869,319.8865966796869,0.0
1600066610,1600066610,0.12,0,0,0,0,319.8865966796869,319.8865966796869,0.0
1600066610,1600066610,0.13,0,0,0,0,319.8865966796869,319.8865966796869,0.0
1600066610,1600066610,0.14,0,0,0,0,319.8865966796869,319.8865966796869,0.0
1600066610,1600066610,0.15,0,0,0,0,319.8865966796869,319.8865966796869,0.0
1600066610,1600066610,0.16,0,0,0,0,319.8865966796869,319.8865966796869,0.0
1600066610,1600066610,0.17,0,0,0,0,319.8865966796869,319.8865966796869,0.0
1600066610,1600066610,0.18,0,0,0,0,319.8865966796869,319.8865966796869,0.0
1600066610,1600066610,0.19,0,0,0,0,319.8865966796869,319.8865966796869,0.0
1600066610,1600066610,0.2,0,0,0,0,319.8865966796869,319.8865966796869,0.0
1600066610,1600066610,0.21,0,0,0,0,319.8865966796869,319.8865966796869,0.0
1600066610,1600066610,0.22,0,0,0,0,319.8865966796869,319.8865966796869,0.0
1600066610,1600066610,0.23,0,0,0,0,319.8865966796869,319.8865966796869,0.0
1600066610,1600066610,0.24,0,0,0,0,319.8865966796869,319.8865966796869,0.0
1600066610,1600066610,0.25,0,0,0,0,319.8865966796869,319.8865966796869,0.0
1600066610,1600066610,0.26,0,0,0,0,319.8865966796869,319.8865966796869,0.0
1600066610,1600066610,0.27,0,0,0,0,319.8865966796869,319.8865966796869,0.0
1600066610,1600066610,0.28,0,0,0,0,319.8865966796869,319.8865966796869,0.0
1600066610,1600066610,0.29,0,0,0,0,319.8865966796869,319.8865966796869,0.0
1600066610,1600066610,0.3,0,0,0,0,319.8865966796869,319.8865966796869,0.0
1600066610,1600066610,0.31,0,0,0,0,319.8865966796869,319.8865966796869,0.0
1600066610,1600066610,0.32,0,0,0,0,319.8865966796869,319.8865966796869,0.0
1600066610,1600066610,0.33,0,0,0,0,319.8865966796869,319.8865966796869,0.0
1600066610,1600066610,0.34,0,0,0,0,319.8865966796869,319.8865966796869,0.0
1600066610,1600066610,0.35,0,0,0,0,319.8865966796869,319.8865966796869,0.0
1600066610,1600066610,0.36,0,0,0,0,319.8865966796869,319.8865966796869,0.0
1600066610,1600066610,0.37,0,0,0,0,319.8865966796869,319.8865966796869,0.0
1600066610,1600066610,0.38,0,0,0,0,319.8865966796869,319.8865966796869,0.0
1600066610,1600066610,0.39,0,0,0,0,319.8865966796869,319.8865966796869,0.0
1600066610,1600066610,0.4,0,0,0,0,319.8865966796869,319.8865966796869,0.0
1600066610,1600066610,0.41,0,0,0,0,319.8865966796869,319.8865966796869,0.0
1600066610,1600066610,0.42,0,0,0,0,319.8865966796869,319.8865966796869,0.0
1600066610,1600066610,0.43,0,0,0,0,319.8865966796869,319.8865966796869,0.0
1600066610,1600066610,0.44,0,0,0,0,319.8865966796869,319.8865966796869,0.0
1600066610,1600066610,0.45,0,0,0,0,319.8865966796869,319.8865966796869,0.0
1600066610,1600066610,0.46,0,0,0,0,319.8865966796869,319.8865966796869,0.0
1600066610,1600066610,0.47,0,0,0,0,319.8865966796869,319.8865966796869,0.0
1600066610,1600066610,0.48,0,0,0,0,319.8865966796869,319.8865966796869,0.0
1600066610,1600066610,0.49,0,0,0,0,319.8865966796869,319.8865966796869,0.0
1600066610,1600066610,0.5,0,0,0,0,319.8865966796869,319.8865966796869,0.0
1600066610,1600066610,0.51,0,0,0,0,319.8865966796869,319.8865966796869,0.0
1600066610,1600066610,0.52,0,0,0,0,319.8865966796869,319.8865966796869,0.0
1600066610,1600066610,0.53,0,0,0,0,319.8865966796869,319.8865966796869,0.0
1600066610,1600066610,0.54,0,0,0,0,319.8865966796869,319.8865966796869,0.0
1600066610,1600066610,0.55,0,0,0,0,319.8865966796869,319.8865966796869,0.0
1600066610,1600066610,0.56,0,0,0,0,319.8865966796869,319.8865966796869,0.0
1600066610,1600066610,0.57,0,0,0,0,319.8865966796869,319.8865966796869,0.0
1600066610,1600066610,0.58,0,0,0,0,319.8865966796869,319.8865966796869,0.0
1600066610,1600066610,0.59,0,0,0,0,319.8865966796869,319.8865966796869,0.0
1600066610,1600066610,0.6,0,0,0,0,319.8865966796869,319.8865966796869,0.0
1600066610,1600066610,0.61,0,0,0,0,319.8865966796869,319.8865966796869,0.0
1600066610,1600066610,0.62,0,0,0,0,319.8865966796869,319.8865966796869,0.0
1600066610,1600066610,0.63,0,0,0,0,319.8865966796869,319.8865966796869,0.0
1600066610,1600066610,0.64,0,0,0,0,319.8865966796869,319.8865966796869,0.0
1600066610,1600066610,0.65,0,0,0,0,319.8865966796869,319.8865966796869,0.0
1600066610,1600066610,0.66,0,0,0,0,319.8865966796869,319.8865966796869,0.0
1600066610,1600066610,0.67,0,0,0,0,319.8865966796869,319.8865966796869,0.0
1600066610,1600066610,0.68,0,0,0,0,319.8865966796869,319.8865966796869,0.0
1600066610,1600066610,0.69,0,0,0,0,319.8865966796869,319.8865966796869,0.0
1600066610,1600066610,0.7,0,0,0,0,319.8865966796869,319.8865966796869,0.0
1600066610,1600066610,0.71,0,0,0,0,319.8865966796869,319.8865966796869,0.0
1600066610,1600066610,0.72,0,0,0,0,319.8865966796869,319.8865966796869,0.0
1600066610,1600066610,0.73,0,0,0,0,319.8865966796869,319.8865966796869,0.0
1600066610,1600066610,0.74,0,0,0,0,319.8865966796869,319.8865966796869,0.0
1600066610,1600066610,0.75,0,0,0,0,319.8865966796869,319.8865966796869,0.0
1600066610,1600066610,0.76,0,0,0,0,319.8865966796869,319.8865966796869,0.0
1600066610,1600066610,0.77,0,0,0,0,319.8865966796869,319.8865966796869,0.0
1600066610,1600066610,0.78,0,0,0,0,319.8865966796869,319.8865966796869,0.0
1600066610,1600066610,0.79,0,0,0,0,319.8865966796869,319.8865966796869,0.0
1600066610,1600066610,0.8,0,0,0,0,319.8865966796869,319.8865966796869,0.0
1600066610,1600066610,0.81,0,0,0,0,319.8865966796869,319.8865966796869,0.0
1600066610,1600066610,0.82,0,0,0,0,319.8865966796869,319.8865966796869,0.0
1600066610,1600066610,0.83,0,0,0,0,319.8865966796869,319.8865966796869,0.0
1600066610,1600066610,0.84,0,0,0,0,319.8865966796869,319.8865966796869,0.0
1600066610,1600066610,0.85,0,0,0,0,319.8865966796869,319.8865966796869,0.0
1600066610,1600066610,0.86,0,0,0,0,319.8865966796869,319.8865966796869,0.0
1600066610,1600066610,0.87,0,0,0,0,319.8865966796869,319.8865966796869,0.0
1600066610,1600066610,0.88,0,0,0,0,319.8865966796869,319.8865966796869,0.0
1600066610,1600066610,0.89,0,0,0,0,319.8865966796869,319.8865966796869,0.0
1600066610,1600066610,0.9,0,0,0,0,319.8865966796869,319.8865966796869,0.0
1600066610,1600066610,0.91,0,0,0,0,319.8865966796869,319.8865966796869,0.0
1600066610,1600066610,0.92,0,0,0,0,319.8865966796869,319.8865966796869,0.0
1600066610,1600066610,0.93,0,0,0,0,319.8865966796869,319.8865966796869,0.0
1600066610,1600066610,0.94,0,0,0,0,319.8865966796869,319.8865966796869,0.0
1600066610,1600066610,0.95,0,0,0,0,319.8865966796869,319.8865966796869,0.0
1600066610,1600066610,0.96,0,0,0,0,319.8865966796869,319.8865966796869,0.0
1600066610,1600066610,0.97,0,0,0,0,319.8865966796869,319.8865966796869,0.0
1600066610,1600066610,0.98,0,0,0,0,319.8865966796869,319.8865966796869,0.0
1600066610,1600066610,0.99,0,0,0,0,319.8865966796869,319.8865966796869,0.0
1600066610,1600066610,1.0,0,0,0,0,319.8865966796869,319.8865966796869,0.0
1600066610,1600066610,1.01,0,0,0,0,319.8865966796869,319.8865966796869,0.0
1600066610,1600066610,1.02,0,0,0,0,319.8865966796869,319.8865966796869,0.0
1600066610,1600066610,1.03,0,0,0,0,319.8865966796869,319.8865966796869,0.0
1600066610,1600066610,1.04,0,0,0,0,319.8865966796869,319.8865966796869,0.0
1600066610,1600066610,1.05,0,0,0,0,319.8865966796869,319.8865966796869,0.0
1600066610,1600066610,1.06,0,0,0,0,319.8865966796869,319.8865966796869,0.0
1600066610,1600066610,1.07,0,0,0,0,319.8865966796869,319.8865966796869,0.0
1600066610,1600066610,1.08,0,0,0,0,319.8865966796869,319.8865966796869,0.0
1600066610,1600066610,1.09,0,0,0,0,319.8865966796869,319.8865966796869,0.0
1600066610,1600066610,1.1,0,0,0,0,319.8865966796869,319.8865966796869,0.0
1600066610,1600066610,1.11,0,0,0,0,319.8865966796869,319.8865966796869,0.0
1600066610,1600066610,1.12,0,0,0,0,319.8865966796869,319.8865966796869,0.0
1600066610,1600066610,1.13,0,0,0,0,319.8865966796869,319.8865966796869,0.0
1600066610,1600066610,1.14,0,0,0,0,319.8865966796869,319.8865966796869,0.0
1600066610,1600066610,1.15,0,0,0,0,319.8865966796869,319.8865966796869,0.0
1600066610,1600066610,1.16,0,0,0,0,319.8865966796869,319.8865966796869,0.0
1600066610,1600066610,1.17,0,0,0,0,319.8865966796869,319.8865966796869,0.0
1600066610,1600066610,1.18,0,0,0,0,319.8865966796869,319.8865966796869,0.0
1600066610,1600066610,1.19,0,0,0,0,319.8865966796869,319.8865966796869,0.0
1600066610,1600066610,1.2,0,0,0,0,319.8865966796869,319.8865966796869,0.0
1600066610,1600066610,1.21,0,0,0,0,319.8865966796869,319.8865966796869,0.0
1600066610,1600066610,1.22,0,0,0,0,319.8865966796869,319.8865966796869,0.0
1600066610,1600066610,1.23,0,0,0,0,319.8865966796869,319.8865966796869,0.0
1600066610,1600066610,1.24,0,0,0,0,319.8865966796869,319.8865966796869,0.0
1600066610,1600066610,1.25,0,0,0,0,319.8865966796869,319.8865966796869,0.0
1600066610,1600066610,1.26,0,0,0,0,319.8865966796869,319.8865966796869,0.0
1600066610,1600066610,1.27,0,0,0,0,319.8865966796869,319.8865966796869,0.0
1600066610,1600066610,1.28,0,0,0,0,319.8865966796869,319.8865966796869,0.0
1600066610,1600066610,1.29,0,0,0,0,319.8865966796869,319.8865966796869,0.0
1600066610,1600066610,1.3,0,0,0,0,319.8865966796869,319.8865966796869,0.0
1600066610,1600066610,1.31,0,0,0,0,319.8865966796869,319.8865966796869,0.0
1600066610,1600066610,1.32,0,0,0,0,319.8865966796869,319.8865966796869,0.0
1600066610,1600066610,1.33,0,0,0,0,319.8865966796869,319.8865966796869,0.0
1600066610,1600066610,1.34,0,0,0,0,319.8865966796869,319.8865966796869,0.0
1600066610,1600066610,1.35,0,0,0,0,319.8865966796869,319.8865966796869,0.0
1600066610,1600066610,1.36,0,0,0,0,319.8865966796869,319.8865966796869,0.0
1600066610,1600066610,1.37,0,0,0,0,319.8865966796869,319.8865966796869,0.0
1600066610,1600066610,1.38,0,0,0,0,319.8865966796869,319.8865966796869,0.0
1600066610,1600066610,1.39,0,0,0,0,319.8865966796869,319.8865966796869,0.0
1600066610,1600066610,1.4,0,0,0,0,319.8865966796869,319.8865966796869,0.0
1600066610,1600066610,1.41,0,0,0,0,319.8865966796869,319.8865966796869,0.0
1600066610,1600066610,1.42,0,0,0,0,319.8865966796869,319.8865966796869,0.0
1600066610,1600066610,1.43,0,0,0,0,319.8865966796869,319.8865966796869,0.0
1600066610,1600066610,1.44,0,0,0,0,319.8865966796869,319.8865966796869,0.0
1600066610,1600066610,1.45,0,0,0,0,319.8865966796869,319.8865966796869,0.0
1600066610,1600066610,1.46,0,0,0,0,319.8865966796869,319.8865966796869,0.0
1600066610,1600066610,1.47,0,0,0,0,319.8865966796869,319.8865966796869,0.0
1600066610,1600066610,1.48,0,0,0,0,319.8865966796869,319.8865966796869,0.0
1600066610,1600066610,1.49,0,0,0,0,319.8865966796869,319.8865966796869,0.0
1600066610,1600066610,1.5,0,0,0,0,319.8865966796869,319.8865966796869,0.0
1600066610,1600066610,1.51,0,0,0,0,319.8865966796869,319.8865966796869,0.0
1600066610,1600066610,1.52,0,0,0,0,319.8865966796869,319.8865966796869,0.0
1600066610,1600066610,1.53,0,0,0,0,319.8865966796869,319.8865966796869,0.0
1600066610,1600066610,1.54,0,0,0,0,319.8865966796869,319.8865966796869,0.0
1600066610,1600066610,1.55,0,0,0,0,319.8865966796869,319.8865966796869,0.0
1600066610,1600066610,1.56,0,0,0,0,319.8865966796869,319.8865966796869,0.0
1600066610,1600066610,1.57,0,0,0,0,319.8865966796869,319.8865966796869,0.0
1600066610,1600066610,1.58,0,0,0,0,319.8865966796869,319.8865966796869,0.0
1600066610,1600066610,1.59,0,0,0,0,319.8865966796869,319.8865966796869,0.0
1600066610,1600066610,1.6,0,0,0,0,319.8865966796869,319.8865966796869,0.0
1600066610,1600066610,1.61,0,0,0,0,319.8865966796869,319.8865966796869,0.0
1600066610,1600066610,1.62,0,0,0,0,319.8865966796869,319.8865966796869,0.0
1600066610,1600066610,1.63,0,0,0,0,319.8865966796869,319.8865966796869,0.0
1600066610,1600066610,1.64,0,0,0,0,319.8865966796869,319.8865966796869,0.0
1600066610,1600066610,1.65,0,0,0,0,319.8865966796869,319.8865966796869,0.0
1600066610,1600066610,1.66,0,0,0,0,319.8865966796869,319.8865966796869,0.0
1600066610,1600066610,1.67,0,0,0,0,319.8865966796869,319.8865966796869,0.0
1600066610,1600066610,1.68,0,0,0,0,319.8865966796869,319.8865966796869,0.0
1600066610,1600066610,1.69,0,0,0,0,319.8865966796869,319.8865966796869,0.0
1600066610,1600066610,1.7,0,0,0,0,319.8865966796869,319.8865966796869,0.0
1600066610,1600066610,1.71,0,0,0,0,319.8865966796869,319.8865966796869,0.0
1600066610,1600066610,1.72,0,0,0,0,319.8865966796869,319.8865966796869,0.0
1600066610,1600066610,1.73,0,0,0,0,319.8865966796869,319.8865966796869,0.0
1600066610,1600066610,1.74,0,0,0,0,319.8865966796869,319.8865966796869,0.0
1600066610,1600066610,1.75,0,0,0,0,319.8865966796869,319.8865966796869,0.0
1600066610,1600066610,1.76,0,0,0,0,319.8865966796869,319.8865966796869,0.0
1600066610,1600066610,1.77,0,0,0,0,319.8865966796869,319.8865966796869,0.0
1600066610,1600066610,1.78,0,0,0,0,319.8865966796869,319.8865966796869,0.0
1600066610,1600066610,1.79,0,0,0,0,319.8865966796869,319.8865966796869,0.0
1600066610,1600066610,1.8,0,0,0,0,319.8865966796869,319.8865966796869,0.0
1600066610,1600066610,1.81,0,0,0,0,319.8865966796869,319.8865966796869,0.0
1600066610,1600066610,1.82,0,0,0,0,319.8865966796869,319.8865966796869,0.0
1600066610,1600066610,1.83,0,0,0,0,319.8865966796869,319.8865966796869,0.0
1600066610,1600066610,1.84,0,0,0,0,319.8865966796869,319.8865966796869,0.0
1600066610,1600066610,1.85,0,0,0,0,319.8865966796869,319.8865966796869,0.0
1600066610,1600066610,1.86,0,0,0,0,319.8865966796869,319.8865966796869,0.0
1600066610,1600066610,1.87,0,0,0,0,319.8865966796869,319.8865966796869,0.0
1600066610,1600066610,1.88,0,0,0,0,319.8865966796869,319.8865966796869,0.0
1600066610,1600066610,1.89,0,0,0,0,319.8865966796869,319.8865966796869,0.0
1600066610,1600066610,1.9,0,0,0,0,319.8865966796869,319.8865966796869,0.0
1600066610,1600066610,1.91,0,0,0,0,319.8865966796869,319.8865966796869,0.0
1600066610,1600066610,1.92,0,0,0,0,319.8865966796869,319.8865966796869,0.0
1600066610,1600066610,1.93,0,0,0,0,319.8865966796869,319.8865966796869,0.0
1600066610,1600066610,1.94,0,0,0,0,319.8865966796869,319.8865966796869,0.0
1600066610,1600066610,1.95,0,0,0,0,319.8865966796869,319.8865966796869,0.0
1600066610,1600066610,1.96,0,0,0,0,319.8865966796869,319.8865966796869,0.0
1600066610,1600066610,1.97,0,0,0,0,319.8865966796869,319.8865966796869,0.0
1600066610,1600066610,1.98,0,0,0,0,319.8865966796869,319.8865966796869,0.0
1600066610,1600066610,1.99,0,0,0,0,319.8865966796869,319.8865966796869,0.0
1600066610,1600066610,2.0,0,0,0,0,319.8865966796869,319.8865966796869,0.0
1600066610,1600066610,2.01,0,0,0,0,319.8865966796869,319.8865966796869,0.0
1600066610,1600066610,2.02,0,0,0,0,319.8865966796869,319.8865966796869,0.0
1600066610,1600066610,2.03,0,0,0,0,319.8865966796869,319.8865966796869,0.0
1600066610,1600066610,2.04,0,0,0,0,319.8865966796869,319.8865966796869,0.0
1600066610,1600066610,2.05,0,0,0,0,319.8865966796869,319.8865966796869,0.0
1600066610,1600066610,2.06,0,0,0,0,319.8865966796869,319.8865966796869,0.0
1600066610,1600066610,2.07,0,0,0,0,319.8865966796869,319.8865966796869,0.0
1600066610,1600066610,2.08,0,0,0,0,319.8865966796869,319.8865966796869,0.0
1600066610,1600066610,2.09,0,0,0,0,319.8865966796869,319.8865966796869,0.0
1600066610,1600066610,2.1,0,0,0,0,319.8865966796869,319.8865966796869,0.0
1600066610,1600066610,2.11,0,0,0,0,319.8865966796869,319.8865966796869,0.0
1600066610,1600066610,2.12,0,0,0,0,319.8865966796869,319.8865966796869,0.0
1600066610,1600066610,2.13,0,0,0,0,319.8865966796869,319.8865966796869,0.0
1600066610,1600066610,2.14,0,0,0,0,319.8865966796869,319.8865966796869,0.0
1600066610,1600066610,2.15,0,0,0,0,319.8865966796869,319.8865966796869,0.0
1600066610,1600066610,2.16,0,0,0,0,319.8865966796869,319.8865966796869,0.0
1600066610,1600066610,2.17,0,0,0,0,319.8865966796869,319.8865966796869,0.0
1600066610,1600066610,2.18,0,0,0,0,319.8865966796869,319.8865966796869,0.0
1600066610,1600066610,2.19,0,0,0,0,319.8865966796869,319.8865966796869,0.0
1600066610,1600066610,2.2,0,0,0,0,319.8865966796869,319.8865966796869,0.0
1600066610,1600066610,2.21,0,0,0,0,319.8865966796869,319.8865966796869,0.0
1600066610,1600066610,2.22,0,0,0,0,319.8865966796869,319.8865966796869,0.0
1600066610,1600066610,2.23,0,0,0,0,319.8865966796869,319.8865966796869,0.0
1600066610,1600066610,2.24,0,0,0,0,319.8865966796869,319.8865966796869,0.0
1600066610,1600066610,2.25,0,0,0,0,319.8865966796869,319.8865966796869,0.0
1600066610,1600066610,2.26,0,0,0,0,319.8865966796869,319.8865966796869,0.0
1600066610,1600066610,2.27,0,0,0,0,319.8865966796869,319.8865966796869,0.0
1600066610,1600066610,2.28,0,0,0,0,319.8865966796869,319.8865966796869,0.0
1600066610,1600066610,2.29,0,0,0,0,319.8865966796869,319.8865966796869,0.0
1600066610,1600066610,2.3,0,0,0,0,319.8865966796869,319.8865966796869,0.0
1600066610,1600066610,2.31,0,0,0,0,319.8865966796869,319.8865966796869,0.0
1600066610,1600066610,2.32,0,0,0,0,319.8865966796869,319.8865966796869,0.0
1600066610,1600066610,2.33,0,0,0,0,319.8865966796869,319.8865966796869,0.0
1600066610,1600066610,2.34,0,0,0,0,319.8865966796869,319.8865966796869,0.0
1600066610,1600066610,2.35,0,0,0,0,319.8865966796869,319.8865966796869,0.0
1600066610,1600066610,2.36,0,0,0,0,319.8865966796869,319.8865966796869,0.0
1600066610,1600066610,2.37,0,0,0,0,319.8865966796869,319.8865966796869,0.0
1600066610,1600066610,2.38,0,0,0,0,319.8865966796869,319.8865966796869,0.0
1600066610,1600066610,2.39,0,0,0,0,319.8865966796869,319.8865966796869,0.0
1600066610,1600066610,2.4,0,0,0,0,319.8865966796869,319.8865966796869,0.0
1600066610,1600066610,2.41,0,0,0,0,319.8865966796869,319.8865966796869,0.0
1600066610,1600066610,2.42,0,0,0,0,319.8865966796869,319.8865966796869,0.0
1600066610,1600066610,2.43,0,0,0,0,319.8865966796869,319.8865966796869,0.0
1600066610,1600066610,2.44,0,0,0,0,319.8865966796869,319.8865966796869,0.0
1600066610,1600066610,2.45,0,0,0,0,319.8865966796869,319.8865966796869,0.0
1600066610,1600066610,2.46,0,0,0,0,319.8865966796869,319.8865966796869,0.0
1600066610,1600066610,2.47,0,0,0,0,319.8865966796869,319.8865966796869,0.0
1600066610,1600066610,2.48,0,0,0,0,319.8865966796869,319.8865966796869,0.0
1600066610,1600066610,2.49,0,0,0,0,319.8865966796869,319.8865966796869,0.0
1600066610,1600066610,2.5,0,0,0,0,319.8865966796869,319.8865966796869,0.0
1600066610,1600066610,2.51,0,0,0,0,319.8865966796869,319.8865966796869,0.0
1600066610,1600066610,2.52,0,0,0,0,319.8865966796869,319.8865966796869,0.0
1600066610,1600066610,2.53,0,0,0,0,319.8865966796869,319.8865966796869,0.0
1600066610,1600066610,2.54,0,0,0,0,319.8865966796869,319.8865966796869,0.0
1600066610,1600066610,2.55,0,0,0,0,319.8865966796869,319.8865966796869,0.0
1600066610,1600066610,2.56,0,0,0,0,319.8865966796869,319.8865966796869,0.0
1600066610,1600066610,2.57,0,0,0,0,319.8865966796869,319.8865966796869,0.0
1600066610,1600066610,2.58,0,0,0,0,319.8865966796869,319.8865966796869,0.0
1600066610,1600066610,2.59,0,0,0,0,319.8865966796869,319.8865966796869,0.0
1600066610,1600066610,2.6,0,0,0,0,319.8865966796869,319.8865966796869,0.0
1600066610,1600066610,2.61,0,0,0,0,319.8865966796869,319.8865966796869,0.0
1600066610,1600066610,2.62,0,0,0,0,319.8865966796869,319.8865966796869,0.0
1600066610,1600066610,2.63,3,0,1,0,319.8944441819191,319.8865966796869,0.007847502232209536
1600066610,1600066610,2.64,3,3168,1,4,320.10250898361204,314.30571926574703,5.7967897178650105
1600066610,1600066610,2.65,3,3168,1,4,320.310573785305,315.1613707936604,5.149202991644586
1600066610,1600066610,2.66,3,3168,1,4,320.518638586998,316.01702232157385,4.501616265424161
1600066610,1600066610,2.67,3,3168,1,4,320.72670338869096,316.8726738494872,3.8540295392037365
1600066610,1600066610,2.68,3,3168,1,4,320.9347681903839,317.72832537740067,3.206442812983255
1600066610,1600066610,2.69,3,3168,1,4,321.1428329920769,318.5839769053141,2.5588560867627734
1600066610,1600066610,2.7,3,3168,1,4,321.35089779376983,319.4396284332275,1.9112693605423487
1600066610,1600066610,2.71,903,3168,4,4,321.7733080353419,320.29527996114086,1.4780280742010632
1600066610,1600066610,2.72,2820,3168,4,4,322.62199821586614,321.1509314890543,1.4710667268118414
1600066610,1600066610,2.73,2820,3168,4,4,323.47238055941267,322.00658301696774,1.4657975424449319
1600066610,1600066610,2.74,2820,3168,4,4,324.3227629029592,322.8622345448812,1.4605283580780224
1600066610,1600066610,2.75,2820,3168,4,4,325.1731452465058,323.7178860727945,1.4552591737112834
1600066610,1600066610,2.76,2820,3168,4,4,326.0235275900523,324.57353760070794,1.449989989344374
1600066610,1600066610,2.77,2820,3168,4,4,326.87390993359884,325.4291891286214,1.4447208049774645
1600066610,1600066610,2.78,2820,3168,4,4,327.7242922771454,326.28484065653475,1.4394516206106687
1600066610,1600066610,2.79,2820,3168,4,4,328.574674620692,327.1404921844482,1.434182436243816
1600066610,1600066610,2.8,2928,3168,4,4,329.42578610547383,327.9961437123616,1.4296423931122604
1600066610,1600066610,2.81,2928,3168,4,4,330.27764378604894,328.851795240275,1.4258485457739312
1600066610,1600066610,2.82,2928,3168,4,4,331.12950146662394,329.7074467681884,1.422054698435545
1600066610,1600066610,2.83,2928,3168,4,4,331.98135914719904,330.5630982961018,1.418260851097216
1600066610,1600066610,2.84,2928,3168,4,4,332.83321682777404,331.4187498240152,1.4144670037588298
1600066610,1600066610,2.85,3117,3168,4,4,333.6854999470712,332.27440135192865,1.4110985951425619
1600066610,1600066610,2.86,3117,3168,4,4,334.5381428480149,333.1300528798421,1.408089968172817
1600066610,1600066610,2.87,3117,3168,4,4,335.3907857489587,333.9857044077555,1.4050813412031857
1600066610,1600066610,2.88,3117,3168,4,4,336.24342864990246,334.84135593566884,1.4020727142336114
1600066610,1600066610,2.89,3117,3168,4,4,337.0960715508462,335.6970074635823,1.3990640872639233
1600066610,1600066610,2.9,3117,3168,4,4,337.94871445178995,336.5526589914957,1.3960554602942352
1600066610,1600066610,2.91,3117,3168,4,4,338.8013573527337,337.40831051940916,1.3930468333245472
1600066610,1600066610,2.92,3117,3168,4,4,339.6540002536775,338.26396204732254,1.3900382063549728
1600066610,1600066610,2.93,3117,3168,4,4,340.50664315462126,339.1196135752359,1.3870295793853415
1600066610,1600066610,2.94,3117,3168,4,4,341.359286055565,339.97526510314935,1.3840209524156535
1600066610,1600066610,2.95,3117,3168,4,4,342.21192895650876,340.8309166310628,1.3810123254459654
1600066610,1600066610,2.96,3117,3168,4,4,343.0645718574525,341.6865681589762,1.3780036984763342
1600066610,1600066610,2.97,3117,3168,4,4,343.9172147583963,342.5422196868896,1.374995071506703
1600066610,1600066610,2.98,3117,3168,4,4,344.76985765934,343.397871214803,1.371986444537015
1600066610,1600066610,2.99,3117,3168,4,4,345.6225005602838,344.2535227427164,1.3689778175673837
1600066610,1600066610,3.0,3117,3168,4,4,346.4751434612275,345.10917427062986,1.3659691905976388
1600066610,1600066610,3.01,3117,3168,4,4,347.32778636217125,345.9648257985432,1.3629605636280644
1600066610,1600066610,3.02,3117,3168,4,4,348.18042926311506,346.8204773264566,1.3599519366584332
1600066610,1600066610,3.03,3117,3168,4,4,349.0330721640588,347.67612885437006,1.356943309688745
1600066610,1600066610,3.04,3117,3168,4,4,349.88571506500256,348.5317803822835,1.353934682719057
1600066610,1600066610,3.05,3117,3168,4,4,350.7383579659463,349.3874319101968,1.3509260557494827
1600066610,1600066610,3.06,3117,3168,4,4,351.59100086689006,350.24308343811026,1.3479174287797946
1600066610,1600066610,3.07,3117,3168,4,4,352.4436437678338,351.0987349660237,1.3449088018101065
1600066610,1600066610,3.08,3117,3168,4,4,353.2962866687776,351.95438649393714,1.3419001748404753
1600066610,1600066610,3.09,3117,3168,4,4,354.1489295697213,352.81003802185046,1.338891547870844
1600066610,1600066610,3.1,3117,3168,4,4,355.0015724706651,353.6656895497639,1.3358829209012129
1600066610,1600066610,3.11,3117,3168,4,4,355.85421537160886,354.52134107767733,1.3328742939315248
1600066610,1600066610,3.12,3117,3168,4,4,356.7068582725526,355.3769926055908,1.3298656669618367
1600066610,1600066610,3.13,3117,3168,4,4,357.55950117349636,356.2326441335042,1.3268570399921487
1600066610,1600066610,3.14,3117,3168,4,4,358.4121440744401,357.08829566141765,1.3238484130224606
1600066610,1600066610,3.15,3117,3168,4,4,359.26478697538386,357.94394718933097,1.3208397860528862
1600066610,1600066610,3.16,3117,3168,4,4,360.11742987632766,358.7995987172444,1.317831159083255
1600066610,1600066610,3.17,3117,3168,4,4,360.9700727772714,359.65525024515784,1.314822532113567
1600066610,1600066610,3.18,3117,3168,4,4,361.82271567821516,360.5109017730713,1.3118139051438789
1600066610,1600066610,3.19,3117,3168,4,4,362.6753585791589,361.3665533009846,1.3088052781743045
1600066610,1600066610,3.2,3117,3168,4,4,363.52800148010266,362.22220482889804,1.3057966512046164
1600066610,1600066610,3.21,3117,3168,4,4,364.3806443810464,363.0778563568115,1.3027880242349283
1600066610,1600066610,3.22,3117,3168,4,4,365.2332872819902,363.9335078847249,1.2997793972652971
1600066610,1600066610,3.23,3117,3168,4,4,366.0859301829339,364.78915941263824,1.296770770295666
1600066610,1600066610,3.24,3117,3168,4,4,366.9385730838777,365.6448109405517,1.2937621433260347
1600066610,1600066610,3.25,3117,3168,4,4,367.79121598482146,366.5004624684651,1.2907535163563466
1600066610,1600066610,3.26,3117,3168,4,4,368.64385888576516,367.35611399637855,1.2877448893866017
1600066610,1600066610,3.27,3135,3168,4,4,369.49688864536284,368.2117655242919,1.285123121070967
1600066610,1600066610,3.28,3135,3168,4,4,370.3508569032033,369.0674170522053,1.2834398509979792
1600066610,1600066610,3.29,3135,3168,4,4,371.2048251610438,369.92306858011875,1.2817565809250482
1600066610,1600066610,3.3,3135,3168,4,4,372.05879341888425,370.7787201080322,1.2800733108520603
1600066610,1600066610,3.31,3135,3168,4,4,372.91276167672476,371.6343716359456,1.2783900407791293
1600066610,1600066610,3.32,3135,3168,4,4,373.7667299345652,372.49002316385895,1.2767067707062552
1600066610,1600066610,3.33,3135,3168,4,4,374.6206981924057,373.3456746917724,1.2750235006333241
1600066610,1600066610,3.34,3135,3168,4,4,375.47466645024616,374.2013262196858,1.2733402305603363
1600066610,1600066610,3.35,3135,3168,4,4,376.32863470808667,375.05697774759926,1.2716569604874053
1600066610,1600066610,3.36,3135,3168,4,4,377.1826029659271,375.9126292755126,1.2699736904145311
1600066610,1600066610,3.37,3135,3168,4,4,378.03657122376757,376.768280803426,1.2682904203415433
1600066610,1600066610,3.38,3135,3168,4,4,378.8905394816081,377.62393233133946,1.2666071502686123
1600066610,1600066610,3.39,3135,3168,4,4,379.7445077394485,378.4795838592529,1.2649238801956244
1600066610,1600066610,3.4,3162,3168,4,4,380.5991123867035,379.3352353871662,1.263876999537274
1600066610,1600066610,3.41,3162,3168,4,4,381.4537252893448,380.19088691507966,1.2628383742651295
1600066610,1600066610,3.42,3162,3168,4,4,382.3083381919861,381.0465384429931,1.2617997489929849
1600066610,1600066610,3.43,3162,3168,4,4,383.16295109462743,381.90218997090653,1.260761123720897
1600066610,1600066610,3.44,3162,3168,4,4,384.01756399726867,382.75784149881997,1.2597224984486957
1600066610,1600066610,3.45,3162,3168,4,4,384.87217689991,383.6134930267333,1.2586838731767216
1600066610,1600066610,3.46,3162,3168,4,4,385.72678980255125,384.46914455464673,1.2576452479045201
1600066610,1600066610,3.47,3162,3168,4,4,386.5814027051926,385.32479608256017,1.2566066226324324
1600066610,1600066610,3.48,3162,3168,4,4,387.4360156078339,386.1804476104736,1.2555679973602878
1600066610,1600066610,3.49,3162,3168,4,4,388.2906285104752,387.03609913838704,1.2545293720881432
1600066610,1600066610,3.5,3162,3168,4,4,389.1452414131165,387.89175066630037,1.2534907468161123
1600066610,1600066610,3.51,3162,3168,4,4,389.9998543157577,388.7474021942138,1.2524521215439108
1600066610,1600066610,3.52,3162,3168,4,4,390.85446721839907,389.60305372212724,1.251413496271823
1600066610,1600066610,3.53,3162,3168,4,4,391.70908012104036,390.45870525004057,1.2503748709997922
1600066610,1600066610,3.54,3162,3168,4,4,392.56369302368165,391.314356777954,1.2493362457276476
1600066610,1600066610,3.55,3162,3168,4,4,393.41830592632294,392.17000830586744,1.248297620455503
1600066610,1600066610,3.56,3162,3168,4,4,394.27291882896424,393.0256598337809,1.2472589951833584
1600066610,1600066610,3.57,3162,3168,4,4,395.12753173160553,393.8813113616942,1.2462203699113275
1600066610,1600066610,3.58,3162,3168,4,4,395.9821446342468,394.73696288960764,1.2451817446391829
1600066610,1600066610,3.59,3162,3168,4,4,396.8367575368881,395.5926144175211,1.2441431193670383
1600066610,1600066610,3.6,3162,3168,4,4,397.69137043952946,396.4482659454345,1.2431044940949505
1600066610,1600066610,3.61,3162,3168,4,4,398.5459833421707,397.30391747334795,1.242065868822749
1600066610,1600066610,3.62,3162,3168,4,4,399.40059624481205,398.1595690012614,1.2410272435506613
1600066610,1600066610,3.63,3162,3168,4,4,400.2552091474533,399.0152205291747,1.2399886182785735
1600066610,1600066610,3.64,3162,3168,4,4,401.10982205009464,399.87087205708815,1.2389499930064858
1600066610,1600066610,3.65,3162,3168,4,4,401.9644349527359,400.7265235850016,1.2379113677343412
1600066610,1600066610,3.66,3162,3168,4,4,402.8190478553772,401.582175112915,1.2368727424621966
1600066610,1600066610,3.67,3162,3168,4,4,403.6736607580185,402.43782664082835,1.2358341171901657
1600066610,1600066610,3.68,3162,3168,4,4,404.5282736606598,403.2934781687418,1.234795491918021
1600066610,1600066610,3.69,3162,3168,4,4,405.3828865633011,404.1491296966552,1.2337568666458765
1600066610,1600066610,3.7,3162,3168,4,4,406.2374994659424,405.00478122456866,1.2327182413737319
1600066610,1600066610,3.71,3162,3168,4,4,407.0921123685837,405.860432752482,1.231679616101701
1600066610,1600066610,3.72,3162,3168,4,4,407.946725271225,406.7160842803954,1.2306409908295564
1600066610,1600066610,3.73,3162,3168,4,4,408.80133817386627,407.57173580830886,1.2296023655574118
1600066610,1600066610,3.74,3162,3168,4,4,409.6559510765076,408.4273873362223,1.228563740285324
1600066610,1600066610,3.75,3162,3168,4,4,410.51056397914886,409.2830388641356,1.2275251150132362
1600066610,1600066610,3.76,3162,3168,4,4,411.36517688179015,410.13869039204906,1.2264864897410916
1600066610,1600066610,3.77,3162,3168,4,4,412.2197897844315,410.9943419199625,1.225447864469004
1600066610,1600066610,3.78,3162,3168,4,4,413.07440268707273,411.84999344787593,1.2244092391968024
1600066610,1600066610,3.79,3162,3168,4,4,413.9290155897141,412.70564497578937,1.2233706139247147
1600066610,1600066610,3.8,3162,3168,4,4,414.7836284923553,413.5612965037027,1.222331988652627
1600066610,1600066610,3.81,3162,3168,4,4,415.63824139499667,414.41694803161613,1.2212933633805392
1600066610,1600066610,3.82,3162,3168,4,4,416.49285429763796,415.27259955952957,1.2202547381083946
1600066610,1600066610,3.83,3162,3168,4,4,417.34746720027925,416.128251087443,1.21921611283625
1600066610,1600066610,3.84,3162,3168,4,4,418.20208010292055,416.9839026153563,1.218177487564219
1600066610,1600066610,3.85,3162,3168,4,4,419.05669300556184,417.83955414326977,1.2171388622920745
1600066610,1600066610,3.86,3162,3168,4,4,419.91130590820313,418.6952056711832,1.2161002370199299
1600066610,1600066610,3.87,3162,3168,4,4,420.7659188108444,419.55085719909664,1.2150616117477853
1600066610,1600066610,3.88,3162,3168,4,4,421.6205317134857,420.40650872700996,1.2140229864757544
1600066610,1600066610,3.89,3162,3168,4,4,422.475144616127,421.2621602549234,1.2129843612036098
1600066610,1600066610,3.9,3162,3168,4,4,423.3297575187683,422.11781178283684,1.2119457359314652
1600066610,1600066610,3.91,3162,3168,4,4,424.18437042140965,422.9734633107503,1.2109071106593774
1600066610,1600066610,3.92,3162,3168,4,4,425.0389833240509,423.8291148386637,1.209868485387176
1600066610,1600066610,3.93,3162,3168,4,4,425.89359622669224,424.68476636657704,1.2088298601152019
1600066610,1600066610,3.94,3162,3168,4,4,426.74820912933353,425.5404178944905,1.2077912348430573
1600066610,1600066610,3.95,3162,3168,4,4,427.6028220319748,426.3960694224039,1.2067526095709127
1600066610,1600066610,3.96,3162,3168,4,4,428.4574349346161,427.25172095031735,1.205713984298768
1600066610,1600066610,3.97,3162,3168,4,4,429.3120478372574,428.1073724782308,1.2046753590266235
1600066610,1600066610,3.98,3162,3168,4,4,430.1666607398987,428.9630240061441,1.2036367337545926
1600066610,1600066610,3.99,3162,3168,4,4,431.02127364254,429.81867553405755,1.202598108482448
1600066610,1600066610,4.0,3162,3168,4,4,431.8758865451813,430.674327061971,1.2015594832103034
1600066590,1600066590,0.0,0,0,0,0,270.52459716796875,270.52459716796875,0.0
1600066590,1600066590,0.01,0,0,0,0,270.52459716796875,270.52459716796875,0.0
1600066590,1600066590,0.02,0,0,0,0,270.52459716796875,270.52459716796875,0.0
1600066590,1600066590,0.03,0,0,0,0,270.52459716796875,270.52459716796875,0.0
1600066590,1600066590,0.04,0,0,0,0,270.52459716796875,270.52459716796875,0.0
1600066590,1600066590,0.05,0,0,0,0,270.52459716796875,270.52459716796875,0.0
1600066590,1600066590,0.06,0,0,0,0,270.52459716796875,270.52459716796875,0.0
1600066590,1600066590,0.07,0,0,0,0,270.52459716796875,270.52459716796875,0.0
1600066590,1600066590,0.08,0,0,0,0,270.52459716796875,270.52459716796875,0.0
1600066590,1600066590,0.09,0,0,0,0,270.52459716796875,270.52459716796875,0.0
1600066590,1600066590,0.1,0,0,0,0,270.52459716796875,270.52459716796875,0.0
1600066590,1600066590,0.11,0,0,0,0,270.52459716796875,270.52459716796875,0.0
1600066590,1600066590,0.12,0,0,0,0,270.52459716796875,270.52459716796875,0.0
1600066590,1600066590,0.13,0,0,0,0,270.52459716796875,270.52459716796875,0.0
1600066590,1600066590,0.14,0,0,0,0,270.52459716796875,270.52459716796875,0.0
1600066590,1600066590,0.15,0,0,0,0,270.52459716796875,270.52459716796875,0.0
1600066590,1600066590,0.16,0,0,0,0,270.52459716796875,270.52459716796875,0.0
1600066590,1600066590,0.17,0,0,0,0,270.52459716796875,270.52459716796875,0.0
1600066590,1600066590,0.18,0,0,0,0,270.52459716796875,270.52459716796875,0.0
1600066590,1600066590,0.19,0,0,0,0,270.52459716796875,270.52459716796875,0.0
1600066590,1600066590,0.2,0,0,0,0,270.52459716796875,270.52459716796875,0.0
1600066590,1600066590,0.21,0,0,0,0,270.52459716796875,270.52459716796875,0.0
1600066590,1600066590,0.22,0,0,0,0,270.52459716796875,270.52459716796875,0.0
1600066590,1600066590,0.23,0,0,0,0,270.52459716796875,270.52459716796875,0.0
1600066590,1600066590,0.24,0,0,0,0,270.52459716796875,270.52459716796875,0.0
1600066590,1600066590,0.25,0,0,0,0,270.52459716796875,270.52459716796875,0.0
1600066590,1600066590,0.26,0,0,0,0,270.52459716796875,270.52459716796875,0.0
1600066590,1600066590,0.27,0,0,0,0,270.52459716796875,270.52459716796875,0.0
1600066590,1600066590,0.28,0,0,0,0,270.52459716796875,270.52459716796875,0.0
1600066590,1600066590,0.29,0,0,0,0,270.52459716796875,270.52459716796875,0.0
1600066590,1600066590,0.3,0,0,0,0,270.52459716796875,270.52459716796875,0.0
1600066590,1600066590,0.31,0,0,0,0,270.52459716796875,270.52459716796875,0.0
1600066590,1600066590,0.32,0,0,0,0,270.52459716796875,270.52459716796875,0.0
1600066590,1600066590,0.33,0,0,0,0,270.52459716796875,270.52459716796875,0.0
1600066590,1600066590,0.34,0,0,0,0,270.52459716796875,270.52459716796875,0.0
1600066590,1600066590,0.35,0,0,0,0,270.52459716796875,270.52459716796875,0.0
1600066590,1600066590,0.36,0,0,0,0,270.52459716796875,270.52459716796875,0.0
1600066590,1600066590,0.37,0,0,0,0,270.52459716796875,270.52459716796875,0.0
1600066590,1600066590,0.38,0,0,0,0,270.52459716796875,270.52459716796875,0.0
1600066590,1600066590,0.39,0,0,0,0,270.52459716796875,270.52459716796875,0.0
1600066590,1600066590,0.4,0,0,0,0,270.52459716796875,270.52459716796875,0.0
1600066590,1600066590,0.41,0,0,0,0,270.52459716796875,270.52459716796875,0.0
1600066590,1600066590,0.42,0,0,0,0,270.52459716796875,270.52459716796875,0.0
1600066590,1600066590,0.43,0,0,0,0,270.52459716796875,270.52459716796875,0.0
1600066590,1600066590,0.44,0,0,0,0,270.52459716796875,270.52459716796875,0.0
1600066590,1600066590,0.45,0,0,0,0,270.52459716796875,270.52459716796875,0.0
1600066590,1600066590,0.46,0,0,0,0,270.52459716796875,270.52459716796875,0.0
1600066590,1600066590,0.47,0,0,0,0,270.52459716796875,270.52459716796875,0.0
1600066590,1600066590,0.48,0,0,0,0,270.52459716796875,270.52459716796875,0.0
1600066590,1600066590,0.49,0,0,0,0,270.52459716796875,270.52459716796875,0.0
1600066590,1600066590,0.5,0,0,0,0,270.52459716796875,270.52459716796875,0.0
1600066590,1600066590,0.51,0,0,0,0,270.52459716796875,270.52459716796875,0.0
1600066590,1600066590,0.52,0,0,0,0,270.52459716796875,270.52459716796875,0.0
1600066590,1600066590,0.53,0,0,0,0,270.52459716796875,270.52459716796875,0.0
1600066590,1600066590,0.54,0,0,0,0,270.52459716796875,270.52459716796875,0.0
1600066590,1600066590,0.55,0,0,0,0,270.52459716796875,270.52459716796875,0.0
1600066590,1600066590,0.56,0,0,0,0,270.52459716796875,270.52459716796875,0.0
1600066590,1600066590,0.57,0,0,0,0,270.52459716796875,270.52459716796875,0.0
1600066590,1600066590,0.58,0,0,0,0,270.52459716796875,270.52459716796875,0.0
1600066590,1600066590,0.59,0,0,0,0,270.52459716796875,270.52459716796875,0.0
1600066590,1600066590,0.6,0,0,0,0,270.52459716796875,270.52459716796875,0.0
1600066590,1600066590,0.61,0,0,0,0,270.52459716796875,270.52459716796875,0.0
1600066590,1600066590,0.62,0,0,0,0,270.52459716796875,270.52459716796875,0.0
1600066590,1600066590,0.63,0,0,0,0,270.52459716796875,270.52459716796875,0.0
1600066590,1600066590,0.64,0,0,0,0,270.52459716796875,270.52459716796875,0.0
1600066590,1600066590,0.65,0,0,0,0,270.52459716796875,270.52459716796875,0.0
1600066590,1600066590,0.66,0,0,0,0,270.52459716796875,270.52459716796875,0.0
1600066590,1600066590,0.67,0,0,0,0,270.52459716796875,270.52459716796875,0.0
1600066590,1600066590,0.68,0,0,0,0,270.52459716796875,270.52459716796875,0.0
1600066590,1600066590,0.69,0,0,0,0,270.52459716796875,270.52459716796875,0.0
1600066590,1600066590,0.7,0,0,0,0,270.52459716796875,270.52459716796875,0.0
1600066590,1600066590,0.71,0,0,0,0,270.52459716796875,270.52459716796875,0.0
1600066590,1600066590,0.72,0,0,0,0,270.52459716796875,270.52459716796875,0.0
1600066590,1600066590,0.73,0,0,0,0,270.52459716796875,270.52459716796875,0.0
1600066590,1600066590,0.74,0,0,0,0,270.52459716796875,270.52459716796875,0.0
1600066590,1600066590,0.75,0,0,0,0,270.52459716796875,270.52459716796875,0.0
1600066590,1600066590,0.76,0,0,0,0,270.52459716796875,270.52459716796875,0.0
1600066590,1600066590,0.77,0,0,0,0,270.52459716796875,270.52459716796875,0.0
1600066590,1600066590,0.78,0,0,0,0,270.52459716796875,270.52459716796875,0.0
1600066590,1600066590,0.79,0,0,0,0,270.52459716796875,270.52459716796875,0.0
1600066590,1600066590,0.8,0,0,0,0,270.52459716796875,270.52459716796875,0.0
1600066590,1600066590,0.81,0,0,0,0,270.52459716796875,270.52459716796875,0.0
1600066590,1600066590,0.82,0,0,0,0,270.52459716796875,270.52459716796875,0.0
1600066590,1600066590,0.83,0,0,0,0,270.52459716796875,270.52459716796875,0.0
1600066590,1600066590,0.84,0,0,0,0,270.52459716796875,270.52459716796875,0.0
1600066590,1600066590,0.85,0,0,0,0,270.52459716796875,270.52459716796875,0.0
1600066590,1600066590,0.86,0,0,0,0,270.52459716796875,270.52459716796875,0.0
1600066590,1600066590,0.87,0,0,0,0,270.52459716796875,270.52459716796875,0.0
1600066590,1600066590,0.88,0,0,0,0,270.52459716796875,270.52459716796875,0.0
1600066590,1600066590,0.89,0,0,0,0,270.52459716796875,270.52459716796875,0.0
1600066590,1600066590,0.9,0,0,0,0,270.52459716796875,270.52459716796875,0.0
1600066590,1600066590,0.91,0,0,0,0,270.52459716796875,270.52459716796875,0.0
1600066590,1600066590,0.92,0,0,0,0,270.52459716796875,270.52459716796875,0.0
1600066590,1600066590,0.93,0,0,0,0,270.52459716796875,270.52459716796875,0.0
1600066590,1600066590,0.94,0,0,0,0,270.52459716796875,270.52459716796875,0.0
1600066590,1600066590,0.95,0,0,0,0,270.52459716796875,270.52459716796875,0.0
1600066590,1600066590,0.96,0,0,0,0,270.52459716796875,270.52459716796875,0.0
1600066590,1600066590,0.97,0,0,0,0,270.52459716796875,270.52459716796875,0.0
1600066590,1600066590,0.98,0,0,0,0,270.52459716796875,270.52459716796875,0.0
1600066590,1600066590,0.99,0,0,0,0,270.52459716796875,270.52459716796875,0.0
1600066590,1600066590,1.0,0,0,0,0,270.52459716796875,270.52459716796875,0.0
1600066590,1600066590,1.01,0,0,0,0,270.52459716796875,270.52459716796875,0.0
1600066590,1600066590,1.02,0,0,0,0,270.52459716796875,270.52459716796875,0.0
1600066590,1600066590,1.03,0,0,0,0,270.52459716796875,270.52459716796875,0.0
1600066590,1600066590,1.04,0,0,0,0,270.52459716796875,270.52459716796875,0.0
1600066590,1600066590,1.05,0,0,0,0,270.52459716796875,270.52459716796875,0.0
1600066590,1600066590,1.06,0,0,0,0,270.52459716796875,270.52459716796875,0.0
1600066590,1600066590,1.07,0,0,0,0,270.52459716796875,270.52459716796875,0.0
1600066590,1600066590,1.08,0,0,0,0,270.52459716796875,270.52459716796875,0.0
1600066590,1600066590,1.09,0,0,0,0,270.52459716796875,270.52459716796875,0.0
1600066590,1600066590,1.1,0,0,0,0,270.52459716796875,270.52459716796875,0.0
1600066590,1600066590,1.11,0,0,0,0,270.52459716796875,270.52459716796875,0.0
1600066590,1600066590,1.12,0,0,0,0,270.52459716796875,270.52459716796875,0.0
1600066590,1600066590,1.13,0,0,0,0,270.52459716796875,270.52459716796875,0.0
1600066590,1600066590,1.14,0,0,0,0,270.52459716796875,270.52459716796875,0.0
1600066590,1600066590,1.15,0,0,0,0,270.52459716796875,270.52459716796875,0.0
1600066590,1600066590,1.16,0,0,0,0,270.52459716796875,270.52459716796875,0.0
1600066590,1600066590,1.17,0,0,0,0,270.52459716796875,270.52459716796875,0.0
1600066590,1600066590,1.18,0,0,0,0,270.52459716796875,270.52459716796875,0.0
1600066590,1600066590,1.19,0,0,0,0,270.52459716796875,270.52459716796875,0.0
1600066590,1600066590,1.2,0,0,0,0,270.52459716796875,270.52459716796875,0.0
1600066590,1600066590,1.21,0,0,0,0,270.52459716796875,270.52459716796875,0.0
1600066590,1600066590,1.22,0,0,0,0,270.52459716796875,270.52459716796875,0.0
1600066590,1600066590,1.23,0,0,0,0,270.52459716796875,270.52459716796875,0.0
1600066590,1600066590,1.24,0,0,0,0,270.52459716796875,270.52459716796875,0.0
1600066590,1600066590,1.25,0,0,0,0,270.52459716796875,270.52459716796875,0.0
1600066590,1600066590,1.26,0,0,0,0,270.52459716796875,270.52459716796875,0.0
1600066590,1600066590,1.27,0,0,0,0,270.52459716796875,270.52459716796875,0.0
1600066590,1600066590,1.28,0,0,0,0,270.52459716796875,270.52459716796875,0.0
1600066590,1600066590,1.29,0,0,0,0,270.52459716796875,270.52459716796875,0.0
1600066590,1600066590,1.3,0,0,0,0,270.52459716796875,270.52459716796875,0.0
1600066590,1600066590,1.31,0,0,0,0,270.52459716796875,270.52459716796875,0.0
1600066590,1600066590,1.32,0,0,0,0,270.52459716796875,270.52459716796875,0.0
1600066590,1600066590,1.33,0,0,0,0,270.52459716796875,270.52459716796875,0.0
1600066590,1600066590,1.34,0,0,0,0,270.52459716796875,270.52459716796875,0.0
1600066590,1600066590,1.35,0,0,0,0,270.52459716796875,270.52459716796875,0.0
1600066590,1600066590,1.36,0,0,0,0,270.52459716796875,270.52459716796875,0.0
1600066590,1600066590,1.37,0,0,0,0,270.52459716796875,270.52459716796875,0.0
1600066590,1600066590,1.38,0,0,0,0,270.52459716796875,270.52459716796875,0.0
1600066590,1600066590,1.39,0,0,0,0,270.52459716796875,270.52459716796875,0.0
1600066590,1600066590,1.4,0,0,0,0,270.52459716796875,270.52459716796875,0.0
1600066590,1600066590,1.41,0,0,0,0,270.52459716796875,270.52459716796875,0.0
1600066590,1600066590,1.42,0,0,0,0,270.52459716796875,270.52459716796875,0.0
1600066590,1600066590,1.43,0,0,0,0,270.52459716796875,270.52459716796875,0.0
1600066590,1600066590,1.44,0,0,0,0,270.52459716796875,270.52459716796875,0.0
1600066590,1600066590,1.45,0,0,0,0,270.52459716796875,270.52459716796875,0.0
1600066590,1600066590,1.46,0,0,0,0,270.52459716796875,270.52459716796875,0.0
1600066590,1600066590,1.47,0,0,0,0,270.52459716796875,270.52459716796875,0.0
1600066590,1600066590,1.48,0,0,0,0,270.52459716796875,270.52459716796875,0.0
1600066590,1600066590,1.49,0,0,0,0,270.52459716796875,270.52459716796875,0.0
1600066590,1600066590,1.5,0,0,0,0,270.52459716796875,270.52459716796875,0.0
1600066590,1600066590,1.51,0,0,0,0,270.52459716796875,270.52459716796875,0.0
1600066590,1600066590,1.52,0,0,0,0,270.52459716796875,270.52459716796875,0.0
1600066590,1600066590,1.53,0,0,0,0,270.52459716796875,270.52459716796875,0.0
1600066590,1600066590,1.54,0,0,0,0,270.52459716796875,270.52459716796875,0.0
1600066590,1600066590,1.55,0,0,0,0,270.52459716796875,270.52459716796875,0.0
1600066590,1600066590,1.56,0,0,0,0,270.52459716796875,270.52459716796875,0.0
1600066590,1600066590,1.57,0,0,0,0,270.52459716796875,270.52459716796875,0.0
1600066590,1600066590,1.58,0,0,0,0,270.52459716796875,270.52459716796875,0.0
1600066590,1600066590,1.59,0,0,0,0,270.52459716796875,270.52459716796875,0.0
1600066590,1600066590,1.6,0,0,0,0,270.52459716796875,270.52459716796875,0.0
1600066590,1600066590,1.61,0,0,0,0,270.52459716796875,270.52459716796875,0.0
1600066590,1600066590,1.62,0,0,0,0,270.52459716796875,270.52459716796875,0.0
1600066590,1600066590,1.63,0,0,0,0,270.52459716796875,270.52459716796875,0.0
1600066590,1600066590,1.64,0,0,0,0,270.52459716796875,270.52459716796875,0.0
1600066590,1600066590,1.65,0,0,0,0,270.52459716796875,270.52459716796875,0.0
1600066590,1600066590,1.66,0,0,0,0,270.52459716796875,270.52459716796875,0.0
1600066590,1600066590,1.67,0,0,0,0,270.52459716796875,270.52459716796875,0.0
1600066590,1600066590,1.68,0,0,0,0,270.52459716796875,270.52459716796875,0.0
1600066590,1600066590,1.69,0,0,0,0,270.52459716796875,270.52459716796875,0.0
1600066590,1600066590,1.7,0,0,0,0,270.52459716796875,270.52459716796875,0.0
1600066590,1600066590,1.71,0,0,0,0,270.52459716796875,270.52459716796875,0.0
1600066590,1600066590,1.72,0,0,0,0,270.52459716796875,270.52459716796875,0.0
1600066590,1600066590,1.73,0,0,0,0,270.52459716796875,270.52459716796875,0.0
1600066590,1600066590,1.74,0,0,0,0,270.52459716796875,270.52459716796875,0.0
1600066590,1600066590,1.75,0,0,0,0,270.52459716796875,270.52459716796875,0.0
1600066590,1600066590,1.76,0,0,0,0,270.52459716796875,270.52459716796875,0.0
1600066590,1600066590,1.77,0,0,0,0,270.52459716796875,270.52459716796875,0.0
1600066590,1600066590,1.78,0,0,0,0,270.52459716796875,270.52459716796875,0.0
1600066590,1600066590,1.79,0,0,0,0,270.52459716796875,270.52459716796875,0.0
1600066590,1600066590,1.8,0,0,0,0,270.52459716796875,270.52459716796875,0.0
1600066590,1600066590,1.81,0,0,0,0,270.52459716796875,270.52459716796875,0.0
1600066590,1600066590,1.82,0,0,0,0,270.52459716796875,270.52459716796875,0.0
1600066590,1600066590,1.83,0,0,0,0,270.52459716796875,270.52459716796875,0.0
1600066590,1600066590,1.84,0,0,0,0,270.52459716796875,270.52459716796875,0.0
1600066590,1600066590,1.85,0,0,0,0,270.52459716796875,270.52459716796875,0.0
1600066590,1600066590,1.86,0,0,0,0,270.52459716796875,270.52459716796875,0.0
1600066590,1600066590,1.87,0,0,0,0,270.52459716796875,270.52459716796875,0.0
1600066590,1600066590,1.88,0,0,0,0,270.52459716796875,270.52459716796875,0.0
1600066590,1600066590,1.89,0,0,0,0,270.52459716796875,270.52459716796875,0.0
1600066590,1600066590,1.9,0,0,0,0,270.52459716796875,270.52459716796875,0.0
1600066590,1600066590,1.91,0,0,0,0,270.52459716796875,270.52459716796875,0.0
1600066590,1600066590,1.92,0,0,0,0,270.52459716796875,270.52459716796875,0.0
1600066590,1600066590,1.93,0,0,0,0,270.52459716796875,270.52459716796875,0.0
1600066590,1600066590,1.94,0,0,0,0,270.52459716796875,270.52459716796875,0.0
1600066590,1600066590,1.95,0,0,0,0,270.52459716796875,270.52459716796875,0.0
1600066590,1600066590,1.96,0,0,0,0,270.52459716796875,270.52459716796875,0.0
1600066590,1600066590,1.97,0,0,0,0,270.52459716796875,270.52459716796875,0.0
1600066590,1600066590,1.98,0,0,0,0,270.52459716796875,270.52459716796875,0.0
1600066590,1600066590,1.99,0,0,0,0,270.52459716796875,270.52459716796875,0.0
1600066590,1600066590,2.0,0,0,0,0,270.52459716796875,270.52459716796875,0.0
1600066590,1600066590,2.01,0,0,0,0,270.52459716796875,270.52459716796875,0.0
1600066590,1600066590,2.02,0,0,0,0,270.52459716796875,270.52459716796875,0.0
1600066590,1600066590,2.03,0,0,0,0,270.52459716796875,270.52459716796875,0.0
1600066590,1600066590,2.04,0,0,0,0,270.52459716796875,270.52459716796875,0.0
1600066590,1600066590,2.05,0,0,0,0,270.52459716796875,270.52459716796875,0.0
1600066590,1600066590,2.06,0,0,0,0,270.52459716796875,270.52459716796875,0.0
1600066590,1600066590,2.07,0,0,0,0,270.52459716796875,270.52459716796875,0.0
1600066590,1600066590,2.08,0,0,0,0,270.52459716796875,270.52459716796875,0.0
1600066590,1600066590,2.09,0,0,0,0,270.52459716796875,270.52459716796875,0.0
1600066590,1600066590,2.1,0,0,0,0,270.52459716796875,270.52459716796875,0.0
1600066590,1600066590,2.11,0,0,0,0,270.52459716796875,270.52459716796875,0.0
1600066590,1600066590,2.12,0,0,0,0,270.52459716796875,270.52459716796875,0.0
1600066590,1600066590,2.13,0,0,0,0,270.52459716796875,270.52459716796875,0.0
1600066590,1600066590,2.14,0,0,0,0,270.52459716796875,270.52459716796875,0.0
1600066590,1600066590,2.15,0,0,0,0,270.52459716796875,270.52459716796875,0.0
1600066590,1600066590,2.16,0,0,0,0,270.52459716796875,270.52459716796875,0.0
1600066590,1600066590,2.17,0,0,0,0,270.52459716796875,270.52459716796875,0.0
1600066590,1600066590,2.18,0,0,0,0,270.52459716796875,270.52459716796875,0.0
1600066590,1600066590,2.19,0,0,0,0,270.52459716796875,270.52459716796875,0.0
1600066590,1600066590,2.2,0,0,0,0,270.52459716796875,270.52459716796875,0.0
1600066590,1600066590,2.21,0,0,0,0,270.52459716796875,270.52459716796875,0.0
1600066590,1600066590,2.22,0,0,0,0,270.52459716796875,270.52459716796875,0.0
1600066590,1600066590,2.23,0,0,0,0,270.52459716796875,270.52459716796875,0.0
1600066590,1600066590,2.24,0,0,0,0,270.52459716796875,270.52459716796875,0.0
1600066590,1600066590,2.25,0,0,0,0,270.52459716796875,270.52459716796875,0.0
1600066590,1600066590,2.26,0,0,0,0,270.52459716796875,270.52459716796875,0.0
1600066590,1600066590,2.27,0,0,0,0,270.52459716796875,270.52459716796875,0.0
1600066590,1600066590,2.28,0,0,0,0,270.52459716796875,270.52459716796875,0.0
1600066590,1600066590,2.29,0,0,0,0,270.52459716796875,270.52459716796875,0.0
1600066590,1600066590,2.3,0,0,0,0,270.52459716796875,270.52459716796875,0.0
1600066590,1600066590,2.31,0,0,0,0,270.52459716796875,270.52459716796875,0.0
1600066590,1600066590,2.32,0,0,0,0,270.52459716796875,270.52459716796875,0.0
1600066590,1600066590,2.33,0,0,0,0,270.52459716796875,270.52459716796875,0.0
1600066590,1600066590,2.34,0,0,0,0,270.52459716796875,270.52459716796875,0.0
1600066590,1600066590,2.35,0,0,0,0,270.52459716796875,270.52459716796875,0.0
1600066590,1600066590,2.36,0,0,0,0,270.52459716796875,270.52459716796875,0.0
1600066590,1600066590,2.37,0,0,0,0,270.52459716796875,270.52459716796875,0.0
1600066590,1600066590,2.38,0,0,0,0,270.52459716796875,270.52459716796875,0.0
1600066590,1600066590,2.39,0,0,0,0,270.52459716796875,270.52459716796875,0.0
1600066590,1600066590,2.4,0,0,0,0,270.52459716796875,270.52459716796875,0.0
1600066590,1600066590,2.41,0,0,0,0,270.52459716796875,270.52459716796875,0.0
1600066590,1600066590,2.42,0,0,0,0,270.52459716796875,270.52459716796875,0.0
1600066590,1600066590,2.43,0,0,0,0,270.52459716796875,270.52459716796875,0.0
1600066590,1600066590,2.44,0,0,0,0,270.52459716796875,270.52459716796875,0.0
1600066590,1600066590,2.45,0,0,0,0,270.52459716796875,270.52459716796875,0.0
1600066590,1600066590,2.46,0,0,0,0,270.52459716796875,270.52459716796875,0.0
1600066590,1600066590,2.47,0,0,0,0,270.52459716796875,270.52459716796875,0.0
1600066590,1600066590,2.48,0,0,0,0,270.52459716796875,270.52459716796875,0.0
1600066590,1600066590,2.49,0,0,0,0,270.52459716796875,270.52459716796875,0.0
1600066590,1600066590,2.5,0,0,0,0,270.52459716796875,270.52459716796875,0.0
1600066590,1600066590,2.51,0,0,0,0,270.52459716796875,270.52459716796875,0.0
1600066590,1600066590,2.52,3,3168,1,4,270.68807231788645,263.0283781941096,7.659694123776831
1600066590,1600066590,2.53,3,3168,1,4,270.88437773771295,263.83094170799257,7.0534360297203875
1600066590,1600066590,2.54,3,3168,1,4,271.08068315753945,264.6335052218755,6.4471779356639445
1600066590,1600066590,2.55,3,3168,1,4,271.27698857736596,265.43606873575845,5.840919841607501
1600066590,1600066590,2.56,3,3168,1,4,271.4732939971925,266.23863224964146,5.234661747551058
1600066590,1600066590,2.57,3,3168,1,4,271.669599417019,267.0411957635244,4.628403653494615
1600066590,1600066590,2.58,3,3168,1,4,271.8659048368455,267.84375927740734,4.022145559438172
1600066590,1600066590,2.59,3,3168,1,4,272.062210256672,268.6463227912903,3.4158874653817293
1600066590,1600066590,2.6,3,3168,1,4,272.2585156764985,269.4488863051733,2.8096293713252294
1600066590,1600066590,2.61,21,3168,2,4,272.64107993021014,270.25144981905623,2.389630111153906
1600066590,1600066590,2.62,138,3168,3,4,273.07584412027995,271.0540133329392,2.0218307873407753
1600066590,1600066590,2.63,903,3168,4,4,273.75212861757274,271.8565768468221,1.8955517707506147
1600066590,1600066590,2.64,903,3168,4,4,274.5466865597407,272.65914036070507,1.8875461990356257
1600066590,1600066590,2.65,903,3168,4,4,275.3412445019086,273.461703874588,1.87954062732058
1600066590,1600066590,2.66,903,3168,4,4,276.1358024440765,274.264267388471,1.8715350556054773
1600066590,1600066590,2.67,903,3168,4,4,276.9303603862444,275.06683090235396,1.8635294838904315
1600066590,1600066590,2.68,903,3168,4,4,277.72491832841234,275.8693944162369,1.8555239121754425
1600066590,1600066590,2.69,903,3168,4,4,278.51947627058024,276.67195793011985,1.8475183404603968
1600066590,1600066590,2.7,903,3168,4,4,279.3140342127482,277.47452144400285,1.839512768745351
1600066590,1600066590,2.71,903,3168,4,4,280.1085921549161,278.2770849578858,1.8315071970303052
1600066590,1600066590,2.72,903,3168,4,4,280.903150097084,279.07964847176873,1.8235016253152594
1600066590,1600066590,2.73,903,3168,4,4,281.6977080392519,279.8822119856517,1.8154960536002136
1600066590,1600066590,2.74,903,3168,4,4,282.49226598141985,280.6847754995346,1.8074904818852247
1600066590,1600066590,2.75,903,3168,4,4,283.28682392358775,281.48733901341757,1.7994849101701789
1600066590,1600066590,2.76,903,3168,4,4,284.08138186575565,282.2899025273005,1.791479338455133
1600066590,1600066590,2.77,903,3168,4,4,284.8759398079236,283.0924660411835,1.7834737667400873
1600066590,1600066590,2.78,903,3168,4,4,285.6704977500915,283.89502955506646,1.7754681950250415
1600066590,1600066590,2.79,903,3168,4,4,286.4650556922594,284.6975930689494,1.7674626233099957
1600066590,1600066590,2.8,903,3168,4,4,287.25961363442735,285.50015658283235,1.7594570515950068
1600066590,1600066590,2.81,903,3168,4,4,288.05417157659525,286.30272009671535,1.7514514798799041
1600066590,1600066590,2.82,1578,3168,4,4,288.85011660073593,287.10528361059824,1.744832990137695
1600066590,1600066590,2.83,1578,3168,4,4,289.6467213844617,287.90784712448124,1.7388742599804914
1600066590,1600066590,2.84,1578,3168,4,4,290.4433261681874,288.7104106383642,1.7329155298232308
1600066590,1600066590,2.85,1578,3168,4,4,291.2399309519132,289.5129741522471,1.726956799666084
1600066590,1600066590,2.86,2820,3168,4,4,292.0376528121313,290.31553766613007,1.7221151460012152
1600066590,1600066590,2.87,2820,3168,4,4,292.83586597658797,291.11810118001307,1.7177647965748974
1600066590,1600066590,2.88,2820,3168,4,4,293.63407914104465,291.920664693896,1.7134144471486366
1600066590,1600066590,2.89,2820,3168,4,4,294.43229230550133,292.72322820777896,1.7090640977223757
1600066590,1600066590,2.9,2820,3168,4,4,295.230505469958,293.5257917216619,1.7047137482961148
1600066590,1600066590,2.91,2820,3168,4,4,296.0287186344147,294.3283552355449,1.700363398869797
1600066590,1600066590,2.92,2820,3168,4,4,296.8269317988714,295.1309187494278,1.696013049443593
1600066590,1600066590,2.93,2820,3168,4,4,297.62514496332807,295.9334822633108,1.6916627000172753
1600066590,1600066590,2.94,2820,3168,4,4,298.42335812778475,296.73604577719374,1.6873123505910144
1600066590,1600066590,2.95,2820,3168,4,4,299.22157129224144,297.5386092910767,1.6829620011647535
1600066590,1600066590,2.96,2820,3168,4,4,300.0197844566981,298.3411728049596,1.6786116517384926
1600066590,1600066590,2.97,2820,3168,4,4,300.8179976211548,299.1437363188426,1.6742613023121748
1600066590,1600066590,2.98,2820,3168,4,4,301.6162107856115,299.9462998327256,1.669910952885914
1600066590,1600066590,2.99,2820,3168,4,4,302.4144239500682,300.7488633466085,1.66556060345971
1600066590,1600066590,3.0,2820,3168,4,4,303.21263711452485,301.55142686049146,1.6612102540333922
1600066590,1600066590,3.01,2820,3168,4,4,304.01085027898154,302.3539903743744,1.6568599046071313
1600066590,1600066590,3.02,2820,3168,4,4,304.8090634434382,303.15655388825735,1.6525095551808704
1600066590,1600066590,3.03,2928,3168,4,4,305.6078060117404,303.9591174021403,1.6486886096001285
1600066590,1600066590,3.04,2928,3168,4,4,306.40754384822856,304.7616809160233,1.6458629322052616
1600066590,1600066590,3.05,2928,3168,4,4,307.2072816847166,305.56424442990624,1.6430372548103378
1600066590,1600066590,3.06,2928,3168,4,4,308.0070195212047,306.3668079437892,1.6402115774155277
1600066590,1600066590,3.07,2928,3168,4,4,308.8067573576928,307.1693714576721,1.6373859000206608
1600066590,1600066590,3.08,2928,3168,4,4,309.60649519418087,307.97193497155513,1.634560222625737
1600066590,1600066590,3.09,2928,3168,4,4,310.40623303066894,308.774498485438,1.6317345452309269
1600066590,1600066590,3.1,2928,3168,4,4,311.2059708671571,309.577061999321,1.62890886783606
1600066590,1600066590,3.11,2928,3168,4,4,312.00570870364515,310.37962551320396,1.626083190441193
1600066590,1600066590,3.12,2928,3168,4,4,312.80544654013323,311.1821890270869,1.623257513046326
1600066590,1600066590,3.13,2928,3168,4,4,313.6051843766213,311.98475254096985,1.620431835651459
1600066590,1600066590,3.14,2928,3168,4,4,314.40492221310944,312.78731605485285,1.6176061582565922
1600066590,1600066590,3.15,2928,3168,4,4,315.20466004959746,313.5898795687358,1.6147804808616684
1600066590,1600066590,3.16,2928,3168,4,4,316.0043978860856,314.39244308261874,1.6119548034668583
1600066590,1600066590,3.17,2928,3168,4,4,316.8041357225737,315.1950065965017,1.6091291260719913
1600066590,1600066590,3.18,2928,3168,4,4,317.60387355906175,315.9975701103847,1.6063034486770675
1600066590,1600066590,3.19,2928,3168,4,4,318.40361139554983,316.80013362426763,1.6034777712822006
1600066590,1600066590,3.2,2928,3168,4,4,319.20334923203797,317.6026971381506,1.6006520938873905
1600066590,1600066590,3.21,2928,3168,4,4,320.00308706852604,318.4052606520335,1.5978264164925235
1600066590,1600066590,3.22,2928,3168,4,4,320.8028249050141,319.2078241659165,1.5950007390975998
1600066590,1600066590,3.23,2928,3168,4,4,321.6025627415022,320.01038767979946,1.5921750617027328
1600066590,1600066590,3.24,2928,3168,4,4,322.40230057799033,320.8129511936824,1.5893493843079227
1600066590,1600066590,3.25,2928,3168,4,4,323.2020384144784,321.61551470756535,1.5865237069130558
1600066590,1600066590,3.26,2928,3168,4,4,324.0017762509665,322.4180782214483,1.5836980295181888
1600066590,1600066590,3.27,2928,3168,4,4,324.80151408745456,323.22064173533124,1.5808723521233219
1600066590,1600066590,3.28,2928,3168,4,4,325.60125192394264,324.0232052492142,1.578046674728455
1600066590,1600066590,3.29,2928,3168,4,4,326.4009897604308,324.8257687630972,1.575220997333588
1600066590,1600066590,3.3,2928,3168,4,4,327.2007275969188,325.62833227698013,1.5723953199386642
1600066590,1600066590,3.31,2928,3168,4,4,328.00046543340693,326.4308957908631,1.5695696425438541
1600066590,1600066590,3.32,2928,3168,4,4,328.800203269895,327.233459304746,1.5667439651489872
1600066590,1600066590,3.33,2928,3168,4,4,329.5999411063831,328.036022818629,1.5639182877540634
1600066590,1600066590,3.34,2928,3168,4,4,330.39967894287116,328.8385863325119,1.5610926103592533
1600066590,1600066590,3.35,2928,3168,4,4,331.1994167793593,329.6411498463949,1.5582669329643863
1600066590,1600066590,3.36,2928,3168,4,4,331.9991546158474,330.44371336027785,1.5554412555695194
1600066590,1600066590,3.37,2928,3168,4,4,332.79889245233545,331.2462768741608,1.5526155781746525
1600066590,1600066590,3.38,2928,3168,4,4,333.59863028882353,332.04884038804374,1.5497899007797855
1600066590,1600066590,3.39,2928,3168,4,4,334.39836812531166,332.85140390192674,1.5469642233849186
1600066590,1600066590,3.4,3117,3168,4,4,335.1984778153101,333.6539674158097,1.5445103995004388
1600066590,1600066590,3.41,3117,3168,4,4,335.9989316231092,334.45653092969263,1.542400693416539
1600066590,1600066590,3.42,3117,3168,4,4,336.7993854309082,335.2590944435756,1.5402909873326394
1600066590,1600066590,3.43,3117,3168,4,4,337.59983923870726,336.0616579574586,1.5381812812486828
1600066590,1600066590,3.44,3117,3168,4,4,338.40029304650625,336.86422147134147,1.536071575164783
1600066590,1600066590,3.45,3117,3168,4,4,339.2007468543053,337.66678498522447,1.5339618690808265
1600066590,1600066590,3.46,3117,3168,4,4,340.0012006621043,338.4693484991074,1.53185216299687
1600066590,1600066590,3.47,3117,3168,4,4,340.8016544699033,339.27191201299036,1.5297424569129703
1600066590,1600066590,3.48,3117,3168,4,4,341.6021082777023,340.0744755268733,1.5276327508290137
1600066590,1600066590,3.49,3117,3168,4,4,342.40256208550136,340.8770390407563,1.5255230447450572
1600066590,1600066590,3.5,3117,3168,4,4,343.20301589330035,341.67960255463925,1.5234133386611006
1600066590,1600066590,3.51,3117,3168,4,4,344.0034697010994,342.4821660685222,1.521303632577201
1600066590,1600066590,3.52,3117,3168,4,4,344.80392350889844,343.28472958240513,1.5191939264933012
1600066590,1600066590,3.53,3117,3168,4,4,345.6043773166974,344.0872930962881,1.5170842204093447
1600066590,1600066590,3.54,3117,3168,4,4,346.40483112449647,344.889856610171,1.514974514325445
1600066590,1600066590,3.55,3117,3168,4,4,347.20528493229546,345.69242012405397,1.5128648082414884
1600066590,1600066590,3.56,3117,3168,4,4,348.0057387400945,346.49498363793697,1.5107551021575318
1600066590,1600066590,3.57,3117,3168,4,4,348.8061925478935,347.2975471518199,1.5086453960735753
1600066590,1600066590,3.58,3117,3168,4,4,349.60664635569253,348.10011066570286,1.5065356899896756
1600066590,1600066590,3.59,3117,3168,4,4,350.4071001634916,348.9026741795858,1.5044259839057759
1600066590,1600066590,3.6,3117,3168,4,4,351.2075539712906,349.7052376934688,1.5023162778218193
1600066590,1600066590,3.61,3117,3168,4,4,352.0080077790896,350.50780120735175,1.5002065717378628
1600066590,1600066590,3.62,3117,3168,4,4,352.80846158688865,351.3103647212347,1.498096865653963
1600066590,1600066590,3.63,3117,3168,4,4,353.60891539468764,352.11292823511764,1.4959871595700065
1600066590,1600066590,3.64,3117,3168,4,4,354.4093692024867,352.9154917490006,1.4938774534861068
1600066590,1600066590,3.65,3117,3168,4,4,355.2098230102857,353.7180552628835,1.4917677474021502
1600066590,1600066590,3.66,3117,3168,4,4,356.0102768180847,354.5206187767665,1.4896580413181937
1600066590,1600066590,3.67,3117,3168,4,4,356.8107306258837,355.32318229064947,1.4875483352342371
1600066590,1600066590,3.68,3117,3168,4,4,357.61118443368275,356.1257458045324,1.4854386291503374
1600066590,1600066590,3.69,3117,3168,4,4,358.4116382414818,356.92830931841536,1.4833289230664377
1600066590,1600066590,3.7,3117,3168,4,4,359.21209204928084,357.73087283229836,1.4812192169824812
1600066590,1600066590,3.71,3117,3168,4,4,360.01254585707983,358.5334363461813,1.4791095108985246
1600066590,1600066590,3.72,3117,3168,4,4,360.8129996648789,359.33599986006425,1.476999804814625
1600066590,1600066590,3.73,3117,3168,4,4,361.61345347267786,360.1385633739472,1.4748900987306683
1600066590,1600066590,3.74,3117,3168,4,4,362.4139072804769,360.94112688783014,1.4727803926467686
1600066590,1600066590,3.75,3117,3168,4,4,363.2143610882759,361.7436904017131,1.470670686562812
1600066590,1600066590,3.76,3117,3168,4,4,364.01481489607494,362.546253915596,1.4685609804789124
1600066590,1600066590,3.77,3117,3168,4,4,364.8152687038739,363.348817429479,1.466451274394899
1600066590,1600066590,3.78,3117,3168,4,4,365.61572251167297,364.15138094336197,1.4643415683109993
1600066590,1600066590,3.79,3135,3168,4,4,366.4169442678451,364.9539444572449,1.462999810600195
1600066590,1600066590,3.8,3135,3168,4,4,367.2186465171178,365.75650797112786,1.4621385459899443
1600066590,1600066590,3.81,3135,3168,4,4,368.0203487663905,366.55907148501086,1.4612772813796369
1600066590,1600066590,3.82,3135,3168,4,4,368.8220510156631,367.36163499889375,1.4604160167693294
1600066590,1600066590,3.83,3135,3168,4,4,369.6237532649358,368.16419851277675,1.459554752159022
1600066590,1600066590,3.84,3135,3168,4,4,370.42545551420847,368.9667620266597,1.4586934875487714
1600066590,1600066590,3.85,3135,3168,4,4,371.22715776348116,369.76932554054264,1.4578322229385208
1600066590,1600066590,3.86,3135,3168,4,4,372.02886001275374,370.5718890544256,1.4569709583281565
1600066590,1600066590,3.87,3135,3168,4,4,372.83056226202643,371.3744525683086,1.456109693717849
1600066590,1600066590,3.88,3135,3168,4,4,373.6322645112991,372.1770160821915,1.4552484291075984
1600066590,1600066590,3.89,3135,3168,4,4,374.4339667605718,372.9795795960745,1.4543871644973478
1600066590,1600066590,3.9,3135,3168,4,4,375.2356690098444,373.7821431099574,1.4535258998869836
1600066590,1600066590,3.91,3135,3168,4,4,376.0373712591171,374.5847066238404,1.452664635276676
1600066590,1600066590,3.92,3135,3168,4,4,376.8390735083898,375.3872701377233,1.4518033706664824
1600066590,1600066590,3.93,3135,3168,4,4,377.6407757576625,376.1898336516063,1.450942106056175
1600066590,1600066590,3.94,3135,3168,4,4,378.44247800693506,376.99239716548925,1.4500808414458106
1600066590,1600066590,3.95,3135,3168,4,4,379.24418025620776,377.7949606793722,1.44921957683556
1600066590,1600066590,3.96,3135,3168,4,4,380.04588250548045,378.59752419325514,1.4483583122253094
1600066590,1600066590,3.97,3135,3168,4,4,380.84758475475314,379.40008770713814,1.447497047615002
1600066590,1600066590,3.98,3135,3168,4,4,381.6492870040257,380.2026512210211,1.4466357830046377
1600066590,1600066590,3.99,3135,3168,4,4,382.4509892532984,381.00521473490403,1.445774518394387
1600066590,1600066590,4.0,3135,3168,4,4,383.2526915025711,381.807778248787,1.4449132537841365
3800000120,3800000120,0.0,0,0,0,0,168.6797027587895,168.6797027587895,0.0
3800000120,3800000120,0.01,0,0,0,0,168.6797027587895,168.6797027587895,0.0
3800000120,3800000120,0.02,0,0,0,0,168.6797027587895,168.6797027587895,0.0
3800000120,3800000120,0.03,0,0,0,0,168.6797027587895,168.6797027587895,0.0
3800000120,3800000120,0.04,0,0,0,0,168.6797027587895,168.6797027587895,0.0
3800000120,3800000120,0.05,0,0,0,0,168.6797027587895,168.6797027587895,0.0
3800000120,3800000120,0.06,0,0,0,0,168.6797027587895,168.6797027587895,0.0
3800000120,3800000120,0.07,0,0,0,0,168.6797027587895,168.6797027587895,0.0
3800000120,3800000120,0.08,0,0,0,0,168.6797027587895,168.6797027587895,0.0
3800000120,3800000120,0.09,0,0,0,0,168.6797027587895,168.6797027587895,0.0
3800000120,3800000120,0.1,0,0,0,0,168.6797027587895,168.6797027587895,0.0
3800000120,3800000120,0.11,0,0,0,0,168.6797027587895,168.6797027587895,0.0
3800000120,3800000120,0.12,0,0,0,0,168.6797027587895,168.6797027587895,0.0
3800000120,3800000120,0.13,0,0,0,0,168.6797027587895,168.6797027587895,0.0
3800000120,3800000120,0.14,0,0,0,0,168.6797027587895,168.6797027587895,0.0
3800000120,3800000120,0.15,0,0,0,0,168.6797027587895,168.6797027587895,0.0
3800000120,3800000120,0.16,0,0,0,0,168.6797027587895,168.6797027587895,0.0
3800000120,3800000120,0.17,0,0,0,0,168.6797027587895,168.6797027587895,0.0
3800000120,3800000120,0.18,0,0,0,0,168.6797027587895,168.6797027587895,0.0
3800000120,3800000120,0.19,0,0,0,0,168.6797027587895,168.6797027587895,0.0
3800000120,3800000120,0.2,0,0,0,0,168.6797027587895,168.6797027587895,0.0
3800000120,3800000120,0.21,0,0,0,0,168.6797027587895,168.6797027587895,0.0
3800000120,3800000120,0.22,0,0,0,0,168.6797027587895,168.6797027587895,0.0
3800000120,3800000120,0.23,0,0,0,0,168.6797027587895,168.6797027587895,0.0
3800000120,3800000120,0.24,0,0,0,0,168.6797027587895,168.6797027587895,0.0
3800000120,3800000120,0.25,0,0,0,0,168.6797027587895,168.6797027587895,0.0
3800000120,3800000120,0.26,0,0,0,0,168.6797027587895,168.6797027587895,0.0
3800000120,3800000120,0.27,0,0,0,0,168.6797027587895,168.6797027587895,0.0
3800000120,3800000120,0.28,0,0,0,0,168.6797027587895,168.6797027587895,0.0
3800000120,3800000120,0.29,0,0,0,0,168.6797027587895,168.6797027587895,0.0
3800000120,3800000120,0.3,0,0,0,0,168.6797027587895,168.6797027587895,0.0
3800000120,3800000120,0.31,0,0,0,0,168.6797027587895,168.6797027587895,0.0
3800000120,3800000120,0.32,0,0,0,0,168.6797027587895,168.6797027587895,0.0
3800000120,3800000120,0.33,0,0,0,0,168.6797027587895,168.6797027587895,0.0
3800000120,3800000120,0.34,0,0,0,0,168.6797027587895,168.6797027587895,0.0
3800000120,3800000120,0.35,0,0,0,0,168.6797027587895,168.6797027587895,0.0
3800000120,3800000120,0.36,0,0,0,0,168.6797027587895,168.6797027587895,0.0
3800000120,3800000120,0.37,0,0,0,0,168.6797027587895,168.6797027587895,0.0
3800000120,3800000120,0.38,0,0,0,0,168.6797027587895,168.6797027587895,0.0
3800000120,3800000120,0.39,0,0,0,0,168.6797027587895,168.6797027587895,0.0
3800000120,3800000120,0.4,0,0,0,0,168.6797027587895,168.6797027587895,0.0
3800000120,3800000120,0.41,0,0,0,0,168.6797027587895,168.6797027587895,0.0
3800000120,3800000120,0.42,0,0,0,0,168.6797027587895,168.6797027587895,0.0
3800000120,3800000120,0.43,0,0,0,0,168.6797027587895,168.6797027587895,0.0
3800000120,3800000120,0.44,0,0,0,0,168.6797027587895,168.6797027587895,0.0
3800000120,3800000120,0.45,0,0,0,0,168.6797027587895,168.6797027587895,0.0
3800000120,3800000120,0.46,0,0,0,0,168.6797027587895,168.6797027587895,0.0
3800000120,3800000120,0.47,0,0,0,0,168.6797027587895,168.6797027587895,0.0
3800000120,3800000120,0.48,0,0,0,0,168.6797027587895,168.6797027587895,0.0
3800000120,3800000120,0.49,0,0,0,0,168.6797027587895,168.6797027587895,0.0
3800000120,3800000120,0.5,0,0,0,0,168.6797027587895,168.6797027587895,0.0
3800000120,3800000120,0.51,0,0,0,0,168.6797027587895,168.6797027587895,0.0
3800000120,3800000120,0.52,0,0,0,0,168.6797027587895,168.6797027587895,0.0
3800000120,3800000120,0.53,0,0,0,0,168.6797027587895,168.6797027587895,0.0
3800000120,3800000120,0.54,0,0,0,0,168.6797027587895,168.6797027587895,0.0
3800000120,3800000120,0.55,0,0,0,0,168.6797027587895,168.6797027587895,0.0
3800000120,3800000120,0.56,0,0,0,0,168.6797027587895,168.6797027587895,0.0
3800000120,3800000120,0.57,0,0,0,0,168.6797027587895,168.6797027587895,0.0
3800000120,3800000120,0.58,0,0,0,0,168.6797027587895,168.6797027587895,0.0
3800000120,3800000120,0.59,0,0,0,0,168.6797027587895,168.6797027587895,0.0
3800000120,3800000120,0.6,0,0,0,0,168.6797027587895,168.6797027587895,0.0
3800000120,3800000120,0.61,0,0,0,0,168.6797027587895,168.6797027587895,0.0
3800000120,3800000120,0.62,0,0,0,0,168.6797027587895,168.6797027587895,0.0
3800000120,3800000120,0.63,0,0,0,0,168.6797027587895,168.6797027587895,0.0
3800000120,3800000120,0.64,0,0,0,0,168.6797027587895,168.6797027587895,0.0
3800000120,3800000120,0.65,0,0,0,0,168.6797027587895,168.6797027587895,0.0
3800000120,3800000120,0.66,0,0,0,0,168.6797027587895,168.6797027587895,0.0
3800000120,3800000120,0.67,0,0,0,0,168.6797027587895,168.6797027587895,0.0
3800000120,3800000120,0.68,0,0,0,0,168.6797027587895,168.6797027587895,0.0
3800000120,3800000120,0.69,0,0,0,0,168.6797027587895,168.6797027587895,0.0
3800000120,3800000120,0.7,0,0,0,0,168.6797027587895,168.6797027587895,0.0
3800000120,3800000120,0.71,0,0,0,0,168.6797027587895,168.6797027587895,0.0
3800000120,3800000120,0.72,0,0,0,0,168.6797027587895,168.6797027587895,0.0
3800000120,3800000120,0.73,0,0,0,0,168.6797027587895,168.6797027587895,0.0
3800000120,3800000120,0.74,0,0,0,0,168.6797027587895,168.6797027587895,0.0
3800000120,3800000120,0.75,0,0,0,0,168.6797027587895,168.6797027587895,0.0
3800000120,3800000120,0.76,0,0,0,0,168.6797027587895,168.6797027587895,0.0
3800000120,3800000120,0.77,0,0,0,0,168.6797027587895,168.6797027587895,0.0
3800000120,3800000120,0.78,0,0,0,0,168.6797027587895,168.6797027587895,0.0
3800000120,3800000120,0.79,0,0,0,0,168.6797027587895,168.6797027587895,0.0
3800000120,3800000120,0.8,0,0,0,0,168.6797027587895,168.6797027587895,0.0
3800000120,3800000120,0.81,0,0,0,0,168.6797027587895,168.6797027587895,0.0
3800000120,3800000120,0.82,0,0,0,0,168.6797027587895,168.6797027587895,0.0
3800000120,3800000120,0.83,0,0,0,0,168.6797027587895,168.6797027587895,0.0
3800000120,3800000120,0.84,0,0,0,0,168.6797027587895,168.6797027587895,0.0
3800000120,3800000120,0.85,0,0,0,0,168.6797027587895,168.6797027587895,0.0
3800000120,3800000120,0.86,0,0,0,0,168.6797027587895,168.6797027587895,0.0
3800000120,3800000120,0.87,0,0,0,0,168.6797027587895,168.6797027587895,0.0
3800000120,3800000120,0.88,0,0,0,0,168.6797027587895,168.6797027587895,0.0
3800000120,3800000120,0.89,0,0,0,0,168.6797027587895,168.6797027587895,0.0
3800000120,3800000120,0.9,0,0,0,0,168.6797027587895,168.6797027587895,0.0
3800000120,3800000120,0.91,0,0,0,0,168.6797027587895,168.6797027587895,0.0
3800000120,3800000120,0.92,0,0,0,0,168.6797027587895,168.6797027587895,0.0
3800000120,3800000120,0.93,0,0,0,0,168.6797027587895,168.6797027587895,0.0
3800000120,3800000120,0.94,0,0,0,0,168.6797027587895,168.6797027587895,0.0
3800000120,3800000120,0.95,0,0,0,0,168.6797027587895,168.6797027587895,0.0
3800000120,3800000120,0.96,0,0,0,0,168.6797027587895,168.6797027587895,0.0
3800000120,3800000120,0.97,0,0,0,0,168.6797027587895,168.6797027587895,0.0
3800000120,3800000120,0.98,0,0,0,0,168.6797027587895,168.6797027587895,0.0
3800000120,3800000120,0.99,0,0,0,0,168.6797027587895,168.6797027587895,0.0
3800000120,3800000120,1.0,0,0,0,0,168.6797027587895,168.6797027587895,0.0
3800000120,3800000120,1.01,0,0,0,0,168.6797027587895,168.6797027587895,0.0
3800000120,3800000120,1.02,0,0,0,0,168.6797027587895,168.6797027587895,0.0
3800000120,3800000120,1.03,0,0,0,0,168.6797027587895,168.6797027587895,0.0
3800000120,3800000120,1.04,0,0,0,0,168.6797027587895,168.6797027587895,0.0
3800000120,3800000120,1.05,0,0,0,0,168.6797027587895,168.6797027587895,0.0
3800000120,3800000120,1.06,0,0,0,0,168.6797027587895,168.6797027587895,0.0
3800000120,3800000120,1.07,0,0,0,0,168.6797027587895,168.6797027587895,0.0
3800000120,3800000120,1.08,0,0,0,0,168.6797027587895,168.6797027587895,0.0
3800000120,3800000120,1.09,0,0,0,0,168.6797027587895,168.6797027587895,0.0
3800000120,3800000120,1.1,0,0,0,0,168.6797027587895,168.6797027587895,0.0
3800000120,3800000120,1.11,0,0,0,0,168.6797027587895,168.6797027587895,0.0
3800000120,3800000120,1.12,0,0,0,0,168.6797027587895,168.6797027587895,0.0
3800000120,3800000120,1.13,0,0,0,0,168.6797027587895,168.6797027587895,0.0
3800000120,3800000120,1.14,0,0,0,0,168.6797027587895,168.6797027587895,0.0
3800000120,3800000120,1.15,0,0,0,0,168.6797027587895,168.6797027587895,0.0
3800000120,3800000120,1.16,0,0,0,0,168.6797027587895,168.6797027587895,0.0
3800000120,3800000120,1.17,0,0,0,0,168.6797027587895,168.6797027587895,0.0
3800000120,3800000120,1.18,0,0,0,0,168.6797027587895,168.6797027587895,0.0
3800000120,3800000120,1.19,0,0,0,0,168.6797027587895,168.6797027587895,0.0
3800000120,3800000120,1.2,0,0,0,0,168.6797027587895,168.6797027587895,0.0
3800000120,3800000120,1.21,0,0,0,0,168.6797027587895,168.6797027587895,0.0
3800000120,3800000120,1.22,0,0,0,0,168.6797027587895,168.6797027587895,0.0
3800000120,3800000120,1.23,0,0,0,0,168.6797027587895,168.6797027587895,0.0
3800000120,3800000120,1.24,0,0,0,0,168.6797027587895,168.6797027587895,0.0
3800000120,3800000120,1.25,0,0,0,0,168.6797027587895,168.6797027587895,0.0
3800000120,3800000120,1.26,0,0,0,0,168.6797027587895,168.6797027587895,0.0
3800000120,3800000120,1.27,0,0,0,0,168.6797027587895,168.6797027587895,0.0
3800000120,3800000120,1.28,0,0,0,0,168.6797027587895,168.6797027587895,0.0
3800000120,3800000120,1.29,0,0,0,0,168.6797027587895,168.6797027587895,0.0
3800000120,3800000120,1.3,0,0,0,0,168.6797027587895,168.6797027587895,0.0
3800000120,3800000120,1.31,0,0,0,0,168.6797027587895,168.6797027587895,0.0
3800000120,3800000120,1.32,0,0,0,0,168.6797027587895,168.6797027587895,0.0
3800000120,3800000120,1.33,0,0,0,0,168.6797027587895,168.6797027587895,0.0
3800000120,3800000120,1.34,0,0,0,0,168.6797027587895,168.6797027587895,0.0
3800000120,3800000120,1.35,0,0,0,0,168.6797027587895,168.6797027587895,0.0
3800000120,3800000120,1.36,0,0,0,0,168.6797027587895,168.6797027587895,0.0
3800000120,3800000120,1.37,0,0,0,0,168.6797027587895,168.6797027587895,0.0
3800000120,3800000120,1.38,0,0,0,0,168.6797027587895,168.6797027587895,0.0
3800000120,3800000120,1.39,0,0,0,0,168.6797027587895,168.6797027587895,0.0
3800000120,3800000120,1.4,0,0,0,0,168.6797027587895,168.6797027587895,0.0
3800000120,3800000120,1.41,0,0,0,0,168.6797027587895,168.6797027587895,0.0
3800000120,3800000120,1.42,0,0,0,0,168.6797027587895,168.6797027587895,0.0
3800000120,3800000120,1.43,0,0,0,0,168.6797027587895,168.6797027587895,0.0
3800000120,3800000120,1.44,0,0,0,0,168.6797027587895,168.6797027587895,0.0
3800000120,3800000120,1.45,0,0,0,0,168.6797027587895,168.6797027587895,0.0
3800000120,3800000120,1.46,0,0,0,0,168.6797027587895,168.6797027587895,0.0
3800000120,3800000120,1.47,0,0,0,0,168.6797027587895,168.6797027587895,0.0
3800000120,3800000120,1.48,0,0,0,0,168.6797027587895,168.6797027587895,0.0
3800000120,3800000120,1.49,0,0,0,0,168.6797027587895,168.6797027587895,0.0
3800000120,3800000120,1.5,0,0,0,0,168.6797027587895,168.6797027587895,0.0
3800000120,3800000120,1.51,0,0,0,0,168.6797027587895,168.6797027587895,0.0
3800000120,3800000120,1.52,0,0,0,0,168.6797027587895,168.6797027587895,0.0
3800000120,3800000120,1.53,0,0,0,0,168.6797027587895,168.6797027587895,0.0
3800000120,3800000120,1.54,0,0,0,0,168.6797027587895,168.6797027587895,0.0
3800000120,3800000120,1.55,0,0,0,0,168.6797027587895,168.6797027587895,0.0
3800000120,3800000120,1.56,0,0,0,0,168.6797027587895,168.6797027587895,0.0
3800000120,3800000120,1.57,0,0,0,0,168.6797027587895,168.6797027587895,0.0
3800000120,3800000120,1.58,0,0,0,0,168.6797027587895,168.6797027587895,0.0
3800000120,3800000120,1.59,0,0,0,0,168.6797027587895,168.6797027587895,0.0
3800000120,3800000120,1.6,0,0,0,0,168.6797027587895,168.6797027587895,0.0
3800000120,3800000120,1.61,0,0,0,0,168.6797027587895,168.6797027587895,0.0
3800000120,3800000120,1.62,3,3168,1,4,168.8283312801361,166.5803976194063,2.2479336607297853
3800000120,3800000120,1.63,3,3168,1,4,169.03159499607085,167.41622850735976,1.6153664887110892
3800000120,3800000120,1.64,3,3168,1,4,169.2348587120056,168.25205939531318,0.9827993166924216
3800000120,3800000120,1.65,903,3168,4,4,169.71429012918475,169.08789028326663,0.6263998459181153
3800000120,3800000120,1.66,903,3168,4,4,170.54178360567096,169.92372117122008,0.6180624344508772
3800000120,3800000120,1.67,903,3168,4,4,171.36927708215717,170.7595520591735,0.6097250229836675
3800000120,3800000120,1.68,903,3168,4,4,172.19677055864338,171.59538294712695,0.6013876115164294
3800000120,3800000120,1.69,903,3168,4,4,173.0242640351296,172.4312138350804,0.5930502000491913
3800000120,3800000120,1.7,903,3168,4,4,173.8517575116158,173.26704472303382,0.5847127885819816
3800000120,3800000120,1.71,2820,3168,4,4,174.68020225648877,174.10287561098727,0.5773266455015005
3800000120,3800000120,1.72,2820,3168,4,4,175.51070454511637,174.93870649894072,0.5719980461756506
3800000120,3800000120,1.73,2820,3168,4,4,176.34120683374402,175.77453738689417,0.5666694468498576
3800000120,3800000120,1.74,2820,3168,4,4,177.17170912237162,176.6103682748476,0.5613408475240362
3800000120,3800000120,1.75,2820,3168,4,4,178.00221141099928,177.44619916280104,0.5560122481982432
3800000120,3800000120,1.76,2820,3168,4,4,178.83271369962688,178.28203005075449,0.5506836488723934
3800000120,3800000120,1.77,2928,3168,4,4,179.66398790705995,179.1178609387079,0.5461269683520413
3800000120,3800000120,1.78,2928,3168,4,4,180.49583514057792,179.95369182666136,0.5421433139165686
3800000120,3800000120,1.79,2928,3168,4,4,181.3276823740959,180.7895227146148,0.5381596594810958
3800000120,3800000120,1.8,3117,3168,4,4,182.1595928214391,181.62535360256825,0.5342392188708516
3800000120,3800000120,1.81,3117,3168,4,4,182.9923068979263,182.46118449052167,0.5311224074046379
3800000120,3800000120,1.82,3117,3168,4,4,183.82502097441355,183.29701537847512,0.5280055959384242
3800000120,3800000120,1.83,3117,3168,4,4,184.65773505090075,184.13284626642857,0.5248887844721821
3800000120,3800000120,1.84,3117,3168,4,4,185.490449127388,184.968677154382,0.5217719730059969
3800000120,3800000120,1.85,3117,3168,4,4,186.32316320387523,185.80450804233544,0.5186551615397832
3800000120,3800000120,1.86,3117,3168,4,4,187.15587728036243,186.6403389302889,0.5155383500735411
3800000120,3800000120,1.87,3117,3168,4,4,187.98859135684967,187.4761698182423,0.5124215386073558
3800000120,3800000120,1.88,3117,3168,4,4,188.82130543333687,188.31200070619576,0.5093047271411137
3800000120,3800000120,1.89,3117,3168,4,4,189.65401950982408,189.14783159414918,0.5061879156749001
3800000120,3800000120,1.9,3117,3168,4,4,190.48673358631132,189.98366248210263,0.5030711042086864
3800000120,3800000120,1.91,3117,3168,4,4,191.31944766279855,190.81949337005608,0.4999542927424727
3800000120,3800000120,1.92,3117,3168,4,4,192.15216173928576,191.6553242580095,0.49683748127625904
3800000120,3800000120,1.93,3117,3168,4,4,192.984875815773,192.49115514596295,0.49372066981004537
3800000120,3800000120,1.94,3117,3168,4,4,193.8175898922602,193.3269860339164,0.49060385834380327
3800000120,3800000120,1.95,3117,3168,4,4,194.65030396874744,194.16281692186982,0.487487046877618
3800000120,3800000120,1.96,3117,3168,4,4,195.48301804523467,194.99864780982327,0.48437023541140434
3800000120,3800000120,1.97,3117,3168,4,4,196.31573212172188,195.83447869777672,0.48125342394516224
3800000120,3800000120,1.98,3117,3168,4,4,197.14844619820911,196.67030958573017,0.47813661247894856
3800000120,3800000120,1.99,3117,3168,4,4,197.98116027469632,197.5061404736836,0.4750198010127349
3800000120,3800000120,2.0,3117,3168,4,4,198.81387435118356,198.34197136163704,0.4719029895465212
3800000120,3800000120,2.01,3135,3168,4,4,199.64675097071324,199.17780224959046,0.46894872112278563
3800000120,3800000120,2.02,3135,3168,4,4,200.48066339340204,200.0136331375439,0.46703025585813407
3800000120,3800000120,2.03,3135,3168,4,4,201.31457581609084,200.84946402549733,0.46511179059351093
3800000120,3800000120,2.04,3135,3168,4,4,202.14848823877966,201.6852949134508,0.4631933253288594
3800000120,3800000120,2.05,3162,3168,4,4,202.9824348975817,202.52112580140422,0.46130909617747307
3800000120,3800000120,2.06,3162,3168,4,4,203.81707399657566,203.35695668935767,0.4601173072179847
3800000120,3800000120,2.07,3162,3168,4,4,204.6517130955696,204.1927875773111,0.45892551825849637
3800000120,3800000120,2.08,3162,3168,4,4,205.48635219456355,205.02861846526457,0.4577337292989796
3800000120,3800000120,2.09,3162,3168,4,4,206.32099129355746,205.864449353218,0.4565419403394628
3800000120,3800000120,2.1,3162,3168,4,4,207.15563039255142,206.70028024117144,0.4553501513799745
3800000120,3800000120,2.11,3162,3168,4,4,207.99026949154535,207.53611112912486,0.45415836242048613
3800000120,3800000120,2.12,3162,3168,4,4,208.82490859053928,208.3719420170783,0.45296657346096936
3800000120,3800000120,2.13,3162,3168,4,4,209.6595476895332,209.20777290503176,0.4517747845014526
3800000120,3800000120,2.14,3162,3168,4,4,210.49418678852717,210.0436037929852,0.45058299554196424
3800000120,3800000120,2.15,3162,3168,4,4,211.32882588752108,210.87943468093863,0.44939120658244747
3800000120,3800000120,2.16,3162,3168,4,4,212.16346498651504,211.71526556889208,0.4481994176229591
3800000120,3800000120,2.17,3162,3168,4,4,212.99810408550897,212.5510964568455,0.44700762866347077
3800000120,3800000120,2.18,3162,3168,4,4,213.83274318450293,213.38692734479898,0.445815839703954
3800000120,3800000120,2.19,3162,3168,4,4,214.66738228349683,214.2227582327524,0.4446240507444372
3800000120,3800000120,2.2,3162,3168,4,4,215.5020213824908,215.05858912070585,0.4434322617849489
3800000120,3800000120,2.21,3162,3168,4,4,216.3366604814847,215.89442000865927,0.4422404728254321
3800000120,3800000120,2.22,3162,3168,4,4,217.17129958047866,216.73025089661274,0.44104868386591534
3800000120,3800000120,2.23,3162,3168,4,4,218.0059386794726,217.56608178456617,0.439856894906427
3800000120,3800000120,2.24,3162,3168,4,4,218.84057777846655,218.40191267251961,0.43866510594693864
3800000120,3800000120,2.25,3162,3168,4,4,219.67521687746046,219.23774356047304,0.43747331698742187
3800000120,3800000120,2.26,3162,3168,4,4,220.5098559764544,220.07357444842646,0.4362815280279335
3800000120,3800000120,2.27,3162,3168,4,4,221.34449507544835,220.9094053363799,0.43508973906844517
3800000120,3800000120,2.28,3162,3168,4,4,222.17913417444225,221.74523622433333,0.4338979501089284
3800000120,3800000120,2.29,3162,3168,4,4,223.01377327343621,222.5810671122868,0.43270616114941163
3800000120,3800000120,2.3,3162,3168,4,4,223.84841237243015,223.41689800024022,0.4315143721899233
3800000120,3800000120,2.31,3162,3168,4,4,224.68305147142408,224.25272888819367,0.4303225832304065
3800000120,3800000120,2.32,3162,3168,4,4,225.517690570418,225.0885597761471,0.42913079427091816
3800000120,3800000120,2.33,3162,3168,4,4,226.35232966941197,225.92439066410057,0.4279390053114014
3800000120,3800000120,2.34,3162,3168,4,4,227.18696876840588,226.760221552054,0.4267472163518846
3800000120,3800000120,2.35,3162,3168,4,4,228.02160786739984,227.59605244000744,0.42555542739239627
3800000120,3800000120,2.36,3162,3168,4,4,228.85624696639377,228.43188332796086,0.4243636384329079
3800000120,3800000120,2.37,3162,3168,4,4,229.69088606538773,229.2677142159143,0.42317184947341957
3800000120,3800000120,2.38,3162,3168,4,4,230.52552516438163,230.10354510386776,0.4219800605138744
3800000120,3800000120,2.39,3162,3168,4,4,231.3601642633756,230.9393759918212,0.42078827155438603
3800000120,3800000120,2.4,3162,3168,4,4,232.19480336236953,231.77520687977463,0.4195964825948977
3800000120,3800000120,2.41,3162,3168,4,4,233.02944246136346,232.61103776772808,0.4184046936353809
3800000120,3800000120,2.42,3162,3168,4,4,233.8640815603574,233.4468686556815,0.41721290467589256
3800000120,3800000120,2.43,3162,3168,4,4,234.69872065935135,234.28269954363498,0.4160211157163758
3800000120,3800000120,2.44,3162,3168,4,4,235.53335975834526,235.1185304315884,0.414829326756859
3800000120,3800000120,2.45,3162,3168,4,4,236.36799885733922,235.95436131954185,0.41363753779737067
3800000120,3800000120,2.46,3162,3168,4,4,237.20263795633315,236.79019220749527,0.4124457488378823
3800000120,3800000120,2.47,3162,3168,4,4,238.0372770553271,237.62602309544874,0.41125395987836555
3800000120,3800000120,2.48,3162,3168,4,4,238.871916154321,238.46185398340216,0.4100621709188488
3800000120,3800000120,2.49,3162,3168,4,4,239.70655525331497,239.2976848713556,0.40887038195936043
3800000120,3800000120,2.5,3162,3168,4,4,240.54119435230888,240.13351575930903,0.40767859299984366
3800000120,3800000120,2.51,3162,3168,4,4,241.3758334513028,240.96934664726246,0.4064868040403553
3800000120,3800000120,2.52,3162,3168,4,4,242.21047255029677,241.8051775352159,0.40529501508086696
3800000120,3800000120,2.53,3162,3168,4,4,243.04511164929067,242.64100842316932,0.4041032261213502
3800000120,3800000120,2.54,3162,3168,4,4,243.87975074828464,243.4768393111228,0.4029114371618334
3800000120,3800000120,2.55,3162,3168,4,4,244.71438984727857,244.31267019907622,0.40171964820234507
3800000120,3800000120,2.56,3162,3168,4,4,245.54902894627253,245.14850108702967,0.4005278592428567
3800000120,3800000120,2.57,3162,3168,4,4,246.38366804526643,245.9843319749831,0.39933607028333995
3800000120,3800000120,2.58,3162,3168,4,4,247.2183071442604,246.82016286293657,0.3981442813238232
3800000120,3800000120,2.59,3162,3168,4,4,248.05294624325433,247.65599375089,0.39695249236433483
3800000120,3800000120,2.6,3162,3168,4,4,248.88758534224826,248.49182463884344,0.39576070340481806
3800000120,3800000120,2.61,3162,3168,4,4,249.7222244412422,249.32765552679686,0.3945689144453297
3800000120,3800000120,2.62,3162,3168,4,4,250.55686354023615,250.1634864147503,0.39337712548584136
3800000120,3800000120,2.63,3162,3168,4,4,251.39150263923005,250.99931730270376,0.39218533652629617
3800000120,3800000120,2.64,3162,3168,4,4,252.22614173822402,251.8351481906572,0.3909935475668078
3800000120,3800000120,2.65,3162,3168,4,4,253.06078083721795,252.67097907861063,0.38980175860731947
3800000120,3800000120,2.66,3162,3168,4,4,253.8954199362119,253.50680996656408,0.3886099696478311
3800000120,3800000120,2.67,3162,3168,4,4,254.7300590352058,254.3426408545175,0.38741818068831435
3800000120,3800000120,2.68,3162,3168,4,4,255.56469813419977,255.17847174247098,0.3862263917287976
3800000120,3800000120,2.69,3162,3168,4,4,256.3993372331937,256.01430263042437,0.38503460276933765
3800000120,3800000120,2.7,3162,3168,4,4,257.23397633218764,256.85013351837785,0.38384281380979246
3800000120,3800000120,2.71,3162,3168,4,4,258.06861543118157,257.68596440633127,0.3826510248503041
3800000120,3800000120,2.72,3162,3168,4,4,258.9032545301755,258.52179529428474,0.3814592358907589
3800000120,3800000120,2.73,3162,3168,4,4,259.73789362916943,259.35762618223816,0.38026744693127057
3800000120,3800000120,2.74,3162,3168,4,4,260.57253272816337,260.1934570701916,0.3790756579717822
3800000120,3800000120,2.75,3162,3168,4,4,261.4071718271573,261.029287958145,0.37788386901229387
3800000120,3800000120,2.76,3162,3168,4,4,262.24181092615123,261.8651188460984,0.3766920800528055
3800000120,3800000120,2.77,3162,3168,4,4,263.07645002514516,262.7009497340519,0.37550029109326033
3800000120,3800000120,2.78,3162,3168,4,4,263.9110891241391,263.5367806220053,0.374308502133772
3800000120,3800000120,2.79,3162,3168,4,4,264.7457282231331,264.3726115099588,0.37311671317428363
3800000120,3800000120,2.8,3162,3168,4,4,265.58036732212696,265.2084423979122,0.37192492421473844
3800000120,3800000120,2.81,3162,3168,4,4,266.41500642112095,266.04427328586564,0.37073313525530693
3800000120,3800000120,2.82,3162,3168,4,4,267.2496455201148,266.88010417381906,0.36954134629576174
3800000120,3800000120,2.83,3162,3168,4,4,268.0842846191088,267.71593506177254,0.3683495573362734
3800000120,3800000120,2.84,3162,3168,4,4,268.91892371810275,268.55176594972596,0.36715776837678504
3800000120,3800000120,2.85,3162,3168,4,4,269.7535628170967,269.38759683767944,0.36596597941723985
3800000120,3800000120,2.86,3162,3168,4,4,270.5882019160906,270.22342772563286,0.3647741904577515
3800000120,3800000120,2.87,3162,3168,4,4,271.42284101508454,271.0592586135863,0.36358240149826315
3800000120,3800000120,2.88,3162,3168,4,4,272.2574801140785,271.89508950153976,0.36239061253871796
3800000120,3800000120,2.89,3162,3168,4,4,273.0921192130724,272.7309203894932,0.3611988235792296
3800000120,3800000120,2.9,3162,3168,4,4,273.92675831206634,273.5667512774466,0.36000703461974126
3800000120,3800000120,2.91,3162,3168,4,4,274.76139741106033,274.4025821654001,0.3588152456602529
3800000120,3800000120,2.92,3162,3168,4,4,275.5960365100542,275.2384130533535,0.3576234567007077
3800000120,3800000120,2.93,3162,3168,4,4,276.4306756090482,276.074243941307,0.35643166774121937
3800000120,3800000120,2.94,3162,3168,4,4,277.2653147080421,276.9100748292604,0.355239878781731
3800000120,3800000120,2.95,3162,3168,4,4,278.09995380703606,277.7459057172138,0.3540480898222427
3800000120,3800000120,2.96,3162,3168,4,4,278.93459290603,278.58173660516724,0.3528563008627543
3800000120,3800000120,2.97,3162,3168,4,4,279.7692320050239,279.4175674931207,0.35166451190320913
3800000120,3800000120,2.98,3162,3168,4,4,280.60387110401786,280.25339838107413,0.3504727229437208
3800000120,3800000120,2.99,3162,3168,4,4,281.4385102030118,281.0892292690276,0.3492809339841756
3800000120,3800000120,3.0,3162,3168,4,4,282.2731493020057,281.92506015698103,0.34808914502468724
3800000120,3800000120,3.01,3162,3168,4,4,283.10778840099965,282.76089104493445,0.3468973560651989
3800000120,3800000120,3.02,3162,3168,4,4,283.9424274999936,283.5967219328879,0.34570556710571054
3800000120,3800000120,3.03,3162,3168,4,4,284.7770665989875,284.4325528208413,0.3445137781462222
3800000120,3800000120,3.04,3162,3168,4,4,285.6117056979815,285.2683837087948,0.34332198918673384
3800000120,3800000120,3.05,3162,3168,4,4,286.4463447969754,286.1042145967482,0.34213020022718865
3800000120,3800000120,3.06,3162,3168,4,4,287.28098389596937,286.94004548470167,0.3409384112677003
3800000120,3800000120,3.07,3162,3168,4,4,288.1156229949633,287.7758763726551,0.33974662230821195
3800000120,3800000120,3.08,3162,3168,4,4,288.95026209395724,288.61170726060857,0.33855483334866676
3800000120,3800000120,3.09,3162,3168,4,4,289.78490119295117,289.447538148562,0.3373630443891784
3800000120,3800000120,3.1,3162,3168,4,4,290.6195402919451,290.28336903651547,0.3361712554296332
3800000120,3800000120,3.11,3162,3168,4,4,291.45417939093903,291.1191999244689,0.33497946647014487
3800000120,3800000120,3.12,3162,3168,4,4,292.288818489933,291.9550308124223,0.33378767751071337
3800000120,3800000120,3.13,3162,3168,4,4,293.1234575889269,292.79086170037573,0.3325958885511682
3800000120,3800000120,3.14,3162,3168,4,4,293.9580966879209,293.6266925883292,0.3314040995916798
3800000120,3800000120,3.15,3162,3168,4,4,294.7927357869148,294.4625234762826,0.3302123106321915
3800000120,3800000120,3.16,3162,3168,4,4,295.62737488590875,295.2983543642361,0.3290205216726463
3800000120,3800000120,3.17,3162,3168,4,4,296.4620139849027,296.1341852521895,0.32782873271315793
3800000120,3800000120,3.18,3162,3168,4,4,297.2966530838966,296.97001614014295,0.3266369437536696
3800000120,3800000120,3.19,3162,3168,4,4,298.13129218289055,297.80584702809637,0.32544515479418124
3800000120,3800000120,3.2,3162,3168,4,4,298.9659312818845,298.64167791604984,0.32425336583463604
3800000120,3800000120,3.21,3162,3168,4,4,299.8005703808784,299.47750880400326,0.3230615768751477
3800000120,3800000120,3.22,3162,3168,4,4,300.6352094798724,300.31333969195674,0.32186978791565934
3800000120,3800000120,3.23,3162,3168,4,4,301.4698485788663,301.14917057991016,0.32067799895611415
3800000120,3800000120,3.24,3162,3168,4,4,302.30448767786027,301.9850014678636,0.31948620999668265
3800000120,3800000120,3.25,3162,3168,4,4,303.1391267768542,302.820832355817,0.3182944210371943
3800000120,3800000120,3.26,3162,3168,4,4,303.9737658758481,303.6566632437705,0.31710263207759226
3800000120,3800000120,3.27,3162,3168,4,4,304.80840497484206,304.4924941317239,0.31591084311816076
3800000120,3800000120,3.28,3162,3168,4,4,305.643044073836,305.3283250196773,0.3147190541586724
3800000120,3800000120,3.29,3162,3168,4,4,306.4776831728299,306.1641559076308,0.3135272651991272
3800000120,3800000120,3.3,3162,3168,4,4,307.31232227182386,306.9999867955842,0.31233547623963887
3800000120,3800000120,3.31,3162,3168,4,4,308.1469613708178,307.8358176835377,0.3111436872800937
3800000120,3800000120,3.32,3162,3168,4,4,308.9816004698117,308.6716485714911,0.3099518983206053
3800000120,3800000120,3.33,3162,3168,4,4,309.81623956880566,309.50747945944454,0.308760109361117
3800000120,3800000120,3.34,3162,3168,4,4,310.6508786677996,310.34331034739796,0.3075683204016286
3800000120,3800000120,3.35,3162,3168,4,4,311.4855177667936,311.17914123535144,0.3063765314421403
3800000120,3800000120,3.36,3162,3168,4,4,312.32015686578745,312.01497212330486,0.3051847424825951
3800000120,3800000120,3.37,3162,3168,4,4,313.15479596478144,312.85080301125834,0.30399295352310673
3800000120,3800000120,3.38,3162,3168,4,4,313.9894350637754,313.68663389921176,0.3028011645636184
3800000120,3800000120,3.39,3162,3168,4,4,314.8240741627693,314.5224647871652,0.30160937560413004
3800000120,3800000120,3.4,3162,3168,4,4,315.65871326176324,315.3582956751186,0.3004175866446417
3800000120,3800000120,3.41,3162,3168,4,4,316.49335236075717,316.1941265630721,0.2992257976850965
3800000120,3800000120,3.42,3162,3168,4,4,317.3279914597511,317.0299574510255,0.29803400872560815
3800000120,3800000120,3.43,3162,3168,4,4,318.16263055874504,317.865788338979,0.29684221976606295
3800000120,3800000120,3.44,3162,3168,4,4,318.99726965773897,318.7016192269324,0.2956504308065746
3800000120,3800000120,3.45,3162,3168,4,4,319.83190875673296,319.53745011488587,0.29445864184708626
3800000120,3800000120,3.46,3162,3168,4,4,320.66654785572683,320.3732810028393,0.29326685288754106
3800000120,3800000120,3.47,3162,3168,4,4,321.5011869547208,321.2091118907927,0.29207506392810956
3800000120,3800000120,3.48,3162,3168,4,4,322.33582605371475,322.04494277874613,0.2908832749686212
3800000120,3800000120,3.49,3162,3168,4,4,323.1704651527087,322.8807736666996,0.289691486009076
3800000120,3800000120,3.5,3162,3168,4,4,324.0051042517026,323.71660455465303,0.28849969704958767
3800000120,3800000120,3.51,3162,3168,4,4,324.83974335069655,324.55243544260645,0.2873079080900993
3800000120,3800000120,3.52,3162,3168,4,4,325.6743824496905,325.38826633055993,0.2861161191305541
3800000120,3800000120,3.53,3162,3168,4,4,326.5090215486844,326.22409721851335,0.2849243301710658
3800000120,3800000120,3.54,3162,3168,4,4,327.34366064767835,327.05992810646677,0.2837325412115774
3800000120,3800000120,3.55,3162,3168,4,4,328.1782997466723,327.8957589944202,0.2825407522520891
3800000120,3800000120,3.56,3162,3168,4,4,329.0129388456662,328.73158988237367,0.2813489632925439
3800000120,3800000120,3.57,3162,3168,4,4,329.84757794466015,329.5674207703271,0.28015717433305554
3800000120,3800000120,3.58,3162,3168,4,4,330.68221704365413,330.40325165828057,0.2789653853735672
3800000120,3800000120,3.59,3162,3168,4,4,331.516856142648,331.239082546234,0.277773596414022
3800000120,3800000120,3.6,3162,3168,4,4,332.351495241642,332.07491343418747,0.27658180745453365
3800000120,3800000120,3.61,3162,3168,4,4,333.18613434063593,332.9107443221409,0.2753900184950453
3800000120,3800000120,3.62,3162,3168,4,4,334.02077343962986,333.7465752100943,0.27419822953555695
3800000120,3800000120,3.63,3162,3168,4,4,334.8554125386238,334.5824060980477,0.2730064405760686
3800000120,3800000120,3.64,3162,3168,4,4,335.6900516376177,335.4182369860012,0.2718146516165234
3800000120,3800000120,3.65,3162,3168,4,4,336.52469073661166,336.2540678739546,0.27062286265703506
3800000120,3800000120,3.66,3162,3168,4,4,337.3593298356056,337.0898987619081,0.26943107369748986
3800000120,3800000120,3.67,3162,3168,4,4,338.1939689345995,337.9257296498615,0.2682392847380015
3800000120,3800000120,3.68,3162,3168,4,4,339.0286080335935,338.76156053781494,0.26704749577857
3800000120,3800000120,3.69,3162,3168,4,4,339.8632471325874,339.59739142576836,0.2658557068190248
3800000120,3800000120,3.7,3162,3168,4,4,340.6978862315814,340.43322231372184,0.26466391785953647
3800000120,3800000120,3.71,3162,3168,4,4,341.53252533057525,341.26905320167526,0.2634721288999913
3800000120,3800000120,3.72,3162,3168,4,4,342.36716442956924,342.10488408962874,0.2622803399405029
3800000120,3800000120,3.73,3162,3168,4,4,343.2018035285632,342.94071497758216,0.2610885509810146
3800000120,3800000120,3.74,3162,3168,4,4,344.0364426275571,343.7765458655356,0.25989676202152623
3800000120,3800000120,3.75,3162,3168,4,4,344.87108172655104,344.61237675348906,0.25870497306198104
3800000120,3800000120,3.76,3162,3168,4,4,345.705720825545,345.4482076414425,0.2575131841024927
3800000120,3800000120,3.77,3162,3168,4,4,346.5403599245389,346.2840385293959,0.25632139514300434
3800000120,3800000120,3.78,3162,3168,4,4,347.37499902353284,347.1198694173493,0.255129606183516
3800000120,3800000120,3.79,3162,3168,4,4,348.20963812252677,347.9557003053028,0.2539378172239708
3800000120,3800000120,3.8,3162,3168,4,4,349.0442772215207,348.7915311932562,0.25274602826448245
3800000120,3800000120,3.81,3162,3168,4,4,349.87891632051463,349.6273620812097,0.25155423930493725
3800000120,3800000120,3.82,3162,3168,4,4,350.71355541950857,350.4631929691631,0.2503624503454489
3800000120,3800000120,3.83,3162,3168,4,4,351.54819451850256,351.29902385711654,0.2491706613860174
3800000120,3800000120,3.84,3162,3168,4,4,352.38283361749643,352.13485474506996,0.2479788724264722
3800000120,3800000120,3.85,3162,3168,4,4,353.2174727164904,352.97068563302344,0.24678708346698386
3800000120,3800000120,3.86,3162,3168,4,4,354.05211181548435,353.80651652097686,0.2455952945074955
3800000120,3800000120,3.87,3162,3168,4,4,354.8867509144783,354.64234740893033,0.24440350554795032
3800000120,3800000120,3.88,3162,3168,4,4,355.7213900134722,355.47817829688375,0.24321171658846197
3800000120,3800000120,3.89,3162,3168,4,4,356.55602911246615,356.3140091848372,0.24201992762897362
3800000120,3800000120,3.9,3162,3168,4,4,357.3906682114601,357.1498400727906,0.24082813866948527
3800000120,3800000120,3.91,3162,3168,4,4,358.225307310454,357.9856709607441,0.23963634970994008
3800000120,3800000120,3.92,3162,3168,4,4,359.05994640944795,358.8215018486975,0.23844456075045173
3800000120,3800000120,3.93,3162,3168,4,4,359.89458550844193,359.657332736651,0.23725277179096338
3800000120,3800000120,3.94,3162,3168,4,4,360.7292246074358,360.4931636246044,0.2360609828314182
3800000120,3800000120,3.95,3162,3168,4,4,361.5638637064298,361.32899451255787,0.23486919387192984
3800000120,3800000120,3.96,3162,3168,4,4,362.39850280542373,362.1648254005113,0.2336774049124415
3800000120,3800000120,3.97,3162,3168,4,4,363.23314190441766,363.0006562884647,0.23248561595295314
3800000120,3800000120,3.98,3162,3168,4,4,364.0677810034116,363.83648717641813,0.2312938269934648
3800000120,3800000120,3.99,3162,3168,4,4,364.90242010240553,364.6723180643716,0.2301020380339196
3800000120,3800000120,4.0,3162,3168,4,4,365.73705920139946,365.50814895232503,0.22891024907443125
3800001520,3800001520,0.0,0,0,0,0,221.67314147949202,221.67314147949202,0.0
3800001520,3800001520,0.01,0,0,0,0,221.67314147949202,221.67314147949202,0.0
3800001520,3800001520,0.02,0,0,0,0,221.67314147949202,221.67314147949202,0.0
3800001520,3800001520,0.03,0,0,0,0,221.67314147949202,221.67314147949202,0.0
3800001520,3800001520,0.04,0,0,0,0,221.67314147949202,221.67314147949202,0.0
3800001520,3800001520,0.05,0,0,0,0,221.67314147949202,221.67314147949202,0.0
3800001520,3800001520,0.06,0,0,0,0,221.67314147949202,221.67314147949202,0.0
3800001520,3800001520,0.07,0,0,0,0,221.67314147949202,221.67314147949202,0.0
3800001520,3800001520,0.08,0,0,0,0,221.67314147949202,221.67314147949202,0.0
3800001520,3800001520,0.09,0,0,0,0,221.67314147949202,221.67314147949202,0.0
3800001520,3800001520,0.1,0,0,0,0,221.67314147949202,221.67314147949202,0.0
3800001520,3800001520,0.11,0,0,0,0,221.67314147949202,221.67314147949202,0.0
3800001520,3800001520,0.12,0,0,0,0,221.67314147949202,221.67314147949202,0.0
3800001520,3800001520,0.13,0,0,0,0,221.67314147949202,221.67314147949202,0.0
3800001520,3800001520,0.14,0,0,0,0,221.67314147949202,221.67314147949202,0.0
3800001520,3800001520,0.15,0,0,0,0,221.67314147949202,221.67314147949202,0.0
3800001520,3800001520,0.16,0,0,0,0,221.67314147949202,221.67314147949202,0.0
3800001520,3800001520,0.17,0,0,0,0,221.67314147949202,221.67314147949202,0.0
3800001520,3800001520,0.18,0,0,0,0,221.67314147949202,221.67314147949202,0.0
3800001520,3800001520,0.19,0,0,0,0,221.67314147949202,221.67314147949202,0.0
3800001520,3800001520,0.2,0,0,0,0,221.67314147949202,221.67314147949202,0.0
3800001520,3800001520,0.21,0,0,0,0,221.67314147949202,221.67314147949202,0.0
3800001520,3800001520,0.22,0,0,0,0,221.67314147949202,221.67314147949202,0.0
3800001520,3800001520,0.23,0,0,0,0,221.67314147949202,221.67314147949202,0.0
3800001520,3800001520,0.24,0,0,0,0,221.67314147949202,221.67314147949202,0.0
3800001520,3800001520,0.25,0,0,0,0,221.67314147949202,221.67314147949202,0.0
3800001520,3800001520,0.26,0,0,0,0,221.67314147949202,221.67314147949202,0.0
3800001520,3800001520,0.27,0,0,0,0,221.67314147949202,221.67314147949202,0.0
3800001520,3800001520,0.28,0,0,0,0,221.67314147949202,221.67314147949202,0.0
3800001520,3800001520,0.29,0,0,0,0,221.67314147949202,221.67314147949202,0.0
3800001520,3800001520,0.3,0,0,0,0,221.67314147949202,221.67314147949202,0.0
3800001520,3800001520,0.31,0,0,0,0,221.67314147949202,221.67314147949202,0.0
3800001520,3800001520,0.32,0,0,0,0,221.67314147949202,221.67314147949202,0.0
3800001520,3800001520,0.33,0,0,0,0,221.67314147949202,221.67314147949202,0.0
3800001520,3800001520,0.34,0,0,0,0,221.67314147949202,221.67314147949202,0.0
3800001520,3800001520,0.35,0,0,0,0,221.67314147949202,221.67314147949202,0.0
3800001520,3800001520,0.36,0,0,0,0,221.67314147949202,221.67314147949202,0.0
3800001520,3800001520,0.37,0,0,0,0,221.67314147949202,221.67314147949202,0.0
3800001520,3800001520,0.38,0,0,0,0,221.67314147949202,221.67314147949202,0.0
3800001520,3800001520,0.39,0,0,0,0,221.67314147949202,221.67314147949202,0.0
3800001520,3800001520,0.4,0,0,0,0,221.67314147949202,221.67314147949202,0.0
3800001520,3800001520,0.41,0,0,0,0,221.67314147949202,221.67314147949202,0.0
3800001520,3800001520,0.42,0,0,0,0,221.67314147949202,221.67314147949202,0.0
3800001520,3800001520,0.43,0,0,0,0,221.67314147949202,221.67314147949202,0.0
3800001520,3800001520,0.44,0,0,0,0,221.67314147949202,221.67314147949202,0.0
3800001520,3800001520,0.45,0,0,0,0,221.67314147949202,221.67314147949202,0.0
3800001520,3800001520,0.46,0,0,0,0,221.67314147949202,221.67314147949202,0.0
3800001520,3800001520,0.47,0,0,0,0,221.67314147949202,221.67314147949202,0.0
3800001520,3800001520,0.48,0,0,0,0,221.67314147949202,221.67314147949202,0.0
3800001520,3800001520,0.49,0,0,0,0,221.67314147949202,221.67314147949202,0.0
3800001520,3800001520,0.5,0,0,0,0,221.67314147949202,221.67314147949202,0.0
3800001520,3800001520,0.51,0,0,0,0,221.67314147949202,221.67314147949202,0.0
3800001520,3800001520,0.52,0,0,0,0,221.67314147949202,221.67314147949202,0.0
3800001520,3800001520,0.53,0,0,0,0,221.67314147949202,221.67314147949202,0.0
3800001520,3800001520,0.54,0,0,0,0,221.67314147949202,221.67314147949202,0.0
3800001520,3800001520,0.55,0,0,0,0,221.67314147949202,221.67314147949202,0.0
3800001520,3800001520,0.56,0,0,0,0,221.67314147949202,221.67314147949202,0.0
3800001520,3800001520,0.57,0,0,0,0,221.67314147949202,221.67314147949202,0.0
3800001520,3800001520,0.58,0,0,0,0,221.67314147949202,221.67314147949202,0.0
3800001520,3800001520,0.59,0,0,0,0,221.67314147949202,221.67314147949202,0.0
3800001520,3800001520,0.6,0,0,0,0,221.67314147949202,221.67314147949202,0.0
3800001520,3800001520,0.61,0,0,0,0,221.67314147949202,221.67314147949202,0.0
3800001520,3800001520,0.62,0,0,0,0,221.67314147949202,221.67314147949202,0.0
3800001520,3800001520,0.63,0,0,0,0,221.67314147949202,221.67314147949202,0.0
3800001520,3800001520,0.64,0,0,0,0,221.67314147949202,221.67314147949202,0.0
3800001520,3800001520,0.65,0,0,0,0,221.67314147949202,221.67314147949202,0.0
3800001520,3800001520,0.66,0,0,0,0,221.67314147949202,221.67314147949202,0.0
3800001520,3800001520,0.67,0,0,0,0,221.67314147949202,221.67314147949202,0.0
3800001520,3800001520,0.68,0,0,0,0,221.67314147949202,221.67314147949202,0.0
3800001520,3800001520,0.69,0,0,0,0,221.67314147949202,221.67314147949202,0.0
3800001520,3800001520,0.7,0,0,0,0,221.67314147949202,221.67314147949202,0.0
3800001520,3800001520,0.71,0,0,0,0,221.67314147949202,221.67314147949202,0.0
3800001520,3800001520,0.72,0,0,0,0,221.67314147949202,221.67314147949202,0.0
3800001520,3800001520,0.73,0,0,0,0,221.67314147949202,221.67314147949202,0.0
3800001520,3800001520,0.74,0,0,0,0,221.67314147949202,221.67314147949202,0.0
3800001520,3800001520,0.75,0,0,0,0,221.67314147949202,221.67314147949202,0.0
3800001520,3800001520,0.76,0,0,0,0,221.67314147949202,221.67314147949202,0.0
3800001520,3800001520,0.77,0,0,0,0,221.67314147949202,221.67314147949202,0.0
3800001520,3800001520,0.78,0,0,0,0,221.67314147949202,221.67314147949202,0.0
3800001520,3800001520,0.79,0,0,0,0,221.67314147949202,221.67314147949202,0.0
3800001520,3800001520,0.8,0,0,0,0,221.67314147949202,221.67314147949202,0.0
3800001520,3800001520,0.81,0,0,0,0,221.67314147949202,221.67314147949202,0.0
3800001520,3800001520,0.82,0,0,0,0,221.67314147949202,221.67314147949202,0.0
3800001520,3800001520,0.83,0,0,0,0,221.67314147949202,221.67314147949202,0.0
3800001520,3800001520,0.84,0,0,0,0,221.67314147949202,221.67314147949202,0.0
3800001520,3800001520,0.85,0,0,0,0,221.67314147949202,221.67314147949202,0.0
3800001520,3800001520,0.86,0,0,0,0,221.67314147949202,221.67314147949202,0.0
3800001520,3800001520,0.87,0,0,0,0,221.67314147949202,221.67314147949202,0.0
3800001520,3800001520,0.88,0,0,0,0,221.67314147949202,221.67314147949202,0.0
3800001520,3800001520,0.89,0,0,0,0,221.67314147949202,221.67314147949202,0.0
3800001520,3800001520,0.9,0,0,0,0,221.67314147949202,221.67314147949202,0.0
3800001520,3800001520,0.91,0,0,0,0,221.67314147949202,221.67314147949202,0.0
3800001520,3800001520,0.92,0,0,0,0,221.67314147949202,221.67314147949202,0.0
3800001520,3800001520,0.93,0,0,0,0,221.67314147949202,221.67314147949202,0.0
3800001520,3800001520,0.94,0,0,0,0,221.67314147949202,221.67314147949202,0.0
3800001520,3800001520,0.95,0,0,0,0,221.67314147949202,221.67314147949202,0.0
3800001520,3800001520,0.96,0,0,0,0,221.67314147949202,221.67314147949202,0.0
3800001520,3800001520,0.97,0,0,0,0,221.67314147949202,221.67314147949202,0.0
3800001520,3800001520,0.98,0,0,0,0,221.67314147949202,221.67314147949202,0.0
3800001520,3800001520,0.99,0,0,0,0,221.67314147949202,221.67314147949202,0.0
3800001520,3800001520,1.0,0,0,0,0,221.67314147949202,221.67314147949202,0.0
3800001520,3800001520,1.01,0,0,0,0,221.67314147949202,221.67314147949202,0.0
3800001520,3800001520,1.02,0,0,0,0,221.67314147949202,221.67314147949202,0.0
3800001520,3800001520,1.03,0,0,0,0,221.67314147949202,221.67314147949202,0.0
3800001520,3800001520,1.04,0,0,0,0,221.67314147949202,221.67314147949202,0.0
3800001520,3800001520,1.05,0,0,0,0,221.67314147949202,221.67314147949202,0.0
3800001520,3800001520,1.06,0,0,0,0,221.67314147949202,221.67314147949202,0.0
3800001520,3800001520,1.07,0,0,0,0,221.67314147949202,221.67314147949202,0.0
3800001520,3800001520,1.08,0,0,0,0,221.67314147949202,221.67314147949202,0.0
3800001520,3800001520,1.09,0,0,0,0,221.67314147949202,221.67314147949202,0.0
3800001520,3800001520,1.1,0,0,0,0,221.67314147949202,221.67314147949202,0.0
3800001520,3800001520,1.11,0,0,0,0,221.67314147949202,221.67314147949202,0.0
3800001520,3800001520,1.12,0,0,0,0,221.67314147949202,221.67314147949202,0.0
3800001520,3800001520,1.13,0,0,0,0,221.67314147949202,221.67314147949202,0.0
3800001520,3800001520,1.14,0,0,0,0,221.67314147949202,221.67314147949202,0.0
3800001520,3800001520,1.15,0,0,0,0,221.67314147949202,221.67314147949202,0.0
3800001520,3800001520,1.16,0,0,0,0,221.67314147949202,221.67314147949202,0.0
3800001520,3800001520,1.17,0,0,0,0,221.67314147949202,221.67314147949202,0.0
3800001520,3800001520,1.18,0,0,0,0,221.67314147949202,221.67314147949202,0.0
3800001520,3800001520,1.19,0,0,0,0,221.67314147949202,221.67314147949202,0.0
3800001520,3800001520,1.2,0,0,0,0,221.67314147949202,221.67314147949202,0.0
3800001520,3800001520,1.21,0,0,0,0,221.67314147949202,221.67314147949202,0.0
3800001520,3800001520,1.22,0,0,0,0,221.67314147949202,221.67314147949202,0.0
3800001520,3800001520,1.23,0,0,0,0,221.67314147949202,221.67314147949202,0.0
3800001520,3800001520,1.24,0,0,0,0,221.67314147949202,221.67314147949202,0.0
3800001520,3800001520,1.25,0,0,0,0,221.67314147949202,221.67314147949202,0.0
3800001520,3800001520,1.26,0,0,0,0,221.67314147949202,221.67314147949202,0.0
3800001520,3800001520,1.27,0,0,0,0,221.67314147949202,221.67314147949202,0.0
3800001520,3800001520,1.28,0,0,0,0,221.67314147949202,221.67314147949202,0.0
3800001520,3800001520,1.29,0,0,0,0,221.67314147949202,221.67314147949202,0.0
3800001520,3800001520,1.3,0,0,0,0,221.67314147949202,221.67314147949202,0.0
3800001520,3800001520,1.31,0,0,0,0,221.67314147949202,221.67314147949202,0.0
3800001520,3800001520,1.32,0,0,0,0,221.67314147949202,221.67314147949202,0.0
3800001520,3800001520,1.33,0,0,0,0,221.67314147949202,221.67314147949202,0.0
3800001520,3800001520,1.34,0,0,0,0,221.67314147949202,221.67314147949202,0.0
3800001520,3800001520,1.35,0,0,0,0,221.67314147949202,221.67314147949202,0.0
3800001520,3800001520,1.36,0,0,0,0,221.67314147949202,221.67314147949202,0.0
3800001520,3800001520,1.37,0,0,0,0,221.67314147949202,221.67314147949202,0.0
3800001520,3800001520,1.38,0,0,0,0,221.67314147949202,221.67314147949202,0.0
3800001520,3800001520,1.39,0,0,0,0,221.67314147949202,221.67314147949202,0.0
3800001520,3800001520,1.4,0,0,0,0,221.67314147949202,221.67314147949202,0.0
3800001520,3800001520,1.41,0,0,0,0,221.67314147949202,221.67314147949202,0.0
3800001520,3800001520,1.42,0,0,0,0,221.67314147949202,221.67314147949202,0.0
3800001520,3800001520,1.43,0,0,0,0,221.67314147949202,221.67314147949202,0.0
3800001520,3800001520,1.44,0,0,0,0,221.67314147949202,221.67314147949202,0.0
3800001520,3800001520,1.45,0,0,0,0,221.67314147949202,221.67314147949202,0.0
3800001520,3800001520,1.46,0,0,0,0,221.67314147949202,221.67314147949202,0.0
3800001520,3800001520,1.47,0,0,0,0,221.67314147949202,221.67314147949202,0.0
3800001520,3800001520,1.48,0,0,0,0,221.67314147949202,221.67314147949202,0.0
3800001520,3800001520,1.49,0,0,0,0,221.67314147949202,221.67314147949202,0.0
3800001520,3800001520,1.5,0,0,0,0,221.67314147949202,221.67314147949202,0.0
3800001520,3800001520,1.51,0,0,0,0,221.67314147949202,221.67314147949202,0.0
3800001520,3800001520,1.52,0,0,0,0,221.67314147949202,221.67314147949202,0.0
3800001520,3800001520,1.53,0,0,0,0,221.67314147949202,221.67314147949202,0.0
3800001520,3800001520,1.54,0,0,0,0,221.67314147949202,221.67314147949202,0.0
3800001520,3800001520,1.55,0,0,0,0,221.67314147949202,221.67314147949202,0.0
3800001520,3800001520,1.56,0,0,0,0,221.67314147949202,221.67314147949202,0.0
3800001520,3800001520,1.57,0,0,0,0,221.67314147949202,221.67314147949202,0.0
3800001520,3800001520,1.58,0,0,0,0,221.67314147949202,221.67314147949202,0.0
3800001520,3800001520,1.59,0,0,0,0,221.67314147949202,221.67314147949202,0.0
3800001520,3800001520,1.6,0,0,0,0,221.67314147949202,221.67314147949202,0.0
3800001520,3800001520,1.61,0,0,0,0,221.67314147949202,221.67314147949202,0.0
3800001520,3800001520,1.62,0,0,0,0,221.67314147949202,221.67314147949202,0.0
3800001520,3800001520,1.63,0,0,0,0,221.67314147949202,221.67314147949202,0.0
3800001520,3800001520,1.64,0,0,0,0,221.67314147949202,221.67314147949202,0.0
3800001520,3800001520,1.65,0,0,0,0,221.67314147949202,221.67314147949202,0.0
3800001520,3800001520,1.66,0,0,0,0,221.67314147949202,221.67314147949202,0.0
3800001520,3800001520,1.67,0,0,0,0,221.67314147949202,221.67314147949202,0.0
3800001520,3800001520,1.68,0,0,0,0,221.67314147949202,221.67314147949202,0.0
3800001520,3800001520,1.69,0,0,0,0,221.67314147949202,221.67314147949202,0.0
3800001520,3800001520,1.7,0,0,0,0,221.67314147949202,221.67314147949202,0.0
3800001520,3800001520,1.71,0,0,0,0,221.67314147949202,221.67314147949202,0.0
3800001520,3800001520,1.72,0,0,0,0,221.67314147949202,221.67314147949202,0.0
3800001520,3800001520,1.73,0,0,0,0,221.67314147949202,221.67314147949202,0.0
3800001520,3800001520,1.74,0,0,0,0,221.67314147949202,221.67314147949202,0.0
3800001520,3800001520,1.75,0,0,0,0,221.67314147949202,221.67314147949202,0.0
3800001520,3800001520,1.76,0,0,0,0,221.67314147949202,221.67314147949202,0.0
3800001520,3800001520,1.77,0,0,0,0,221.67314147949202,221.67314147949202,0.0
3800001520,3800001520,1.78,0,0,0,0,221.67314147949202,221.67314147949202,0.0
3800001520,3800001520,1.79,0,0,0,0,221.67314147949202,221.67314147949202,0.0
3800001520,3800001520,1.8,0,0,0,0,221.67314147949202,221.67314147949202,0.0
3800001520,3800001520,1.81,0,0,0,0,221.67314147949202,221.67314147949202,0.0
3800001520,3800001520,1.82,0,0,0,0,221.67314147949202,221.67314147949202,0.0
3800001520,3800001520,1.83,0,0,0,0,221.67314147949202,221.67314147949202,0.0
3800001520,3800001520,1.84,0,0,0,0,221.67314147949202,221.67314147949202,0.0
3800001520,3800001520,1.85,0,0,0,0,221.67314147949202,221.67314147949202,0.0
3800001520,3800001520,1.86,0,0,0,0,221.67314147949202,221.67314147949202,0.0
3800001520,3800001520,1.87,0,0,0,0,221.67314147949202,221.67314147949202,0.0
3800001520,3800001520,1.88,0,0,0,0,221.67314147949202,221.67314147949202,0.0
3800001520,3800001520,1.89,0,0,0,0,221.67314147949202,221.67314147949202,0.0
3800001520,3800001520,1.9,0,0,0,0,221.67314147949202,221.67314147949202,0.0
3800001520,3800001520,1.91,0,0,0,0,221.67314147949202,221.67314147949202,0.0
3800001520,3800001520,1.92,0,0,0,0,221.67314147949202,221.67314147949202,0.0
3800001520,3800001520,1.93,0,0,0,0,221.67314147949202,221.67314147949202,0.0
3800001520,3800001520,1.94,0,0,0,0,221.67314147949202,221.67314147949202,0.0
3800001520,3800001520,1.95,0,0,0,0,221.67314147949202,221.67314147949202,0.0
3800001520,3800001520,1.96,0,0,0,0,221.67314147949202,221.67314147949202,0.0
3800001520,3800001520,1.97,0,0,0,0,221.67314147949202,221.67314147949202,0.0
3800001520,3800001520,1.98,0,0,0,0,221.67314147949202,221.67314147949202,0.0
3800001520,3800001520,1.99,0,0,0,0,221.67314147949202,221.67314147949202,0.0
3800001520,3800001520,2.0,0,0,0,0,221.67314147949202,221.67314147949202,0.0
3800001520,3800001520,2.01,0,0,0,0,221.67314147949202,221.67314147949202,0.0
3800001520,3800001520,2.02,0,0,0,0,221.67314147949202,221.67314147949202,0.0
3800001520,3800001520,2.03,0,0,0,0,221.67314147949202,221.67314147949202,0.0
3800001520,3800001520,2.04,0,0,0,0,221.67314147949202,221.67314147949202,0.0
3800001520,3800001520,2.05,0,0,0,0,221.67314147949202,221.67314147949202,0.0
3800001520,3800001520,2.06,0,0,0,0,221.67314147949202,221.67314147949202,0.0
3800001520,3800001520,2.07,0,0,0,0,221.67314147949202,221.67314147949202,0.0
3800001520,3800001520,2.08,0,0,0,0,221.67314147949202,221.67314147949202,0.0
3800001520,3800001520,2.09,0,0,0,0,221.67314147949202,221.67314147949202,0.0
3800001520,3800001520,2.1,0,0,0,0,221.67314147949202,221.67314147949202,0.0
3800001520,3800001520,2.11,0,0,0,0,221.67314147949202,221.67314147949202,0.0
3800001520,3800001520,2.12,0,0,0,0,221.67314147949202,221.67314147949202,0.0
3800001520,3800001520,2.13,0,0,0,0,221.67314147949202,221.67314147949202,0.0
3800001520,3800001520,2.14,0,0,0,0,221.67314147949202,221.67314147949202,0.0
3800001520,3800001520,2.15,0,0,0,0,221.67314147949202,221.67314147949202,0.0
3800001520,3800001520,2.16,0,0,0,0,221.67314147949202,221.67314147949202,0.0
3800001520,3800001520,2.17,0,0,0,0,221.67314147949202,221.67314147949202,0.0
3800001520,3800001520,2.18,0,0,0,0,221.67314147949202,221.67314147949202,0.0
3800001520,3800001520,2.19,0,0,0,0,221.67314147949202,221.67314147949202,0.0
3800001520,3800001520,2.2,0,0,0,0,221.67314147949202,221.67314147949202,0.0
3800001520,3800001520,2.21,0,0,0,0,221.67314147949202,221.67314147949202,0.0
3800001520,3800001520,2.22,0,0,0,0,221.67314147949202,221.67314147949202,0.0
3800001520,3800001520,2.23,0,0,0,0,221.67314147949202,221.67314147949202,0.0
3800001520,3800001520,2.24,0,0,0,0,221.67314147949202,221.67314147949202,0.0
3800001520,3800001520,2.25,0,0,0,0,221.67314147949202,221.67314147949202,0.0
3800001520,3800001520,2.26,0,0,0,0,221.67314147949202,221.67314147949202,0.0
3800001520,3800001520,2.27,0,0,0,0,221.67314147949202,221.67314147949202,0.0
3800001520,3800001520,2.28,0,0,0,0,221.67314147949202,221.67314147949202,0.0
3800001520,3800001520,2.29,0,0,0,0,221.67314147949202,221.67314147949202,0.0
3800001520,3800001520,2.3,0,0,0,0,221.67314147949202,221.67314147949202,0.0
3800001520,3800001520,2.31,0,0,0,0,221.67314147949202,221.67314147949202,0.0
3800001520,3800001520,2.32,0,0,0,0,221.67314147949202,221.67314147949202,0.0
3800001520,3800001520,2.33,0,0,0,0,221.67314147949202,221.67314147949202,0.0
3800001520,3800001520,2.34,0,0,0,0,221.67314147949202,221.67314147949202,0.0
3800001520,3800001520,2.35,0,0,0,0,221.67314147949202,221.67314147949202,0.0
3800001520,3800001520,2.36,0,0,0,0,221.67314147949202,221.67314147949202,0.0
3800001520,3800001520,2.37,0,0,0,0,221.67314147949202,221.67314147949202,0.0
3800001520,3800001520,2.38,0,0,0,0,221.67314147949202,221.67314147949202,0.0
3800001520,3800001520,2.39,0,0,0,0,221.67314147949202,221.67314147949202,0.0
3800001520,3800001520,2.4,0,0,0,0,221.67314147949202,221.67314147949202,0.0
3800001520,3800001520,2.41,0,0,0,0,221.67314147949202,221.67314147949202,0.0
3800001520,3800001520,2.42,0,0,0,0,221.67314147949202,221.67314147949202,0.0
3800001520,3800001520,2.43,0,0,0,0,221.67314147949202,221.67314147949202,0.0
3800001520,3800001520,2.44,0,0,0,0,221.67314147949202,221.67314147949202,0.0
3800001520,3800001520,2.45,0,0,0,0,221.67314147949202,221.67314147949202,0.0
3800001520,3800001520,2.46,0,0,0,0,221.67314147949202,221.67314147949202,0.0
3800001520,3800001520,2.47,0,0,0,0,221.67314147949202,221.67314147949202,0.0
3800001520,3800001520,2.48,0,0,0,0,221.67314147949202,221.67314147949202,0.0
3800001520,3800001520,2.49,0,0,0,0,221.67314147949202,221.67314147949202,0.0
3800001520,3800001520,2.5,0,0,0,0,221.67314147949202,221.67314147949202,0.0
3800001520,3800001520,2.51,0,0,0,0,221.67314147949202,221.67314147949202,0.0
3800001520,3800001520,2.52,0,0,0,0,221.67314147949202,221.67314147949202,0.0
3800001520,3800001520,2.53,0,0,0,0,221.67314147949202,221.67314147949202,0.0
3800001520,3800001520,2.54,0,0,0,0,221.67314147949202,221.67314147949202,0.0
3800001520,3800001520,2.55,0,0,0,0,221.67314147949202,221.67314147949202,0.0
3800001520,3800001520,2.56,0,0,0,0,221.67314147949202,221.67314147949202,0.0
3800001520,3800001520,2.57,0,0,0,0,221.67314147949202,221.67314147949202,0.0
3800001520,3800001520,2.58,0,0,0,0,221.67314147949202,221.67314147949202,0.0
3800001520,3800001520,2.59,0,0,0,0,221.67314147949202,221.67314147949202,0.0
3800001520,3800001520,2.6,0,0,0,0,221.67314147949202,221.67314147949202,0.0
3800001520,3800001520,2.61,0,0,0,0,221.67314147949202,221.67314147949202,0.0
3800001520,3800001520,2.62,0,0,0,0,221.67314147949202,221.67314147949202,0.0
3800001520,3800001520,2.63,0,0,0,0,221.67314147949202,221.67314147949202,0.0
3800001520,3800001520,2.64,0,0,0,0,221.67314147949202,221.67314147949202,0.0
3800001520,3800001520,2.65,0,0,0,0,221.67314147949202,221.67314147949202,0.0
3800001520,3800001520,2.66,0,0,0,0,221.67314147949202,221.67314147949202,0.0
3800001520,3800001520,2.67,0,0,0,0,221.67314147949202,221.67314147949202,0.0
3800001520,3800001520,2.68,1,0,1,0,221.67544793872833,221.67314147949202,0.0023064592363084557
3800001520,3800001520,2.69,1,2026,1,4,221.7216339503765,217.61396065807344,4.107673292303076
3800001520,3800001520,2.7,1,2026,1,4,221.76781996202467,217.80341390927634,3.9644060527483305
3800001520,3800001520,2.71,1,2026,1,4,221.81400597367286,217.99286716047922,3.8211388131936417
3800001520,3800001520,2.72,1,2026,1,4,221.86019198532105,218.18232041168213,3.6778715736389245
3800001520,3800001520,2.73,1,2026,1,4,221.9063779969692,218.37177366288503,3.534604334084179
3800001520,3800001520,2.74,1,2026,1,4,221.9525640086174,218.56122691408794,3.3913370945294616
3800001520,3800001520,2.75,1,2026,1,4,221.9987500202656,218.75068016529082,3.248069854974773
3800001520,3800001520,2.76,1,2026,1,4,222.04493603191375,218.94013341649372,3.1048026154200272
3800001520,3800001520,2.77,1,2026,1,4,222.09112204356194,219.12958666769663,2.96153537586531
3800001520,3800001520,2.78,1,2026,1,4,222.1373080552101,219.31903991889953,2.8182681363105644
3800001520,3800001520,2.79,2,2597,1,4,222.21120008192065,215.54104392186798,6.67015616005267
3800001520,3800001520,2.8,2,2597,1,4,222.3210007591248,215.98817606290177,6.332824696223014
3800001520,3800001520,2.81,2,2597,1,4,222.43080143632892,216.4353082039356,5.995493232393329
3800001520,3800001520,2.82,3,3168,1,4,222.6175123308182,213.28545002862518,9.332062302193009
3800001520,3800001520,2.83,3,3168,1,4,222.8179374968529,214.0959302013547,8.722007295498202
3800001520,3800001520,2.84,3,3168,1,4,223.0183626628876,214.90641037408415,8.111952288803451
3800001520,3800001520,2.85,3,3168,1,4,223.2187878289223,215.71689054681366,7.501897282108644
3800001520,3800001520,2.86,3,3168,1,4,223.41921299495698,216.52737071954317,6.891842275413808
3800001520,3800001520,2.87,3,3168,1,4,223.61963816099168,217.33785089227268,6.281787268719
3800001520,3800001520,2.88,13,3168,2,4,223.86309076690674,218.14833106500214,5.7147597019045975
3800001520,3800001520,2.89,13,3168,2,4,224.10887678078814,218.95881123773165,5.150065543056485
3800001520,3800001520,2.9,13,3168,2,4,224.35466279466948,219.7692914104611,4.585371384208372
3800001520,3800001520,2.91,13,3168,2,4,224.60044880855088,220.57977158319062,4.020677225360259
3800001520,3800001520,2.92,94,3168,3,4,225.0130726743062,221.39025175592008,3.622820918386111
3800001520,3800001520,2.93,94,3168,3,4,225.45798384440735,222.2007319286496,3.257251915757763
3800001520,3800001520,2.94,625,3168,4,4,225.9848116360664,223.0112121013791,2.9735995346873096
3800001520,3800001520,2.95,903,3168,4,4,226.65868677279119,223.8216922741086,2.8369944986825715
3800001520,3800001520,2.96,903,3168,4,4,227.46108240674297,224.63217244683807,2.8289099599049052
3800001520,3800001520,2.97,903,3168,4,4,228.26347804069482,225.44265261956758,2.820825421127239
3800001520,3800001520,2.98,903,3168,4,4,229.06587367464664,226.25313279229704,2.812740882349601
3800001520,3800001520,2.99,903,3168,4,4,229.86826930859846,227.06361296502655,2.8046563435719065
3800001520,3800001520,3.0,903,3168,4,4,230.67066494255027,227.87409313775606,2.796571804794212
3800001520,3800001520,3.01,903,3168,4,4,231.4730605765021,228.68457331048552,2.788487266016574
3800001520,3800001520,3.02,903,3168,4,4,232.2754562104539,229.49505348321503,2.7804027272388794
3800001520,3800001520,3.03,903,3168,4,4,233.07785184440573,230.3055336559445,2.7723181884612416
3800001520,3800001520,3.04,903,3168,4,4,233.88024747835757,231.116013828674,2.7642336496835753
3800001520,3800001520,3.05,903,3168,4,4,234.68264311230936,231.9264940014035,2.7561491109058522
3800001520,3800001520,3.06,903,3168,4,4,235.4850387462612,232.73697417413302,2.748064572128186
3800001520,3800001520,3.07,903,3168,4,4,236.28743438021303,233.54745434686248,2.739980033350548
3800001520,3800001520,3.08,903,3168,4,4,237.08983001416487,234.357934519592,2.731895494572882
3800001520,3800001520,3.09,903,3168,4,4,237.89222564811666,235.16841469232145,2.7238109557952157
3800001520,3800001520,3.1,903,3168,4,4,238.6946212820685,235.97889486505096,2.7157264170175495
3800001520,3800001520,3.11,903,3168,4,4,239.49701691602033,236.78937503778047,2.707641878239855
3800001520,3800001520,3.12,903,3168,4,4,240.29941254997217,237.59985521051,2.6995573394621886
3800001520,3800001520,3.13,903,3168,4,4,241.10180818392396,238.41033538323944,2.6914728006845223
3800001520,3800001520,3.14,903,3168,4,4,241.9042038178758,239.22081555596895,2.683388261906856
3800001520,3800001520,3.15,903,3168,4,4,242.70659945182763,240.0312957286984,2.6753037231292183
3800001520,3800001520,3.16,903,3168,4,4,243.50899508577945,240.84177590142792,2.6672191843515236
3800001520,3800001520,3.17,903,3168,4,4,244.31139071973126,241.65225607415738,2.659134645573886
3800001520,3800001520,3.18,1578,3168,4,4,245.1166250931383,242.4627362468869,2.6538888462514194
3800001520,3800001520,3.19,1578,3168,4,4,245.922013943414,243.2732164196164,2.648797523797583
3800001520,3800001520,3.2,1578,3168,4,4,246.72740279368966,244.08369659234592,2.643706201343747
3800001520,3800001520,3.21,1578,3168,4,4,247.53279164396534,244.89417676507537,2.6386148788899675
3800001520,3800001520,3.22,1578,3168,4,4,248.33818049424102,245.70465693780488,2.6335235564361312
3800001520,3800001520,3.23,1578,3168,4,4,249.1435693445167,246.51513711053434,2.628432233982352
3800001520,3800001520,3.24,1578,3168,4,4,249.94895819479237,247.32561728326385,2.6233409115285156
3800001520,3800001520,3.25,2820,3168,4,4,250.7544801053172,248.13609745599337,2.6183826493238485
3800001520,3800001520,3.26,2820,3168,4,4,251.56205977027872,248.94657762872282,2.6154821415559013
3800001520,3800001520,3.27,2820,3168,4,4,252.36963943524023,249.75705780145233,2.6125816337878973
3800001520,3800001520,3.28,2820,3168,4,4,253.17721910020168,250.5675379741818,2.6096811260198933
3800001520,3800001520,3.29,2820,3168,4,4,253.9847987651632,251.3780181469113,2.6067806182518893
3800001520,3800001520,3.3,2820,3168,4,4,254.7923784301247,252.18849831964081,2.6038801104838853
3800001520,3800001520,3.31,2820,3168,4,4,255.5999580950862,252.99897849237033,2.6009796027158814
3800001520,3800001520,3.32,2820,3168,4,4,256.4075377600477,253.80945866509978,2.598079094947934
3800001520,3800001520,3.33,2820,3168,4,4,257.2151174250092,254.6199388378293,2.59517858717993
3800001520,3800001520,3.34,2820,3168,4,4,258.0226970899707,255.43041901055875,2.5922780794119262
3800001520,3800001520,3.35,2820,3168,4,4,258.8302767549322,256.24089918328826,2.5893775716439222
3800001520,3800001520,3.36,2820,3168,4,4,259.6378564198937,257.0513793560178,2.5864770638759182
3800001520,3800001520,3.37,2820,3168,4,4,260.4454360848552,257.8618595287473,2.5835765561079143
3800001520,3800001520,3.38,2820,3168,4,4,261.25301574981665,258.67233970147674,2.5806760483399103
3800001520,3800001520,3.39,2820,3168,4,4,262.0605954147782,259.48281987420626,2.577775540571963
3800001520,3800001520,3.4,2820,3168,4,4,262.8681750797397,260.2933000469357,2.574875032803959
3800001520,3800001520,3.41,2820,3168,4,4,263.6757547447012,261.1037802196652,2.571974525035955
3800001520,3800001520,3.42,2820,3168,4,4,264.4833344096627,261.9142603923947,2.569074017268008
3800001520,3800001520,3.43,2820,3168,4,4,265.2909140746242,262.7247405651242,2.566173509500004
3800001520,3800001520,3.44,2820,3168,4,4,266.09849373958565,263.5352207378537,2.563273001731943
3800001520,3800001520,3.45,2820,3168,4,4,266.90607340454716,264.3457009105832,2.560372493963939
3800001520,3800001520,3.46,2820,3168,4,4,267.71365306950867,265.1561810833127,2.557471986195992
3800001520,3800001520,3.47,2820,3168,4,4,268.5212327344702,265.9666612560422,2.554571478427988
3800001520,3800001520,3.48,2820,3168,4,4,269.3288123994317,266.77714142877164,2.551670970660041
3800001520,3800001520,3.49,2928,3168,4,4,270.13758557257216,267.58762160150116,2.5499639710710085
3800001520,3800001520,3.5,2928,3168,4,4,270.94714152327737,268.39810177423067,2.549039749046699
3800001520,3800001520,3.51,2928,3168,4,4,271.7566974739825,269.2085819469601,2.5481155270223894
3800001520,3800001520,3.52,2928,3168,4,4,272.5662534246878,270.01906211968964,2.5471913049981367
3800001520,3800001520,3.53,2928,3168,4,4,273.375809375393,270.8295422924191,2.546267082973884
3800001520,3800001520,3.54,2928,3168,4,4,274.1853653260982,271.6400224651486,2.5453428609495745
3800001520,3800001520,3.55,2928,3168,4,4,274.9949212768034,272.4505026378781,2.544418638925265
3800001520,3800001520,3.56,2928,3168,4,4,275.8044772275086,273.26098281060763,2.5434944169009555
3800001520,3800001520,3.57,2928,3168,4,4,276.6140331782138,274.0714629833371,2.5425701948767028
3800001520,3800001520,3.58,2928,3168,4,4,277.42358912891905,274.8819431560666,2.54164597285245
3800001520,3800001520,3.59,2928,3168,4,4,278.23314507962425,275.69242332879605,2.5407217508281974
3800001520,3800001520,3.6,2928,3168,4,4,279.04270103032945,276.50290350152557,2.539797528803888
3800001520,3800001520,3.61,2928,3168,4,4,279.85225698103466,277.3133836742551,2.5388733067795783
3800001520,3800001520,3.62,2928,3168,4,4,280.66181293173986,278.1238638469846,2.537949084755269
3800001520,3800001520,3.63,2928,3168,4,4,281.47136888244506,278.93434401971405,2.537024862731016
3800001520,3800001520,3.64,2928,3168,4,4,282.2809248331503,279.74482419244356,2.5361006407067634
3800001520,3800001520,3.65,2928,3168,4,4,283.09048078385547,280.555304365173,2.535176418682454
3800001520,3800001520,3.66,2928,3168,4,4,283.90003673456073,281.3657845379025,2.5342521966582012
3800001520,3800001520,3.67,2928,3168,4,4,284.70959268526593,282.17626471063204,2.5333279746338917
3800001520,3800001520,3.68,2928,3168,4,4,285.51914863597113,282.98674488336155,2.532403752609582
3800001520,3800001520,3.69,2928,3168,4,4,286.32870458667634,283.797225056091,2.5314795305853295
3800001520,3800001520,3.7,2928,3168,4,4,287.13826053738154,284.6077052288205,2.53055530856102
3800001520,3800001520,3.71,2928,3168,4,4,287.94781648808674,285.41818540155,2.5296310865367673
3800001520,3800001520,3.72,2928,3168,4,4,288.757372438792,286.2286655742795,2.5287068645125146
3800001520,3800001520,3.73,2928,3168,4,4,289.5669283894972,287.039145747009,2.527782642488205
3800001520,3800001520,3.74,2928,3168,4,4,290.3764843402024,287.8496259197385,2.5268584204638955
3800001520,3800001520,3.75,2928,3168,4,4,291.1860402909076,288.66010609246797,2.525934198439643
3800001520,3800001520,3.76,2928,3168,4,4,291.9955962416128,289.4705862651974,2.52500997641539
3800001520,3800001520,3.77,2928,3168,4,4,292.805152192318,290.28106643792694,2.5240857543910806
3800001520,3800001520,3.78,2928,3168,4,4,293.6147081430232,291.09154661065645,2.523161532366771
3800001520,3800001520,3.79,2928,3168,4,4,294.4242640937284,291.90202678338596,2.5222373103424616
3800001520,3800001520,3.8,2928,3168,4,4,295.2338200444336,292.7125069561154,2.521313088318209
3800001520,3800001520,3.81,2928,3168,4,4,296.0433759951389,293.52298712884493,2.520388866293956
3800001520,3800001520,3.82,2928,3168,4,4,296.85293194584403,294.3334673015744,2.5194646442696467
3800001520,3800001520,3.83,2928,3168,4,4,297.6624878965493,295.1439474743039,2.518540422245394
3800001520,3800001520,3.84,2928,3168,4,4,298.4720438472545,295.95442764703336,2.5176162002211413
3800001520,3800001520,3.85,2928,3168,4,4,299.2815997979597,296.76490781976287,2.5166919781968318
3800001520,3800001520,3.86,2928,3168,4,4,300.0911557486649,297.5753879924924,2.5157677561725222
3800001520,3800001520,3.87,2928,3168,4,4,300.9007116993701,298.3858681652219,2.5148435341482127
3800001520,3800001520,3.88,2928,3168,4,4,301.7102676500753,299.19634833795135,2.51391931212396
3800001520,3800001520,3.89,2928,3168,4,4,302.51982360078057,300.00682851068086,2.5129950900997073
3800001520,3800001520,3.9,2928,3168,4,4,303.3293795514858,300.8173086834103,2.5120708680754547
3800001520,3800001520,3.91,2928,3168,4,4,304.138935502191,301.62778885613983,2.511146646051145
3800001520,3800001520,3.92,2928,3168,4,4,304.9484914528962,302.43826902886934,2.5102224240268356
3800001520,3800001520,3.93,2928,3168,4,4,305.7580474036014,303.24874920159886,2.509298202002526
3800001520,3800001520,3.94,2928,3168,4,4,306.5676033543066,304.0592293743283,2.5083739799782734
3800001520,3800001520,3.95,2928,3168,4,4,307.37715930501184,304.8697095470578,2.5074497579540207
3800001520,3800001520,3.96,2928,3168,4,4,308.186715255717,305.6801897197873,2.506525535929711
3800001520,3800001520,3.97,2928,3168,4,4,308.99627120642225,306.4906698925168,2.5056013139054585
3800001520,3800001520,3.98,2928,3168,4,4,309.80582715712745,307.3011500652463,2.504677091881149
3800001520,3800001520,3.99,2928,3168,4,4,310.61538310783266,308.1116302379758,2.5037528698568394
3800001520,3800001520,4.0,2928,3168,4,4,311.42493905853786,308.9221104107053,2.5028286478325867
3800000127,3800000127,0.0,0,0,0,0,162.18809509277338,162.18809509277338,0.0
3800000127,3800000127,0.01,0,0,0,0,162.18809509277338,162.18809509277338,0.0
3800000127,3800000127,0.02,0,0,0,0,162.18809509277338,162.18809509277338,0.0
3800000127,3800000127,0.03,0,0,0,0,162.18809509277338,162.18809509277338,0.0
3800000127,3800000127,0.04,0,0,0,0,162.18809509277338,162.18809509277338,0.0
3800000127,3800000127,0.05,0,0,0,0,162.18809509277338,162.18809509277338,0.0
3800000127,3800000127,0.06,0,0,0,0,162.18809509277338,162.18809509277338,0.0
3800000127,3800000127,0.07,0,0,0,0,162.18809509277338,162.18809509277338,0.0
3800000127,3800000127,0.08,0,0,0,0,162.18809509277338,162.18809509277338,0.0
3800000127,3800000127,0.09,0,0,0,0,162.18809509277338,162.18809509277338,0.0
3800000127,3800000127,0.1,0,0,0,0,162.18809509277338,162.18809509277338,0.0
3800000127,3800000127,0.11,0,0,0,0,162.18809509277338,162.18809509277338,0.0
3800000127,3800000127,0.12,0,0,0,0,162.18809509277338,162.18809509277338,0.0
3800000127,3800000127,0.13,0,0,0,0,162.18809509277338,162.18809509277338,0.0
3800000127,3800000127,0.14,0,0,0,0,162.18809509277338,162.18809509277338,0.0
3800000127,3800000127,0.15,0,0,0,0,162.18809509277338,162.18809509277338,0.0
3800000127,3800000127,0.16,0,0,0,0,162.18809509277338,162.18809509277338,0.0
3800000127,3800000127,0.17,0,0,0,0,162.18809509277338,162.18809509277338,0.0
3800000127,3800000127,0.18,0,0,0,0,162.18809509277338,162.18809509277338,0.0
3800000127,3800000127,0.19,0,0,0,0,162.18809509277338,162.18809509277338,0.0
3800000127,3800000127,0.2,0,0,0,0,162.18809509277338,162.18809509277338,0.0
3800000127,3800000127,0.21,0,0,0,0,162.18809509277338,162.18809509277338,0.0
3800000127,3800000127,0.22,0,0,0,0,162.18809509277338,162.18809509277338,0.0
3800000127,3800000127,0.23,0,0,0,0,162.18809509277338,162.18809509277338,0.0
3800000127,3800000127,0.24,0,0,0,0,162.18809509277338,162.18809509277338,0.0
3800000127,3800000127,0.25,0,0,0,0,162.18809509277338,162.18809509277338,0.0
3800000127,3800000127,0.26,0,0,0,0,162.18809509277338,162.18809509277338,0.0
3800000127,3800000127,0.27,0,0,0,0,162.18809509277338,162.18809509277338,0.0
3800000127,3800000127,0.28,0,0,0,0,162.18809509277338,162.18809509277338,0.0
3800000127,3800000127,0.29,0,0,0,0,162.18809509277338,162.18809509277338,0.0
3800000127,3800000127,0.3,0,0,0,0,162.18809509277338,162.18809509277338,0.0
3800000127,3800000127,0.31,0,0,0,0,162.18809509277338,162.18809509277338,0.0
3800000127,3800000127,0.32,0,0,0,0,162.18809509277338,162.18809509277338,0.0
3800000127,3800000127,0.33,0,0,0,0,162.18809509277338,162.18809509277338,0.0
3800000127,3800000127,0.34,0,0,0,0,162.18809509277338,162.18809509277338,0.0
3800000127,3800000127,0.35,0,0,0,0,162.18809509277338,162.18809509277338,0.0
3800000127,3800000127,0.36,0,0,0,0,162.18809509277338,162.18809509277338,0.0
3800000127,3800000127,0.37,0,0,0,0,162.18809509277338,162.18809509277338,0.0
3800000127,3800000127,0.38,0,0,0,0,162.18809509277338,162.18809509277338,0.0
3800000127,3800000127,0.39,0,0,0,0,162.18809509277338,162.18809509277338,0.0
3800000127,3800000127,0.4,0,0,0,0,162.18809509277338,162.18809509277338,0.0
3800000127,3800000127,0.41,0,0,0,0,162.18809509277338,162.18809509277338,0.0
3800000127,3800000127,0.42,0,0,0,0,162.18809509277338,162.18809509277338,0.0
3800000127,3800000127,0.43,0,0,0,0,162.18809509277338,162.18809509277338,0.0
3800000127,3800000127,0.44,0,0,0,0,162.18809509277338,162.18809509277338,0.0
3800000127,3800000127,0.45,0,0,0,0,162.18809509277338,162.18809509277338,0.0
3800000127,3800000127,0.46,0,0,0,0,162.18809509277338,162.18809509277338,0.0
3800000127,3800000127,0.47,0,0,0,0,162.18809509277338,162.18809509277338,0.0
3800000127,3800000127,0.48,0,0,0,0,162.18809509277338,162.18809509277338,0.0
3800000127,3800000127,0.49,0,0,0,0,162.18809509277338,162.18809509277338,0.0
3800000127,3800000127,0.5,0,0,0,0,162.18809509277338,162.18809509277338,0.0
3800000127,3800000127,0.51,0,0,0,0,162.18809509277338,162.18809509277338,0.0
3800000127,3800000127,0.52,0,0,0,0,162.18809509277338,162.18809509277338,0.0
3800000127,3800000127,0.53,0,0,0,0,162.18809509277338,162.18809509277338,0.0
3800000127,3800000127,0.54,0,0,0,0,162.18809509277338,162.18809509277338,0.0
3800000127,3800000127,0.55,0,0,0,0,162.18809509277338,162.18809509277338,0.0
3800000127,3800000127,0.56,0,0,0,0,162.18809509277338,162.18809509277338,0.0
3800000127,3800000127,0.57,0,0,0,0,162.18809509277338,162.18809509277338,0.0
3800000127,3800000127,0.58,0,0,0,0,162.18809509277338,162.18809509277338,0.0
3800000127,3800000127,0.59,0,0,0,0,162.18809509277338,162.18809509277338,0.0
3800000127,3800000127,0.6,0,0,0,0,162.18809509277338,162.18809509277338,0.0
3800000127,3800000127,0.61,0,0,0,0,162.18809509277338,162.18809509277338,0.0
3800000127,3800000127,0.62,0,0,0,0,162.18809509277338,162.18809509277338,0.0
3800000127,3800000127,0.63,0,0,0,0,162.18809509277338,162.18809509277338,0.0
3800000127,3800000127,0.64,0,0,0,0,162.18809509277338,162.18809509277338,0.0
3800000127,3800000127,0.65,0,0,0,0,162.18809509277338,162.18809509277338,0.0
3800000127,3800000127,0.66,0,0,0,0,162.18809509277338,162.18809509277338,0.0
3800000127,3800000127,0.67,0,0,0,0,162.18809509277338,162.18809509277338,0.0
3800000127,3800000127,0.68,0,0,0,0,162.18809509277338,162.18809509277338,0.0
3800000127,3800000127,0.69,0,0,0,0,162.18809509277338,162.18809509277338,0.0
3800000127,3800000127,0.7,0,0,0,0,162.18809509277338,162.18809509277338,0.0
3800000127,3800000127,0.71,0,0,0,0,162.18809509277338,162.18809509277338,0.0
3800000127,3800000127,0.72,0,0,0,0,162.18809509277338,162.18809509277338,0.0
3800000127,3800000127,0.73,0,0,0,0,162.18809509277338,162.18809509277338,0.0
3800000127,3800000127,0.74,0,0,0,0,162.18809509277338,162.18809509277338,0.0
3800000127,3800000127,0.75,0,0,0,0,162.18809509277338,162.18809509277338,0.0
3800000127,3800000127,0.76,0,0,0,0,162.18809509277338,162.18809509277338,0.0
3800000127,3800000127,0.77,0,0,0,0,162.18809509277338,162.18809509277338,0.0
3800000127,3800000127,0.78,0,0,0,0,162.18809509277338,162.18809509277338,0.0
3800000127,3800000127,0.79,0,0,0,0,162.18809509277338,162.18809509277338,0.0
3800000127,3800000127,0.8,0,0,0,0,162.18809509277338,162.18809509277338,0.0
3800000127,3800000127,0.81,0,0,0,0,162.18809509277338,162.18809509277338,0.0
3800000127,3800000127,0.82,0,0,0,0,162.18809509277338,162.18809509277338,0.0
3800000127,3800000127,0.83,0,0,0,0,162.18809509277338,162.18809509277338,0.0
3800000127,3800000127,0.84,0,0,0,0,162.18809509277338,162.18809509277338,0.0
3800000127,3800000127,0.85,0,0,0,0,162.18809509277338,162.18809509277338,0.0
3800000127,3800000127,0.86,0,0,0,0,162.18809509277338,162.18809509277338,0.0
3800000127,3800000127,0.87,0,0,0,0,162.18809509277338,162.18809509277338,0.0
3800000127,3800000127,0.88,0,0,0,0,162.18809509277338,162.18809509277338,0.0
3800000127,3800000127,0.89,0,0,0,0,162.18809509277338,162.18809509277338,0.0
3800000127,3800000127,0.9,0,0,0,0,162.18809509277338,162.18809509277338,0.0
3800000127,3800000127,0.91,0,0,0,0,162.18809509277338,162.18809509277338,0.0
3800000127,3800000127,0.92,0,0,0,0,162.18809509277338,162.18809509277338,0.0
3800000127,3800000127,0.93,0,0,0,0,162.18809509277338,162.18809509277338,0.0
3800000127,3800000127,0.94,0,0,0,0,162.18809509277338,162.18809509277338,0.0
3800000127,3800000127,0.95,0,0,0,0,162.18809509277338,162.18809509277338,0.0
3800000127,3800000127,0.96,0,0,0,0,162.18809509277338,162.18809509277338,0.0
3800000127,3800000127,0.97,0,0,0,0,162.18809509277338,162.18809509277338,0.0
3800000127,3800000127,0.98,0,0,0,0,162.18809509277338,162.18809509277338,0.0
3800000127,3800000127,0.99,0,0,0,0,162.18809509277338,162.18809509277338,0.0
3800000127,3800000127,1.0,0,0,0,0,162.18809509277338,162.18809509277338,0.0
3800000127,3800000127,1.01,0,0,0,0,162.18809509277338,162.18809509277338,0.0
3800000127,3800000127,1.02,0,0,0,0,162.18809509277338,162.18809509277338,0.0
3800000127,3800000127,1.03,0,0,0,0,162.18809509277338,162.18809509277338,0.0
3800000127,3800000127,1.04,0,0,0,0,162.18809509277338,162.18809509277338,0.0
3800000127,3800000127,1.05,0,0,0,0,162.18809509277338,162.18809509277338,0.0
3800000127,3800000127,1.06,0,0,0,0,162.18809509277338,162.18809509277338,0.0
3800000127,3800000127,1.07,0,0,0,0,162.18809509277338,162.18809509277338,0.0
3800000127,3800000127,1.08,0,0,0,0,162.18809509277338,162.18809509277338,0.0
3800000127,3800000127,1.09,0,0,0,0,162.18809509277338,162.18809509277338,0.0
3800000127,3800000127,1.1,0,0,0,0,162.18809509277338,162.18809509277338,0.0
3800000127,3800000127,1.11,0,0,0,0,162.18809509277338,162.18809509277338,0.0
3800000127,3800000127,1.12,0,0,0,0,162.18809509277338,162.18809509277338,0.0
3800000127,3800000127,1.13,0,0,0,0,162.18809509277338,162.18809509277338,0.0
3800000127,3800000127,1.14,0,0,0,0,162.18809509277338,162.18809509277338,0.0
3800000127,3800000127,1.15,0,0,0,0,162.18809509277338,162.18809509277338,0.0
3800000127,3800000127,1.16,0,0,0,0,162.18809509277338,162.18809509277338,0.0
3800000127,3800000127,1.17,0,0,0,0,162.18809509277338,162.18809509277338,0.0
3800000127,3800000127,1.18,0,0,0,0,162.18809509277338,162.18809509277338,0.0
3800000127,3800000127,1.19,0,0,0,0,162.18809509277338,162.18809509277338,0.0
3800000127,3800000127,1.2,0,0,0,0,162.18809509277338,162.18809509277338,0.0
3800000127,3800000127,1.21,0,0,0,0,162.18809509277338,162.18809509277338,0.0
3800000127,3800000127,1.22,0,0,0,0,162.18809509277338,162.18809509277338,0.0
3800000127,3800000127,1.23,0,0,0,0,162.18809509277338,162.18809509277338,0.0
3800000127,3800000127,1.24,0,0,0,0,162.18809509277338,162.18809509277338,0.0
3800000127,3800000127,1.25,0,0,0,0,162.18809509277338,162.18809509277338,0.0
3800000127,3800000127,1.26,0,0,0,0,162.18809509277338,162.18809509277338,0.0
3800000127,3800000127,1.27,0,0,0,0,162.18809509277338,162.18809509277338,0.0
3800000127,3800000127,1.28,0,0,0,0,162.18809509277338,162.18809509277338,0.0
3800000127,3800000127,1.29,0,0,0,0,162.18809509277338,162.18809509277338,0.0
3800000127,3800000127,1.3,0,0,0,0,162.18809509277338,162.18809509277338,0.0
3800000127,3800000127,1.31,0,0,0,0,162.18809509277338,162.18809509277338,0.0
3800000127,3800000127,1.32,0,0,0,0,162.18809509277338,162.18809509277338,0.0
3800000127,3800000127,1.33,0,0,0,0,162.18809509277338,162.18809509277338,0.0
3800000127,3800000127,1.34,0,0,0,0,162.18809509277338,162.18809509277338,0.0
3800000127,3800000127,1.35,0,0,0,0,162.18809509277338,162.18809509277338,0.0
3800000127,3800000127,1.36,0,0,0,0,162.18809509277338,162.18809509277338,0.0
3800000127,3800000127,1.37,0,0,0,0,162.18809509277338,162.18809509277338,0.0
3800000127,3800000127,1.38,0,0,0,0,162.18809509277338,162.18809509277338,0.0
3800000127,3800000127,1.39,0,0,0,0,162.18809509277338,162.18809509277338,0.0
3800000127,3800000127,1.4,0,0,0,0,162.18809509277338,162.18809509277338,0.0
3800000127,3800000127,1.41,0,0,0,0,162.18809509277338,162.18809509277338,0.0
3800000127,3800000127,1.42,0,0,0,0,162.18809509277338,162.18809509277338,0.0
3800000127,3800000127,1.43,0,0,0,0,162.18809509277338,162.18809509277338,0.0
3800000127,3800000127,1.44,0,0,0,0,162.18809509277338,162.18809509277338,0.0
3800000127,3800000127,1.45,0,0,0,0,162.18809509277338,162.18809509277338,0.0
3800000127,3800000127,1.46,0,0,0,0,162.18809509277338,162.18809509277338,0.0
3800000127,3800000127,1.47,0,0,0,0,162.18809509277338,162.18809509277338,0.0
3800000127,3800000127,1.48,0,0,0,0,162.18809509277338,162.18809509277338,0.0
3800000127,3800000127,1.49,0,0,0,0,162.18809509277338,162.18809509277338,0.0
3800000127,3800000127,1.5,0,0,0,0,162.18809509277338,162.18809509277338,0.0
3800000127,3800000127,1.51,0,0,0,0,162.18809509277338,162.18809509277338,0.0
3800000127,3800000127,1.52,0,0,0,0,162.18809509277338,162.18809509277338,0.0
3800000127,3800000127,1.53,0,0,0,0,162.18809509277338,162.18809509277338,0.0
3800000127,3800000127,1.54,0,0,0,0,162.18809509277338,162.18809509277338,0.0
3800000127,3800000127,1.55,0,0,0,0,162.18809509277338,162.18809509277338,0.0
3800000127,3800000127,1.56,0,0,0,0,162.18809509277338,162.18809509277338,0.0
3800000127,3800000127,1.57,0,0,0,0,162.18809509277338,162.18809509277338,0.0
3800000127,3800000127,1.58,0,0,0,0,162.18809509277338,162.18809509277338,0.0
3800000127,3800000127,1.59,0,0,0,0,162.18809509277338,162.18809509277338,0.0
3800000127,3800000127,1.6,0,0,0,0,162.18809509277338,162.18809509277338,0.0
3800000127,3800000127,1.61,0,0,0,0,162.18809509277338,162.18809509277338,0.0
3800000127,3800000127,1.62,0,0,0,0,162.18809509277338,162.18809509277338,0.0
3800000127,3800000127,1.63,0,0,0,0,162.18809509277338,162.18809509277338,0.0
3800000127,3800000127,1.64,0,0,0,0,162.18809509277338,162.18809509277338,0.0
3800000127,3800000127,1.65,0,0,0,0,162.18809509277338,162.18809509277338,0.0
3800000127,3800000127,1.66,0,0,0,0,162.18809509277338,162.18809509277338,0.0
3800000127,3800000127,1.67,0,0,0,0,162.18809509277338,162.18809509277338,0.0
3800000127,3800000127,1.68,0,0,0,0,162.18809509277338,162.18809509277338,0.0
3800000127,3800000127,1.69,0,0,0,0,162.18809509277338,162.18809509277338,0.0
3800000127,3800000127,1.7,0,0,0,0,162.18809509277338,162.18809509277338,0.0
3800000127,3800000127,1.71,0,0,0,0,162.18809509277338,162.18809509277338,0.0
3800000127,3800000127,1.72,0,0,0,0,162.18809509277338,162.18809509277338,0.0
3800000127,3800000127,1.73,0,0,0,0,162.18809509277338,162.18809509277338,0.0
3800000127,3800000127,1.74,0,0,0,0,162.18809509277338,162.18809509277338,0.0
3800000127,3800000127,1.75,0,0,0,0,162.18809509277338,162.18809509277338,0.0
3800000127,3800000127,1.76,0,0,0,0,162.18809509277338,162.18809509277338,0.0
3800000127,3800000127,1.77,0,0,0,0,162.18809509277338,162.18809509277338,0.0
3800000127,3800000127,1.78,0,0,0,0,162.18809509277338,162.18809509277338,0.0
3800000127,3800000127,1.79,0,0,0,0,162.18809509277338,162.18809509277338,0.0
3800000127,3800000127,1.8,0,0,0,0,162.18809509277338,162.18809509277338,0.0
3800000127,3800000127,1.81,0,0,0,0,162.18809509277338,162.18809509277338,0.0
3800000127,3800000127,1.82,0,0,0,0,162.18809509277338,162.18809509277338,0.0
3800000127,3800000127,1.83,0,0,0,0,162.18809509277338,162.18809509277338,0.0
3800000127,3800000127,1.84,0,0,0,0,162.18809509277338,162.18809509277338,0.0
3800000127,3800000127,1.85,0,0,0,0,162.18809509277338,162.18809509277338,0.0
3800000127,3800000127,1.86,0,0,0,0,162.18809509277338,162.18809509277338,0.0
3800000127,3800000127,1.87,0,0,0,0,162.18809509277338,162.18809509277338,0.0
3800000127,3800000127,1.88,0,0,0,0,162.18809509277338,162.18809509277338,0.0
3800000127,3800000127,1.89,0,0,0,0,162.18809509277338,162.18809509277338,0.0
3800000127,3800000127,1.9,0,0,0,0,162.18809509277338,162.18809509277338,0.0
3800000127,3800000127,1.91,0,0,0,0,162.18809509277338,162.18809509277338,0.0
3800000127,3800000127,1.92,0,0,0,0,162.18809509277338,162.18809509277338,0.0
3800000127,3800000127,1.93,0,0,0,0,162.18809509277338,162.18809509277338,0.0
3800000127,3800000127,1.94,0,0,0,0,162.18809509277338,162.18809509277338,0.0
3800000127,3800000127,1.95,0,0,0,0,162.18809509277338,162.18809509277338,0.0
3800000127,3800000127,1.96,0,0,0,0,162.18809509277338,162.18809509277338,0.0
3800000127,3800000127,1.97,0,0,0,0,162.18809509277338,162.18809509277338,0.0
3800000127,3800000127,1.98,0,0,0,0,162.18809509277338,162.18809509277338,0.0
3800000127,3800000127,1.99,0,0,0,0,162.18809509277338,162.18809509277338,0.0
3800000127,3800000127,2.0,0,0,0,0,162.18809509277338,162.18809509277338,0.0
3800000127,3800000127,2.01,0,0,0,0,162.18809509277338,162.18809509277338,0.0
3800000127,3800000127,2.02,0,0,0,0,162.18809509277338,162.18809509277338,0.0
3800000127,3800000127,2.03,0,0,0,0,162.18809509277338,162.18809509277338,0.0
3800000127,3800000127,2.04,0,0,0,0,162.18809509277338,162.18809509277338,0.0
3800000127,3800000127,2.05,0,0,0,0,162.18809509277338,162.18809509277338,0.0
3800000127,3800000127,2.06,0,0,0,0,162.18809509277338,162.18809509277338,0.0
3800000127,3800000127,2.07,0,0,0,0,162.18809509277338,162.18809509277338,0.0
3800000127,3800000127,2.08,0,0,0,0,162.18809509277338,162.18809509277338,0.0
3800000127,3800000127,2.09,0,0,0,0,162.18809509277338,162.18809509277338,0.0
3800000127,3800000127,2.1,0,0,0,0,162.18809509277338,162.18809509277338,0.0
3800000127,3800000127,2.11,0,0,0,0,162.18809509277338,162.18809509277338,0.0
3800000127,3800000127,2.12,3,3168,1,4,162.2507698373795,156.65704588832853,5.593723949050968
3800000127,3800000127,2.13,3,3168,1,4,162.39024796319012,157.22747892794607,5.162769035244054
3800000127,3800000127,2.14,3,3168,1,4,162.52972608900075,157.7979119675636,4.731814121437139
3800000127,3800000127,2.15,3,3168,1,4,162.66920421481137,158.36834500718115,4.300859207630225
3800000127,3800000127,2.16,3,3168,1,4,162.808682340622,158.9387780467987,3.8699042938233106
3800000127,3800000127,2.17,3,3168,1,4,162.9481604664326,159.50921108641623,3.4389493800163677
3800000127,3800000127,2.18,3,3168,1,4,163.08763859224322,160.07964412603377,3.0079944662094533
3800000127,3800000127,2.19,3,3168,1,4,163.22711671805385,160.6500771656513,2.577039552402539
3800000127,3800000127,2.2,3,3168,1,4,163.36659484386448,161.22051020526885,2.1460846385956245
3800000127,3800000127,2.21,21,3168,2,4,163.51971570107142,161.79094324488636,1.7287724561850553
3800000127,3800000127,2.22,21,3168,2,4,163.79912624924978,162.36137628450393,1.4377499647458478
3800000127,3800000127,2.23,903,3168,4,4,164.25923006057738,162.93180932412145,1.3274207364559345
3800000127,3800000127,2.24,903,3168,4,4,164.8239730334282,163.50224236373901,1.321730669689174
3800000127,3800000127,2.25,903,3168,4,4,165.388716006279,164.07267540335653,1.3160406029224703
3800000127,3800000127,2.26,903,3168,4,4,165.95345897912978,164.64310844297407,1.3103505361557097
3800000127,3800000127,2.27,903,3168,4,4,166.5182019519806,165.2135414825916,1.3046604693889776
3800000127,3800000127,2.28,903,3168,4,4,167.08294492483137,165.78397452220915,1.298970402622217
3800000127,3800000127,2.29,1578,3168,4,4,167.64844846609432,166.3544075618267,1.2940409042676322
3800000127,3800000127,2.3,1578,3168,4,4,168.21480198049542,166.92484060144423,1.2899613790511921
3800000127,3800000127,2.31,2820,3168,4,4,168.78166361196836,167.49527364106177,1.2863899709065834
3800000127,3800000127,2.32,2820,3168,4,4,169.34921033986407,168.0657066806793,1.2835036591847597
3800000127,3800000127,2.33,2820,3168,4,4,169.91675706775982,168.63613972029685,1.2806173474629645
3800000127,3800000127,2.34,2820,3168,4,4,170.48430379565556,169.20657275991437,1.2777310357411977
3800000127,3800000127,2.35,2820,3168,4,4,171.0518505235513,169.77700579953193,1.274844724019374
3800000127,3800000127,2.36,2820,3168,4,4,171.61939725144703,170.34743883914945,1.2719584122975789
3800000127,3800000127,2.37,2820,3168,4,4,172.18694397934277,170.91787187876702,1.2690721005757553
3800000127,3800000127,2.38,2820,3168,4,4,172.7544907072385,171.48830491838453,1.26618578885396
3800000127,3800000127,2.39,2820,3168,4,4,173.32203743513426,172.0587379580021,1.2632994771321648
3800000127,3800000127,2.4,2820,3168,4,4,173.88958416302998,172.6291709976196,1.2604131654103696
3800000127,3800000127,2.41,2820,3168,4,4,174.45713089092573,173.19960403723715,1.2575268536885744
3800000127,3800000127,2.42,2820,3168,4,4,175.02467761882144,173.7700370768547,1.2546405419667508
3800000127,3800000127,2.43,2928,3168,4,4,175.59276125307085,174.34047011647223,1.2522911365986147
3800000127,3800000127,2.44,2928,3168,4,4,176.16149324617388,174.91090315608977,1.2505900900841027
3800000127,3800000127,2.45,2928,3168,4,4,176.7302252392769,175.4813361957073,1.2488890435695907
3800000127,3800000127,2.46,2928,3168,4,4,177.29895723237993,176.05176923532485,1.2471879970550788
3800000127,3800000127,2.47,2928,3168,4,4,177.86768922548296,176.6222022749424,1.2454869505405668
3800000127,3800000127,2.48,2928,3168,4,4,178.436421218586,177.19263531455994,1.2437859040260548
3800000127,3800000127,2.49,2928,3168,4,4,179.00515321168902,177.76306835417748,1.2420848575115429
3800000127,3800000127,2.5,2928,3168,4,4,179.57388520479205,178.333501393795,1.2403838109970593
3800000127,3800000127,2.51,2928,3168,4,4,180.14261719789505,178.90393443341253,1.238682764482519
3800000127,3800000127,2.52,2928,3168,4,4,180.71134919099808,179.47436747303007,1.236981717968007
3800000127,3800000127,2.53,2928,3168,4,4,181.2800811841011,180.0448005126476,1.235280671453495
3800000127,3800000127,2.54,2928,3168,4,4,181.84881317720414,180.61523355226515,1.233579624938983
3800000127,3800000127,2.55,2928,3168,4,4,182.41754517030716,181.1856665918827,1.231878578424471
3800000127,3800000127,2.56,2928,3168,4,4,182.9862771634102,181.75609963150023,1.230177531909959
3800000127,3800000127,2.57,2928,3168,4,4,183.55500915651322,182.32653267111775,1.2284764853954755
3800000127,3800000127,2.58,2928,3168,4,4,184.12374114961625,182.89696571073532,1.226775438880935
3800000127,3800000127,2.59,2928,3168,4,4,184.69247314271928,183.46739875035283,1.2250743923664515
3800000127,3800000127,2.6,2928,3168,4,4,185.2612051358223,184.0378317899704,1.2233733458519112
3800000127,3800000127,2.61,2928,3168,4,4,185.82993712892534,184.6082648295879,1.2216722993374276
3800000127,3800000127,2.62,2928,3168,4,4,186.39866912202837,185.17869786920548,1.2199712528228872
3800000127,3800000127,2.63,2928,3168,4,4,186.9674011151314,185.749130908823,1.2182702063084037
3800000127,3800000127,2.64,2928,3168,4,4,187.53613310823442,186.31956394844053,1.2165691597938917
3800000127,3800000127,2.65,2928,3168,4,4,188.10486510133745,186.88999698805807,1.2148681132793797
3800000127,3800000127,2.66,2928,3168,4,4,188.67359709444048,187.4604300276756,1.2131670667648677
3800000127,3800000127,2.67,2928,3168,4,4,189.2423290875435,188.03086306729315,1.2114660202503558
3800000127,3800000127,2.68,2928,3168,4,4,189.81106108064654,188.6012961069107,1.2097649737358438
3800000127,3800000127,2.69,2928,3168,4,4,190.37979307374954,189.17172914652824,1.2080639272213034
3800000127,3800000127,2.7,2928,3168,4,4,190.9485250668526,189.74216218614578,1.2063628807068199
3800000127,3800000127,2.71,2928,3168,4,4,191.5172570599556,190.31259522576332,1.2046618341922795
3800000127,3800000127,2.72,2928,3168,4,4,192.08598905305865,190.88302826538086,1.202960787677796
3800000127,3800000127,2.73,2928,3168,4,4,192.65472104616165,191.45346130499837,1.201259741163284
3800000127,3800000127,2.74,2928,3168,4,4,193.2234530392647,192.02389434461594,1.199558694648772
3800000127,3800000127,2.75,3117,3168,4,4,193.79225181380912,192.59432738423345,1.1979244295756644
3800000127,3800000127,2.76,3117,3168,4,4,194.36139021972022,193.164760423851,1.196629795869228
3800000127,3800000127,2.77,3117,3168,4,4,194.93052862563138,193.73519346346853,1.1953351621628485
3800000127,3800000127,2.78,3117,3168,4,4,195.4996670315425,194.30562650308607,1.1940405284564122
3800000127,3800000127,2.79,3117,3168,4,4,196.06880543745362,194.87605954270362,1.1927458947500043
3800000127,3800000127,2.8,3117,3168,4,4,196.63794384336475,195.44649258232116,1.1914512610435963
3800000127,3800000127,2.81,3117,3168,4,4,197.20708224927589,196.0169256219387,1.1901566273371884
3800000127,3800000127,2.82,3117,3168,4,4,197.776220655187,196.5873586615562,1.1888619936307805
3800000127,3800000127,2.83,3117,3168,4,4,198.34535906109815,197.15779170117378,1.1875673599243726
3800000127,3800000127,2.84,3117,3168,4,4,198.91449746700926,197.7282247407913,1.1862727262179646
3800000127,3800000127,2.85,3117,3168,4,4,199.4836358729204,198.29865778040886,1.1849780925115283
3800000127,3800000127,2.86,3117,3168,4,4,200.05277427883152,198.86909082002637,1.1836834588051488
3800000127,3800000127,2.87,3117,3168,4,4,200.62191268474265,199.43952385964394,1.1823888250987125
3800000127,3800000127,2.88,3117,3168,4,4,201.19105109065376,200.00995689926145,1.1810941913923045
3800000127,3800000127,2.89,3117,3168,4,4,201.76018949656492,200.580389938879,1.179799557685925
3800000127,3800000127,2.9,3117,3168,4,4,202.32932790247602,201.15082297849654,1.1785049239794887
3800000127,3800000127,2.91,3117,3168,4,4,202.89846630838716,201.72125601811408,1.1772102902730808
3800000127,3800000127,2.92,3117,3168,4,4,203.4676047142983,202.29168905773162,1.1759156565666729
3800000127,3800000127,2.93,3117,3168,4,4,204.03674312020942,202.86212209734916,1.174621022860265
3800000127,3800000127,2.94,3117,3168,4,4,204.60588152612053,203.4325551369667,1.1733263891538286
3800000127,3800000127,2.95,3117,3168,4,4,205.1750199320317,204.00298817658424,1.172031755447449
3800000127,3800000127,2.96,3117,3168,4,4,205.7441583379428,204.57342121620178,1.1707371217410127
3800000127,3800000127,2.97,3117,3168,4,4,206.31329674385393,205.14385425581932,1.1694424880346048
3800000127,3800000127,2.98,3117,3168,4,4,206.88243514976506,205.71428729543683,1.1681478543282253
3800000127,3800000127,2.99,3117,3168,4,4,207.4515735556762,206.2847203350544,1.166853220621789
3800000127,3800000127,3.0,3117,3168,4,4,208.02071196158732,206.85515337467191,1.1655585869154095
3800000127,3800000127,3.01,3117,3168,4,4,208.58985036749843,207.42558641428946,1.1642639532089731
3800000127,3800000127,3.02,3117,3168,4,4,209.15898877340956,207.996019453907,1.1629693195025652
3800000127,3800000127,3.03,3117,3168,4,4,209.7281271793207,208.56645249352454,1.1616746857961573
3800000127,3800000127,3.04,3117,3168,4,4,210.29726558523183,209.13688553314208,1.1603800520897494
3800000127,3800000127,3.05,3117,3168,4,4,210.86640399114293,209.7073185727596,1.1590854183833414
3800000127,3800000127,3.06,3135,3168,4,4,211.4358593759219,210.27775161237716,1.1581077635447343
3800000127,3800000127,3.07,3135,3168,4,4,212.00598375679652,210.84818465199467,1.1577991048018532
3800000127,3800000127,3.08,3135,3168,4,4,212.57610813767116,211.41861769161224,1.1574904460589153
3800000127,3800000127,3.09,3135,3168,4,4,213.1462325185458,211.98905073122975,1.1571817873160342
3800000127,3800000127,3.1,3135,3168,4,4,213.71635689942042,212.55948377084732,1.1568731285730962
3800000127,3800000127,3.11,3135,3168,4,4,214.28648128029505,213.12991681046483,1.156564469830215
3800000127,3800000127,3.12,3135,3168,4,4,214.85660566116968,213.70034985008238,1.1562558110873056
3800000127,3800000127,3.13,3135,3168,4,4,215.4267300420443,214.27078288969992,1.155947152344396
3800000127,3800000127,3.14,3135,3168,4,4,215.996854422919,214.84121592931746,1.1556384936015434
3800000127,3800000127,3.15,3135,3168,4,4,216.56697880379357,215.411648968935,1.155329834858577
3800000127,3800000127,3.16,3135,3168,4,4,217.13710318466826,215.98208200855254,1.1550211761157243
3800000127,3800000127,3.17,3135,3168,4,4,217.70722756554284,216.55251504817008,1.154712517372758
3800000127,3800000127,3.18,3135,3168,4,4,218.27735194641753,217.12294808778762,1.1544038586299052
3800000127,3800000127,3.19,3135,3168,4,4,218.84747632729216,217.69338112740516,1.1540951998869957
3800000127,3800000127,3.2,3135,3168,4,4,219.4176007081668,218.2638141670227,1.1537865411440862
3800000127,3800000127,3.21,3135,3168,4,4,219.98772508904142,218.8342472066402,1.153477882401205
3800000127,3800000127,3.22,3135,3168,4,4,220.55784946991605,219.40468024625778,1.1531692236582671
3800000127,3800000127,3.23,3135,3168,4,4,221.12797385079068,219.9751132858753,1.152860564915386
3800000127,3800000127,3.24,3135,3168,4,4,221.6980982316653,220.54554632549286,1.152551906172448
3800000127,3800000127,3.25,3135,3168,4,4,222.26822261253994,221.11597936511038,1.152243247429567
3800000127,3800000127,3.26,3135,3168,4,4,222.83834699341458,221.68641240472792,1.1519345886866574
3800000127,3800000127,3.27,3135,3168,4,4,223.4084713742892,222.25684544434546,1.151625929943748
3800000127,3800000127,3.28,3135,3168,4,4,223.97859575516384,222.827278483963,1.1513172712008384
3800000127,3800000127,3.29,3135,3168,4,4,224.54872013603847,223.39771152358054,1.1510086124579288
3800000127,3800000127,3.3,3135,3168,4,4,225.1188445169131,223.96814456319805,1.1506999537150477
3800000127,3800000127,3.31,3135,3168,4,4,225.68896889778773,224.53857760281562,1.1503912949721098
3800000127,3800000127,3.32,3135,3168,4,4,226.25909327866236,225.10901064243313,1.1500826362292287
3800000127,3800000127,3.33,3135,3168,4,4,226.829217659537,225.6794436820507,1.1497739774862907
3800000127,3800000127,3.34,3135,3168,4,4,227.39934204041163,226.24987672166822,1.1494653187434096
3800000127,3800000127,3.35,3135,3168,4,4,227.96946642128626,226.82030976128578,1.1491566600004717
3800000127,3800000127,3.36,3135,3168,4,4,228.5395908021609,227.3907428009033,1.1488480012575906
3800000127,3800000127,3.37,3135,3168,4,4,229.10971518303558,227.96117584052084,1.1485393425147379
3800000127,3800000127,3.38,3135,3168,4,4,229.67983956391015,228.53160888013838,1.1482306837717715
3800000127,3800000127,3.39,3135,3168,4,4,230.24996394478484,229.10204191975592,1.1479220250289188
3800000127,3800000127,3.4,3135,3168,4,4,230.8200883256594,229.67247495937346,1.1476133662859525
3800000127,3800000127,3.41,3135,3168,4,4,231.3902127065341,230.242907998991,1.1473047075430998
3800000127,3800000127,3.42,3135,3168,4,4,231.96033708740873,230.81334103860854,1.1469960488001902
3800000127,3800000127,3.43,3135,3168,4,4,232.53046146828336,231.38377407822608,1.1466873900572807
3800000127,3800000127,3.44,3135,3168,4,4,233.100585849158,231.95420711784362,1.1463787313143712
3800000127,3800000127,3.45,3135,3168,4,4,233.67071023003263,232.52464015746116,1.1460700725714617
3800000127,3800000127,3.46,3135,3168,4,4,234.24083461090726,233.09507319707868,1.1457614138285805
3800000127,3800000127,3.47,3135,3168,4,4,234.8109589917819,233.66550623669625,1.1454527550856426
3800000127,3800000127,3.48,3135,3168,4,4,235.38108337265652,234.23593927631376,1.1451440963427615
3800000127,3800000127,3.49,3135,3168,4,4,235.95120775353115,234.80637231593133,1.1448354375998235
3800000127,3800000127,3.5,3135,3168,4,4,236.52133213440578,235.37680535554884,1.1445267788569424
3800000127,3800000127,3.51,3135,3168,4,4,237.0914565152804,235.94723839516638,1.144218120114033
3800000127,3800000127,3.52,3135,3168,4,4,237.66158089615504,236.51767143478392,1.1439094613711234
3800000127,3800000127,3.53,3135,3168,4,4,238.23170527702968,237.08810447440143,1.1436008026282423
3800000127,3800000127,3.54,3135,3168,4,4,238.8018296579043,237.658537514019,1.1432921438853043
3800000127,3800000127,3.55,3135,3168,4,4,239.37195403877894,238.22897055363651,1.1429834851424232
3800000127,3800000127,3.56,3135,3168,4,4,239.94207841965357,238.79940359325408,1.1426748263994853
3800000127,3800000127,3.57,3135,3168,4,4,240.5122028005282,239.3698366328716,1.1423661676566041
3800000127,3800000127,3.58,3135,3168,4,4,241.08232718140283,239.94026967248917,1.1420575089136662
3800000127,3800000127,3.59,3135,3168,4,4,241.65245156227746,240.51070271210668,1.141748850170785
3800000127,3800000127,3.6,3135,3168,4,4,242.22257594315215,241.08113575172422,1.1414401914279324
3800000127,3800000127,3.61,3135,3168,4,4,242.79270032402673,241.65156879134176,1.141131532684966
3800000127,3800000127,3.62,3135,3168,4,4,243.3628247049014,242.2220018309593,1.1408228739421133
3800000127,3800000127,3.63,3135,3168,4,4,243.932949085776,242.79243487057684,1.140514215199147
3800000127,3800000127,3.64,3135,3168,4,4,244.50307346665068,243.36286791019438,1.1402055564562943
3800000127,3800000127,3.65,3135,3168,4,4,245.0731978475253,243.93330094981192,1.1398968977133848
3800000127,3800000127,3.66,3135,3168,4,4,245.64332222839994,244.50373398942946,1.1395882389704752
3800000127,3800000127,3.67,3135,3168,4,4,246.21344660927457,245.074167029047,1.1392795802275657
3800000127,3800000127,3.68,3135,3168,4,4,246.7835709901492,245.64460006866454,1.1389709214846562
3800000127,3800000127,3.69,3135,3168,4,4,247.35369537102383,246.21503310828206,1.138662262741775
3800000127,3800000127,3.7,3135,3168,4,4,247.92381975189846,246.78546614789963,1.1383536039988371
3800000127,3800000127,3.71,3135,3168,4,4,248.4939441327731,247.35589918751714,1.138044945255956
3800000127,3800000127,3.72,3135,3168,4,4,249.06406851364773,247.9263322271347,1.137736286513018
3800000127,3800000127,3.73,3135,3168,4,4,249.63419289452236,248.49676526675222,1.137427627770137
3800000127,3800000127,3.74,3135,3168,4,4,250.204317275397,249.0671983063698,1.137118969027199
3800000127,3800000127,3.75,3135,3168,4,4,250.77444165627162,249.6376313459873,1.136810310284318
3800000127,3800000127,3.76,3135,3168,4,4,251.34456603714625,250.20806438560484,1.1365016515414084
3800000127,3800000127,3.77,3135,3168,4,4,251.91469041802088,250.77849742522238,1.1361929927984988
3800000127,3800000127,3.78,3135,3168,4,4,252.4848147988955,251.3489304648399,1.1358843340556177
3800000127,3800000127,3.79,3135,3168,4,4,253.05493917977014,251.91936350445746,1.1355756753126798
3800000127,3800000127,3.8,3135,3168,4,4,253.62506356064478,252.48979654407498,1.1352670165697987
3800000127,3800000127,3.81,3135,3168,4,4,254.1951879415194,253.06022958369255,1.1349583578268607
3800000127,3800000127,3.82,3135,3168,4,4,254.76531232239404,253.63066262331006,1.1346496990839796
3800000127,3800000127,3.83,3135,3168,4,4,255.33543670326873,254.20109566292763,1.1343410403410985
3800000127,3800000127,3.84,3135,3168,4,4,255.9055610841433,254.77152870254514,1.1340323815981606
3800000127,3800000127,3.85,3135,3168,4,4,256.475685465018,255.34196174216268,1.1337237228553079
3800000127,3800000127,3.86,3135,3168,4,4,257.04580984589256,255.91239478178022,1.1334150641123415
3800000127,3800000127,3.87,3135,3168,4,4,257.61593422676725,256.4828278213978,1.1331064053694604
3800000127,3800000127,3.88,3135,3168,4,4,258.1860586076419,257.0532608610153,1.1327977466265793
3800000127,3800000127,3.89,3135,3168,4,4,258.7561829885165,257.6236939006328,1.1324890878836982
3800000127,3800000127,3.9,3135,3168,4,4,259.32630736939115,258.1941269402504,1.1321804291407602
3800000127,3800000127,3.91,3135,3168,4,4,259.8964317502658,258.76455997986795,1.1318717703978223
3800000127,3800000127,3.92,3135,3168,4,4,260.4665561311404,259.33499301948547,1.1315631116549412
3800000127,3800000127,3.93,3135,3168,4,4,261.03668051201504,259.905426059103,1.13125445291206
3800000127,3800000127,3.94,3135,3168,4,4,261.60680489288967,260.47585909872055,1.130945794169122
3800000127,3800000127,3.95,3135,3168,4,4,262.1769292737643,261.0462921383381,1.1306371354261842
3800000127,3800000127,3.96,3135,3168,4,4,262.74705365463893,261.6167251779556,1.13032847668336
3800000127,3800000127,3.97,3135,3168,4,4,263.31717803551356,262.18715821757314,1.130019817940422
3800000127,3800000127,3.98,3135,3168,4,4,263.8873024163882,262.7575912571907,1.129711159197484
3800000127,3800000127,3.99,3135,3168,4,4,264.4574267972628,263.3280242968083,1.129402500454546
3800000127,3800000127,4.0,3135,3168,4,4,265.02755117813746,263.89845733642574,1.1290938417117218
1600066510,1600066510,0.0,0,0,0,0,269.8931274414066,269.8931274414066,0.0
1600066510,1600066510,0.01,0,0,0,0,269.8931274414066,269.8931274414066,0.0
1600066510,1600066510,0.02,0,0,0,0,269.8931274414066,269.8931274414066,0.0
1600066510,1600066510,0.03,0,0,0,0,269.8931274414066,269.8931274414066,0.0
1600066510,1600066510,0.04,0,0,0,0,269.8931274414066,269.8931274414066,0.0
1600066510,1600066510,0.05,0,0,0,0,269.8931274414066,269.8931274414066,0.0
1600066510,1600066510,0.06,0,0,0,0,269.8931274414066,269.8931274414066,0.0
1600066510,1600066510,0.07,0,0,0,0,269.8931274414066,269.8931274414066,0.0
1600066510,1600066510,0.08,0,0,0,0,269.8931274414066,269.8931274414066,0.0
1600066510,1600066510,0.09,0,0,0,0,269.8931274414066,269.8931274414066,0.0
1600066510,1600066510,0.1,0,0,0,0,269.8931274414066,269.8931274414066,0.0
1600066510,1600066510,0.11,0,0,0,0,269.8931274414066,269.8931274414066,0.0
1600066510,1600066510,0.12,0,0,0,0,269.8931274414066,269.8931274414066,0.0
1600066510,1600066510,0.13,0,0,0,0,269.8931274414066,269.8931274414066,0.0
1600066510,1600066510,0.14,0,0,0,0,269.8931274414066,269.8931274414066,0.0
1600066510,1600066510,0.15,0,0,0,0,269.8931274414066,269.8931274414066,0.0
1600066510,1600066510,0.16,0,0,0,0,269.8931274414066,269.8931274414066,0.0
1600066510,1600066510,0.17,0,0,0,0,269.8931274414066,269.8931274414066,0.0
1600066510,1600066510,0.18,0,0,0,0,269.8931274414066,269.8931274414066,0.0
1600066510,1600066510,0.19,0,0,0,0,269.8931274414066,269.8931274414066,0.0
1600066510,1600066510,0.2,0,0,0,0,269.8931274414066,269.8931274414066,0.0
1600066510,1600066510,0.21,0,0,0,0,269.8931274414066,269.8931274414066,0.0
1600066510,1600066510,0.22,0,0,0,0,269.8931274414066,269.8931274414066,0.0
1600066510,1600066510,0.23,0,0,0,0,269.8931274414066,269.8931274414066,0.0
1600066510,1600066510,0.24,0,0,0,0,269.8931274414066,269.8931274414066,0.0
1600066510,1600066510,0.25,0,0,0,0,269.8931274414066,269.8931274414066,0.0
1600066510,1600066510,0.26,0,0,0,0,269.8931274414066,269.8931274414066,0.0
1600066510,1600066510,0.27,0,0,0,0,269.8931274414066,269.8931274414066,0.0
1600066510,1600066510,0.28,0,0,0,0,269.8931274414066,269.8931274414066,0.0
1600066510,1600066510,0.29,0,0,0,0,269.8931274414066,269.8931274414066,0.0
1600066510,1600066510,0.3,0,0,0,0,269.8931274414066,269.8931274414066,0.0
1600066510,1600066510,0.31,0,0,0,0,269.8931274414066,269.8931274414066,0.0
1600066510,1600066510,0.32,0,0,0,0,269.8931274414066,269.8931274414066,0.0
1600066510,1600066510,0.33,0,0,0,0,269.8931274414066,269.8931274414066,0.0
1600066510,1600066510,0.34,0,0,0,0,269.8931274414066,269.8931274414066,0.0
1600066510,1600066510,0.35,0,0,0,0,269.8931274414066,269.8931274414066,0.0
1600066510,1600066510,0.36,0,0,0,0,269.8931274414066,269.8931274414066,0.0
1600066510,1600066510,0.37,0,0,0,0,269.8931274414066,269.8931274414066,0.0
1600066510,1600066510,0.38,0,0,0,0,269.8931274414066,269.8931274414066,0.0
1600066510,1600066510,0.39,0,0,0,0,269.8931274414066,269.8931274414066,0.0
1600066510,1600066510,0.4,0,0,0,0,269.8931274414066,269.8931274414066,0.0
1600066510,1600066510,0.41,0,0,0,0,269.8931274414066,269.8931274414066,0.0
1600066510,1600066510,0.42,0,0,0,0,269.8931274414066,269.8931274414066,0.0
1600066510,1600066510,0.43,0,0,0,0,269.8931274414066,269.8931274414066,0.0
1600066510,1600066510,0.44,0,0,0,0,269.8931274414066,269.8931274414066,0.0
1600066510,1600066510,0.45,0,0,0,0,269.8931274414066,269.8931274414066,0.0
1600066510,1600066510,0.46,0,0,0,0,269.8931274414066,269.8931274414066,0.0
1600066510,1600066510,0.47,0,0,0,0,269.8931274414066,269.8931274414066,0.0
1600066510,1600066510,0.48,0,0,0,0,269.8931274414066,269.8931274414066,0.0
1600066510,1600066510,0.49,0,0,0,0,269.8931274414066,269.8931274414066,0.0
1600066510,1600066510,0.5,0,0,0,0,269.8931274414066,269.8931274414066,0.0
1600066510,1600066510,0.51,0,0,0,0,269.8931274414066,269.8931274414066,0.0
1600066510,1600066510,0.52,0,0,0,0,269.8931274414066,269.8931274414066,0.0
1600066510,1600066510,0.53,0,0,0,0,269.8931274414066,269.8931274414066,0.0
1600066510,1600066510,0.54,0,0,0,0,269.8931274414066,269.8931274414066,0.0
1600066510,1600066510,0.55,0,0,0,0,269.8931274414066,269.8931274414066,0.0
1600066510,1600066510,0.56,0,0,0,0,269.8931274414066,269.8931274414066,0.0
1600066510,1600066510,0.57,0,0,0,0,269.8931274414066,269.8931274414066,0.0
1600066510,1600066510,0.58,0,0,0,0,269.8931274414066,269.8931274414066,0.0
1600066510,1600066510,0.59,0,0,0,0,269.8931274414066,269.8931274414066,0.0
1600066510,1600066510,0.6,0,0,0,0,269.8931274414066,269.8931274414066,0.0
1600066510,1600066510,0.61,0,0,0,0,269.8931274414066,269.8931274414066,0.0
1600066510,1600066510,0.62,0,0,0,0,269.8931274414066,269.8931274414066,0.0
1600066510,1600066510,0.63,0,0,0,0,269.8931274414066,269.8931274414066,0.0
1600066510,1600066510,0.64,0,0,0,0,269.8931274414066,269.8931274414066,0.0
1600066510,1600066510,0.65,0,0,0,0,269.8931274414066,269.8931274414066,0.0
1600066510,1600066510,0.66,0,0,0,0,269.8931274414066,269.8931274414066,0.0
1600066510,1600066510,0.67,0,0,0,0,269.8931274414066,269.8931274414066,0.0
1600066510,1600066510,0.68,0,0,0,0,269.8931274414066,269.8931274414066,0.0
1600066510,1600066510,0.69,0,0,0,0,269.8931274414066,269.8931274414066,0.0
1600066510,1600066510,0.7,0,0,0,0,269.8931274414066,269.8931274414066,0.0
1600066510,1600066510,0.71,0,0,0,0,269.8931274414066,269.8931274414066,0.0
1600066510,1600066510,0.72,0,0,0,0,269.8931274414066,269.8931274414066,0.0
1600066510,1600066510,0.73,0,0,0,0,269.8931274414066,269.8931274414066,0.0
1600066510,1600066510,0.74,0,0,0,0,269.8931274414066,269.8931274414066,0.0
1600066510,1600066510,0.75,0,0,0,0,269.8931274414066,269.8931274414066,0.0
1600066510,1600066510,0.76,0,0,0,0,269.8931274414066,269.8931274414066,0.0
1600066510,1600066510,0.77,0,0,0,0,269.8931274414066,269.8931274414066,0.0
1600066510,1600066510,0.78,0,0,0,0,269.8931274414066,269.8931274414066,0.0
1600066510,1600066510,0.79,0,0,0,0,269.8931274414066,269.8931274414066,0.0
1600066510,1600066510,0.8,0,0,0,0,269.8931274414066,269.8931274414066,0.0
1600066510,1600066510,0.81,0,0,0,0,269.8931274414066,269.8931274414066,0.0
1600066510,1600066510,0.82,0,0,0,0,269.8931274414066,269.8931274414066,0.0
1600066510,1600066510,0.83,0,0,0,0,269.8931274414066,269.8931274414066,0.0
1600066510,1600066510,0.84,0,0,0,0,269.8931274414066,269.8931274414066,0.0
1600066510,1600066510,0.85,0,0,0,0,269.8931274414066,269.8931274414066,0.0
1600066510,1600066510,0.86,0,0,0,0,269.8931274414066,269.8931274414066,0.0
1600066510,1600066510,0.87,0,0,0,0,269.8931274414066,269.8931274414066,0.0
1600066510,1600066510,0.88,0,0,0,0,269.8931274414066,269.8931274414066,0.0
1600066510,1600066510,0.89,0,0,0,0,269.8931274414066,269.8931274414066,0.0
1600066510,1600066510,0.9,0,0,0,0,269.8931274414066,269.8931274414066,0.0
1600066510,1600066510,0.91,0,0,0,0,269.8931274414066,269.8931274414066,0.0
1600066510,1600066510,0.92,0,0,0,0,269.8931274414066,269.8931274414066,0.0
1600066510,1600066510,0.93,0,0,0,0,269.8931274414066,269.8931274414066,0.0
1600066510,1600066510,0.94,0,0,0,0,269.8931274414066,269.8931274414066,0.0
1600066510,1600066510,0.95,0,0,0,0,269.8931274414066,269.8931274414066,0.0
1600066510,1600066510,0.96,0,0,0,0,269.8931274414066,269.8931274414066,0.0
1600066510,1600066510,0.97,0,0,0,0,269.8931274414066,269.8931274414066,0.0
1600066510,1600066510,0.98,0,0,0,0,269.8931274414066,269.8931274414066,0.0
1600066510,1600066510,0.99,0,0,0,0,269.8931274414066,269.8931274414066,0.0
1600066510,1600066510,1.0,0,0,0,0,269.8931274414066,269.8931274414066,0.0
1600066510,1600066510,1.01,0,0,0,0,269.8931274414066,269.8931274414066,0.0
1600066510,1600066510,1.02,0,0,0,0,269.8931274414066,269.8931274414066,0.0
1600066510,1600066510,1.03,0,0,0,0,269.8931274414066,269.8931274414066,0.0
1600066510,1600066510,1.04,0,0,0,0,269.8931274414066,269.8931274414066,0.0
1600066510,1600066510,1.05,0,0,0,0,269.8931274414066,269.8931274414066,0.0
1600066510,1600066510,1.06,0,0,0,0,269.8931274414066,269.8931274414066,0.0
1600066510,1600066510,1.07,0,0,0,0,269.8931274414066,269.8931274414066,0.0
1600066510,1600066510,1.08,0,0,0,0,269.8931274414066,269.8931274414066,0.0
1600066510,1600066510,1.09,0,0,0,0,269.8931274414066,269.8931274414066,0.0
1600066510,1600066510,1.1,0,0,0,0,269.8931274414066,269.8931274414066,0.0
1600066510,1600066510,1.11,0,0,0,0,269.8931274414066,269.8931274414066,0.0
1600066510,1600066510,1.12,0,0,0,0,269.8931274414066,269.8931274414066,0.0
1600066510,1600066510,1.13,0,0,0,0,269.8931274414066,269.8931274414066,0.0
1600066510,1600066510,1.14,0,0,0,0,269.8931274414066,269.8931274414066,0.0
1600066510,1600066510,1.15,0,0,0,0,269.8931274414066,269.8931274414066,0.0
1600066510,1600066510,1.16,0,0,0,0,269.8931274414066,269.8931274414066,0.0
1600066510,1600066510,1.17,0,0,0,0,269.8931274414066,269.8931274414066,0.0
1600066510,1600066510,1.18,0,0,0,0,269.8931274414066,269.8931274414066,0.0
1600066510,1600066510,1.19,0,0,0,0,269.8931274414066,269.8931274414066,0.0
1600066510,1600066510,1.2,0,0,0,0,269.8931274414066,269.8931274414066,0.0
1600066510,1600066510,1.21,0,0,0,0,269.8931274414066,269.8931274414066,0.0
1600066510,1600066510,1.22,0,0,0,0,269.8931274414066,269.8931274414066,0.0
1600066510,1600066510,1.23,0,0,0,0,269.8931274414066,269.8931274414066,0.0
1600066510,1600066510,1.24,0,0,0,0,269.8931274414066,269.8931274414066,0.0
1600066510,1600066510,1.25,0,0,0,0,269.8931274414066,269.8931274414066,0.0
1600066510,1600066510,1.26,0,0,0,0,269.8931274414066,269.8931274414066,0.0
1600066510,1600066510,1.27,0,0,0,0,269.8931274414066,269.8931274414066,0.0
1600066510,1600066510,1.28,0,0,0,0,269.8931274414066,269.8931274414066,0.0
1600066510,1600066510,1.29,0,0,0,0,269.8931274414066,269.8931274414066,0.0
1600066510,1600066510,1.3,0,0,0,0,269.8931274414066,269.8931274414066,0.0
1600066510,1600066510,1.31,0,0,0,0,269.8931274414066,269.8931274414066,0.0
1600066510,1600066510,1.32,0,0,0,0,269.8931274414066,269.8931274414066,0.0
1600066510,1600066510,1.33,0,0,0,0,269.8931274414066,269.8931274414066,0.0
1600066510,1600066510,1.34,0,0,0,0,269.8931274414066,269.8931274414066,0.0
1600066510,1600066510,1.35,0,0,0,0,269.8931274414066,269.8931274414066,0.0
1600066510,1600066510,1.36,0,0,0,0,269.8931274414066,269.8931274414066,0.0
1600066510,1600066510,1.37,0,0,0,0,269.8931274414066,269.8931274414066,0.0
1600066510,1600066510,1.38,0,0,0,0,269.8931274414066,269.8931274414066,0.0
1600066510,1600066510,1.39,0,0,0,0,269.8931274414066,269.8931274414066,0.0
1600066510,1600066510,1.4,0,0,0,0,269.8931274414066,269.8931274414066,0.0
1600066510,1600066510,1.41,0,0,0,0,269.8931274414066,269.8931274414066,0.0
1600066510,1600066510,1.42,0,0,0,0,269.8931274414066,269.8931274414066,0.0
1600066510,1600066510,1.43,0,0,0,0,269.8931274414066,269.8931274414066,0.0
1600066510,1600066510,1.44,0,0,0,0,269.8931274414066,269.8931274414066,0.0
1600066510,1600066510,1.45,0,0,0,0,269.8931274414066,269.8931274414066,0.0
1600066510,1600066510,1.46,0,0,0,0,269.8931274414066,269.8931274414066,0.0
1600066510,1600066510,1.47,0,0,0,0,269.8931274414066,269.8931274414066,0.0
1600066510,1600066510,1.48,0,0,0,0,269.8931274414066,269.8931274414066,0.0
1600066510,1600066510,1.49,0,0,0,0,269.8931274414066,269.8931274414066,0.0
1600066510,1600066510,1.5,0,0,0,0,269.8931274414066,269.8931274414066,0.0
1600066510,1600066510,1.51,0,0,0,0,269.8931274414066,269.8931274414066,0.0
1600066510,1600066510,1.52,0,0,0,0,269.8931274414066,269.8931274414066,0.0
1600066510,1600066510,1.53,0,0,0,0,269.8931274414066,269.8931274414066,0.0
1600066510,1600066510,1.54,0,0,0,0,269.8931274414066,269.8931274414066,0.0
1600066510,1600066510,1.55,0,0,0,0,269.8931274414066,269.8931274414066,0.0
1600066510,1600066510,1.56,0,0,0,0,269.8931274414066,269.8931274414066,0.0
1600066510,1600066510,1.57,0,0,0,0,269.8931274414066,269.8931274414066,0.0
1600066510,1600066510,1.58,0,0,0,0,269.8931274414066,269.8931274414066,0.0
1600066510,1600066510,1.59,0,0,0,0,269.8931274414066,269.8931274414066,0.0
1600066510,1600066510,1.6,0,0,0,0,269.8931274414066,269.8931274414066,0.0
1600066510,1600066510,1.61,0,0,0,0,269.8931274414066,269.8931274414066,0.0
1600066510,1600066510,1.62,0,0,0,0,269.8931274414066,269.8931274414066,0.0
1600066510,1600066510,1.63,0,0,0,0,269.8931274414066,269.8931274414066,0.0
1600066510,1600066510,1.64,0,0,0,0,269.8931274414066,269.8931274414066,0.0
1600066510,1600066510,1.65,0,0,0,0,269.8931274414066,269.8931274414066,0.0
1600066510,1600066510,1.66,0,0,0,0,269.8931274414066,269.8931274414066,0.0
1600066510,1600066510,1.67,0,0,0,0,269.8931274414066,269.8931274414066,0.0
1600066510,1600066510,1.68,0,0,0,0,269.8931274414066,269.8931274414066,0.0
1600066510,1600066510,1.69,0,0,0,0,269.8931274414066,269.8931274414066,0.0
1600066510,1600066510,1.7,0,0,0,0,269.8931274414066,269.8931274414066,0.0
1600066510,1600066510,1.71,0,0,0,0,269.8931274414066,269.8931274414066,0.0
1600066510,1600066510,1.72,0,0,0,0,269.8931274414066,269.8931274414066,0.0
1600066510,1600066510,1.73,0,0,0,0,269.8931274414066,269.8931274414066,0.0
1600066510,1600066510,1.74,0,0,0,0,269.8931274414066,269.8931274414066,0.0
1600066510,1600066510,1.75,0,0,0,0,269.8931274414066,269.8931274414066,0.0
1600066510,1600066510,1.76,0,0,0,0,269.8931274414066,269.8931274414066,0.0
1600066510,1600066510,1.77,0,0,0,0,269.8931274414066,269.8931274414066,0.0
1600066510,1600066510,1.78,0,0,0,0,269.8931274414066,269.8931274414066,0.0
1600066510,1600066510,1.79,0,0,0,0,269.8931274414066,269.8931274414066,0.0
1600066510,1600066510,1.8,0,0,0,0,269.8931274414066,269.8931274414066,0.0
1600066510,1600066510,1.81,0,0,0,0,269.8931274414066,269.8931274414066,0.0
1600066510,1600066510,1.82,0,0,0,0,269.8931274414066,269.8931274414066,0.0
1600066510,1600066510,1.83,0,0,0,0,269.8931274414066,269.8931274414066,0.0
1600066510,1600066510,1.84,3,3168,1,4,270.08130954437263,261.52373717225396,8.55757237211867
1600066510,1600066510,1.85,3,3168,1,4,270.35264222812657,262.63228846422834,7.720353763898231
1600066510,1600066510,1.86,3,3168,1,4,270.62397491188057,263.7408397562027,6.883135155677849
1600066510,1600066510,1.87,3,3168,1,4,270.8953075956345,264.8493910481771,6.045916547457409
1600066510,1600066510,1.88,3,3168,1,4,271.1666402793885,265.9579423401515,5.208697939237027
1600066510,1600066510,1.89,3,3168,1,4,271.43797296314244,267.06649363212586,4.371479331016587
1600066510,1600066510,1.9,3,3168,1,4,271.70930564689644,268.17504492410023,3.534260722796205
1600066510,1600066510,1.91,21,3168,2,4,272.078269437027,269.2835962160746,2.7946732209524043
1600066510,1600066510,1.92,138,3168,3,4,272.6408946582794,270.392147508049,2.248747150230429
1600066510,1600066510,1.93,903,3168,4,4,273.6099498623848,271.5006988000234,2.109251062361409
1600066510,1600066510,1.94,903,3168,4,4,274.70744335511523,272.60925009199775,2.09819326311748
1600066510,1600066510,1.95,903,3168,4,4,275.8049368478457,273.7178013839722,2.0871354638734942
1600066510,1600066510,1.96,903,3168,4,4,276.9024303405762,274.82635267594657,2.076077664629622
1600066510,1600066510,1.97,903,3168,4,4,277.99992383330664,275.93490396792095,2.0650198653856933
1600066510,1600066510,1.98,903,3168,4,4,279.0974173260371,277.0434552598953,2.0539620661417644
1600066510,1600066510,1.99,903,3168,4,4,280.19491081876754,278.1520065518697,2.0429042668978354
1600066510,1600066510,2.0,903,3168,4,4,281.292404311498,279.2605578438441,2.0318464676539065
1600066510,1600066510,2.01,903,3168,4,4,282.38989780422844,280.36910913581846,2.0207886684099776
1600066510,1600066510,2.02,903,3168,4,4,283.4873912969589,281.4776604277929,2.009730869165992
1600066510,1600066510,2.03,903,3168,4,4,284.58488478968934,282.5862117197672,1.9986730699221198
1600066510,1600066510,2.04,1578,3168,4,4,285.6840941064199,283.69476301174166,1.9893310946782208
1600066510,1600066510,2.05,1578,3168,4,4,286.7846402673721,284.803314303716,1.9813259636561042
1600066510,1600066510,2.06,1578,3168,4,4,287.8851864283244,285.9118655956904,1.9733208326339877
1600066510,1600066510,2.07,2820,3168,4,4,288.98678516254427,287.0204168876648,1.9663682748794713
1600066510,1600066510,2.08,2820,3168,4,4,290.0896618764242,288.1289681796392,1.9606936967850288
1600066510,1600066510,2.09,2820,3168,4,4,291.192538590304,289.23751947161355,1.9550191186904726
1600066510,1600066510,2.1,2820,3168,4,4,292.29541530418396,290.346070763588,1.9493445405959733
1600066510,1600066510,2.11,2820,3168,4,4,293.3982920180639,291.4546220555623,1.9436699625015876
1600066510,1600066510,2.12,2820,3168,4,4,294.5011687319438,292.56317334753675,1.9379953844070315
1600066510,1600066510,2.13,2820,3168,4,4,295.60404544582366,293.6717246395111,1.9323208063125321
1600066510,1600066510,2.14,2820,3168,4,4,296.7069221597036,294.7802759314855,1.9266462282180896
1600066510,1600066510,2.15,2820,3168,4,4,297.8097988735835,295.8888272234599,1.9209716501235903
1600066510,1600066510,2.16,2820,3168,4,4,298.9126755874634,296.99737851543426,1.9152970720291478
1600066510,1600066510,2.17,2820,3168,4,4,300.0155523013433,298.10592980740864,1.9096224939346484
1600066510,1600066510,2.18,2820,3168,4,4,301.1184290152232,299.2144810993831,1.903947915840149
1600066510,1600066510,2.19,2928,3168,4,4,302.2228030823072,300.3230323913574,1.899770690949822
1600066510,1600066510,2.2,2928,3168,4,4,303.3279062811534,301.43158368333184,1.8963225978215519
1600066510,1600066510,2.21,2928,3168,4,4,304.43300947999955,302.5401349753062,1.8928745046933386
1600066510,1600066510,2.22,2928,3168,4,4,305.5381126788458,303.6486862672806,1.8894264115651822
1600066510,1600066510,2.23,2928,3168,4,4,306.64321587769194,304.757237559255,1.885978318436969
1600066510,1600066510,2.24,2928,3168,4,4,307.74831907653817,305.86578885122935,1.8825302253088125
1600066510,1600066510,2.25,2928,3168,4,4,308.85342227538433,306.97434014320373,1.8790821321805993
1600066510,1600066510,2.26,2928,3168,4,4,309.95852547423044,308.0828914351781,1.8756340390523292
1600066510,1600066510,2.27,2928,3168,4,4,311.06362867307666,309.1914427271525,1.8721859459241728
1600066510,1600066510,2.28,2928,3168,4,4,312.16873187192283,310.29999401912687,1.8687378527959595
1600066510,1600066510,2.29,2928,3168,4,4,313.27383507076905,311.4085453111013,1.8652897596677462
1600066510,1600066510,2.3,2928,3168,4,4,314.3789382696152,312.51709660307563,1.8618416665395898
1600066510,1600066510,2.31,2928,3168,4,4,315.4840414684614,313.62564789505007,1.8583935734113197
1600066510,1600066510,2.32,2928,3168,4,4,316.58914466730755,314.73419918702444,1.8549454802831065
1600066510,1600066510,2.33,2928,3168,4,4,317.6942478661538,315.8427504789988,1.85149738715495
1600066510,1600066510,2.34,2928,3168,4,4,318.79935106499994,316.9513017709732,1.8480492940267368
1600066510,1600066510,2.35,2928,3168,4,4,319.90445426384616,318.05985306294764,1.8446012008985235
1600066510,1600066510,2.36,2928,3168,4,4,321.00955746269227,319.16840435492196,1.8411531077703103
1600066510,1600066510,2.37,2928,3168,4,4,322.1146606615385,320.2769556468964,1.837705014642097
1600066510,1600066510,2.38,2928,3168,4,4,323.21976386038466,321.3855069388708,1.8342569215138838
1600066510,1600066510,2.39,2928,3168,4,4,324.3248670592309,322.49405823084516,1.8308088283857273
1600066510,1600066510,2.4,2928,3168,4,4,325.42997025807705,323.60260952281953,1.827360735257514
1600066510,1600066510,2.41,2928,3168,4,4,326.5350734569232,324.7111608147939,1.8239126421293008
1600066510,1600066510,2.42,2928,3168,4,4,327.6401766557694,325.8197121067683,1.8204645490010876
1600066510,1600066510,2.43,2928,3168,4,4,328.7452798546156,326.92826339874273,1.8170164558728743
1600066510,1600066510,2.44,2928,3168,4,4,329.85038305346177,328.03681469071705,1.8135683627447179
1600066510,1600066510,2.45,2928,3168,4,4,330.95548625230794,329.1453659826915,1.8101202696164478
1600066510,1600066510,2.46,2928,3168,4,4,332.0605894511541,330.25391727466587,1.8066721764882345
1600066510,1600066510,2.47,2928,3168,4,4,333.1656926500003,331.36246856664025,1.8032240833600781
1600066510,1600066510,2.48,2928,3168,4,4,334.2707958488465,332.4710198586146,1.7997759902318649
1600066510,1600066510,2.49,2928,3168,4,4,335.3758990476927,333.579571150589,1.7963278971037084
1600066510,1600066510,2.5,2928,3168,4,4,336.4810022465389,334.6881224425634,1.7928798039754952
1600066510,1600066510,2.51,2928,3168,4,4,337.586105445385,335.79667373453776,1.789431710847225
1600066510,1600066510,2.52,3117,3168,4,4,338.69171653887435,336.90522502651214,1.786491512362204
1600066510,1600066510,2.53,3117,3168,4,4,339.7977132524173,338.0137763184865,1.783936933930761
1600066510,1600066510,2.54,3117,3168,4,4,340.9037099659602,339.12232761046096,1.781382355499261
1600066510,1600066510,2.55,3117,3168,4,4,342.00970667950315,340.2308789024353,1.7788277770678746
1600066510,1600066510,2.56,3117,3168,4,4,343.1157033930461,341.3394301944097,1.7762731986363747
1600066510,1600066510,2.57,3117,3168,4,4,344.221700106589,342.4479814863841,1.7737186202049315
1600066510,1600066510,2.58,3117,3168,4,4,345.32769682013196,343.5565327783585,1.7711640417734884
1600066510,1600066510,2.59,3117,3168,4,4,346.4336935336749,344.66508407033285,1.7686094633420453
1600066510,1600066510,2.6,3117,3168,4,4,347.5396902472179,345.77363536230723,1.766054884910659
1600066510,1600066510,2.61,3117,3168,4,4,348.64568696076077,346.8821866542816,1.763500306479159
1600066510,1600066510,2.62,3117,3168,4,4,349.75168367430376,347.99073794625605,1.7609457280477159
1600066510,1600066510,2.63,3117,3168,4,4,350.85768038784664,349.09928923823037,1.7583911496162727
1600066510,1600066510,2.64,3117,3168,4,4,351.96367710138964,350.2078405302048,1.7558365711848296
1600066510,1600066510,2.65,3117,3168,4,4,353.0696738149325,351.3163918221792,1.7532819927533296
1600066510,1600066510,2.66,3117,3168,4,4,354.1756705284755,352.42494311415356,1.7507274143219433
1600066510,1600066510,2.67,3117,3168,4,4,355.28166724201844,353.53349440612794,1.7481728358905002
1600066510,1600066510,2.68,3117,3168,4,4,356.3876639555614,354.6420456981023,1.745618257459057
1600066510,1600066510,2.69,3117,3168,4,4,357.4936606691043,355.7505969900767,1.743063679027614
1600066510,1600066510,2.7,3117,3168,4,4,358.59965738264725,356.85914828205114,1.740509100596114
1600066510,1600066510,2.71,3117,3168,4,4,359.7056540961902,357.96769957402546,1.7379545221647277
1600066510,1600066510,2.72,3117,3168,4,4,360.8116508097331,359.0762508659999,1.7353999437332277
1600066510,1600066510,2.73,3117,3168,4,4,361.91764752327606,360.1848021579743,1.7328453653017846
1600066510,1600066510,2.74,3117,3168,4,4,363.023644236819,361.29335344994865,1.7302907868703414
1600066510,1600066510,2.75,3117,3168,4,4,364.12964095036193,362.40190474192303,1.7277362084388983
1600066510,1600066510,2.76,3117,3168,4,4,365.23563766390487,363.5104560338974,1.7251816300074552
1600066510,1600066510,2.77,3117,3168,4,4,366.3416343774478,364.6190073258718,1.722627051576012
1600066510,1600066510,2.78,3135,3168,4,4,367.44915612710315,365.72755861784617,1.7215975092569806
1600066510,1600066510,2.79,3135,3168,4,4,368.55696515312195,366.83610990982055,1.7208552433014006
1600066510,1600066510,2.8,3135,3168,4,4,369.66477417914064,367.94466120179493,1.720112977345707
1600066510,1600066510,2.81,3135,3168,4,4,370.77258320515955,369.05321249376937,1.7193707113901837
1600066510,1600066510,2.82,3135,3168,4,4,371.88039223117823,370.1617637857437,1.7186284454345468
1600066510,1600066510,2.83,3135,3168,4,4,372.98820125719703,371.2703150777181,1.71788617947891
1600066510,1600066510,2.84,3135,3168,4,4,374.09601028321583,372.3788663696925,1.71714391352333
1600066510,1600066510,2.85,3135,3168,4,4,375.20381930923463,373.4874176616669,1.71640164756775
1600066510,1600066510,2.86,3135,3168,4,4,376.3116283352533,374.59596895364126,1.7156593816120562
1600066510,1600066510,2.87,3135,3168,4,4,377.4194373612721,375.70452024561564,1.7149171156564762
1600066510,1600066510,2.88,3135,3168,4,4,378.5272463872909,376.81307153759,1.7141748497008962
1600066510,1600066510,2.89,3135,3168,4,4,379.6350554133097,377.92162282956446,1.7134325837452593
1600066510,1600066510,2.9,3135,3168,4,4,380.7428644393285,379.0301741215388,1.7126903177897361
1600066510,1600066510,2.91,3135,3168,4,4,381.8506734653473,380.1387254135132,1.7119480518340993
1600066510,1600066510,2.92,3135,3168,4,4,382.958482491366,381.2472767054876,1.7112057858784055
1600066510,1600066510,2.93,3135,3168,4,4,384.0662915173848,382.355827997462,1.7104635199228255
1600066510,1600066510,2.94,3135,3168,4,4,385.1741005434036,383.46437928943635,1.7097212539672455
1600066510,1600066510,2.95,3135,3168,4,4,386.2819095694224,384.5729305814108,1.7089789880116086
1600066510,1600066510,2.96,3135,3168,4,4,387.3897185954412,385.6814818733851,1.7082367220560855
1600066510,1600066510,2.97,3135,3168,4,4,388.49752762146,386.79003316535955,1.7074944561004486
1600066510,1600066510,2.98,3135,3168,4,4,389.6053366474787,387.89858445733387,1.7067521901448117
1600066510,1600066510,2.99,3135,3168,4,4,390.7131456734975,389.0071357493083,1.7060099241891749
1600066510,1600066510,3.0,3135,3168,4,4,391.8209546995163,390.1156870412827,1.7052676582335948
1600066510,1600066510,3.01,3135,3168,4,4,392.9287637255351,391.224238333257,1.7045253922780716
1600066510,1600066510,3.02,3135,3168,4,4,394.0365727515539,392.33278962523144,1.7037831263224348
1600066510,1600066510,3.03,3135,3168,4,4,395.14438177757256,393.4413409172058,1.703040860366741
1600066510,1600066510,3.04,3135,3168,4,4,396.25219080359136,394.5498922091802,1.702298594411161
1600066510,1600066510,3.05,3135,3168,4,4,397.35999982961016,395.6584435011546,1.701556328455581
1600066510,1600066510,3.06,3135,3168,4,4,398.46780885562896,396.766994793129,1.7008140624999442
1600066510,1600066510,3.07,3135,3168,4,4,399.57561788164776,397.87554608510334,1.700071796544421
1600066510,1600066510,3.08,3135,3168,4,4,400.68342690766656,398.9840973770778,1.699329530588784
1600066510,1600066510,3.09,3135,3168,4,4,401.79123593368524,400.0926486690521,1.6985872646331472
1600066510,1600066510,3.1,3135,3168,4,4,402.89904495970404,401.20119996102653,1.6978449986775104
1600066510,1600066510,3.11,3135,3168,4,4,404.00685398572284,402.3097512530009,1.6971027327219304
1600066510,1600066510,3.12,3135,3168,4,4,405.11466301174164,403.4183025449753,1.6963604667663503
1600066510,1600066510,3.13,3135,3168,4,4,406.22247203776044,404.52685383694967,1.6956182008107703
1600066510,1600066510,3.14,3135,3168,4,4,407.33028106377924,405.6354051289241,1.6948759348551334
1600066510,1600066510,3.15,3135,3168,4,4,408.4380900897979,406.7439564208984,1.6941336688994966
1600066510,1600066510,3.16,3135,3168,4,4,409.5458991158167,407.85250771287286,1.6933914029438597
1600066510,1600066510,3.17,3135,3168,4,4,410.6537081418355,408.96105900484724,1.6926491369882797
1600066510,1600066510,3.18,3135,3168,4,4,411.7615171678543,410.0696102968216,1.6919068710326997
1600066510,1600066510,3.19,3135,3168,4,4,412.869326193873,411.178161588796,1.691164605077006
1600066510,1600066510,3.2,3135,3168,4,4,413.9771352198919,412.2867128807704,1.6904223391215396
1600066510,1600066510,3.21,3135,3168,4,4,415.0849442459106,413.39526417274476,1.689680073165846
1600066510,1600066510,3.22,3135,3168,4,4,416.1927532719294,414.5038154647192,1.688937807210209
1600066510,1600066510,3.23,3135,3168,4,4,417.3005622979482,415.6123667566935,1.6881955412546858
1600066510,1600066510,3.24,3135,3168,4,4,418.408371323967,416.72091804866795,1.687453275299049
1600066510,1600066510,3.25,3135,3168,4,4,419.5161803499857,417.82946934064233,1.6867110093433553
1600066510,1600066510,3.26,3135,3168,4,4,420.6239893760045,418.93802063261666,1.685968743387832
1600066510,1600066510,3.27,3135,3168,4,4,421.7317984020233,420.0465719245911,1.6852264774321952
1600066510,1600066510,3.28,3135,3168,4,4,422.8396074280421,421.15512321656547,1.6844842114766152
1600066510,1600066510,3.29,3135,3168,4,4,423.9474164540609,422.26367450853985,1.6837419455210352
1600066510,1600066510,3.3,3135,3168,4,4,425.05522548007957,423.37222580051423,1.6829996795653415
1600066510,1600066510,3.31,3135,3168,4,4,426.16303450609837,424.4807770924886,1.6822574136097614
1600066510,1600066510,3.32,3135,3168,4,4,427.27084353211717,425.589328384463,1.6815151476541814
1600066510,1600066510,3.33,3135,3168,4,4,428.37865255813597,426.6978796764374,1.6807728816985446
1600066510,1600066510,3.34,3135,3168,4,4,429.48646158415477,427.80643096841175,1.6800306157430214
1600066510,1600066510,3.35,3135,3168,4,4,430.59427061017357,428.9149822603862,1.6792883497873845
1600066510,1600066510,3.36,3135,3168,4,4,431.70207963619225,430.02353355236056,1.6785460838316908
1600066510,1600066510,3.37,3135,3168,4,4,432.80988866221105,431.13208484433494,1.6778038178761108
1600066510,1600066510,3.38,3135,3168,4,4,433.91769768822985,432.2406361363093,1.6770615519205307
1600066510,1600066510,3.39,3135,3168,4,4,435.02550671424865,433.3491874282837,1.6763192859649507
1600066510,1600066510,3.4,3135,3168,4,4,436.13331574026745,434.4577387202581,1.6755770200093707
1600066510,1600066510,3.41,3135,3168,4,4,437.24112476628625,435.5662900122325,1.6748347540537338
1600066510,1600066510,3.42,3135,3168,4,4,438.34893379230493,436.67484130420684,1.674092488098097
1600066510,1600066510,3.43,3135,3168,4,4,439.45674281832373,437.7833925961813,1.67335022214246
1600066510,1600066510,3.44,3135,3168,4,4,440.56455184434253,438.89194388815565,1.67260795618688
1600066510,1600066510,3.45,3135,3168,4,4,441.67236087036133,440.00049518013003,1.6718656902313
1600066510,1600066510,3.46,3135,3168,4,4,442.78016989638013,441.1090464721044,1.67112342427572
1600066510,1600066510,3.47,3135,3168,4,4,443.88797892239893,442.2175977640788,1.67038115832014
1600066510,1600066510,3.48,3135,3168,4,4,444.9957879484176,443.32614905605317,1.6696388923644463
1600066510,1600066510,3.49,3135,3168,4,4,446.1035969744364,444.4347003480276,1.6688966264088094
1600066510,1600066510,3.5,3135,3168,4,4,447.2114060004552,445.5432516400019,1.6681543604532862
1600066510,1600066510,3.51,3135,3168,4,4,448.3192150264739,446.6518029319763,1.6674120944975925
1600066510,1600066510,3.52,3135,3168,4,4,449.4270240524928,447.76035422395074,1.6666698285420694
1600066510,1600066510,3.53,3135,3168,4,4,450.5348330785115,448.86890551592506,1.6659275625864325
1600066510,1600066510,3.54,3135,3168,4,4,451.6426421045303,449.9774568078995,1.6651852966307956
1600066510,1600066510,3.55,3135,3168,4,4,452.7504511305491,451.0860080998739,1.6644430306752156
1600066510,1600066510,3.56,3135,3168,4,4,453.8582601565679,452.19455939184826,1.6637007647196356
1600066510,1600066510,3.57,3135,3168,4,4,454.9660691825866,453.30311068382264,1.6629584987639419
1600066510,1600066510,3.58,3135,3168,4,4,456.0738782086054,454.411661975797,1.6622162328083618
1600066510,1600066510,3.59,3135,3168,4,4,457.1816872346242,455.5202132677714,1.6614739668527818
1600066510,1600066510,3.6,3135,3168,4,4,458.289496260643,456.62876455974583,1.660731700897145
1600066510,1600066510,3.61,3135,3168,4,4,459.3973052866618,457.73731585172015,1.6599894349416218
1600066510,1600066510,3.62,3135,3168,4,4,460.5051143126806,458.8458671436946,1.659247168985985
1600066510,1600066510,3.63,3135,3168,4,4,461.61292333869926,459.95441843566897,1.6585049030302912
1600066510,1600066510,3.64,3135,3168,4,4,462.72073236471806,461.06296972764335,1.6577626370747112
1600066510,1600066510,3.65,3135,3168,4,4,463.82854139073686,462.1715210196177,1.6570203711191311
1600066510,1600066510,3.66,3135,3168,4,4,464.93635041675566,463.2800723115921,1.6562781051635511
1600066510,1600066510,3.67,3135,3168,4,4,466.04415944277446,464.3886236035665,1.655535839207971
1600066510,1600066510,3.68,3135,3168,4,4,467.15196846879326,465.4971748955409,1.6547935732523342
1600066510,1600066510,3.69,3135,3168,4,4,468.25977749481194,466.60572618751524,1.6540513072966974
1600066510,1600066510,3.7,3135,3168,4,4,469.36758652083074,467.7142774794897,1.6533090413410605
1600066510,1600066510,3.71,3135,3168,4,4,470.47539554684954,468.82282877146406,1.6525667753854805
1600066510,1600066510,3.72,3135,3168,4,4,471.58320457286834,469.93138006343844,1.6518245094299004
1600066510,1600066510,3.73,3135,3168,4,4,472.69101359888714,471.0399313554128,1.6510822434743204
1600066510,1600066510,3.74,3135,3168,4,4,473.79882262490594,472.1484826473872,1.6503399775187404
1600066510,1600066510,3.75,3135,3168,4,4,474.9066316509246,473.2570339393616,1.6495977115630467
1600066510,1600066510,3.76,3135,3168,4,4,476.0144406769434,474.36558523133596,1.6488554456074667
1600066510,1600066510,3.77,3135,3168,4,4,477.1222497029622,475.47413652331034,1.6481131796518866
1600066510,1600066510,3.78,3135,3168,4,4,478.230058728981,476.5826878152847,1.6473709136963066
1600066510,1600066510,3.79,3135,3168,4,4,479.3378677549998,477.69123910725915,1.6466286477406697
1600066510,1600066510,3.8,3135,3168,4,4,480.4456767810185,478.7997903992335,1.6458863817850329
1600066510,1600066510,3.81,3135,3168,4,4,481.5534858070373,479.9083416912079,1.645144115829396
1600066510,1600066510,3.82,3135,3168,4,4,482.6612948330561,481.0168929831823,1.644401849873816
1600066510,1600066510,3.83,3135,3168,4,4,483.7691038590749,482.12544427515667,1.643659583918236
1600066510,1600066510,3.84,3135,3168,4,4,484.8769128850937,483.23399556713105,1.642917317962656
1600066510,1600066510,3.85,3135,3168,4,4,485.9847219111125,484.3425468591054,1.642175052007076
1600066510,1600066510,3.86,3135,3168,4,4,487.0925309371312,485.4510981510798,1.6414327860513822
1600066510,1600066510,3.87,3135,3168,4,4,488.20033996315,486.55964944305424,1.6406905200957453
1600066510,1600066510,3.88,3135,3168,4,4,489.3081489891688,487.66820073502856,1.6399482541402222
1600066510,1600066510,3.89,3135,3168,4,4,490.4159580151876,488.776752027003,1.6392059881845853
1600066510,1600066510,3.9,3135,3168,4,4,491.52376704120627,489.8853033189774,1.6384637222288916
1600066510,1600066510,3.91,3135,3168,4,4,492.6315760672252,490.99385461095176,1.6377214562734252
1600066510,1600066510,3.92,3135,3168,4,4,493.73938509324387,492.10240590292614,1.6369791903177315
1600066510,1600066510,3.93,3135,3168,4,4,494.84719411926267,493.2109571949006,1.6362369243620947
1600066510,1600066510,3.94,3135,3168,4,4,495.95500314528147,494.3195084868749,1.6354946584065715
1600066510,1600066510,3.95,3135,3168,4,4,497.06281217130027,495.42805977884933,1.6347523924509346
1600066510,1600066510,3.96,3135,3168,4,4,498.17062119731895,496.53661107082365,1.6340101264952978
1600066510,1600066510,3.97,3135,3168,4,4,499.27843022333775,497.6451623627981,1.6332678605396609
1600066510,1600066510,3.98,3135,3168,4,4,500.38623924935655,498.75371365477247,1.6325255945840809
1600066510,1600066510,3.99,3135,3168,4,4,501.49404827537535,499.86226494674685,1.6317833286285008
1600066510,1600066510,4.0,3135,3168,4,4,502.60185730139415,500.9708162387212,1.6310410626729208
3800001611,3800001611,0.0,0,0,0,0,224.91093444824176,224.91093444824176,0.0
3800001611,3800001611,0.01,0,0,0,0,224.91093444824176,224.91093444824176,0.0
3800001611,3800001611,0.02,0,0,0,0,224.91093444824176,224.91093444824176,0.0
3800001611,3800001611,0.03,0,0,0,0,224.91093444824176,224.91093444824176,0.0
3800001611,3800001611,0.04,0,0,0,0,224.91093444824176,224.91093444824176,0.0
3800001611,3800001611,0.05,0,0,0,0,224.91093444824176,224.91093444824176,0.0
3800001611,3800001611,0.06,0,0,0,0,224.91093444824176,224.91093444824176,0.0
3800001611,3800001611,0.07,0,0,0,0,224.91093444824176,224.91093444824176,0.0
3800001611,3800001611,0.08,0,0,0,0,224.91093444824176,224.91093444824176,0.0
3800001611,3800001611,0.09,0,0,0,0,224.91093444824176,224.91093444824176,0.0
3800001611,3800001611,0.1,0,0,0,0,224.91093444824176,224.91093444824176,0.0
3800001611,3800001611,0.11,0,0,0,0,224.91093444824176,224.91093444824176,0.0
3800001611,3800001611,0.12,0,0,0,0,224.91093444824176,224.91093444824176,0.0
3800001611,3800001611,0.13,0,0,0,0,224.91093444824176,224.91093444824176,0.0
3800001611,3800001611,0.14,0,0,0,0,224.91093444824176,224.91093444824176,0.0
3800001611,3800001611,0.15,0,0,0,0,224.91093444824176,224.91093444824176,0.0
3800001611,3800001611,0.16,0,0,0,0,224.91093444824176,224.91093444824176,0.0
3800001611,3800001611,0.17,0,0,0,0,224.91093444824176,224.91093444824176,0.0
3800001611,3800001611,0.18,0,0,0,0,224.91093444824176,224.91093444824176,0.0
3800001611,3800001611,0.19,0,0,0,0,224.91093444824176,224.91093444824176,0.0
3800001611,3800001611,0.2,0,0,0,0,224.91093444824176,224.91093444824176,0.0
3800001611,3800001611,0.21,0,0,0,0,224.91093444824176,224.91093444824176,0.0
3800001611,3800001611,0.22,0,0,0,0,224.91093444824176,224.91093444824176,0.0
3800001611,3800001611,0.23,0,0,0,0,224.91093444824176,224.91093444824176,0.0
3800001611,3800001611,0.24,0,0,0,0,224.91093444824176,224.91093444824176,0.0
3800001611,3800001611,0.25,0,0,0,0,224.91093444824176,224.91093444824176,0.0
3800001611,3800001611,0.26,0,0,0,0,224.91093444824176,224.91093444824176,0.0
3800001611,3800001611,0.27,0,0,0,0,224.91093444824176,224.91093444824176,0.0
3800001611,3800001611,0.28,0,0,0,0,224.91093444824176,224.91093444824176,0.0
3800001611,3800001611,0.29,0,0,0,0,224.91093444824176,224.91093444824176,0.0
3800001611,3800001611,0.3,0,0,0,0,224.91093444824176,224.91093444824176,0.0
3800001611,3800001611,0.31,0,0,0,0,224.91093444824176,224.91093444824176,0.0
3800001611,3800001611,0.32,0,0,0,0,224.91093444824176,224.91093444824176,0.0
3800001611,3800001611,0.33,0,0,0,0,224.91093444824176,224.91093444824176,0.0
3800001611,3800001611,0.34,0,0,0,0,224.91093444824176,224.91093444824176,0.0
3800001611,3800001611,0.35,0,0,0,0,224.91093444824176,224.91093444824176,0.0
3800001611,3800001611,0.36,0,0,0,0,224.91093444824176,224.91093444824176,0.0
3800001611,3800001611,0.37,0,0,0,0,224.91093444824176,224.91093444824176,0.0
3800001611,3800001611,0.38,0,0,0,0,224.91093444824176,224.91093444824176,0.0
3800001611,3800001611,0.39,0,0,0,0,224.91093444824176,224.91093444824176,0.0
3800001611,3800001611,0.4,0,0,0,0,224.91093444824176,224.91093444824176,0.0
3800001611,3800001611,0.41,0,0,0,0,224.91093444824176,224.91093444824176,0.0
3800001611,3800001611,0.42,0,0,0,0,224.91093444824176,224.91093444824176,0.0
3800001611,3800001611,0.43,0,0,0,0,224.91093444824176,224.91093444824176,0.0
3800001611,3800001611,0.44,0,0,0,0,224.91093444824176,224.91093444824176,0.0
3800001611,3800001611,0.45,0,0,0,0,224.91093444824176,224.91093444824176,0.0
3800001611,3800001611,0.46,0,0,0,0,224.91093444824176,224.91093444824176,0.0
3800001611,3800001611,0.47,0,0,0,0,224.91093444824176,224.91093444824176,0.0
3800001611,3800001611,0.48,0,0,0,0,224.91093444824176,224.91093444824176,0.0
3800001611,3800001611,0.49,0,0,0,0,224.91093444824176,224.91093444824176,0.0
3800001611,3800001611,0.5,0,0,0,0,224.91093444824176,224.91093444824176,0.0
3800001611,3800001611,0.51,0,0,0,0,224.91093444824176,224.91093444824176,0.0
3800001611,3800001611,0.52,0,0,0,0,224.91093444824176,224.91093444824176,0.0
3800001611,3800001611,0.53,0,0,0,0,224.91093444824176,224.91093444824176,0.0
3800001611,3800001611,0.54,0,0,0,0,224.91093444824176,224.91093444824176,0.0
3800001611,3800001611,0.55,0,0,0,0,224.91093444824176,224.91093444824176,0.0
3800001611,3800001611,0.56,0,0,0,0,224.91093444824176,224.91093444824176,0.0
3800001611,3800001611,0.57,0,0,0,0,224.91093444824176,224.91093444824176,0.0
3800001611,3800001611,0.58,0,0,0,0,224.91093444824176,224.91093444824176,0.0
3800001611,3800001611,0.59,0,0,0,0,224.91093444824176,224.91093444824176,0.0
3800001611,3800001611,0.6,0,0,0,0,224.91093444824176,224.91093444824176,0.0
3800001611,3800001611,0.61,0,0,0,0,224.91093444824176,224.91093444824176,0.0
3800001611,3800001611,0.62,0,0,0,0,224.91093444824176,224.91093444824176,0.0
3800001611,3800001611,0.63,0,0,0,0,224.91093444824176,224.91093444824176,0.0
3800001611,3800001611,0.64,0,0,0,0,224.91093444824176,224.91093444824176,0.0
3800001611,3800001611,0.65,0,0,0,0,224.91093444824176,224.91093444824176,0.0
3800001611,3800001611,0.66,0,0,0,0,224.91093444824176,224.91093444824176,0.0
3800001611,3800001611,0.67,0,0,0,0,224.91093444824176,224.91093444824176,0.0
3800001611,3800001611,0.68,0,0,0,0,224.91093444824176,224.91093444824176,0.0
3800001611,3800001611,0.69,0,0,0,0,224.91093444824176,224.91093444824176,0.0
3800001611,3800001611,0.7,0,0,0,0,224.91093444824176,224.91093444824176,0.0
3800001611,3800001611,0.71,0,0,0,0,224.91093444824176,224.91093444824176,0.0
3800001611,3800001611,0.72,0,0,0,0,224.91093444824176,224.91093444824176,0.0
3800001611,3800001611,0.73,0,0,0,0,224.91093444824176,224.91093444824176,0.0
3800001611,3800001611,0.74,0,0,0,0,224.91093444824176,224.91093444824176,0.0
3800001611,3800001611,0.75,0,0,0,0,224.91093444824176,224.91093444824176,0.0
3800001611,3800001611,0.76,0,0,0,0,224.91093444824176,224.91093444824176,0.0
3800001611,3800001611,0.77,0,0,0,0,224.91093444824176,224.91093444824176,0.0
3800001611,3800001611,0.78,0,0,0,0,224.91093444824176,224.91093444824176,0.0
3800001611,3800001611,0.79,0,0,0,0,224.91093444824176,224.91093444824176,0.0
3800001611,3800001611,0.8,0,0,0,0,224.91093444824176,224.91093444824176,0.0
3800001611,3800001611,0.81,0,0,0,0,224.91093444824176,224.91093444824176,0.0
3800001611,3800001611,0.82,0,0,0,0,224.91093444824176,224.91093444824176,0.0
3800001611,3800001611,0.83,0,0,0,0,224.91093444824176,224.91093444824176,0.0
3800001611,3800001611,0.84,0,0,0,0,224.91093444824176,224.91093444824176,0.0
3800001611,3800001611,0.85,0,0,0,0,224.91093444824176,224.91093444824176,0.0
3800001611,3800001611,0.86,0,0,0,0,224.91093444824176,224.91093444824176,0.0
3800001611,3800001611,0.87,0,0,0,0,224.91093444824176,224.91093444824176,0.0
3800001611,3800001611,0.88,0,0,0,0,224.91093444824176,224.91093444824176,0.0
3800001611,3800001611,0.89,0,0,0,0,224.91093444824176,224.91093444824176,0.0
3800001611,3800001611,0.9,0,0,0,0,224.91093444824176,224.91093444824176,0.0
3800001611,3800001611,0.91,0,0,0,0,224.91093444824176,224.91093444824176,0.0
3800001611,3800001611,0.92,0,0,0,0,224.91093444824176,224.91093444824176,0.0
3800001611,3800001611,0.93,0,0,0,0,224.91093444824176,224.91093444824176,0.0
3800001611,3800001611,0.94,0,0,0,0,224.91093444824176,224.91093444824176,0.0
3800001611,3800001611,0.95,0,0,0,0,224.91093444824176,224.91093444824176,0.0
3800001611,3800001611,0.96,0,0,0,0,224.91093444824176,224.91093444824176,0.0
3800001611,3800001611,0.97,0,0,0,0,224.91093444824176,224.91093444824176,0.0
3800001611,3800001611,0.98,0,0,0,0,224.91093444824176,224.91093444824176,0.0
3800001611,3800001611,0.99,0,0,0,0,224.91093444824176,224.91093444824176,0.0
3800001611,3800001611,1.0,0,0,0,0,224.91093444824176,224.91093444824176,0.0
3800001611,3800001611,1.01,0,0,0,0,224.91093444824176,224.91093444824176,0.0
3800001611,3800001611,1.02,0,0,0,0,224.91093444824176,224.91093444824176,0.0
3800001611,3800001611,1.03,0,0,0,0,224.91093444824176,224.91093444824176,0.0
3800001611,3800001611,1.04,0,0,0,0,224.91093444824176,224.91093444824176,0.0
3800001611,3800001611,1.05,0,0,0,0,224.91093444824176,224.91093444824176,0.0
3800001611,3800001611,1.06,0,0,0,0,224.91093444824176,224.91093444824176,0.0
3800001611,3800001611,1.07,0,0,0,0,224.91093444824176,224.91093444824176,0.0
3800001611,3800001611,1.08,0,0,0,0,224.91093444824176,224.91093444824176,0.0
3800001611,3800001611,1.09,0,0,0,0,224.91093444824176,224.91093444824176,0.0
3800001611,3800001611,1.1,0,0,0,0,224.91093444824176,224.91093444824176,0.0
3800001611,3800001611,1.11,0,0,0,0,224.91093444824176,224.91093444824176,0.0
3800001611,3800001611,1.12,0,0,0,0,224.91093444824176,224.91093444824176,0.0
3800001611,3800001611,1.13,0,0,0,0,224.91093444824176,224.91093444824176,0.0
3800001611,3800001611,1.14,0,0,0,0,224.91093444824176,224.91093444824176,0.0
3800001611,3800001611,1.15,0,0,0,0,224.91093444824176,224.91093444824176,0.0
3800001611,3800001611,1.16,0,0,0,0,224.91093444824176,224.91093444824176,0.0
3800001611,3800001611,1.17,0,0,0,0,224.91093444824176,224.91093444824176,0.0
3800001611,3800001611,1.18,0,0,0,0,224.91093444824176,224.91093444824176,0.0
3800001611,3800001611,1.19,0,0,0,0,224.91093444824176,224.91093444824176,0.0
3800001611,3800001611,1.2,0,0,0,0,224.91093444824176,224.91093444824176,0.0
3800001611,3800001611,1.21,0,0,0,0,224.91093444824176,224.91093444824176,0.0
3800001611,3800001611,1.22,0,0,0,0,224.91093444824176,224.91093444824176,0.0
3800001611,3800001611,1.23,0,0,0,0,224.91093444824176,224.91093444824176,0.0
3800001611,3800001611,1.24,0,0,0,0,224.91093444824176,224.91093444824176,0.0
3800001611,3800001611,1.25,0,0,0,0,224.91093444824176,224.91093444824176,0.0
3800001611,3800001611,1.26,0,0,0,0,224.91093444824176,224.91093444824176,0.0
3800001611,3800001611,1.27,0,0,0,0,224.91093444824176,224.91093444824176,0.0
3800001611,3800001611,1.28,0,0,0,0,224.91093444824176,224.91093444824176,0.0
3800001611,3800001611,1.29,0,0,0,0,224.91093444824176,224.91093444824176,0.0
3800001611,3800001611,1.3,0,0,0,0,224.91093444824176,224.91093444824176,0.0
3800001611,3800001611,1.31,0,0,0,0,224.91093444824176,224.91093444824176,0.0
3800001611,3800001611,1.32,0,0,0,0,224.91093444824176,224.91093444824176,0.0
3800001611,3800001611,1.33,0,0,0,0,224.91093444824176,224.91093444824176,0.0
3800001611,3800001611,1.34,0,0,0,0,224.91093444824176,224.91093444824176,0.0
3800001611,3800001611,1.35,0,0,0,0,224.91093444824176,224.91093444824176,0.0
3800001611,3800001611,1.36,0,0,0,0,224.91093444824176,224.91093444824176,0.0
3800001611,3800001611,1.37,0,0,0,0,224.91093444824176,224.91093444824176,0.0
3800001611,3800001611,1.38,0,0,0,0,224.91093444824176,224.91093444824176,0.0
3800001611,3800001611,1.39,0,0,0,0,224.91093444824176,224.91093444824176,0.0
3800001611,3800001611,1.4,0,0,0,0,224.91093444824176,224.91093444824176,0.0
3800001611,3800001611,1.41,0,0,0,0,224.91093444824176,224.91093444824176,0.0
3800001611,3800001611,1.42,0,0,0,0,224.91093444824176,224.91093444824176,0.0
3800001611,3800001611,1.43,0,0,0,0,224.91093444824176,224.91093444824176,0.0
3800001611,3800001611,1.44,0,0,0,0,224.91093444824176,224.91093444824176,0.0
3800001611,3800001611,1.45,0,0,0,0,224.91093444824176,224.91093444824176,0.0
3800001611,3800001611,1.46,0,0,0,0,224.91093444824176,224.91093444824176,0.0
3800001611,3800001611,1.47,0,0,0,0,224.91093444824176,224.91093444824176,0.0
3800001611,3800001611,1.48,0,0,0,0,224.91093444824176,224.91093444824176,0.0
3800001611,3800001611,1.49,0,0,0,0,224.91093444824176,224.91093444824176,0.0
3800001611,3800001611,1.5,0,0,0,0,224.91093444824176,224.91093444824176,0.0
3800001611,3800001611,1.51,0,0,0,0,224.91093444824176,224.91093444824176,0.0
3800001611,3800001611,1.52,0,0,0,0,224.91093444824176,224.91093444824176,0.0
3800001611,3800001611,1.53,0,0,0,0,224.91093444824176,224.91093444824176,0.0
3800001611,3800001611,1.54,0,0,0,0,224.91093444824176,224.91093444824176,0.0
3800001611,3800001611,1.55,0,0,0,0,224.91093444824176,224.91093444824176,0.0
3800001611,3800001611,1.56,0,0,0,0,224.91093444824176,224.91093444824176,0.0
3800001611,3800001611,1.57,0,0,0,0,224.91093444824176,224.91093444824176,0.0
3800001611,3800001611,1.58,0,0,0,0,224.91093444824176,224.91093444824176,0.0
3800001611,3800001611,1.59,0,0,0,0,224.91093444824176,224.91093444824176,0.0
3800001611,3800001611,1.6,0,0,0,0,224.91093444824176,224.91093444824176,0.0
3800001611,3800001611,1.61,0,0,0,0,224.91093444824176,224.91093444824176,0.0
3800001611,3800001611,1.62,0,0,0,0,224.91093444824176,224.91093444824176,0.0
3800001611,3800001611,1.63,0,0,0,0,224.91093444824176,224.91093444824176,0.0
3800001611,3800001611,1.64,0,0,0,0,224.91093444824176,224.91093444824176,0.0
3800001611,3800001611,1.65,0,0,0,0,224.91093444824176,224.91093444824176,0.0
3800001611,3800001611,1.66,0,0,0,0,224.91093444824176,224.91093444824176,0.0
3800001611,3800001611,1.67,0,0,0,0,224.91093444824176,224.91093444824176,0.0
3800001611,3800001611,1.68,0,0,0,0,224.91093444824176,224.91093444824176,0.0
3800001611,3800001611,1.69,0,0,0,0,224.91093444824176,224.91093444824176,0.0
3800001611,3800001611,1.7,0,0,0,0,224.91093444824176,224.91093444824176,0.0
3800001611,3800001611,1.71,0,0,0,0,224.91093444824176,224.91093444824176,0.0
3800001611,3800001611,1.72,0,0,0,0,224.91093444824176,224.91093444824176,0.0
3800001611,3800001611,1.73,0,0,0,0,224.91093444824176,224.91093444824176,0.0
3800001611,3800001611,1.74,0,0,0,0,224.91093444824176,224.91093444824176,0.0
3800001611,3800001611,1.75,0,0,0,0,224.91093444824176,224.91093444824176,0.0
3800001611,3800001611,1.76,0,0,0,0,224.91093444824176,224.91093444824176,0.0
3800001611,3800001611,1.77,0,0,0,0,224.91093444824176,224.91093444824176,0.0
3800001611,3800001611,1.78,0,0,0,0,224.91093444824176,224.91093444824176,0.0
3800001611,3800001611,1.79,0,0,0,0,224.91093444824176,224.91093444824176,0.0
3800001611,3800001611,1.8,0,0,0,0,224.91093444824176,224.91093444824176,0.0
3800001611,3800001611,1.81,0,0,0,0,224.91093444824176,224.91093444824176,0.0
3800001611,3800001611,1.82,0,0,0,0,224.91093444824176,224.91093444824176,0.0
3800001611,3800001611,1.83,0,0,0,0,224.91093444824176,224.91093444824176,0.0
3800001611,3800001611,1.84,0,0,0,0,224.91093444824176,224.91093444824176,0.0
3800001611,3800001611,1.85,0,0,0,0,224.91093444824176,224.91093444824176,0.0
3800001611,3800001611,1.86,0,0,0,0,224.91093444824176,224.91093444824176,0.0
3800001611,3800001611,1.87,0,0,0,0,224.91093444824176,224.91093444824176,0.0
3800001611,3800001611,1.88,0,0,0,0,224.91093444824176,224.91093444824176,0.0
3800001611,3800001611,1.89,0,0,0,0,224.91093444824176,224.91093444824176,0.0
3800001611,3800001611,1.9,0,0,0,0,224.91093444824176,224.91093444824176,0.0
3800001611,3800001611,1.91,0,0,0,0,224.91093444824176,224.91093444824176,0.0
3800001611,3800001611,1.92,0,0,0,0,224.91093444824176,224.91093444824176,0.0
3800001611,3800001611,1.93,0,0,0,0,224.91093444824176,224.91093444824176,0.0
3800001611,3800001611,1.94,0,0,0,0,224.91093444824176,224.91093444824176,0.0
3800001611,3800001611,1.95,0,0,0,0,224.91093444824176,224.91093444824176,0.0
3800001611,3800001611,1.96,0,0,0,0,224.91093444824176,224.91093444824176,0.0
3800001611,3800001611,1.97,0,0,0,0,224.91093444824176,224.91093444824176,0.0
3800001611,3800001611,1.98,0,0,0,0,224.91093444824176,224.91093444824176,0.0
3800001611,3800001611,1.99,0,0,0,0,224.91093444824176,224.91093444824176,0.0
3800001611,3800001611,2.0,0,0,0,0,224.91093444824176,224.91093444824176,0.0
3800001611,3800001611,2.01,0,0,0,0,224.91093444824176,224.91093444824176,0.0
3800001611,3800001611,2.02,0,0,0,0,224.91093444824176,224.91093444824176,0.0
3800001611,3800001611,2.03,0,0,0,0,224.91093444824176,224.91093444824176,0.0
3800001611,3800001611,2.04,0,0,0,0,224.91093444824176,224.91093444824176,0.0
3800001611,3800001611,2.05,0,0,0,0,224.91093444824176,224.91093444824176,0.0
3800001611,3800001611,2.06,0,0,0,0,224.91093444824176,224.91093444824176,0.0
3800001611,3800001611,2.07,0,0,0,0,224.91093444824176,224.91093444824176,0.0
3800001611,3800001611,2.08,0,0,0,0,224.91093444824176,224.91093444824176,0.0
3800001611,3800001611,2.09,0,0,0,0,224.91093444824176,224.91093444824176,0.0
3800001611,3800001611,2.1,0,0,0,0,224.91093444824176,224.91093444824176,0.0
3800001611,3800001611,2.11,0,0,0,0,224.91093444824176,224.91093444824176,0.0
3800001611,3800001611,2.12,0,0,0,0,224.91093444824176,224.91093444824176,0.0
3800001611,3800001611,2.13,0,0,0,0,224.91093444824176,224.91093444824176,0.0
3800001611,3800001611,2.14,0,0,0,0,224.91093444824176,224.91093444824176,0.0
3800001611,3800001611,2.15,0,0,0,0,224.91093444824176,224.91093444824176,0.0
3800001611,3800001611,2.16,0,0,0,0,224.91093444824176,224.91093444824176,0.0
3800001611,3800001611,2.17,0,0,0,0,224.91093444824176,224.91093444824176,0.0
3800001611,3800001611,2.18,0,0,0,0,224.91093444824176,224.91093444824176,0.0
3800001611,3800001611,2.19,0,0,0,0,224.91093444824176,224.91093444824176,0.0
3800001611,3800001611,2.2,0,0,0,0,224.91093444824176,224.91093444824176,0.0
3800001611,3800001611,2.21,0,0,0,0,224.91093444824176,224.91093444824176,0.0
3800001611,3800001611,2.22,0,0,0,0,224.91093444824176,224.91093444824176,0.0
3800001611,3800001611,2.23,0,0,0,0,224.91093444824176,224.91093444824176,0.0
3800001611,3800001611,2.24,0,0,0,0,224.91093444824176,224.91093444824176,0.0
3800001611,3800001611,2.25,0,0,0,0,224.91093444824176,224.91093444824176,0.0
3800001611,3800001611,2.26,0,0,0,0,224.91093444824176,224.91093444824176,0.0
3800001611,3800001611,2.27,0,0,0,0,224.91093444824176,224.91093444824176,0.0
3800001611,3800001611,2.28,0,0,0,0,224.91093444824176,224.91093444824176,0.0
3800001611,3800001611,2.29,0,0,0,0,224.91093444824176,224.91093444824176,0.0
3800001611,3800001611,2.3,0,0,0,0,224.91093444824176,224.91093444824176,0.0
3800001611,3800001611,2.31,0,0,0,0,224.91093444824176,224.91093444824176,0.0
3800001611,3800001611,2.32,0,0,0,0,224.91093444824176,224.91093444824176,0.0
3800001611,3800001611,2.33,0,0,0,0,224.91093444824176,224.91093444824176,0.0
3800001611,3800001611,2.34,0,0,0,0,224.91093444824176,224.91093444824176,0.0
3800001611,3800001611,2.35,0,0,0,0,224.91093444824176,224.91093444824176,0.0
3800001611,3800001611,2.36,0,0,0,0,224.91093444824176,224.91093444824176,0.0
3800001611,3800001611,2.37,0,0,0,0,224.91093444824176,224.91093444824176,0.0
3800001611,3800001611,2.38,0,0,0,0,224.91093444824176,224.91093444824176,0.0
3800001611,3800001611,2.39,0,0,0,0,224.91093444824176,224.91093444824176,0.0
3800001611,3800001611,2.4,0,0,0,0,224.91093444824176,224.91093444824176,0.0
3800001611,3800001611,2.41,0,0,0,0,224.91093444824176,224.91093444824176,0.0
3800001611,3800001611,2.42,0,0,0,0,224.91093444824176,224.91093444824176,0.0
3800001611,3800001611,2.43,0,0,0,0,224.91093444824176,224.91093444824176,0.0
3800001611,3800001611,2.44,3,3168,1,4,225.06249154853822,206.25075625638962,18.811735292148597
3800001611,3800001611,2.45,3,3168,1,4,225.2376620602608,206.9593662923972,18.278295767863597
3800001611,3800001611,2.46,3,3168,1,4,225.41283257198336,207.66797632840473,17.744856243578624
3800001611,3800001611,2.47,3,3168,1,4,225.58800308370593,208.37658636441233,17.211416719293595
3800001611,3800001611,2.48,3,3168,1,4,225.76317359542847,209.08519640041987,16.677977195008594
3800001611,3800001611,2.49,3,3168,1,4,225.93834410715104,209.79380643642745,16.144537670723594
3800001611,3800001611,2.5,3,3168,1,4,226.1135146188736,210.502416472435,15.611098146438621
3800001611,3800001611,2.51,3,3168,1,4,226.28868513059618,211.21102650844253,15.077658622153649
3800001611,3800001611,2.52,3,3168,1,4,226.46385564231875,211.91963654445013,14.54421909786862
3800001611,3800001611,2.53,3,3168,1,4,226.6390261540413,212.62824658045767,14.01077957358362
3800001611,3800001611,2.54,3,3168,1,4,226.81419666576386,213.33685661646524,13.477340049298618
3800001611,3800001611,2.55,3,3168,1,4,226.98936717748643,214.0454666524728,12.943900525013618
3800001611,3800001611,2.56,3,3168,1,4,227.164537689209,214.75407668848038,12.410461000728617
3800001611,3800001611,2.57,3,3168,1,4,227.33970820093157,215.46268672448792,11.877021476443645
3800001611,3800001611,2.58,3,3168,1,4,227.51487871265414,216.1712967604955,11.343581952158644
3800001611,3800001611,2.59,3,3168,1,4,227.69004922437668,216.87990679650306,10.810142427873615
3800001611,3800001611,2.6,3,3168,1,4,227.86521973609925,217.58851683251063,10.276702903588614
3800001611,3800001611,2.61,3,3168,1,4,228.04039024782182,218.29712686851818,9.743263379303642
3800001611,3800001611,2.62,3,3168,1,4,228.2155607595444,219.00573690452575,9.20982385501864
3800001611,3800001611,2.63,3,3168,1,4,228.39073127126693,219.71434694053332,8.676384330733612
3800001611,3800001611,2.64,3,3168,1,4,228.5659017829895,220.4229569765409,8.142944806448611
3800001611,3800001611,2.65,3,3168,1,4,228.74107229471207,221.13156701254843,7.609505282163639
3800001611,3800001611,2.66,3,3168,1,4,228.91624280643464,221.84017704855603,7.0760657578786095
3800001611,3800001611,2.67,3,3168,1,4,229.0914133181572,222.54878708456357,6.542626233593637
3800001611,3800001611,2.68,3,3168,1,4,229.26658382987978,223.25739712057114,6.009186709308636
3800001611,3800001611,2.69,3,3168,1,4,229.44175434160235,223.96600715657868,5.475747185023664
3800001611,3800001611,2.7,21,3168,2,4,229.74790555691717,224.67461719258628,5.073288364330892
3800001611,3800001611,2.71,21,3168,2,4,230.09644195088543,225.38322722859382,4.71321472229161
3800001611,3800001611,2.72,2820,3168,4,4,230.51213391170506,226.0918372646014,4.420296647103669
3800001611,3800001611,2.73,2820,3168,4,4,231.21929659794174,226.80044730060894,4.418849297332798
3800001611,3800001611,2.74,2820,3168,4,4,231.92645928417846,227.50905733661654,4.4174019475619275
3800001611,3800001611,2.75,2820,3168,4,4,232.63362197041513,228.21766737262408,4.415954597791057
3800001611,3800001611,2.76,2820,3168,4,4,233.34078465665183,228.92627740863162,4.4145072480202145
3800001611,3800001611,2.77,2820,3168,4,4,234.04794734288853,229.6348874446392,4.413059898249344
3800001611,3800001611,2.78,2820,3168,4,4,234.75511002912523,230.34349748064676,4.411612548478473
3800001611,3800001611,2.79,2820,3168,4,4,235.46227271536193,231.05210751665433,4.4101651987076025
3800001611,3800001611,2.8,2820,3168,4,4,236.16943540159863,231.76071755266187,4.40871784893676
3800001611,3800001611,2.81,2820,3168,4,4,236.87659808783533,232.46932758866944,4.4072704991658895
3800001611,3800001611,2.82,2928,3168,4,4,237.58432838554384,233.177937624677,4.406390760866827
3800001611,3800001611,2.83,2928,3168,4,4,238.29377015897438,233.88654766068458,4.407222498289798
3800001611,3800001611,2.84,2928,3168,4,4,239.00321193240487,234.59515769669213,4.40805423571274
3800001611,3800001611,2.85,2928,3168,4,4,239.71265370583538,235.30376773269973,4.408885973135654
3800001611,3800001611,2.86,2928,3168,4,4,240.4220954792659,236.01237776870727,4.409717710558624
3800001611,3800001611,2.87,2928,3168,4,4,241.1315372526964,236.72098780471484,4.410549447981566
3800001611,3800001611,2.88,2928,3168,4,4,241.8409790261269,237.42959784072238,4.411381185404508
3800001611,3800001611,2.89,2928,3168,4,4,242.55042079955743,238.13820787672998,4.41221292282745
3800001611,3800001611,2.9,2928,3168,4,4,243.2598625729879,238.84681791273752,4.413044660250392
3800001611,3800001611,2.91,2928,3168,4,4,243.96930434641843,239.5554279487451,4.413876397673334
3800001611,3800001611,2.92,2928,3168,4,4,244.67874611984894,240.26403798475263,4.414708135096305
3800001611,3800001611,2.93,2928,3168,4,4,245.38818789327945,240.97264802076023,4.4155398725192185
3800001611,3800001611,2.94,2928,3168,4,4,246.09762966670993,241.68125805676777,4.416371609942161
3800001611,3800001611,2.95,2928,3168,4,4,246.80707144014045,242.38986809277534,4.417203347365103
3800001611,3800001611,2.96,2928,3168,4,4,247.51651321357096,243.0984781287829,4.418035084788073
3800001611,3800001611,2.97,2928,3168,4,4,248.22595498700147,243.80708816479049,4.418866822210987
3800001611,3800001611,2.98,2928,3168,4,4,248.93539676043196,244.51569820079803,4.419698559633929
3800001611,3800001611,2.99,2928,3168,4,4,249.6448385338625,245.2243082368056,4.420530297056899
3800001611,3800001611,3.0,2928,3168,4,4,250.35428030729298,245.93291827281317,4.421362034479813
3800001611,3800001611,3.01,2928,3168,4,4,251.06372208072347,246.6415283088207,4.422193771902755
3800001611,3800001611,3.02,2928,3168,4,4,251.773163854154,247.35013834482828,4.423025509325726
3800001611,3800001611,3.03,2928,3168,4,4,252.4826056275845,248.05874838083582,4.423857246748668
3800001611,3800001611,3.04,2928,3168,4,4,253.192047401015,248.76735841684342,4.424688984171581
3800001611,3800001611,3.05,2928,3168,4,4,253.90148917444552,249.47596845285096,4.425520721594552
3800001611,3800001611,3.06,2928,3168,4,4,254.61093094787603,250.18457848885853,4.426352459017494
3800001611,3800001611,3.07,2928,3168,4,4,255.3203727213065,250.89318852486608,4.427184196440436
3800001611,3800001611,3.08,2928,3168,4,4,256.029814494737,251.60179856087368,4.42801593386335
3800001611,3800001611,3.09,2928,3168,4,4,256.73925626816754,252.31040859688122,4.42884767128632
3800001611,3800001611,3.1,2928,3168,4,4,257.44869804159805,253.0190186328888,4.429679408709262
3800001611,3800001611,3.11,2928,3168,4,4,258.15813981502856,253.72762866889633,4.430511146132233
3800001611,3800001611,3.12,2928,3168,4,4,258.8675815884591,254.43623870490393,4.431342883555146
3800001611,3800001611,3.13,2928,3168,4,4,259.5770233618896,255.14484874091147,4.432174620978117
3800001611,3800001611,3.14,2928,3168,4,4,260.2864651353201,255.85345877691904,4.433006358401059
3800001611,3800001611,3.15,2928,3168,4,4,260.9959069087506,256.56206881292655,4.433838095824058
3800001611,3800001611,3.16,2928,3168,4,4,261.7053486821811,257.27067884893415,4.434669833246971
3800001611,3800001611,3.17,2928,3168,4,4,262.4147904556116,257.9792888849417,4.435501570669885
3800001611,3800001611,3.18,2928,3168,4,4,263.12423222904215,258.6878989209493,4.4363333080928555
3800001611,3800001611,3.19,2928,3168,4,4,263.8336740024726,259.39650895695684,4.437165045515769
3800001611,3800001611,3.2,2928,3168,4,4,264.5431157759031,260.10511899296444,4.437996782938683
3800001611,3800001611,3.21,2928,3168,4,4,265.25255754933363,260.813729028972,4.438828520361653
3800001611,3800001611,3.22,2928,3168,4,4,265.96199932276414,261.5223390649795,4.439660257784624
3800001611,3800001611,3.23,2928,3168,4,4,266.67144109619466,262.2309491009871,4.4404919952075375
3800001611,3800001611,3.24,2928,3168,4,4,267.38088286962517,262.93955913699466,4.441323732630508
3800001611,3800001611,3.25,2928,3168,4,4,268.0903246430557,263.6481691730022,4.442155470053478
3800001611,3800001611,3.26,2928,3168,4,4,268.79976641648614,264.35677920900974,4.442987207476392
3800001611,3800001611,3.27,2928,3168,4,4,269.50920818991665,265.06538924501734,4.443818944899306
3800001611,3800001611,3.28,2928,3168,4,4,270.21864996334716,265.7739992810249,4.444650682322276
3800001611,3800001611,3.29,2928,3168,4,4,270.9280917367777,266.4826093170325,4.44548241974519
3800001611,3800001611,3.3,2928,3168,4,4,271.6375335102082,267.19121935304,4.44631415716816
3800001611,3800001611,3.31,2928,3168,4,4,272.3469752836387,267.8998293890476,4.447145894591074
3800001611,3800001611,3.32,2928,3168,4,4,273.0564170570692,268.60843942505517,4.4479776320140445
3800001611,3800001611,3.33,2928,3168,4,4,273.7658588304997,269.3170494610627,4.448809369437015
3800001611,3800001611,3.34,2928,3168,4,4,274.47530060393024,270.02565949707025,4.4496411068599855
3800001611,3800001611,3.35,2928,3168,4,4,275.18474237736075,270.73426953307785,4.450472844282899
3800001611,3800001611,3.36,2928,3168,4,4,275.8941841507912,271.4428795690854,4.451304581705813
3800001611,3800001611,3.37,2928,3168,4,4,276.6036259242217,272.151489605093,4.452136319128726
3800001611,3800001611,3.38,2928,3168,4,4,277.31306769765223,272.86009964110053,4.452968056551697
3800001611,3800001611,3.39,2928,3168,4,4,278.02250947108274,273.56870967710813,4.453799793974611
3800001611,3800001611,3.4,2928,3168,4,4,278.73195124451325,274.2773197131157,4.454631531397581
3800001611,3800001611,3.41,2928,3168,4,4,279.44139301794377,274.9859297491232,4.4554632688205515
3800001611,3800001611,3.42,2928,3168,4,4,280.1508347913743,275.6945397851308,4.456295006243465
3800001611,3800001611,3.43,2928,3168,4,4,280.8602765648048,276.40314982113836,4.457126743666436
3800001611,3800001611,3.44,2928,3168,4,4,281.5697183382353,277.1117598571459,4.457958481089406
3800001611,3800001611,3.45,2928,3168,4,4,282.2791601116658,277.8203698931535,4.45879021851232
3800001611,3800001611,3.46,2928,3168,4,4,282.9886018850963,278.52897992916104,4.4596219559352335
3800001611,3800001611,3.47,2928,3168,4,4,283.69804365852684,279.23758996516864,4.460453693358204
3800001611,3800001611,3.48,2928,3168,4,4,284.4074854319573,279.9462000011762,4.461285430781118
3800001611,3800001611,3.49,2928,3168,4,4,285.1169272053878,280.6548100371838,4.462117168204031
3800001611,3800001611,3.5,2928,3168,4,4,285.8263689788183,281.3634200731913,4.462948905627002
3800001611,3800001611,3.51,2928,3168,4,4,286.53581075224884,282.07203010919886,4.463780643049972
3800001611,3800001611,3.52,2928,3168,4,4,287.24525252567935,282.7806401452064,4.464612380472943
3800001611,3800001611,3.53,2928,3168,4,4,287.9546942991098,283.48925018121395,4.465444117895856
3800001611,3800001611,3.54,2928,3168,4,4,288.6641360725404,284.19786021722155,4.466275855318827
3800001611,3800001611,3.55,2928,3168,4,4,289.37357784597083,284.9064702532291,4.4671075927417405
3800001611,3800001611,3.56,2928,3168,4,4,290.08301961940134,285.6150802892367,4.467939330164654
3800001611,3800001611,3.57,2928,3168,4,4,290.79246139283185,286.32369032524423,4.468771067587625
3800001611,3800001611,3.58,2928,3168,4,4,291.50190316626237,287.0323003612518,4.469602805010538
3800001611,3800001611,3.59,2928,3168,4,4,292.2113449396929,287.74091039725937,4.470434542433509
3800001611,3800001611,3.6,2928,3168,4,4,292.9207867131234,288.4495204332669,4.471266279856479
3800001611,3800001611,3.61,2928,3168,4,4,293.6302284865539,289.1581304692745,4.472098017279393
3800001611,3800001611,3.62,2928,3168,4,4,294.3396702599844,289.86674050528205,4.472929754702363
3800001611,3800001611,3.63,2928,3168,4,4,295.04911203341493,290.5753505412896,4.473761492125334
3800001611,3800001611,3.64,2928,3168,4,4,295.75855380684544,291.2839605772972,4.474593229548248
3800001611,3800001611,3.65,2928,3168,4,4,296.46799558027595,291.99257061330474,4.475424966971218
3800001611,3800001611,3.66,2928,3168,4,4,297.17743735370647,292.70118064931233,4.476256704394132
3800001611,3800001611,3.67,2928,3168,4,4,297.8868791271369,293.4097906853199,4.477088441817045
3800001611,3800001611,3.68,2928,3168,4,4,298.5963209005675,294.1184007213274,4.477920179240073
3800001611,3800001611,3.69,2928,3168,4,4,299.30576267399795,294.82701075733496,4.478751916662986
3800001611,3800001611,3.7,2928,3168,4,4,300.01520444742846,295.53562079334256,4.4795836540859
3800001611,3800001611,3.71,2928,3168,4,4,300.724646220859,296.2442308293501,4.4804153915088705
3800001611,3800001611,3.72,2928,3168,4,4,301.4340879942895,296.9528408653577,4.481247128931784
3800001611,3800001611,3.73,2928,3168,4,4,302.14352976772,297.66145090136524,4.482078866354755
3800001611,3800001611,3.74,2928,3168,4,4,302.8529715411505,298.37006093737284,4.482910603777668
3800001611,3800001611,3.75,2928,3168,4,4,303.562413314581,299.0786709733804,4.483742341200639
3800001611,3800001611,3.76,2928,3168,4,4,304.2718550880115,299.7872810093879,4.484574078623552
3800001611,3800001611,3.77,2928,3168,4,4,304.981296861442,300.49589104539547,4.485405816046523
3800001611,3800001611,3.78,2928,3168,4,4,305.6907386348725,301.20450108140307,4.4862375534694365
3800001611,3800001611,3.79,2928,3168,4,4,306.400180408303,301.9131111174106,4.487069290892407
3800001611,3800001611,3.8,2928,3168,4,4,307.1096221817335,302.62172115341815,4.4879010283153775
3800001611,3800001611,3.81,2928,3168,4,4,307.81906395516404,303.33033118942575,4.488732765738291
3800001611,3800001611,3.82,2928,3168,4,4,308.52850572859455,304.0389412254333,4.489564503161262
3800001611,3800001611,3.83,2928,3168,4,4,309.23794750202507,304.7475512614409,4.490396240584175
3800001611,3800001611,3.84,2928,3168,4,4,309.9473892754556,305.45616129744843,4.491227978007146
3800001611,3800001611,3.85,2928,3168,4,4,310.6568310488861,306.16477133345603,4.492059715430059
3800001611,3800001611,3.86,2928,3168,4,4,311.36627282231655,306.8733813694636,4.492891452852973
3800001611,3800001611,3.87,2928,3168,4,4,312.07571459574706,307.5819914054711,4.493723190275944
3800001611,3800001611,3.88,2928,3168,4,4,312.78515636917757,308.29060144147866,4.494554927698914
3800001611,3800001611,3.89,2928,3168,4,4,313.4945981426081,308.99921147748626,4.495386665121828
3800001611,3800001611,3.9,2928,3168,4,4,314.2040399160386,309.7078215134938,4.496218402544798
3800001611,3800001611,3.91,2928,3168,4,4,314.9134816894691,310.4164315495014,4.497050139967712
3800001611,3800001611,3.92,2928,3168,4,4,315.6229234628996,311.12504158550894,4.497881877390682
3800001611,3800001611,3.93,2928,3168,4,4,316.33236523633013,311.83365162151654,4.498713614813596
3800001611,3800001611,3.94,2928,3168,4,4,317.04180700976065,312.5422616575241,4.4995453522365665
3800001611,3800001611,3.95,2928,3168,4,4,317.75124878319116,313.2508716935316,4.500377089659537
3800001611,3800001611,3.96,2928,3168,4,4,318.4606905566216,313.95948172953916,4.501208827082451
3800001611,3800001611,3.97,2928,3168,4,4,319.1701323300522,314.66809176554676,4.502040564505421
3800001611,3800001611,3.98,2928,3168,4,4,319.87957410348264,315.3767018015543,4.502872301928335
3800001611,3800001611,3.99,2928,3168,4,4,320.58901587691315,316.0853118375619,4.503704039351248
3800001611,3800001611,4.0,2928,3168,4,4,321.29845765034366,316.79392187356945,4.504535776774219
3800000110,3800000110,0.0,0,0,0,0,109.29181671142571,109.29181671142571,0.0
3800000110,3800000110,0.01,0,0,0,0,109.29181671142571,109.29181671142571,0.0
3800000110,3800000110,0.02,0,0,0,0,109.29181671142571,109.29181671142571,0.0
3800000110,3800000110,0.03,0,0,0,0,109.29181671142571,109.29181671142571,0.0
3800000110,3800000110,0.04,0,0,0,0,109.29181671142571,109.29181671142571,0.0
3800000110,3800000110,0.05,0,0,0,0,109.29181671142571,109.29181671142571,0.0
3800000110,3800000110,0.06,0,0,0,0,109.29181671142571,109.29181671142571,0.0
3800000110,3800000110,0.07,0,0,0,0,109.29181671142571,109.29181671142571,0.0
3800000110,3800000110,0.08,0,0,0,0,109.29181671142571,109.29181671142571,0.0
3800000110,3800000110,0.09,0,0,0,0,109.29181671142571,109.29181671142571,0.0
3800000110,3800000110,0.1,0,0,0,0,109.29181671142571,109.29181671142571,0.0
3800000110,3800000110,0.11,0,0,0,0,109.29181671142571,109.29181671142571,0.0
3800000110,3800000110,0.12,0,0,0,0,109.29181671142571,109.29181671142571,0.0
3800000110,3800000110,0.13,0,0,0,0,109.29181671142571,109.29181671142571,0.0
3800000110,3800000110,0.14,0,0,0,0,109.29181671142571,109.29181671142571,0.0
3800000110,3800000110,0.15,0,0,0,0,109.29181671142571,109.29181671142571,0.0
3800000110,3800000110,0.16,0,0,0,0,109.29181671142571,109.29181671142571,0.0
3800000110,3800000110,0.17,0,0,0,0,109.29181671142571,109.29181671142571,0.0
3800000110,3800000110,0.18,0,0,0,0,109.29181671142571,109.29181671142571,0.0
3800000110,3800000110,0.19,0,0,0,0,109.29181671142571,109.29181671142571,0.0
3800000110,3800000110,0.2,0,0,0,0,109.29181671142571,109.29181671142571,0.0
3800000110,3800000110,0.21,0,0,0,0,109.29181671142571,109.29181671142571,0.0
3800000110,3800000110,0.22,0,0,0,0,109.29181671142571,109.29181671142571,0.0
3800000110,3800000110,0.23,0,0,0,0,109.29181671142571,109.29181671142571,0.0
3800000110,3800000110,0.24,0,0,0,0,109.29181671142571,109.29181671142571,0.0
3800000110,3800000110,0.25,0,0,0,0,109.29181671142571,109.29181671142571,0.0
3800000110,3800000110,0.26,0,0,0,0,109.29181671142571,109.29181671142571,0.0
3800000110,3800000110,0.27,0,0,0,0,109.29181671142571,109.29181671142571,0.0
3800000110,3800000110,0.28,0,0,0,0,109.29181671142571,109.29181671142571,0.0
3800000110,3800000110,0.29,0,0,0,0,109.29181671142571,109.29181671142571,0.0
3800000110,3800000110,0.3,0,0,0,0,109.29181671142571,109.29181671142571,0.0
3800000110,3800000110,0.31,0,0,0,0,109.29181671142571,109.29181671142571,0.0
3800000110,3800000110,0.32,0,0,0,0,109.29181671142571,109.29181671142571,0.0
3800000110,3800000110,0.33,0,0,0,0,109.29181671142571,109.29181671142571,0.0
3800000110,3800000110,0.34,0,0,0,0,109.29181671142571,109.29181671142571,0.0
3800000110,3800000110,0.35,0,0,0,0,109.29181671142571,109.29181671142571,0.0
3800000110,3800000110,0.36,0,0,0,0,109.29181671142571,109.29181671142571,0.0
3800000110,3800000110,0.37,0,0,0,0,109.29181671142571,109.29181671142571,0.0
3800000110,3800000110,0.38,0,0,0,0,109.29181671142571,109.29181671142571,0.0
3800000110,3800000110,0.39,0,0,0,0,109.29181671142571,109.29181671142571,0.0
3800000110,3800000110,0.4,0,0,0,0,109.29181671142571,109.29181671142571,0.0
3800000110,3800000110,0.41,0,0,0,0,109.29181671142571,109.29181671142571,0.0
3800000110,3800000110,0.42,0,0,0,0,109.29181671142571,109.29181671142571,0.0
3800000110,3800000110,0.43,0,0,0,0,109.29181671142571,109.29181671142571,0.0
3800000110,3800000110,0.44,0,0,0,0,109.29181671142571,109.29181671142571,0.0
3800000110,3800000110,0.45,0,0,0,0,109.29181671142571,109.29181671142571,0.0
3800000110,3800000110,0.46,0,0,0,0,109.29181671142571,109.29181671142571,0.0
3800000110,3800000110,0.47,0,0,0,0,109.29181671142571,109.29181671142571,0.0
3800000110,3800000110,0.48,0,0,0,0,109.29181671142571,109.29181671142571,0.0
3800000110,3800000110,0.49,0,0,0,0,109.29181671142571,109.29181671142571,0.0
3800000110,3800000110,0.5,0,0,0,0,109.29181671142571,109.29181671142571,0.0
3800000110,3800000110,0.51,0,0,0,0,109.29181671142571,109.29181671142571,0.0
3800000110,3800000110,0.52,0,0,0,0,109.29181671142571,109.29181671142571,0.0
3800000110,3800000110,0.53,0,0,0,0,109.29181671142571,109.29181671142571,0.0
3800000110,3800000110,0.54,0,0,0,0,109.29181671142571,109.29181671142571,0.0
3800000110,3800000110,0.55,0,0,0,0,109.29181671142571,109.29181671142571,0.0
3800000110,3800000110,0.56,0,0,0,0,109.29181671142571,109.29181671142571,0.0
3800000110,3800000110,0.57,0,0,0,0,109.29181671142571,109.29181671142571,0.0
3800000110,3800000110,0.58,0,0,0,0,109.29181671142571,109.29181671142571,0.0
3800000110,3800000110,0.59,0,0,0,0,109.29181671142571,109.29181671142571,0.0
3800000110,3800000110,0.6,0,0,0,0,109.29181671142571,109.29181671142571,0.0
3800000110,3800000110,0.61,0,0,0,0,109.29181671142571,109.29181671142571,0.0
3800000110,3800000110,0.62,0,0,0,0,109.29181671142571,109.29181671142571,0.0
3800000110,3800000110,0.63,0,0,0,0,109.29181671142571,109.29181671142571,0.0
3800000110,3800000110,0.64,0,0,0,0,109.29181671142571,109.29181671142571,0.0
3800000110,3800000110,0.65,0,0,0,0,109.29181671142571,109.29181671142571,0.0
3800000110,3800000110,0.66,0,0,0,0,109.29181671142571,109.29181671142571,0.0
3800000110,3800000110,0.67,0,0,0,0,109.29181671142571,109.29181671142571,0.0
3800000110,3800000110,0.68,0,0,0,0,109.29181671142571,109.29181671142571,0.0
3800000110,3800000110,0.69,0,0,0,0,109.29181671142571,109.29181671142571,0.0
3800000110,3800000110,0.7,0,0,0,0,109.29181671142571,109.29181671142571,0.0
3800000110,3800000110,0.71,0,0,0,0,109.29181671142571,109.29181671142571,0.0
3800000110,3800000110,0.72,0,0,0,0,109.29181671142571,109.29181671142571,0.0
3800000110,3800000110,0.73,0,0,0,0,109.29181671142571,109.29181671142571,0.0
3800000110,3800000110,0.74,0,0,0,0,109.29181671142571,109.29181671142571,0.0
3800000110,3800000110,0.75,0,0,0,0,109.29181671142571,109.29181671142571,0.0
3800000110,3800000110,0.76,0,0,0,0,109.29181671142571,109.29181671142571,0.0
3800000110,3800000110,0.77,0,0,0,0,109.29181671142571,109.29181671142571,0.0
3800000110,3800000110,0.78,0,0,0,0,109.29181671142571,109.29181671142571,0.0
3800000110,3800000110,0.79,0,0,0,0,109.29181671142571,109.29181671142571,0.0
3800000110,3800000110,0.8,0,0,0,0,109.29181671142571,109.29181671142571,0.0
3800000110,3800000110,0.81,0,0,0,0,109.29181671142571,109.29181671142571,0.0
3800000110,3800000110,0.82,0,0,0,0,109.29181671142571,109.29181671142571,0.0
3800000110,3800000110,0.83,0,0,0,0,109.29181671142571,109.29181671142571,0.0
3800000110,3800000110,0.84,0,0,0,0,109.29181671142571,109.29181671142571,0.0
3800000110,3800000110,0.85,0,0,0,0,109.29181671142571,109.29181671142571,0.0
3800000110,3800000110,0.86,0,0,0,0,109.29181671142571,109.29181671142571,0.0
3800000110,3800000110,0.87,0,0,0,0,109.29181671142571,109.29181671142571,0.0
3800000110,3800000110,0.88,0,0,0,0,109.29181671142571,109.29181671142571,0.0
3800000110,3800000110,0.89,0,0,0,0,109.29181671142571,109.29181671142571,0.0
3800000110,3800000110,0.9,0,0,0,0,109.29181671142571,109.29181671142571,0.0
3800000110,3800000110,0.91,0,0,0,0,109.29181671142571,109.29181671142571,0.0
3800000110,3800000110,0.92,0,0,0,0,109.29181671142571,109.29181671142571,0.0
3800000110,3800000110,0.93,0,0,0,0,109.29181671142571,109.29181671142571,0.0
3800000110,3800000110,0.94,0,0,0,0,109.29181671142571,109.29181671142571,0.0
3800000110,3800000110,0.95,0,0,0,0,109.29181671142571,109.29181671142571,0.0
3800000110,3800000110,0.96,0,0,0,0,109.29181671142571,109.29181671142571,0.0
3800000110,3800000110,0.97,0,0,0,0,109.29181671142571,109.29181671142571,0.0
3800000110,3800000110,0.98,0,0,0,0,109.29181671142571,109.29181671142571,0.0
3800000110,3800000110,0.99,0,0,0,0,109.29181671142571,109.29181671142571,0.0
3800000110,3800000110,1.0,0,0,0,0,109.29181671142571,109.29181671142571,0.0
3800000110,3800000110,1.01,0,0,0,0,109.29181671142571,109.29181671142571,0.0
3800000110,3800000110,1.02,0,0,0,0,109.29181671142571,109.29181671142571,0.0
3800000110,3800000110,1.03,0,0,0,0,109.29181671142571,109.29181671142571,0.0
3800000110,3800000110,1.04,0,0,0,0,109.29181671142571,109.29181671142571,0.0
3800000110,3800000110,1.05,0,0,0,0,109.29181671142571,109.29181671142571,0.0
3800000110,3800000110,1.06,0,0,0,0,109.29181671142571,109.29181671142571,0.0
3800000110,3800000110,1.07,0,0,0,0,109.29181671142571,109.29181671142571,0.0
3800000110,3800000110,1.08,0,0,0,0,109.29181671142571,109.29181671142571,0.0
3800000110,3800000110,1.09,0,0,0,0,109.29181671142571,109.29181671142571,0.0
3800000110,3800000110,1.1,0,0,0,0,109.29181671142571,109.29181671142571,0.0
3800000110,3800000110,1.11,0,0,0,0,109.29181671142571,109.29181671142571,0.0
3800000110,3800000110,1.12,0,0,0,0,109.29181671142571,109.29181671142571,0.0
3800000110,3800000110,1.13,0,0,0,0,109.29181671142571,109.29181671142571,0.0
3800000110,3800000110,1.14,0,0,0,0,109.29181671142571,109.29181671142571,0.0
3800000110,3800000110,1.15,0,0,0,0,109.29181671142571,109.29181671142571,0.0
3800000110,3800000110,1.16,0,0,0,0,109.29181671142571,109.29181671142571,0.0
3800000110,3800000110,1.17,0,0,0,0,109.29181671142571,109.29181671142571,0.0
3800000110,3800000110,1.18,0,0,0,0,109.29181671142571,109.29181671142571,0.0
3800000110,3800000110,1.19,0,0,0,0,109.29181671142571,109.29181671142571,0.0
3800000110,3800000110,1.2,0,0,0,0,109.29181671142571,109.29181671142571,0.0
3800000110,3800000110,1.21,0,0,0,0,109.29181671142571,109.29181671142571,0.0
3800000110,3800000110,1.22,0,0,0,0,109.29181671142571,109.29181671142571,0.0
3800000110,3800000110,1.23,0,0,0,0,109.29181671142571,109.29181671142571,0.0
3800000110,3800000110,1.24,0,0,0,0,109.29181671142571,109.29181671142571,0.0
3800000110,3800000110,1.25,0,0,0,0,109.29181671142571,109.29181671142571,0.0
3800000110,3800000110,1.26,0,0,0,0,109.29181671142571,109.29181671142571,0.0
3800000110,3800000110,1.27,0,0,0,0,109.29181671142571,109.29181671142571,0.0
3800000110,3800000110,1.28,0,0,0,0,109.29181671142571,109.29181671142571,0.0
3800000110,3800000110,1.29,0,0,0,0,109.29181671142571,109.29181671142571,0.0
3800000110,3800000110,1.3,0,0,0,0,109.29181671142571,109.29181671142571,0.0
3800000110,3800000110,1.31,0,0,0,0,109.29181671142571,109.29181671142571,0.0
3800000110,3800000110,1.32,0,0,0,0,109.29181671142571,109.29181671142571,0.0
3800000110,3800000110,1.33,0,0,0,0,109.29181671142571,109.29181671142571,0.0
3800000110,3800000110,1.34,0,0,0,0,109.29181671142571,109.29181671142571,0.0
3800000110,3800000110,1.35,0,0,0,0,109.29181671142571,109.29181671142571,0.0
3800000110,3800000110,1.36,0,0,0,0,109.29181671142571,109.29181671142571,0.0
3800000110,3800000110,1.37,0,0,0,0,109.29181671142571,109.29181671142571,0.0
3800000110,3800000110,1.38,0,0,0,0,109.29181671142571,109.29181671142571,0.0
3800000110,3800000110,1.39,2,2597,1,4,109.35469671444893,103.2197544341882,6.134942280260731
3800000110,3800000110,1.4,3,3168,1,4,109.59064659309385,101.24974987475075,8.340896718343103
3800000110,3800000110,1.41,3,3168,1,4,109.83159944372176,102.21272701155341,7.618872432168345
3800000110,3800000110,1.42,3,3168,1,4,110.07255229434966,103.1757041483561,6.896848145993559
3800000110,3800000110,1.43,3,3168,1,4,110.31350514497757,104.13868128515877,6.174823859818801
3800000110,3800000110,1.44,3,3168,1,4,110.55445799560546,105.10165842196143,5.452799573644029
3800000110,3800000110,1.45,3,3168,1,4,110.79541084623335,106.06463555876412,4.730775287469228
3800000110,3800000110,1.46,3,3168,1,4,111.03636369686126,107.02761269556679,4.0087510012944705
3800000110,3800000110,1.47,21,3168,2,4,111.30154008835159,107.99058983236945,3.310950255982135
3800000110,3800000110,1.48,21,3168,2,4,111.77905092722577,108.95356696917214,2.825483958053624
3800000110,3800000110,1.49,138,3168,3,4,112.29763478885056,109.91654410597481,2.381090682875751
3800000110,3800000110,1.5,903,3168,4,4,113.04517410914103,110.8795212427775,2.16565286636353
3800000110,3800000110,1.51,903,3168,4,4,113.99854555012384,111.84249837958016,2.1560471705436726
3800000110,3800000110,1.52,903,3168,4,4,114.95191699110667,112.80547551638283,2.1464414747238436
3800000110,3800000110,1.53,903,3168,4,4,115.90528843208948,113.76845265318552,2.136835778903958
3800000110,3800000110,1.54,903,3168,4,4,116.85865987307231,114.73142978998818,2.127230083084129
3800000110,3800000110,1.55,903,3168,4,4,117.81203131405512,115.69440692679085,2.1176243872642715
3800000110,3800000110,1.56,903,3168,4,4,118.76540275503793,116.65738406359354,2.1080186914443857
3800000110,3800000110,1.57,903,3168,4,4,119.71877419602076,117.6203612003962,2.0984129956245567
3800000110,3800000110,1.58,903,3168,4,4,120.67214563700357,118.58333833719887,2.0888072998046994
3800000110,3800000110,1.59,903,3168,4,4,121.6255170779864,119.54631547400156,2.079201603984842
3800000110,3800000110,1.6,903,3168,4,4,122.57888851896921,120.50929261080422,2.0695959081649846
3800000110,3800000110,1.61,903,3168,4,4,123.53225995995204,121.47226974760689,2.0599902123451557
3800000110,3800000110,1.62,1578,3168,4,4,124.48961774857841,122.43524688440958,2.054370864168831
3800000110,3800000110,1.63,1578,3168,4,4,125.44753702290853,123.39822402121222,2.0493130016963192
3800000110,3800000110,1.64,1578,3168,4,4,126.40545629723869,124.36120115801491,2.044255139223779
3800000110,3800000110,1.65,1578,3168,4,4,127.36337557156881,125.32417829481757,2.0391972767512385
3800000110,3800000110,1.66,1578,3168,4,4,128.32129484589896,126.28715543162026,2.034139414278698
3800000110,3800000110,1.67,1578,3168,4,4,129.27921412022908,127.25013256842293,2.029081551806158
3800000110,3800000110,1.68,2820,3168,4,4,130.23839374987284,128.21310970522558,2.0252840446472646
3800000110,3800000110,1.69,2820,3168,4,4,131.19947216256458,129.17608684202827,2.023385320536306
3800000110,3800000110,1.7,2820,3168,4,4,132.1605505752563,130.13906397883096,2.0214865964253477
3800000110,3800000110,1.71,2820,3168,4,4,133.1216289879481,131.1020411156336,2.019587872314503
3800000110,3800000110,1.72,2820,3168,4,4,134.08270740063983,132.0650182524363,2.0176891482035444
3800000110,3800000110,1.73,2820,3168,4,4,135.04378581333162,133.02799538923898,2.0157904240926428
3800000110,3800000110,1.74,2820,3168,4,4,136.00486422602336,133.99097252604162,2.013891699981741
3800000110,3800000110,1.75,2820,3168,4,4,136.9659426387151,134.9539496628443,2.0119929758707826
3800000110,3800000110,1.76,2820,3168,4,4,137.92702105140688,135.916926799647,2.010094251759881
3800000110,3800000110,1.77,2820,3168,4,4,138.88809946409862,136.87990393644964,2.0081955276489794
3800000110,3800000110,1.78,2820,3168,4,4,139.84917787679035,137.84288107325233,2.006296803538021
3800000110,3800000110,1.79,2928,3168,4,4,140.81156884635288,138.80585821005502,2.005710636297863
3800000110,3800000110,1.8,2928,3168,4,4,141.77550082858403,139.7688353468577,2.0066654817263156
3800000110,3800000110,1.81,2928,3168,4,4,142.73943281081515,140.73181248366035,2.0076203271547968
3800000110,3800000110,1.82,2928,3168,4,4,143.7033647930463,141.69478962046304,2.0085751725832495
3800000110,3800000110,1.83,2928,3168,4,4,144.66729677527744,142.65776675726573,2.009530018011702
3800000110,3800000110,1.84,2928,3168,4,4,145.63122875750858,143.62074389406837,2.0104848634402117
3800000110,3800000110,1.85,2928,3168,4,4,146.59516073973973,144.58372103087106,2.0114397088686644
3800000110,3800000110,1.86,2928,3168,4,4,147.55909272197087,145.54669816767375,2.012394554297117
3800000110,3800000110,1.87,2928,3168,4,4,148.52302470420202,146.5096753044764,2.0133493997256267
3800000110,3800000110,1.88,2928,3168,4,4,149.48695668643313,147.47265244127908,2.014304245154051
3800000110,3800000110,1.89,2928,3168,4,4,150.45088866866428,148.43562957808172,2.0152590905825605
3800000110,3800000110,1.9,2928,3168,4,4,151.4148206508954,149.3986067148844,2.0162139360109848
3800000110,3800000110,1.91,2928,3168,4,4,152.37875263312654,150.3615838516871,2.0171687814394375
3800000110,3800000110,1.92,2928,3168,4,4,153.34268461535768,151.32456098848974,2.018123626867947
3800000110,3800000110,1.93,2928,3168,4,4,154.30661659758883,152.28753812529243,2.0190784722963997
3800000110,3800000110,1.94,2928,3168,4,4,155.27054857981997,153.25051526209512,2.0200333177248524
3800000110,3800000110,1.95,2928,3168,4,4,156.23448056205112,154.21349239889776,2.020988163153362
3800000110,3800000110,1.96,2928,3168,4,4,157.19841254428226,155.17646953570045,2.0219430085818146
3800000110,3800000110,1.97,2928,3168,4,4,158.16234452651338,156.13944667250314,2.022897854010239
3800000110,3800000110,1.98,2928,3168,4,4,159.12627650874452,157.10242380930578,2.0238526994387485
3800000110,3800000110,1.99,2928,3168,4,4,160.09020849097567,158.06540094610847,2.024807544867201
3800000110,3800000110,2.0,2928,3168,4,4,161.05414047320681,159.02837808291116,2.025762390295654
3800000110,3800000110,2.01,2928,3168,4,4,162.01807245543793,159.9913552197138,2.026717235724135
3800000110,3800000110,2.02,2928,3168,4,4,162.9820044376691,160.9543323565165,2.027672081152616
3800000110,3800000110,2.03,2928,3168,4,4,163.94593641990022,161.91730949331912,2.0286269265810972
3800000110,3800000110,2.04,2928,3168,4,4,164.90986840213137,162.88028663012182,2.02958177200955
3800000110,3800000110,2.05,2928,3168,4,4,165.8738003843625,163.8432637669245,2.0305366174380026
3800000110,3800000110,2.06,2928,3168,4,4,166.83773236659366,164.8062409037272,2.0314914628664553
3800000110,3800000110,2.07,2928,3168,4,4,167.80166434882477,165.76921804052984,2.0324463082949364
3800000110,3800000110,2.08,2928,3168,4,4,168.76559633105595,166.73219517733253,2.0334011537234176
3800000110,3800000110,2.09,2928,3168,4,4,169.72952831328706,167.69517231413516,2.0343559991518987
3800000110,3800000110,2.1,2928,3168,4,4,170.69346029551824,168.6581494509379,2.035310844580323
3800000110,3800000110,2.11,2928,3168,4,4,171.65739227774935,169.62112658774055,2.036265690008804
3800000110,3800000110,2.12,2928,3168,4,4,172.6213242599805,170.58410372454324,2.037220535437257
3800000110,3800000110,2.13,2928,3168,4,4,173.5852562422116,171.54708086134588,2.038175380865738
3800000110,3800000110,2.14,2928,3168,4,4,174.5491882244428,172.51005799814857,2.039130226294219
3800000110,3800000110,2.15,2928,3168,4,4,175.5131202066739,173.47303513495126,2.0400850717226433
3800000110,3800000110,2.16,2928,3168,4,4,176.47705218890508,174.43601227175395,2.0410399171511244
3800000110,3800000110,2.17,2928,3168,4,4,177.4409841711362,175.3989894085566,2.0419947625796055
3800000110,3800000110,2.18,2928,3168,4,4,178.40491615336734,176.36196654535928,2.0429496080080582
3800000110,3800000110,2.19,2928,3168,4,4,179.36884813559848,177.32494368216192,2.043904453436568
3800000110,3800000110,2.2,2928,3168,4,4,180.33278011782963,178.2879208189646,2.0448592988650205
3800000110,3800000110,2.21,2928,3168,4,4,181.29671210006074,179.2508979557673,2.0458141442934448
3800000110,3800000110,2.22,2928,3168,4,4,182.26064408229192,180.21387509257,2.046768989721926
3800000110,3800000110,2.23,2928,3168,4,4,183.22457606452303,181.17685222937263,2.047723835150407
3800000110,3800000110,2.24,2928,3168,4,4,184.1885080467542,182.13982936617532,2.048678680578888
3800000110,3800000110,2.25,2928,3168,4,4,185.15244002898532,183.10280650297796,2.0496335260073693
3800000110,3800000110,2.26,2928,3168,4,4,186.11637201121644,184.06578363978065,2.0505883714357935
3800000110,3800000110,2.27,2928,3168,4,4,187.0803039934476,185.02876077658334,2.0515432168642462
3800000110,3800000110,2.28,2928,3168,4,4,188.04423597567873,185.99173791338598,2.0524980622927558
3800000110,3800000110,2.29,2928,3168,4,4,189.00816795790988,186.95471505018867,2.0534529077212085
3800000110,3800000110,2.3,2928,3168,4,4,189.972099940141,187.9176921869913,2.0544077531496896
3800000110,3800000110,2.31,2928,3168,4,4,190.93603192237217,188.880669323794,2.0553625985781707
3800000110,3800000110,2.32,2928,3168,4,4,191.89996390460328,189.8436464605967,2.056317444006595
3800000110,3800000110,2.33,2928,3168,4,4,192.86389588683446,190.80662359739938,2.057272289435076
3800000110,3800000110,2.34,2928,3168,4,4,193.82782786906557,191.76960073420202,2.0582271348635572
3800000110,3800000110,2.35,2928,3168,4,4,194.79175985129672,192.7325778710047,2.05918198029201
3800000110,3800000110,2.36,2928,3168,4,4,195.75569183352783,193.69555500780734,2.060136825720491
3800000110,3800000110,2.37,2928,3168,4,4,196.719623815759,194.6585321446101,2.0610916711489153
3800000110,3800000110,2.38,2928,3168,4,4,197.68355579799012,195.62150928141273,2.0620465165773965
3800000110,3800000110,2.39,2928,3168,4,4,198.6474877802213,196.58448641821542,2.0630013620058776
3800000110,3800000110,2.4,2928,3168,4,4,199.6114197624524,197.54746355501806,2.0639562074343587
3800000110,3800000110,2.41,2928,3168,4,4,200.5753517446836,198.51044069182075,2.06491105286284
3800000110,3800000110,2.42,2928,3168,4,4,201.5392837269147,199.47341782862344,2.065865898291264
3800000110,3800000110,2.43,2928,3168,4,4,202.50321570914585,200.43639496542613,2.066820743719717
3800000110,3800000110,2.44,2928,3168,4,4,203.46714769137697,201.39937210222877,2.067775589148198
3800000110,3800000110,2.45,2928,3168,4,4,204.43107967360814,202.36234923903146,2.068730434576679
3800000110,3800000110,2.46,2928,3168,4,4,205.39501165583926,203.3253263758341,2.06968528000516
3800000110,3800000110,2.47,2928,3168,4,4,206.35894363807043,204.2883035126368,2.0706401254336413
3800000110,3800000110,2.48,2928,3168,4,4,207.32287562030155,205.25128064943948,2.0715949708620656
3800000110,3800000110,2.49,2928,3168,4,4,208.2868076025327,206.21425778624217,2.0725498162905183
3800000110,3800000110,2.5,2928,3168,4,4,209.25073958476383,207.1772349230448,2.073504661719028
3800000110,3800000110,2.51,2928,3168,4,4,210.21467156699495,208.14021205984744,2.074459507147509
3800000110,3800000110,2.52,2928,3168,4,4,211.1786035492261,209.10318919665013,2.0754143525759616
3800000110,3800000110,2.53,2928,3168,4,4,212.1425355314572,210.06616633345283,2.076369198004386
3800000110,3800000110,2.54,2928,3168,4,4,213.1064675136884,211.02914347025552,2.077324043432867
3800000110,3800000110,2.55,2928,3168,4,4,214.0703994959195,211.99212060705815,2.078278888861348
3800000110,3800000110,2.56,2928,3168,4,4,215.03433147815068,212.95509774386085,2.0792337342898293
3800000110,3800000110,2.57,2928,3168,4,4,215.9982634603818,213.91807488066348,2.0801885797183104
3800000110,3800000110,2.58,2928,3168,4,4,216.96219544261294,214.88105201746617,2.081143425146763
3800000110,3800000110,2.59,2928,3168,4,4,217.92612742484405,215.84402915426887,2.0820982705751874
3800000110,3800000110,2.6,2928,3168,4,4,218.89005940707523,216.80700629107156,2.0830531160036685
3800000110,3800000110,2.61,2928,3168,4,4,219.85399138930634,217.7699834278742,2.0840079614321496
3800000110,3800000110,2.62,2928,3168,4,4,220.81792337153752,218.7329605646769,2.0849628068606307
3800000110,3800000110,2.63,2928,3168,4,4,221.78185535376863,219.69593770147952,2.085917652289112
3800000110,3800000110,2.64,3135,3168,4,4,222.74634045810706,220.65891483828227,2.087425619824785
3800000110,3800000110,2.65,3135,3168,4,4,223.71253071260455,221.6218919750849,2.0906387375196402
3800000110,3800000110,2.66,3135,3168,4,4,224.67872096710212,222.5848691118876,2.093851855214524
3800000110,3800000110,2.67,3135,3168,4,4,225.64491122159964,223.54784624869023,2.0970649729094077
3800000110,3800000110,2.68,3135,3168,4,4,226.61110147609716,224.51082338549293,2.1002780906042346
3800000110,3800000110,2.69,3135,3168,4,4,227.57729173059468,225.47380052229562,2.1034912082990616
3800000110,3800000110,2.7,3135,3168,4,4,228.54348198509226,226.4367776590983,2.1067043259939453
3800000110,3800000110,2.71,3135,3168,4,4,229.50967223958972,227.39975479590095,2.109917443688772
3800000110,3800000110,2.72,3135,3168,4,4,230.4758624940873,228.36273193270364,2.113130561383656
3800000110,3800000110,2.73,3135,3168,4,4,231.4420527485848,229.32570906950633,2.116343679078483
3800000110,3800000110,2.74,3135,3168,4,4,232.40824300308233,230.28868620630902,2.1195567967733098
3800000110,3800000110,2.75,3135,3168,4,4,233.37443325757985,231.25166334311166,2.1227699144681935
3800000110,3800000110,2.76,3135,3168,4,4,234.34062351207737,232.2146404799143,2.1259830321630773
3800000110,3800000110,2.77,3135,3168,4,4,235.3068137665749,233.177617616717,2.129196149857904
3800000110,3800000110,2.78,3135,3168,4,4,236.2730040210724,234.14059475351968,2.132409267552731
3800000110,3800000110,2.79,3135,3168,4,4,237.23919427557,235.10357189032237,2.135622385247615
3800000110,3800000110,2.8,3135,3168,4,4,238.20538453006745,236.066549027125,2.1388355029424417
3800000110,3800000110,2.81,3135,3168,4,4,239.17157478456502,237.0295261639277,2.1420486206373255
3800000110,3800000110,2.82,3135,3168,4,4,240.13776503906254,237.99250330073033,2.1452617383322092
3800000110,3800000110,2.83,3135,3168,4,4,241.10395529356006,238.95548043753303,2.148474856027036
3800000110,3800000110,2.84,3135,3168,4,4,242.07014554805758,239.91845757433572,2.151687973721863
3800000110,3800000110,2.85,3135,3168,4,4,243.03633580255516,240.8814347111384,2.154901091416747
3800000110,3800000110,2.86,3135,3168,4,4,244.00252605705268,241.84441184794105,2.1581142091116305
3800000110,3800000110,2.87,3135,3168,4,4,244.9687163115502,242.80738898474374,2.1613273268064574
3800000110,3800000110,2.88,3135,3168,4,4,245.93490656604772,243.77036612154637,2.164540444501341
3800000110,3800000110,2.89,3135,3168,4,4,246.90109682054523,244.73334325834907,2.167753562196168
3800000110,3800000110,2.9,3135,3168,4,4,247.86728707504275,245.69632039515176,2.170966679890995
3800000110,3800000110,2.91,3135,3168,4,4,248.83347732954033,246.65929753195445,2.1741797975858788
3800000110,3800000110,2.92,3135,3168,4,4,249.79966758403785,247.6222746687571,2.1773929152807625
3800000110,3800000110,2.93,3135,3168,4,4,250.76585783853537,248.58525180555978,2.1806060329755894
3800000110,3800000110,2.94,3135,3168,4,4,251.7320480930329,249.5482289423624,2.183819150670473
3800000110,3800000110,2.95,3135,3168,4,4,252.69823834753046,250.5112060791651,2.187032268365357
3800000110,3800000110,2.96,3135,3168,4,4,253.66442860202793,251.4741832159678,2.190245386060127
3800000110,3800000110,2.97,3135,3168,4,4,254.6306188565255,252.4371603527705,2.1934585037550107
3800000110,3800000110,2.98,3135,3168,4,4,255.59680911102302,253.40013748957313,2.1966716214498945
3800000110,3800000110,2.99,3135,3168,4,4,256.56299936552057,254.36311462637582,2.19988473914475
3800000110,3800000110,3.0,3135,3168,4,4,257.5291896200181,255.3260917631785,2.2030978568395767
3800000110,3800000110,3.01,3135,3168,4,4,258.4953798745156,256.28906889998115,2.2063109745344605
3800000110,3800000110,3.02,3135,3168,4,4,259.4615701290131,257.25204603678384,2.2095240922292874
3800000110,3800000110,3.03,3135,3168,4,4,260.42776038351064,258.2150231735865,2.212737209924171
3800000110,3800000110,3.04,3135,3168,4,4,261.3939506380082,259.17800031038917,2.215950327619055
3800000110,3800000110,3.05,3135,3168,4,4,262.3601408925057,260.14097744719186,2.219163445313825
3800000110,3800000110,3.06,3135,3168,4,4,263.32633114700326,261.10395458399455,2.2223765630087087
3800000110,3800000110,3.07,3135,3168,4,4,264.2925214015008,262.0669317207972,2.2255896807035924
3800000110,3800000110,3.08,3135,3168,4,4,265.2587116559983,263.0299088575999,2.2288027983984193
3800000110,3800000110,3.09,3135,3168,4,4,266.2249019104958,263.9928859944025,2.232015916093303
3800000110,3800000110,3.1,3135,3168,4,4,267.1910921649934,264.9558631312052,2.235229033788187
3800000110,3800000110,3.11,3135,3168,4,4,268.1572824194909,265.9188402680079,2.2384421514830137
3800000110,3800000110,3.12,3135,3168,4,4,269.12347267398843,266.8818174048106,2.2416552691778406
3800000110,3800000110,3.13,3135,3168,4,4,270.08966292848595,267.8447945416132,2.2448683868727244
3800000110,3800000110,3.14,3135,3168,4,4,271.05585318298347,268.8077716784159,2.2480815045675513
3800000110,3800000110,3.15,3135,3168,4,4,272.022043437481,269.77074881521855,2.251294622262435
3800000110,3800000110,3.16,3135,3168,4,4,272.98823369197856,270.73372595202125,2.254507739957319
3800000110,3800000110,3.17,3135,3168,4,4,273.9544239464761,271.69670308882394,2.2577208576521457
3800000110,3800000110,3.18,3135,3168,4,4,274.9206142009736,272.65968022562663,2.2609339753469726
3800000110,3800000110,3.19,3135,3168,4,4,275.8868044554711,273.62265736242927,2.2641470930418564
3800000110,3800000110,3.2,3135,3168,4,4,276.8529947099687,274.58563449923196,2.26736021073674
3800000110,3800000110,3.21,3135,3168,4,4,277.81918496446616,275.5486116360346,2.270573328431567
3800000110,3800000110,3.22,3135,3168,4,4,278.78537521896374,276.5115887728373,2.2737864461264508
3800000110,3800000110,3.23,3135,3168,4,4,279.75156547346126,277.47456590964,2.2769995638212777
3800000110,3800000110,3.24,3135,3168,4,4,280.7177557279588,278.43754304644267,2.2802126815161046
3800000110,3800000110,3.25,3135,3168,4,4,281.6839459824563,279.4005201832453,2.2834257992109883
3800000110,3800000110,3.26,3135,3168,4,4,282.6501362369538,280.36349732004794,2.286638916905872
3800000110,3800000110,3.27,3135,3168,4,4,283.61632649145133,281.32647445685063,2.289852034600699
3800000110,3800000110,3.28,3135,3168,4,4,284.58251674594885,282.2894515936533,2.293065152295526
3800000110,3800000110,3.29,3135,3168,4,4,285.5487070004464,283.252428730456,2.2962782699904096
3800000110,3800000110,3.3,3135,3168,4,4,286.5148972549439,284.21540586725865,2.2994913876852365
3800000110,3800000110,3.31,3135,3168,4,4,287.48108750944147,285.17838300406135,2.3027045053801203
3800000110,3800000110,3.32,3135,3168,4,4,288.447277763939,286.14136014086404,2.305917623074947
3800000110,3800000110,3.33,3135,3168,4,4,289.4134680184365,287.10433727766673,2.309130740769774
3800000110,3800000110,3.34,3135,3168,4,4,290.379658272934,288.06731441446937,2.312343858464658
3800000110,3800000110,3.35,3135,3168,4,4,291.3458485274316,289.03029155127206,2.3155569761595416
3800000110,3800000110,3.36,3135,3168,4,4,292.3120387819291,289.9932686880747,2.3187700938544253
3800000110,3800000110,3.37,3135,3168,4,4,293.27822903642664,290.9562458248774,2.3219832115492522
3800000110,3800000110,3.38,3135,3168,4,4,294.24441929092416,291.9192229616801,2.325196329244079
3800000110,3800000110,3.39,3135,3168,4,4,295.2106095454217,292.88220009848277,2.328409446938906
3800000110,3800000110,3.4,3135,3168,4,4,296.1767997999192,293.8451772352854,2.33162256463379
3800000110,3800000110,3.41,3135,3168,4,4,297.14299005441677,294.8081543720881,2.3348356823286736
3800000110,3800000110,3.42,3135,3168,4,4,298.1091803089143,295.77113150889073,2.3380488000235573
3800000110,3800000110,3.43,3135,3168,4,4,299.0753705634118,296.7341086456934,2.341261917718384
3800000110,3800000110,3.44,3135,3168,4,4,300.0415608179093,297.6970857824961,2.344475035413211
3800000110,3800000110,3.45,3135,3168,4,4,301.0077510724069,298.6600629192988,2.347688153108095
3800000110,3800000110,3.46,3135,3168,4,4,301.97394132690437,299.62304005610144,2.3509012708029218
3800000110,3800000110,3.47,3135,3168,4,4,302.94013158140194,300.58601719290414,2.3541143884978055
3800000110,3800000110,3.48,3135,3168,4,4,303.90632183589946,301.5489943297068,2.3573275061926893
3800000110,3800000110,3.49,3135,3168,4,4,304.872512090397,302.51197146650946,2.360540623887516
3800000110,3800000110,3.5,3135,3168,4,4,305.8387023448945,303.47494860331216,2.363753741582343
3800000110,3800000110,3.51,3135,3168,4,4,306.804892599392,304.4379257401148,2.366966859277227
3800000110,3800000110,3.52,3135,3168,4,4,307.77108285388954,305.4009028769175,2.3701799769720537
3800000110,3800000110,3.53,3135,3168,4,4,308.73727310838706,306.3638800137201,2.3733930946669375
3800000110,3800000110,3.54,3135,3168,4,4,309.70346336288463,307.3268571505228,2.3766062123618212
3800000110,3800000110,3.55,3135,3168,4,4,310.6696536173821,308.2898342873255,2.3798193300565913
3800000110,3800000110,3.56,3135,3168,4,4,311.6358438718797,309.2528114241282,2.383032447751475
3800000110,3800000110,3.57,3135,3168,4,4,312.6020341263772,310.21578856093083,2.386245565446359
3800000110,3800000110,3.58,3135,3168,4,4,313.5682243808747,311.1787656977335,2.3894586831411857
3800000110,3800000110,3.59,3135,3168,4,4,314.53441463537223,312.14174283453616,2.3926718008360695
3800000110,3800000110,3.6,3135,3168,4,4,315.5006048898698,313.1047199713389,2.3958849185308964
3800000110,3800000110,3.61,3135,3168,4,4,316.4667951443673,314.06769710814154,2.39909803622578
3800000110,3800000110,3.62,3135,3168,4,4,317.43298539886484,315.03067424494424,2.402311153920607
3800000110,3800000110,3.63,3135,3168,4,4,318.39917565336236,315.9936513817469,2.4055242716154908
3800000110,3800000110,3.64,3135,3168,4,4,319.3653659078599,316.95662851854956,2.4087373893103177
3800000110,3800000110,3.65,3135,3168,4,4,320.3315561623574,317.91960565535226,2.4119505070051446
3800000110,3800000110,3.66,3135,3168,4,4,321.297746416855,318.88258279215495,2.4151636247000283
3800000110,3800000110,3.67,3135,3168,4,4,322.2639366713525,319.8455599289576,2.418376742394912
3800000110,3800000110,3.68,3135,3168,4,4,323.23012692585,320.8085370657603,2.421589860089739
3800000110,3800000110,3.69,3135,3168,4,4,324.19631718034753,321.7715142025629,2.4248029777846227
3800000110,3800000110,3.7,3135,3168,4,4,325.1625074348451,322.7344913393656,2.4280160954795065
3800000110,3800000110,3.71,3135,3168,4,4,326.1286976893426,323.6974684761683,2.4312292131742765
3800000110,3800000110,3.72,3135,3168,4,4,327.09488794384015,324.660445612971,2.4344423308691603
3800000110,3800000110,3.73,3135,3168,4,4,328.06107819833767,325.6234227497736,2.437655448564044
3800000110,3800000110,3.74,3135,3168,4,4,329.0272684528352,326.5863998865763,2.440868566258871
3800000110,3800000110,3.75,3135,3168,4,4,329.9934587073327,327.54937702337895,2.4440816839537547
3800000110,3800000110,3.76,3135,3168,4,4,330.9596489618302,328.51235416018164,2.4472948016485816
3800000110,3800000110,3.77,3135,3168,4,4,331.92583921632774,329.47533129698434,2.4505079193434085
3800000110,3800000110,3.78,3135,3168,4,4,332.89202947082526,330.438308433787,2.4537210370382923
3800000110,3800000110,3.79,3135,3168,4,4,333.85821972532284,331.40128557058966,2.456934154733176
3800000110,3800000110,3.8,3135,3168,4,4,334.8244099798203,332.3642627073923,2.460147272428003
3800000110,3800000110,3.81,3135,3168,4,4,335.7906002343179,333.327239844195,2.4633603901228867
3800000110,3800000110,3.82,3135,3168,4,4,336.7567904888154,334.2902169809977,2.4665735078177136
3800000110,3800000110,3.83,3135,3168,4,4,337.7229807433129,335.2531941178004,2.4697866255125405
3800000110,3800000110,3.84,3135,3168,4,4,338.68917099781044,336.216171254603,2.472999743207424
3800000110,3800000110,3.85,3135,3168,4,4,339.655361252308,337.1791483914057,2.476212860902308
3800000110,3800000110,3.86,3135,3168,4,4,340.62155150680553,338.14212552820834,2.4794259785971917
3800000110,3800000110,3.87,3135,3168,4,4,341.58774176130305,339.1051026650111,2.4826390962919618
3800000110,3800000110,3.88,3135,3168,4,4,342.55393201580057,340.0680798018137,2.4858522139868455
3800000110,3800000110,3.89,3135,3168,4,4,343.5201222702981,341.0310569386164,2.4890653316816724
3800000110,3800000110,3.9,3135,3168,4,4,344.4863125247956,341.99403407541905,2.492278449376556
3800000110,3800000110,3.91,3135,3168,4,4,345.4525027792932,342.95701121222174,2.49549156707144
3800000110,3800000110,3.92,3135,3168,4,4,346.4186930337907,343.91998834902444,2.498704684766267
3800000110,3800000110,3.93,3135,3168,4,4,347.3848832882882,344.8829654858271,2.5019178024610937
3800000110,3800000110,3.94,3135,3168,4,4,348.35107354278574,345.84594262262976,2.5051309201559775
3800000110,3800000110,3.95,3135,3168,4,4,349.3172637972833,346.80891975943246,2.5083440378508612
3800000110,3800000110,3.96,3135,3168,4,4,350.2834540517808,347.7718968962351,2.511557155545688
3800000110,3800000110,3.97,3135,3168,4,4,351.24964430627836,348.7348740330378,2.514770273240572
3800000110,3800000110,3.98,3135,3168,4,4,352.2158345607759,349.6978511698405,2.517983390935399
3800000110,3800000110,3.99,3135,3168,4,4,353.1820248152734,350.66082830664317,2.5211965086302257
3800000110,3800000110,4.0,3135,3168,4,4,354.1482150697709,351.6238054434458,2.5244096263251095
