support_state,trust_region_radius,target_candidate_coverage,candidate_coverage,absolute_coverage_gap,selected
post_promotion,0.13976194237515882,0.997943797121316,1.0,0.0020562028786840214,True
post_promotion,0.14133911669305807,0.997943797121316,1.0,0.0020562028786840214,False
post_promotion,0.14500984835659728,0.997943797121316,1.0,0.0020562028786840214,False
post_promotion,0.15191604202584197,0.997943797121316,1.0,0.0020562028786840214,False
post_promotion,0.15309970758128316,0.997943797121316,1.0,0.0020562028786840214,False
post_promotion,0.15797843569702283,0.997943797121316,1.0,0.0020562028786840214,False
post_promotion,0.15813872100521395,0.997943797121316,1.0,0.0020562028786840214,False
post_promotion,0.16003651200451952,0.997943797121316,1.0,0.0020562028786840214,False
post_promotion,0.16169077210054608,0.997943797121316,1.0,0.0020562028786840214,False
post_promotion,0.1660950819524105,0.997943797121316,1.0,0.0020562028786840214,False
post_promotion,0.18159979566554488,0.997943797121316,1.0,0.0020562028786840214,False
post_promotion,0.1823215567939546,0.997943797121316,1.0,0.0020562028786840214,False
post_promotion,0.18409303644233668,0.997943797121316,1.0,0.0020562028786840214,False
post_promotion,0.20223686649489617,0.997943797121316,1.0,0.0020562028786840214,False
post_promotion,0.21930477500704412,0.997943797121316,1.0,0.0020562028786840214,False
post_promotion,0.22028231903317774,0.997943797121316,1.0,0.0020562028786840214,False
post_promotion,0.22399425319452268,0.997943797121316,1.0,0.0020562028786840214,False
post_promotion,0.22402422067980332,0.997943797121316,1.0,0.0020562028786840214,False
post_promotion,0.22551228514976046,0.997943797121316,1.0,0.0020562028786840214,False
post_promotion,0.23287383595678585,0.997943797121316,1.0,0.0020562028786840214,False
post_promotion,0.24197649964730197,0.997943797121316,1.0,0.0020562028786840214,False
post_promotion,0.2508115366434531,0.997943797121316,1.0,0.0020562028786840214,False
post_promotion,0.2581814080550829,0.997943797121316,1.0,0.0020562028786840214,False
post_promotion,0.2635232369750453,0.997943797121316,1.0,0.0020562028786840214,False
post_promotion,0.26447917537211685,0.997943797121316,1.0,0.0020562028786840214,False
post_promotion,0.2661402286770261,0.997943797121316,1.0,0.0020562028786840214,False
post_promotion,0.2698472048157466,0.997943797121316,1.0,0.0020562028786840214,False
post_promotion,0.2715526905218972,0.997943797121316,1.0,0.0020562028786840214,False
post_promotion,0.271701400463431,0.997943797121316,1.0,0.0020562028786840214,False
post_promotion,0.2757058814050654,0.997943797121316,1.0,0.0020562028786840214,False
post_promotion,0.27698678333503307,0.997943797121316,1.0,0.0020562028786840214,False
post_promotion,0.2808226629008878,0.997943797121316,1.0,0.0020562028786840214,False
post_promotion,0.28995222098631995,0.997943797121316,1.0,0.0020562028786840214,False
post_promotion,0.2950699688516705,0.997943797121316,1.0,0.0020562028786840214,False
post_promotion,0.3010075270489304,0.997943797121316,1.0,0.0020562028786840214,False
post_promotion,0.3014065548773467,0.997943797121316,1.0,0.0020562028786840214,False
post_promotion,0.3040758822274573,0.997943797121316,1.0,0.0020562028786840214,False
post_promotion,0.3114361584598879,0.997943797121316,1.0,0.0020562028786840214,False
post_promotion,0.3129417392110189,0.997943797121316,1.0,0.0020562028786840214,False
post_promotion,0.316255444895837,0.997943797121316,1.0,0.0020562028786840214,False
post_promotion,0.31648406335548696,0.997943797121316,1.0,0.0020562028786840214,False
post_promotion,0.32109806937162483,0.997943797121316,1.0,0.0020562028786840214,False
post_promotion,0.32495346724901236,0.997943797121316,1.0,0.0020562028786840214,False
post_promotion,0.32596425902279796,0.997943797121316,1.0,0.0020562028786840214,False
post_promotion,0.3308542443169896,0.997943797121316,1.0,0.0020562028786840214,False
post_promotion,0.33146909923060497,0.997943797121316,1.0,0.0020562028786840214,False
post_promotion,0.3332202012348355,0.997943797121316,1.0,0.0020562028786840214,False
post_promotion,0.33576825911941877,0.997943797121316,1.0,0.0020562028786840214,False
post_promotion,0.34280137167286046,0.997943797121316,1.0,0.0020562028786840214,False
post_promotion,0.34504984460925336,0.997943797121316,1.0,0.0020562028786840214,False
post_promotion,0.34772411341864795,0.997943797121316,1.0,0.0020562028786840214,False
post_promotion,0.3556694134367136,0.997943797121316,1.0,0.0020562028786840214,False
post_promotion,0.35570359854910055,0.997943797121316,1.0,0.0020562028786840214,False
post_promotion,0.36233574721113215,0.997943797121316,1.0,0.0020562028786840214,False
post_promotion,0.36527422752491895,0.997943797121316,1.0,0.0020562028786840214,False
post_promotion,0.38320663750722156,0.997943797121316,1.0,0.0020562028786840214,False
post_promotion,0.39292575885542896,0.997943797121316,1.0,0.0020562028786840214,False
post_promotion,0.39816047372927715,0.997943797121316,1.0,0.0020562028786840214,False
post_promotion,0.40713874866619415,0.997943797121316,1.0,0.0020562028786840214,False
post_promotion,0.41023838686082204,0.997943797121316,1.0,0.0020562028786840214,False
post_promotion,0.4219038344513242,0.997943797121316,1.0,0.0020562028786840214,False
post_promotion,0.4220859893442047,0.997943797121316,1.0,0.0020562028786840214,False
post_promotion,0.4367949582490821,0.997943797121316,1.0,0.0020562028786840214,False
post_promotion,0.4438259759806107,0.997943797121316,1.0,0.0020562028786840214,False
post_promotion,0.44740379732849456,0.997943797121316,1.0,0.0020562028786840214,False
post_promotion,0.45096886349299076,0.997943797121316,1.0,0.0020562028786840214,False
post_promotion,0.4542552722775964,0.997943797121316,1.0,0.0020562028786840214,False
post_promotion,0.45806109180248267,0.997943797121316,1.0,0.0020562028786840214,False
post_promotion,0.4592678141011406,0.997943797121316,1.0,0.0020562028786840214,False
post_promotion,0.461588432320451,0.997943797121316,1.0,0.0020562028786840214,False
post_promotion,0.46559694915278815,0.997943797121316,1.0,0.0020562028786840214,False
post_promotion,0.4668737362368079,0.997943797121316,1.0,0.0020562028786840214,False
post_promotion,0.47124663748533274,0.997943797121316,1.0,0.0020562028786840214,False
post_promotion,0.47188627806035216,0.997943797121316,1.0,0.0020562028786840214,False
post_promotion,0.4762341789963717,0.997943797121316,1.0,0.0020562028786840214,False
post_promotion,0.481246720819916,0.997943797121316,1.0,0.0020562028786840214,False
post_promotion,0.48434749849816416,0.997943797121316,1.0,0.0020562028786840214,False
post_promotion,0.49359255664221524,0.997943797121316,1.0,0.0020562028786840214,False
post_promotion,0.49601053798085,0.997943797121316,1.0,0.0020562028786840214,False
post_promotion,0.49619396149792655,0.997943797121316,1.0,0.0020562028786840214,False
post_promotion,0.4997087836596512,0.997943797121316,1.0,0.0020562028786840214,False
post_promotion,0.5002992107790032,0.997943797121316,1.0,0.0020562028786840214,False
post_promotion,0.5019866750987863,0.997943797121316,1.0,0.0020562028786840214,False
post_promotion,0.5088135506525705,0.997943797121316,1.0,0.0020562028786840214,False
post_promotion,0.5415059123381127,0.997943797121316,1.0,0.0020562028786840214,False
post_promotion,0.5846954723324461,0.997943797121316,1.0,0.0020562028786840214,False
post_promotion,0.5974719706365827,0.997943797121316,1.0,0.0020562028786840214,False
post_promotion,0.6271037682429538,0.997943797121316,1.0,0.0020562028786840214,False
post_promotion,0.6401816449800327,0.997943797121316,1.0,0.0020562028786840214,False
post_promotion,0.6466271649250526,0.997943797121316,1.0,0.0020562028786840214,False
post_promotion,0.6477785755300943,0.997943797121316,1.0,0.0020562028786840214,False
post_promotion,0.6518655215866413,0.997943797121316,1.0,0.0020562028786840214,False
post_promotion,0.6534473107132608,0.997943797121316,1.0,0.0020562028786840214,False
post_promotion,0.653926467406664,0.997943797121316,1.0,0.0020562028786840214,False
post_promotion,0.6543941942627121,0.997943797121316,1.0,0.0020562028786840214,False
post_promotion,0.6545985104427103,0.997943797121316,1.0,0.0020562028786840214,False
post_promotion,0.6554068525770982,0.997943797121316,1.0,0.0020562028786840214,False
post_promotion,0.6587795370557374,0.997943797121316,1.0,0.0020562028786840214,False
post_promotion,0.6637949685474179,0.997943797121316,1.0,0.0020562028786840214,False
post_promotion,0.6659514377514554,0.997943797121316,1.0,0.0020562028786840214,False
post_promotion,0.6660662219572745,0.997943797121316,1.0,0.0020562028786840214,False
post_promotion,0.6670749402501701,0.997943797121316,1.0,0.0020562028786840214,False
post_promotion,0.6708414230456472,0.997943797121316,1.0,0.0020562028786840214,False
post_promotion,0.6724425071982542,0.997943797121316,1.0,0.0020562028786840214,False
post_promotion,0.6750197959673886,0.997943797121316,1.0,0.0020562028786840214,False
post_promotion,0.6781093031954047,0.997943797121316,1.0,0.0020562028786840214,False
post_promotion,0.6784769908121514,0.997943797121316,1.0,0.0020562028786840214,False
post_promotion,0.695789190022784,0.997943797121316,1.0,0.0020562028786840214,False
post_promotion,0.6958906665056962,0.997943797121316,1.0,0.0020562028786840214,False
post_promotion,0.6959680569015866,0.997943797121316,1.0,0.0020562028786840214,False
post_promotion,0.6960166229878982,0.997943797121316,1.0,0.0020562028786840214,False
post_promotion,0.6961013924573769,0.997943797121316,1.0,0.0020562028786840214,False
post_promotion,0.6961367194083113,0.997943797121316,1.0,0.0020562028786840214,False
post_promotion,0.6961913229411736,0.997943797121316,1.0,0.0020562028786840214,False
post_promotion,0.6962288470973534,0.997943797121316,1.0,0.0020562028786840214,False
post_promotion,0.696286900564613,0.997943797121316,1.0,0.0020562028786840214,False
post_promotion,0.6969279033998512,0.997943797121316,1.0,0.0020562028786840214,False
post_promotion,0.6970458209756026,0.997943797121316,1.0,0.0020562028786840214,False
post_promotion,0.6971713308596709,0.997943797121316,1.0,0.0020562028786840214,False
post_promotion,0.6973400588199815,0.997943797121316,1.0,0.0020562028786840214,False
post_promotion,0.6974115793464031,0.997943797121316,1.0,0.0020562028786840214,False
post_promotion,0.6975235551597443,0.997943797121316,1.0,0.0020562028786840214,False
post_promotion,0.7014003223166658,0.997943797121316,1.0,0.0020562028786840214,False
post_promotion,0.7313309675301041,0.997943797121316,1.0,0.0020562028786840214,False
post_promotion,0.7324865951199776,0.997943797121316,1.0,0.0020562028786840214,False
post_promotion,0.8563476959071213,0.997943797121316,1.0,0.0020562028786840214,False
post_promotion,0.8850381883700505,0.997943797121316,1.0,0.0020562028786840214,False
post_promotion,0.888455932880711,0.997943797121316,1.0,0.0020562028786840214,False
post_promotion,0.8933889675874706,0.997943797121316,1.0,0.0020562028786840214,False
post_promotion,0.9028677115420143,0.997943797121316,1.0,0.0020562028786840214,False
post_promotion,0.9318552484152666,0.997943797121316,1.0,0.0020562028786840214,False
post_promotion,0.9516578757114463,0.997943797121316,1.0,0.0020562028786840214,False
post_promotion,0.13976194237515863,0.997943797121316,0.9746401644962303,0.023303632625085724,True
post_promotion,0.11780786464671365,0.997943797121316,0.932145305003427,0.06579849211788902,False
post_promotion,0.11849962472323518,0.997943797121316,0.932145305003427,0.06579849211788902,False
post_promotion,0.1193039484970901,0.997943797121316,0.932145305003427,0.06579849211788902,False
post_promotion,0.11954515064978273,0.997943797121316,0.932145305003427,0.06579849211788902,False
post_promotion,0.11987727725949814,0.997943797121316,0.932145305003427,0.06579849211788902,False
post_promotion,0.127833371509885,0.997943797121316,0.932145305003427,0.06579849211788902,False
post_promotion,0.12935602121404194,0.997943797121316,0.932145305003427,0.06579849211788902,False
post_promotion,0.13148682025004635,0.997943797121316,0.932145305003427,0.06579849211788902,False
post_promotion,0.1323514514846738,0.997943797121316,0.932145305003427,0.06579849211788902,False
post_promotion,0.13412929996669973,0.997943797121316,0.932145305003427,0.06579849211788902,False
post_promotion,0.13554549199622376,0.997943797121316,0.932145305003427,0.06579849211788902,False
post_promotion,0.13650316301368015,0.997943797121316,0.932145305003427,0.06579849211788902,False
post_promotion,0.1365755350057507,0.997943797121316,0.932145305003427,0.06579849211788902,False
post_promotion,0.13696585507315742,0.997943797121316,0.932145305003427,0.06579849211788902,False
post_promotion,0.11780536929866645,0.997943797121316,0.9246058944482523,0.07333790267306373,False
post_promotion,0.11780492923171458,0.997943797121316,0.9218642906100069,0.07607950651130913,False
post_promotion,0.11780450617199892,0.997943797121316,0.9211788896504455,0.0767649074708705,False
post_promotion,0.11780261451513226,0.997943797121316,0.9204934886908842,0.07745030843043177,False
post_promotion,0.11780227549053669,0.997943797121316,0.9198080877313228,0.07813570938999315,False
post_promotion,0.11780194800709476,0.997943797121316,0.9184372858122002,0.07950651130911579,False
post_promotion,0.1178017884106947,0.997943797121316,0.9177518848526388,0.08019191226867717,False
post_promotion,0.11779852140562307,0.997943797121316,0.9170664838930774,0.08087731322823855,False
post_promotion,0.11779789990860036,0.997943797121316,0.9156956819739548,0.08224811514736119,False
post_promotion,0.11779770368228742,0.997943797121316,0.914324880054832,0.08361891706648394,False
post_promotion,0.11779714490429023,0.997943797121316,0.9129540781357094,0.08498971898560659,False
post_promotion,0.11779679545163785,0.997943797121316,0.9108978752570254,0.08704592186429061,False
post_promotion,0.11778303565638365,0.997943797121316,0.9095270733379027,0.08841672378341325,False
post_promotion,0.11778303565638346,0.997943797121316,0.9088416723783413,0.08910212474297463,False
post_promotion,0.11777085902212686,0.997943797121316,0.8738862234407128,0.12405757368060322,False
post_promotion,0.1177696888873023,0.997943797121316,0.8732008224811515,0.12474297464016448,False
post_promotion,0.11776952661545759,0.997943797121316,0.8725154215215901,0.12542837559972586,False
post_promotion,0.11776918993920972,0.997943797121316,0.8718300205620287,0.12611377655928724,False
post_promotion,0.11776901522861997,0.997943797121316,0.8711446196024675,0.1267991775188485,False
post_promotion,0.11776883605255221,0.997943797121316,0.8704592186429061,0.12748457847840988,False
post_promotion,0.1177684636012134,0.997943797121316,0.8690884167237835,0.12885538039753253,False
post_promotion,0.11776826995121009,0.997943797121316,0.8670322138450994,0.13091158327621655,False
post_promotion,0.11776807108500591,0.997943797121316,0.8656614119259767,0.1322823851953393,False
post_promotion,0.11776600698862096,0.997943797121316,0.864290610006854,0.13365318711446195,False
post_promotion,0.11776546852799383,0.997943797121316,0.8636052090472927,0.13433858807402332,False
post_promotion,0.1177648949022718,0.997943797121316,0.8629198080877313,0.1350239890335847,False
post_promotion,0.11776362741370222,0.997943797121316,0.86223440712817,0.13570938999314597,False
post_promotion,0.117763282374869,0.997943797121316,0.8588074023303632,0.13913639479095274,False
post_promotion,0.11776292484581663,0.997943797121316,0.8574366004112406,0.1405071967100754,False
post_promotion,0.11776236360809283,0.997943797121316,0.8567511994516792,0.14119259766963677,False
post_promotion,0.11776177014585104,0.997943797121316,0.8553803975325566,0.1425633995887594,False
post_promotion,0.11776135520456209,0.997943797121316,0.8546949965729952,0.1432488005483208,False
post_promotion,0.117758480413224,0.997943797121316,0.8519533927347498,0.14599040438656619,False
post_promotion,0.09531017980432493,0.997943797121316,0.8512679917751885,0.14667580534612745,False
post_promotion,0.09617014832514659,0.997943797121316,0.8512679917751885,0.14667580534612745,False
post_promotion,0.09625999782729106,0.997943797121316,0.8512679917751885,0.14667580534612745,False
post_promotion,0.09649782839998103,0.997943797121316,0.8512679917751885,0.14667580534612745,False
post_promotion,0.09691789719242198,0.997943797121316,0.8512679917751885,0.14667580534612745,False
post_promotion,0.10039772631569745,0.997943797121316,0.8512679917751885,0.14667580534612745,False
post_promotion,0.10384994135245938,0.997943797121316,0.8512679917751885,0.14667580534612745,False
post_promotion,0.10444266336759739,0.997943797121316,0.8512679917751885,0.14667580534612745,False
post_promotion,0.10750545289814314,0.997943797121316,0.8512679917751885,0.14667580534612745,False
post_promotion,0.11365931847252128,0.997943797121316,0.8512679917751885,0.14667580534612745,False
post_promotion,0.11368695843437994,0.997943797121316,0.8512679917751885,0.14667580534612745,False
post_promotion,0.09531017980432474,0.997943797121316,0.7799862919808088,0.21795750514050716,False
post_promotion,0.07234635828145573,0.997943797121316,0.7580534612748457,0.23989033584647024,False
post_promotion,0.07432840641009769,0.997943797121316,0.7580534612748457,0.23989033584647024,False
post_promotion,0.07433761964583241,0.997943797121316,0.7580534612748457,0.23989033584647024,False
post_promotion,0.07606003871004387,0.997943797121316,0.7580534612748457,0.23989033584647024,False
post_promotion,0.07745805903900395,0.997943797121316,0.7580534612748457,0.23989033584647024,False
post_promotion,0.07802698435445758,0.997943797121316,0.7580534612748457,0.23989033584647024,False
post_promotion,0.0784716154414951,0.997943797121316,0.7580534612748457,0.23989033584647024,False
post_promotion,0.07882096042321413,0.997943797121316,0.7580534612748457,0.23989033584647024,False
post_promotion,0.0790300493591501,0.997943797121316,0.7580534612748457,0.23989033584647024,False
post_promotion,0.0797067426107426,0.997943797121316,0.7580534612748457,0.23989033584647024,False
post_promotion,0.07979691684029701,0.997943797121316,0.7580534612748457,0.23989033584647024,False
post_promotion,0.08232494525600288,0.997943797121316,0.7580534612748457,0.23989033584647024,False
post_promotion,0.08338160893905121,0.997943797121316,0.7580534612748457,0.23989033584647024,False
post_promotion,0.08373089291046795,0.997943797121316,0.7580534612748457,0.23989033584647024,False
post_promotion,0.08376988306545874,0.997943797121316,0.7580534612748457,0.23989033584647024,False
post_promotion,0.08563073339050216,0.997943797121316,0.7580534612748457,0.23989033584647024,False
post_promotion,0.0863280834884972,0.997943797121316,0.7580534612748457,0.23989033584647024,False
post_promotion,0.08739182211500984,0.997943797121316,0.7580534612748457,0.23989033584647024,False
post_promotion,0.08810726751026701,0.997943797121316,0.7580534612748457,0.23989033584647024,False
post_promotion,0.08906406330737202,0.997943797121316,0.7580534612748457,0.23989033584647024,False
post_promotion,0.09009304352703788,0.997943797121316,0.7580534612748457,0.23989033584647024,False
post_promotion,0.09079209982953583,0.997943797121316,0.7580534612748457,0.23989033584647024,False
post_promotion,0.09082921636928873,0.997943797121316,0.7580534612748457,0.23989033584647024,False
post_promotion,0.09180754925312289,0.997943797121316,0.7580534612748457,0.23989033584647024,False
post_promotion,0.09196848914242163,0.997943797121316,0.7580534612748457,0.23989033584647024,False
post_promotion,0.07234334992122303,0.997943797121316,0.7573680603152845,0.2405757368060315,False
post_promotion,0.07234170734364062,0.997943797121316,0.7546264564770391,0.2433173406442769,False
post_promotion,0.07234097212791019,0.997943797121316,0.7539410555174777,0.24400274160383828,False
post_promotion,0.07233964573734704,0.997943797121316,0.7498286497601097,0.24811514736120632,False
post_promotion,0.07233904545329284,0.997943797121316,0.748457847840987,0.24948594928032897,False
post_promotion,0.07233821298330026,0.997943797121316,0.7470870459218643,0.2508567511994517,False
post_promotion,0.0723363219377788,0.997943797121316,0.746401644962303,0.251542152159013,False
post_promotion,0.07233621718703397,0.997943797121316,0.7450308430431802,0.25291295407813574,False
post_promotion,0.07233571377310744,0.997943797121316,0.7436600411240576,0.2542837559972584,False
post_promotion,0.07233552141423634,0.997943797121316,0.7429746401644962,0.25496915695681976,False
post_promotion,0.07233515107836211,0.997943797121316,0.7402330363262508,0.25771076079506516,False
post_promotion,0.07233497274734597,0.997943797121316,0.7381768334475668,0.2597669636737492,False
post_promotion,0.07233479875261585,0.997943797121316,0.7374914324880055,0.26045236463331045,False
post_promotion,0.07233462893791008,0.997943797121316,0.7361206305688828,0.2618231665524332,False
post_promotion,0.07232066157962629,0.997943797121316,0.7354352296093215,0.2625085675119945,False
post_promotion,0.07232066157962608,0.997943797121316,0.7292666209732693,0.26867717614804665,False
post_promotion,0.07230791858667925,0.997943797121316,0.6915695681973955,0.3063742289239205,False
post_promotion,0.0723077056104871,0.997943797121316,0.6908841672378341,0.3070596298834819,False
post_promotion,0.0723067774152096,0.997943797121316,0.6901987662782728,0.30774503084304317,False
post_promotion,0.07230660962956638,0.997943797121316,0.6895133653187114,0.30843043180260454,False
post_promotion,0.07230626159114589,0.997943797121316,0.6888279643591501,0.3091158327621659,False
post_promotion,0.07230608102571062,0.997943797121316,0.686771761480466,0.31117203564084994,False
post_promotion,0.07230598903415948,0.997943797121316,0.6854009595613434,0.3125428375599726,False
post_promotion,0.07230589587445284,0.997943797121316,0.682659355723098,0.315284441398218,False
post_promotion,0.07230570596042592,0.997943797121316,0.67854694996573,0.31939684715558603,False
post_promotion,0.07230551109746171,0.997943797121316,0.6778615490061686,0.3200822481151474,False
post_promotion,0.07230541174928036,0.997943797121316,0.6771761480466073,0.32076764907470867,False
post_promotion,0.07230531108956141,0.997943797121316,0.6751199451679233,0.3228238519533927,False
post_promotion,0.07230520909216168,0.997943797121316,0.6730637422892392,0.3248800548320768,False
post_promotion,0.07230445530617723,0.997943797121316,0.6716929403701165,0.32625085675119947,False
post_promotion,0.07230086920167007,0.997943797121316,0.6703221384509939,0.3276216586703221,False
post_promotion,0.07230052647306033,0.997943797121316,0.6696367374914325,0.3283070596298835,False
post_promotion,0.0723001716657854,0.997943797121316,0.6682659355723098,0.32967786154900613,False
post_promotion,0.07229998953133551,0.997943797121316,0.6675805346127485,0.3303632625085675,False
post_promotion,0.07229942316783386,0.997943797121316,0.6662097326936258,0.33173406442769016,False
post_promotion,0.072299028030317,0.997943797121316,0.6655243317340644,0.33241946538725153,False
post_promotion,0.0722984069645745,0.997943797121316,0.6641535298149417,0.3337902673063743,False
post_promotion,0.07229819194172354,0.997943797121316,0.6634681288553804,0.33447566826593556,False
post_promotion,0.07229774918516536,0.997943797121316,0.662782727895819,0.33516106922549693,False
post_promotion,0.0722972886291408,0.997943797121316,0.6620973269362577,0.3358464701850583,False
post_promotion,0.0722946770923635,0.997943797121316,0.6593557230980124,0.3385880740233036,False
post_promotion,0.04879016416943226,0.997943797121316,0.6518163125428376,0.3461274845784784,False
post_promotion,0.04907189399239694,0.997943797121316,0.6518163125428376,0.3461274845784784,False
post_promotion,0.049392755329576474,0.997943797121316,0.6518163125428376,0.3461274845784784,False
post_promotion,0.049854560225218676,0.997943797121316,0.6518163125428376,0.3461274845784784,False
post_promotion,0.050572573635632334,0.997943797121316,0.6518163125428376,0.3461274845784784,False
post_promotion,0.050966443592027566,0.997943797121316,0.6518163125428376,0.3461274845784784,False
post_promotion,0.05098555473286774,0.997943797121316,0.6518163125428376,0.3461274845784784,False
post_promotion,0.052034859123053924,0.997943797121316,0.6518163125428376,0.3461274845784784,False
post_promotion,0.0522392190994197,0.997943797121316,0.6518163125428376,0.3461274845784784,False
post_promotion,0.05297581597776431,0.997943797121316,0.6518163125428376,0.3461274845784784,False
post_promotion,0.053267029181487256,0.997943797121316,0.6518163125428376,0.3461274845784784,False
post_promotion,0.053447834443412987,0.997943797121316,0.6518163125428376,0.3461274845784784,False
post_promotion,0.05406722127027579,0.997943797121316,0.6518163125428376,0.3461274845784784,False
post_promotion,0.05474003297566685,0.997943797121316,0.6518163125428376,0.3461274845784784,False
post_promotion,0.05476408540997489,0.997943797121316,0.6518163125428376,0.3461274845784784,False
post_promotion,0.05522875794778591,0.997943797121316,0.6518163125428376,0.3461274845784784,False
post_promotion,0.05592855265922498,0.997943797121316,0.6518163125428376,0.3461274845784784,False
post_promotion,0.05737711258330243,0.997943797121316,0.6518163125428376,0.3461274845784784,False
post_promotion,0.05752384413818673,0.997943797121316,0.6518163125428376,0.3461274845784784,False
post_promotion,0.05756985182147791,0.997943797121316,0.6518163125428376,0.3461274845784784,False
post_promotion,0.058388318238154206,0.997943797121316,0.6518163125428376,0.3461274845784784,False
post_promotion,0.05901417143705538,0.997943797121316,0.6518163125428376,0.3461274845784784,False
post_promotion,0.05911518756758055,0.997943797121316,0.6518163125428376,0.3461274845784784,False
post_promotion,0.05937227349996896,0.997943797121316,0.6518163125428376,0.3461274845784784,False
post_promotion,0.06004204096686695,0.997943797121316,0.6518163125428376,0.3461274845784784,False
post_promotion,0.06024008037735672,0.997943797121316,0.6518163125428376,0.3461274845784784,False
post_promotion,0.060976796498715374,0.997943797121316,0.6518163125428376,0.3461274845784784,False
post_promotion,0.061557892999433365,0.997943797121316,0.6518163125428376,0.3461274845784784,False
post_promotion,0.06227692952151451,0.997943797121316,0.6518163125428376,0.3461274845784784,False
post_promotion,0.062427398580151616,0.997943797121316,0.6518163125428376,0.3461274845784784,False
post_promotion,0.06473754591681316,0.997943797121316,0.6518163125428376,0.3461274845784784,False
post_promotion,0.06481750007647069,0.997943797121316,0.6518163125428376,0.3461274845784784,False
post_promotion,0.065004830308996,0.997943797121316,0.6518163125428376,0.3461274845784784,False
post_promotion,0.06549959761712174,0.997943797121316,0.6518163125428376,0.3461274845784784,False
post_promotion,0.06616586079694661,0.997943797121316,0.6518163125428376,0.3461274845784784,False
post_promotion,0.06817454083571955,0.997943797121316,0.6518163125428376,0.3461274845784784,False
post_promotion,0.06921000317817477,0.997943797121316,0.6518163125428376,0.3461274845784784,False
post_promotion,0.069992371820035,0.997943797121316,0.6518163125428376,0.3461274845784784,False
post_promotion,0.07106814814912955,0.997943797121316,0.6518163125428376,0.3461274845784784,False
post_promotion,0.07124673987268973,0.997943797121316,0.6518163125428376,0.3461274845784784,False
post_promotion,0.04879016416943204,0.997943797121316,0.6490747087045922,0.3488690884167238,False
post_promotion,0.048790164169431834,0.997943797121316,0.5510623714873201,0.4468814256339959,False
post_promotion,0.024715300931968248,0.997943797121316,0.5332419465387251,0.46470185058259084,False
post_promotion,0.02515855963615493,0.997943797121316,0.5332419465387251,0.46470185058259084,False
post_promotion,0.025975486403260736,0.997943797121316,0.5332419465387251,0.46470185058259084,False
post_promotion,0.026668247082161273,0.997943797121316,0.5332419465387251,0.46470185058259084,False
post_promotion,0.026995504342011735,0.997943797121316,0.5332419465387251,0.46470185058259084,False
post_promotion,0.027566829832654592,0.997943797121316,0.5332419465387251,0.46470185058259084,False
post_promotion,0.027587956518828963,0.997943797121316,0.5332419465387251,0.46470185058259084,False
post_promotion,0.02963179760637115,0.997943797121316,0.5332419465387251,0.46470185058259084,False
post_promotion,0.030771658666753687,0.997943797121316,0.5332419465387251,0.46470185058259084,False
post_promotion,0.03154835773492606,0.997943797121316,0.5332419465387251,0.46470185058259084,False
post_promotion,0.03198304585305074,0.997943797121316,0.5332419465387251,0.46470185058259084,False
post_promotion,0.03226086221822148,0.997943797121316,0.5332419465387251,0.46470185058259084,False
post_promotion,0.032986498996306665,0.997943797121316,0.5332419465387251,0.46470185058259084,False
post_promotion,0.03379737958329071,0.997943797121316,0.5332419465387251,0.46470185058259084,False
post_promotion,0.03400636798519494,0.997943797121316,0.5332419465387251,0.46470185058259084,False
post_promotion,0.03438734230947573,0.997943797121316,0.5332419465387251,0.46470185058259084,False
post_promotion,0.03448617607116919,0.997943797121316,0.5332419465387251,0.46470185058259084,False
post_promotion,0.03584613177313566,0.997943797121316,0.5332419465387251,0.46470185058259084,False
post_promotion,0.036927272592218306,0.997943797121316,0.5332419465387251,0.46470185058259084,False
post_promotion,0.03715597688809127,0.997943797121316,0.5332419465387251,0.46470185058259084,False
post_promotion,0.03762199178958432,0.997943797121316,0.5332419465387251,0.46470185058259084,False
post_promotion,0.03909292579127752,0.997943797121316,0.5332419465387251,0.46470185058259084,False
post_promotion,0.039102726013742824,0.997943797121316,0.5332419465387251,0.46470185058259084,False
post_promotion,0.04031553717845977,0.997943797121316,0.5332419465387251,0.46470185058259084,False
post_promotion,0.04092642770921746,0.997943797121316,0.5332419465387251,0.46470185058259084,False
post_promotion,0.04192230638626344,0.997943797121316,0.5332419465387251,0.46470185058259084,False
post_promotion,0.04339931553455543,0.997943797121316,0.5332419465387251,0.46470185058259084,False
post_promotion,0.04348511193973889,0.997943797121316,0.5332419465387251,0.46470185058259084,False
post_promotion,0.04359043607486177,0.997943797121316,0.5332419465387251,0.46470185058259084,False
post_promotion,0.043930929225726924,0.997943797121316,0.5332419465387251,0.46470185058259084,False
post_promotion,0.04498509591680932,0.997943797121316,0.5332419465387251,0.46470185058259084,False
post_promotion,0.04546237407675741,0.997943797121316,0.5332419465387251,0.46470185058259084,False
post_promotion,0.04681041784399058,0.997943797121316,0.5332419465387251,0.46470185058259084,False
post_promotion,0.024713729461696556,0.997943797121316,0.5318711446196025,0.4660726525017135,False
post_promotion,0.024713370029319243,0.997943797121316,0.5311857436600411,0.46675805346127486,False
post_promotion,0.024713022628028825,0.997943797121316,0.5291295407813571,0.4688142563399589,False
post_promotion,0.024709609131575733,0.997943797121316,0.5284441398217957,0.46949965729952026,False
post_promotion,0.024708927001707022,0.997943797121316,0.5270733379026731,0.4708704592186429,False
post_promotion,0.024707714794538534,0.997943797121316,0.5250171350239891,0.4729266620973269,False
post_promotion,0.02470734978927239,0.997943797121316,0.522960932145305,0.47498286497601094,False
post_promotion,0.024707173823999572,0.997943797121316,0.5215901302261823,0.4763536668951337,False
post_promotion,0.02470683420580502,0.997943797121316,0.5195339273474983,0.4784098697738177,False
post_promotion,0.024706670269027252,0.997943797121316,0.518848526387937,0.479095270733379,False
post_promotion,0.024705088340632054,0.997943797121316,0.5181631254283756,0.47978067169294036,False
post_promotion,0.02469261259037163,0.997943797121316,0.5174777244688142,0.48046607265250174,False
post_promotion,0.024692612590371414,0.997943797121316,0.4962302947224126,0.5017135023989034,False
post_promotion,0.024679247983858732,0.997943797121316,0.4585332419465387,0.5394105551747772,False
post_promotion,0.024679024618444054,0.997943797121316,0.4578478409869774,0.5400959561343386,False
post_promotion,0.02467879365981843,0.997943797121316,0.457162440027416,0.5407813570939,False
post_promotion,0.024678137563411487,0.997943797121316,0.4564770390678547,0.5414667580534613,False
post_promotion,0.024677963687940077,0.997943797121316,0.4557916381082934,0.5421521590130226,False
post_promotion,0.02467778558446256,0.997943797121316,0.455106237148732,0.542837559972584,False
post_promotion,0.02467769489873483,0.997943797121316,0.453050034270048,0.544893762851268,False
post_promotion,0.024677603096866577,0.997943797121316,0.4516792323509253,0.5462645647703908,False
post_promotion,0.024677416061258388,0.997943797121316,0.45099383139136395,0.546949965729952,False
post_promotion,0.024677320784485344,0.997943797121316,0.44893762851267993,0.549006168608636,False
post_promotion,0.024677224305472624,0.997943797121316,0.44619602467443453,0.5517477724468814,False
post_promotion,0.02467712660131969,0.997943797121316,0.4420836189170665,0.5558601782042495,False
post_promotion,0.02467702764854216,0.997943797121316,0.43797121315969845,0.5599725839616175,False
post_promotion,0.024676927423049725,0.997943797121316,0.43385880740233035,0.5640849897189857,False
post_promotion,0.024676825900129665,0.997943797121316,0.433173406442769,0.564770390678547,False
post_promotion,0.02467672305442521,0.997943797121316,0.4318026045236463,0.5661411925976696,False
post_promotion,0.024676618859913423,0.997943797121316,0.4297464016449623,0.5681973954763537,False
post_promotion,0.024676513289885925,0.997943797121316,0.4276901987662783,0.5702535983550376,False
post_promotion,0.02467640631692269,0.997943797121316,0.4249485949280329,0.5729952021932831,False
post_promotion,0.024676188048821053,0.997943797121316,0.42289239204934886,0.5750514050719671,False
post_promotion,0.024674874073843205,0.997943797121316,0.42220699108978754,0.5757368060315284,False
post_promotion,0.024674204689700125,0.997943797121316,0.42152159013022616,0.5764222069910898,False
post_promotion,0.024673482804337593,0.997943797121316,0.42083618917066484,0.5771076079506512,False
post_promotion,0.0246733315792748,0.997943797121316,0.4201507882111035,0.5777930089102125,False
post_promotion,0.024673021841122633,0.997943797121316,0.4187799862919808,0.5791638108293351,False
post_promotion,0.024672701988971032,0.997943797121316,0.41809458533241944,0.5798492117888965,False
post_promotion,0.024672029894243205,0.997943797121316,0.4160383824537354,0.5819054146675806,False
post_promotion,0.024671310840431903,0.997943797121316,0.4153529814941741,0.5825908156271419,False
post_promotion,0.02467112315779922,0.997943797121316,0.4132967786154901,0.5846470185058259,False
post_promotion,0.024670932138550025,0.997943797121316,0.4126113776559287,0.5853324194653873,False
post_promotion,0.02467053972785143,0.997943797121316,0.4119259766963674,0.5860178204249487,False
post_promotion,0.0246703381469533,0.997943797121316,0.41124057573680606,0.5867032213845099,False
post_promotion,0.024669272371672653,0.997943797121316,0.4105551747772447,0.5873886223440713,False
post_promotion,0.02466904685965613,0.997943797121316,0.40986977381768336,0.5880740233036326,False
post_promotion,0.024668816947352637,0.997943797121316,0.409184372858122,0.5887594242631939,False
post_promotion,0.024668582504703288,0.997943797121316,0.40644276901987664,0.5915010281014393,False
post_promotion,0.02466809948198546,0.997943797121316,0.40575736806031526,0.5921864290610007,False
post_promotion,0.0,0.997943797121316,0.4030157642220699,0.5949280328992461,False
post_promotion,0.005988041844622693,0.997943797121316,0.4030157642220699,0.5949280328992461,False
post_promotion,0.0060606246116909545,0.997943797121316,0.4030157642220699,0.5949280328992461,False
post_promotion,0.007067167223092353,0.997943797121316,0.4030157642220699,0.5949280328992461,False
post_promotion,0.009160369398664416,0.997943797121316,0.4030157642220699,0.5949280328992461,False
post_promotion,0.009360442759563893,0.997943797121316,0.4030157642220699,0.5949280328992461,False
post_promotion,0.009732436918231054,0.997943797121316,0.4030157642220699,0.5949280328992461,False
post_promotion,0.010256500167189061,0.997943797121316,0.4030157642220699,0.5949280328992461,False
post_promotion,0.010619568827460131,0.997943797121316,0.4030157642220699,0.5949280328992461,False
post_promotion,0.01176484157958643,0.997943797121316,0.4030157642220699,0.5949280328992461,False
post_promotion,0.012012156448003653,0.997943797121316,0.4030157642220699,0.5949280328992461,False
post_promotion,0.012158204479809583,0.997943797121316,0.4030157642220699,0.5949280328992461,False
post_promotion,0.012170535620255114,0.997943797121316,0.4030157642220699,0.5949280328992461,False
post_promotion,0.012180418556871013,0.997943797121316,0.4030157642220699,0.5949280328992461,False
post_promotion,0.012232568435634451,0.997943797121316,0.4030157642220699,0.5949280328992461,False
post_promotion,0.012461220437812033,0.997943797121316,0.4030157642220699,0.5949280328992461,False
post_promotion,0.012618463959211464,0.997943797121316,0.4030157642220699,0.5949280328992461,False
post_promotion,0.012631746905900784,0.997943797121316,0.4030157642220699,0.5949280328992461,False
post_promotion,0.013698844358161927,0.997943797121316,0.4030157642220699,0.5949280328992461,False
post_promotion,0.01398624197473987,0.997943797121316,0.4030157642220699,0.5949280328992461,False
post_promotion,0.014440684154794428,0.997943797121316,0.4030157642220699,0.5949280328992461,False
post_promotion,0.014634407518437777,0.997943797121316,0.4030157642220699,0.5949280328992461,False
post_promotion,0.014851758136025978,0.997943797121316,0.4030157642220699,0.5949280328992461,False
post_promotion,0.015314234973042356,0.997943797121316,0.4030157642220699,0.5949280328992461,False
post_promotion,0.015564516541111548,0.997943797121316,0.4030157642220699,0.5949280328992461,False
post_promotion,0.015649771667127815,0.997943797121316,0.4030157642220699,0.5949280328992461,False
post_promotion,0.01687803778735173,0.997943797121316,0.4030157642220699,0.5949280328992461,False
post_promotion,0.017348638334613073,0.997943797121316,0.4030157642220699,0.5949280328992461,False
post_promotion,0.01775194545845032,0.997943797121316,0.4030157642220699,0.5949280328992461,False
post_promotion,0.01776245633984025,0.997943797121316,0.4030157642220699,0.5949280328992461,False
post_promotion,0.01898791224469138,0.997943797121316,0.4030157642220699,0.5949280328992461,False
post_promotion,0.019493794681001132,0.997943797121316,0.4030157642220699,0.5949280328992461,False
post_promotion,0.019915309700941516,0.997943797121316,0.4030157642220699,0.5949280328992461,False
post_promotion,0.02061928720273561,0.997943797121316,0.4030157642220699,0.5949280328992461,False
post_promotion,0.021142436573809383,0.997943797121316,0.4030157642220699,0.5949280328992461,False
post_promotion,0.02135312447056906,0.997943797121316,0.4030157642220699,0.5949280328992461,False
post_promotion,0.021374859584733393,0.997943797121316,0.4030157642220699,0.5949280328992461,False
post_promotion,0.021506205220963463,0.997943797121316,0.4030157642220699,0.5949280328992461,False
post_promotion,0.021910109635744326,0.997943797121316,0.4030157642220699,0.5949280328992461,False
post_promotion,0.021978906718775382,0.997943797121316,0.4030157642220699,0.5949280328992461,False
post_promotion,0.02388173200338738,0.997943797121316,0.4030157642220699,0.5949280328992461,False
post_promotion,0.024466052154406424,0.997943797121316,0.4030157642220699,0.5949280328992461,False
post_promotion,0.024491020008295696,0.997943797121316,0.4030157642220699,0.5949280328992461,False
post_promotion,0.02461662763535603,0.997943797121316,0.4030157642220699,0.5949280328992461,False
promotion,0.3566749439387323,0.9586827572100635,0.9587850276130088,0.00010227040294530365,True
promotion,0.32162929769845827,0.9586827572100635,0.9205358969114338,0.03814686029862968,False
promotion,0.3221490750896588,0.9586827572100635,0.9205358969114338,0.03814686029862968,False
promotion,0.3230040195703462,0.9586827572100635,0.9205358969114338,0.03814686029862968,False
promotion,0.32505441514988664,0.9586827572100635,0.9205358969114338,0.03814686029862968,False
promotion,0.32517977032304096,0.9586827572100635,0.9205358969114338,0.03814686029862968,False
promotion,0.32519280566838016,0.9586827572100635,0.9205358969114338,0.03814686029862968,False
promotion,0.32596425902279796,0.9586827572100635,0.9205358969114338,0.03814686029862968,False
promotion,0.32933359833441145,0.9586827572100635,0.9205358969114338,0.03814686029862968,False
promotion,0.33146909923060497,0.9586827572100635,0.9205358969114338,0.03814686029862968,False
promotion,0.33431628896614457,0.9586827572100635,0.9205358969114338,0.03814686029862968,False
promotion,0.33771911957577627,0.9586827572100635,0.9205358969114338,0.03814686029862968,False
promotion,0.3379069570968732,0.9586827572100635,0.9205358969114338,0.03814686029862968,False
promotion,0.3391514076812615,0.9586827572100635,0.9205358969114338,0.03814686029862968,False
promotion,0.3400373027857091,0.9586827572100635,0.9205358969114338,0.03814686029862968,False
promotion,0.34358970439007686,0.9586827572100635,0.9205358969114338,0.03814686029862968,False
promotion,0.3443774161283263,0.9586827572100635,0.9205358969114338,0.03814686029862968,False
promotion,0.34504984460925336,0.9586827572100635,0.9205358969114338,0.03814686029862968,False
promotion,0.3470215122380897,0.9586827572100635,0.9205358969114338,0.03814686029862968,False
promotion,0.3486022462136211,0.9586827572100635,0.9205358969114338,0.03814686029862968,False
promotion,0.35010317877549774,0.9586827572100635,0.9205358969114338,0.03814686029862968,False
promotion,0.3506568716131693,0.9586827572100635,0.9205358969114338,0.03814686029862968,False
promotion,0.35065687161316933,0.9586827572100635,0.9205358969114338,0.03814686029862968,False
promotion,0.3519016651860747,0.9586827572100635,0.9205358969114338,0.03814686029862968,False
promotion,0.353175377812468,0.9586827572100635,0.9205358969114338,0.03814686029862968,False
promotion,0.35566941343671354,0.9586827572100635,0.9205358969114338,0.03814686029862968,False
promotion,0.35623816734301367,0.9586827572100635,0.9205358969114338,0.03814686029862968,False
promotion,0.3216275521733302,0.9586827572100635,0.9202290857025976,0.038453671507465814,False
promotion,0.3216244329584989,0.9586827572100635,0.9200245448967069,0.03865821231335653,False
promotion,0.32162348938290425,0.9586827572100635,0.9198200040908161,0.03886275311924736,False
promotion,0.32162258845562486,0.9586827572100635,0.9197177336878707,0.03896502352219278,False
promotion,0.3216209034802971,0.9586827572100635,0.9196154632849254,0.03906729392513808,False
promotion,0.3216166225270427,0.9586827572100635,0.91951319288198,0.039169564328083495,False
promotion,0.3216160028287553,0.9586827572100635,0.918490488852526,0.04019226835753742,False
promotion,0.3216137405273502,0.9586827572100635,0.9183882184495807,0.04029453876048272,False
promotion,0.35667494393873245,0.9586827572100635,1.0,0.04131724278993654,True
promotion,0.3623357472111323,0.9586827572100635,1.0,0.04131724278993654,False
promotion,0.3626869860953602,0.9586827572100635,1.0,0.04131724278993654,False
promotion,0.3673797740842897,0.9586827572100635,1.0,0.04131724278993654,False
promotion,0.36965565541145357,0.9586827572100635,1.0,0.04131724278993654,False
promotion,0.36983004406077985,0.9586827572100635,1.0,0.04131724278993654,False
promotion,0.37156355643248296,0.9586827572100635,1.0,0.04131724278993654,False
promotion,0.3765760982560272,0.9586827572100635,1.0,0.04131724278993654,False
promotion,0.3800184424470001,0.9586827572100635,1.0,0.04131724278993654,False
promotion,0.38484582090542885,0.9586827572100635,1.0,0.04131724278993654,False
promotion,0.38566248081198473,0.9586827572100635,1.0,0.04131724278993654,False
promotion,0.3897167511400252,0.9586827572100635,1.0,0.04131724278993654,False
promotion,0.39027494261418927,0.9586827572100635,1.0,0.04131724278993654,False
promotion,0.3923440201454671,0.9586827572100635,1.0,0.04131724278993654,False
promotion,0.3981604737292772,0.9586827572100635,1.0,0.04131724278993654,False
promotion,0.40175452871162864,0.9586827572100635,1.0,0.04131724278993654,False
promotion,0.4037886617809121,0.9586827572100635,1.0,0.04131724278993654,False
promotion,0.40713874866619404,0.9586827572100635,1.0,0.04131724278993654,False
promotion,0.40713874866619415,0.9586827572100635,1.0,0.04131724278993654,False
promotion,0.40879289820083897,0.9586827572100635,1.0,0.04131724278993654,False
promotion,0.41006281735679395,0.9586827572100635,1.0,0.04131724278993654,False
promotion,0.41380544002438335,0.9586827572100635,1.0,0.04131724278993654,False
promotion,0.41527872955648915,0.9586827572100635,1.0,0.04131724278993654,False
promotion,0.4171221926503772,0.9586827572100635,1.0,0.04131724278993654,False
promotion,0.42488319396526597,0.9586827572100635,1.0,0.04131724278993654,False
promotion,0.42660754468197354,0.9586827572100635,1.0,0.04131724278993654,False
promotion,0.4269713133291279,0.9586827572100635,1.0,0.04131724278993654,False
promotion,0.42700695188291915,0.9586827572100635,1.0,0.04131724278993654,False
promotion,0.43028027722788836,0.9586827572100635,1.0,0.04131724278993654,False
promotion,0.43531807125784566,0.9586827572100635,1.0,0.04131724278993654,False
promotion,0.44289828248107754,0.9586827572100635,1.0,0.04131724278993654,False
promotion,0.4441996172893054,0.9586827572100635,1.0,0.04131724278993654,False
promotion,0.44969836308499006,0.9586827572100635,1.0,0.04131724278993654,False
promotion,0.45047720689538023,0.9586827572100635,1.0,0.04131724278993654,False
promotion,0.4511063890643684,0.9586827572100635,1.0,0.04131724278993654,False
promotion,0.4528383661156415,0.9586827572100635,1.0,0.04131724278993654,False
promotion,0.45425527227759643,0.9586827572100635,1.0,0.04131724278993654,False
promotion,0.45608816118376105,0.9586827572100635,1.0,0.04131724278993654,False
promotion,0.4573184697184198,0.9586827572100635,1.0,0.04131724278993654,False
promotion,0.4592678141011406,0.9586827572100635,1.0,0.04131724278993654,False
promotion,0.4592678141011407,0.9586827572100635,1.0,0.04131724278993654,False
promotion,0.460584407329244,0.9586827572100635,1.0,0.04131724278993654,False
promotion,0.461588432320451,0.9586827572100635,1.0,0.04131724278993654,False
promotion,0.4624373888624197,0.9586827572100635,1.0,0.04131724278993654,False
promotion,0.4648126646787656,0.9586827572100635,1.0,0.04131724278993654,False
promotion,0.46559694915278815,0.9586827572100635,1.0,0.04131724278993654,False
promotion,0.46559694915278826,0.9586827572100635,1.0,0.04131724278993654,False
promotion,0.4712466374853327,0.9586827572100635,1.0,0.04131724278993654,False
promotion,0.47188627806035216,0.9586827572100635,1.0,0.04131724278993654,False
promotion,0.4750161710692799,0.9586827572100635,1.0,0.04131724278993654,False
promotion,0.4754236967150748,0.9586827572100635,1.0,0.04131724278993654,False
promotion,0.47573430395472044,0.9586827572100635,1.0,0.04131724278993654,False
promotion,0.4762341789963717,0.9586827572100635,1.0,0.04131724278993654,False
promotion,0.47692407209030924,0.9586827572100635,1.0,0.04131724278993654,False
promotion,0.48124672081991593,0.9586827572100635,1.0,0.04131724278993654,False
promotion,0.481246720819916,0.9586827572100635,1.0,0.04131724278993654,False
promotion,0.48434749849816416,0.9586827572100635,1.0,0.04131724278993654,False
promotion,0.4873522675803486,0.9586827572100635,1.0,0.04131724278993654,False
promotion,0.4874386910678371,0.9586827572100635,1.0,0.04131724278993654,False
promotion,0.49052035760524515,0.9586827572100635,1.0,0.04131724278993654,False
promotion,0.4916428043492167,0.9586827572100635,1.0,0.04131724278993654,False
promotion,0.4960105379808501,0.9586827572100635,1.0,0.04131724278993654,False
promotion,0.4961939614979266,0.9586827572100635,1.0,0.04131724278993654,False
promotion,0.4966553461727611,0.9586827572100635,1.0,0.04131724278993654,False
promotion,0.4997087836596514,0.9586827572100635,1.0,0.04131724278993654,False
promotion,0.5019866750987864,0.9586827572100635,1.0,0.04131724278993654,False
promotion,0.5027529260408795,0.9586827572100635,1.0,0.04131724278993654,False
promotion,0.5058628344238617,0.9586827572100635,1.0,0.04131724278993654,False
promotion,0.5088135506525705,0.9586827572100635,1.0,0.04131724278993654,False
promotion,0.5092243423990169,0.9586827572100635,1.0,0.04131724278993654,False
promotion,0.5108256237659907,0.9586827572100635,1.0,0.04131724278993654,False
promotion,0.5148376652559514,0.9586827572100635,1.0,0.04131724278993654,False
promotion,0.520825707100574,0.9586827572100635,1.0,0.04131724278993654,False
promotion,0.5208257071005741,0.9586827572100635,1.0,0.04131724278993654,False
promotion,0.5286434670827844,0.9586827572100635,1.0,0.04131724278993654,False
promotion,0.5296941080703734,0.9586827572100635,1.0,0.04131724278993654,False
promotion,0.5297410707585264,0.9586827572100635,1.0,0.04131724278993654,False
promotion,0.5299955398737108,0.9586827572100635,1.0,0.04131724278993654,False
promotion,0.5301858710505319,0.9586827572100635,1.0,0.04131724278993654,False
promotion,0.5342772848010405,0.9586827572100635,1.0,0.04131724278993654,False
promotion,0.5380381872908754,0.9586827572100635,1.0,0.04131724278993654,False
promotion,0.5399960010657705,0.9586827572100635,1.0,0.04131724278993654,False
promotion,0.5412311385341033,0.9586827572100635,1.0,0.04131724278993654,False
promotion,0.5415059123381127,0.9586827572100635,1.0,0.04131724278993654,False
promotion,0.55467750629484,0.9586827572100635,1.0,0.04131724278993654,False
promotion,0.5567545556543906,0.9586827572100635,1.0,0.04131724278993654,False
promotion,0.5596157879354228,0.9586827572100635,1.0,0.04131724278993654,False
promotion,0.5604225649053628,0.9586827572100635,1.0,0.04131724278993654,False
promotion,0.560460739400987,0.9586827572100635,1.0,0.04131724278993654,False
promotion,0.5632107588532816,0.9586827572100635,1.0,0.04131724278993654,False
promotion,0.5647660139117385,0.9586827572100635,1.0,0.04131724278993654,False
promotion,0.565501620112684,0.9586827572100635,1.0,0.04131724278993654,False
promotion,0.5671785603171224,0.9586827572100635,1.0,0.04131724278993654,False
promotion,0.5679840376059394,0.9586827572100635,1.0,0.04131724278993654,False
promotion,0.5683954755874684,0.9586827572100635,1.0,0.04131724278993654,False
promotion,0.5696043458189285,0.9586827572100635,1.0,0.04131724278993654,False
promotion,0.5702203411842197,0.9586827572100635,1.0,0.04131724278993654,False
promotion,0.5703110770521707,0.9586827572100635,1.0,0.04131724278993654,False
promotion,0.5723107074166716,0.9586827572100635,1.0,0.04131724278993654,False
promotion,0.5741438884983326,0.9586827572100635,1.0,0.04131724278993654,False
promotion,0.5774627815604831,0.9586827572100635,1.0,0.04131724278993654,False
promotion,0.5816917396346225,0.9586827572100635,1.0,0.04131724278993654,False
promotion,0.5820886437874813,0.9586827572100635,1.0,0.04131724278993654,False
promotion,0.5843084005257941,0.9586827572100635,1.0,0.04131724278993654,False
promotion,0.589427354359579,0.9586827572100635,1.0,0.04131724278993654,False
promotion,0.5897688261061103,0.9586827572100635,1.0,0.04131724278993654,False
promotion,0.5903376866937244,0.9586827572100635,1.0,0.04131724278993654,False
promotion,0.5916296561812866,0.9586827572100635,1.0,0.04131724278993654,False
promotion,0.5916296561812868,0.9586827572100635,1.0,0.04131724278993654,False
promotion,0.5924332049581146,0.9586827572100635,1.0,0.04131724278993654,False
promotion,0.595738993092614,0.9586827572100635,1.0,0.04131724278993654,False
promotion,0.5959834321062975,0.9586827572100635,1.0,0.04131724278993654,False
promotion,0.5967553348848793,0.9586827572100635,1.0,0.04131724278993654,False
promotion,0.5968871827326543,0.9586827572100635,1.0,0.04131724278993654,False
promotion,0.5974719706365827,0.9586827572100635,1.0,0.04131724278993654,False
promotion,0.5987087137267001,0.9586827572100635,1.0,0.04131724278993654,False
promotion,0.599491260851647,0.9586827572100635,1.0,0.04131724278993654,False
promotion,0.6015025906488274,0.9586827572100635,1.0,0.04131724278993654,False
promotion,0.6023179641906565,0.9586827572100635,1.0,0.04131724278993654,False
promotion,0.6029960835656478,0.9586827572100635,1.0,0.04131724278993654,False
promotion,0.6051138310746224,0.9586827572100635,1.0,0.04131724278993654,False
promotion,0.6061358035703155,0.9586827572100635,1.0,0.04131724278993654,False
promotion,0.6070180268300065,0.9586827572100635,1.0,0.04131724278993654,False
promotion,0.6070180268300066,0.9586827572100635,1.0,0.04131724278993654,False
promotion,0.608759788282398,0.9586827572100635,1.0,0.04131724278993654,False
promotion,0.6090640633494039,0.9586827572100635,1.0,0.04131724278993654,False
promotion,0.611469149545678,0.9586827572100635,1.0,0.04131724278993654,False
promotion,0.6114691495456781,0.9586827572100635,1.0,0.04131724278993654,False
promotion,0.61350311750002,0.9586827572100635,1.0,0.04131724278993654,False
promotion,0.6139319450064413,0.9586827572100635,1.0,0.04131724278993654,False
promotion,0.6142742004732867,0.9586827572100635,1.0,0.04131724278993654,False
promotion,0.6145569059667239,0.9586827572100635,1.0,0.04131724278993654,False
promotion,0.6163044756170797,0.9586827572100635,1.0,0.04131724278993654,False
promotion,0.616885195726315,0.9586827572100635,1.0,0.04131724278993654,False
promotion,0.617544439816994,0.9586827572100635,1.0,0.04131724278993654,False
promotion,0.6196130965137961,0.9586827572100635,1.0,0.04131724278993654,False
promotion,0.6199080181915428,0.9586827572100635,1.0,0.04131724278993654,False
promotion,0.6216882165778005,0.9586827572100635,1.0,0.04131724278993654,False
promotion,0.6217990997624789,0.9586827572100635,1.0,0.04131724278993654,False
promotion,0.6247698831152084,0.9586827572100635,1.0,0.04131724278993654,False
promotion,0.6250250100422379,0.9586827572100635,1.0,0.04131724278993654,False
promotion,0.625025010042238,0.9586827572100635,1.0,0.04131724278993654,False
promotion,0.6255737557272202,0.9586827572100635,1.0,0.04131724278993654,False
promotion,0.6262529457299152,0.9586827572100635,1.0,0.04131724278993654,False
promotion,0.6269813197629988,0.9586827572100635,1.0,0.04131724278993654,False
promotion,0.6271037682429539,0.9586827572100635,1.0,0.04131724278993654,False
promotion,0.6278420821521785,0.9586827572100635,1.0,0.04131724278993654,False
promotion,0.6286086594223741,0.9586827572100635,1.0,0.04131724278993654,False
promotion,0.6309048716827245,0.9586827572100635,1.0,0.04131724278993654,False
promotion,0.6319927574066148,0.9586827572100635,1.0,0.04131724278993654,False
promotion,0.6325225587435106,0.9586827572100635,1.0,0.04131724278993654,False
promotion,0.6349912604028712,0.9586827572100635,1.0,0.04131724278993654,False
promotion,0.6353276096711191,0.9586827572100635,1.0,0.04131724278993654,False
promotion,0.6359887667199967,0.9586827572100635,1.0,0.04131724278993654,False
promotion,0.6379807992512373,0.9586827572100635,1.0,0.04131724278993654,False
promotion,0.6380874033769179,0.9586827572100635,1.0,0.04131724278993654,False
promotion,0.6393039485391221,0.9586827572100635,1.0,0.04131724278993654,False
promotion,0.6401816449800328,0.9586827572100635,1.0,0.04131724278993654,False
promotion,0.6409079614605255,0.9586827572100635,1.0,0.04131724278993654,False
promotion,0.6414115061607565,0.9586827572100635,1.0,0.04131724278993654,False
promotion,0.642766156267593,0.9586827572100635,1.0,0.04131724278993654,False
promotion,0.6439331977785326,0.9586827572100635,1.0,0.04131724278993654,False
promotion,0.6443570163905132,0.9586827572100635,1.0,0.04131724278993654,False
promotion,0.6453180928700639,0.9586827572100635,1.0,0.04131724278993654,False
promotion,0.6463367627159549,0.9586827572100635,1.0,0.04131724278993654,False
promotion,0.6466271649250526,0.9586827572100635,1.0,0.04131724278993654,False
promotion,0.6468961629091896,0.9586827572100635,1.0,0.04131724278993654,False
promotion,0.6485632739519189,0.9586827572100635,1.0,0.04131724278993654,False
promotion,0.6495567444850835,0.9586827572100635,1.0,0.04131724278993654,False
promotion,0.6520856937621714,0.9586827572100635,1.0,0.04131724278993654,False
promotion,0.6543073472436813,0.9586827572100635,1.0,0.04131724278993654,False
promotion,0.6543941942627121,0.9586827572100635,1.0,0.04131724278993654,False
promotion,0.6545985104427103,0.9586827572100635,1.0,0.04131724278993654,False
promotion,0.6562426236244946,0.9586827572100635,1.0,0.04131724278993654,False
promotion,0.6566023099818722,0.9586827572100635,1.0,0.04131724278993654,False
promotion,0.6569986664436341,0.9586827572100635,1.0,0.04131724278993654,False
promotion,0.6575757147750775,0.9586827572100635,1.0,0.04131724278993654,False
promotion,0.6575757147750776,0.9586827572100635,1.0,0.04131724278993654,False
promotion,0.658606855307769,0.9586827572100635,1.0,0.04131724278993654,False
promotion,0.6587795370557374,0.9586827572100635,1.0,0.04131724278993654,False
promotion,0.6597489001580971,0.9586827572100635,1.0,0.04131724278993654,False
promotion,0.66025931371511,0.9586827572100635,1.0,0.04131724278993654,False
promotion,0.6610852481002825,0.9586827572100635,1.0,0.04131724278993654,False
promotion,0.6612426340412001,0.9586827572100635,1.0,0.04131724278993654,False
promotion,0.6612426340412002,0.9586827572100635,1.0,0.04131724278993654,False
promotion,0.6615807145921108,0.9586827572100635,1.0,0.04131724278993654,False
promotion,0.6621849549559785,0.9586827572100635,1.0,0.04131724278993654,False
promotion,0.6629334019634487,0.9586827572100635,1.0,0.04131724278993654,False
promotion,0.6631148934610702,0.9586827572100635,1.0,0.04131724278993654,False
promotion,0.6637332953536519,0.9586827572100635,1.0,0.04131724278993654,False
promotion,0.6642791965590933,0.9586827572100635,1.0,0.04131724278993654,False
promotion,0.6654226325450905,0.9586827572100635,1.0,0.04131724278993654,False
promotion,0.6659514377514555,0.9586827572100635,1.0,0.04131724278993654,False
promotion,0.6660662219572745,0.9586827572100635,1.0,0.04131724278993654,False
promotion,0.66707494025017,0.9586827572100635,1.0,0.04131724278993654,False
promotion,0.6671716941566846,0.9586827572100635,1.0,0.04131724278993654,False
promotion,0.6689035689499525,0.9586827572100635,1.0,0.04131724278993654,False
promotion,0.6708414230456471,0.9586827572100635,1.0,0.04131724278993654,False
promotion,0.672093771362113,0.9586827572100635,1.0,0.04131724278993654,False
promotion,0.6722196604539894,0.9586827572100635,1.0,0.04131724278993654,False
promotion,0.6724425071982542,0.9586827572100635,1.0,0.04131724278993654,False
promotion,0.67468511772021,0.9586827572100635,1.0,0.04131724278993654,False
promotion,0.6757554378480762,0.9586827572100635,1.0,0.04131724278993654,False
promotion,0.6760527472006451,0.9586827572100635,1.0,0.04131724278993654,False
promotion,0.676197622246172,0.9586827572100635,1.0,0.04131724278993654,False
promotion,0.6783320947748046,0.9586827572100635,1.0,0.04131724278993654,False
promotion,0.6783320947748047,0.9586827572100635,1.0,0.04131724278993654,False
promotion,0.6806730063347697,0.9586827572100635,1.0,0.04131724278993654,False
promotion,0.6806937194886588,0.9586827572100635,1.0,0.04131724278993654,False
promotion,0.6839305254550212,0.9586827572100635,1.0,0.04131724278993654,False
promotion,0.6840699624088287,0.9586827572100635,1.0,0.04131724278993654,False
promotion,0.6847083119140808,0.9586827572100635,1.0,0.04131724278993654,False
promotion,0.6931471805599453,0.9586827572100635,1.0,0.04131724278993654,False
promotion,0.6955714241714516,0.9586827572100635,1.0,0.04131724278993654,False
promotion,0.695789190022784,0.9586827572100635,1.0,0.04131724278993654,False
promotion,0.6958906665056961,0.9586827572100635,1.0,0.04131724278993654,False
promotion,0.6959680569015866,0.9586827572100635,1.0,0.04131724278993654,False
promotion,0.6960166229878982,0.9586827572100635,1.0,0.04131724278993654,False
promotion,0.6961013924573768,0.9586827572100635,1.0,0.04131724278993654,False
promotion,0.6961367194083113,0.9586827572100635,1.0,0.04131724278993654,False
promotion,0.6961913229411736,0.9586827572100635,1.0,0.04131724278993654,False
promotion,0.6962288470973533,0.9586827572100635,1.0,0.04131724278993654,False
promotion,0.6962673078961888,0.9586827572100635,1.0,0.04131724278993654,False
promotion,0.696286900564613,0.9586827572100635,1.0,0.04131724278993654,False
promotion,0.6963268334773249,0.9586827572100635,1.0,0.04131724278993654,False
promotion,0.6968169094489076,0.9586827572100635,1.0,0.04131724278993654,False
promotion,0.6968715796509276,0.9586827572100635,1.0,0.04131724278993654,False
promotion,0.6969279033998512,0.9586827572100635,1.0,0.04131724278993654,False
promotion,0.6970458209756025,0.9586827572100635,1.0,0.04131724278993654,False
promotion,0.6971713308596708,0.9586827572100635,1.0,0.04131724278993654,False
promotion,0.6973400588199814,0.9586827572100635,1.0,0.04131724278993654,False
promotion,0.697411579346403,0.9586827572100635,1.0,0.04131724278993654,False
promotion,0.6975235551597443,0.9586827572100635,1.0,0.04131724278993654,False
promotion,0.6977238475873571,0.9586827572100635,1.0,0.04131724278993654,False
promotion,0.7014003223166657,0.9586827572100635,1.0,0.04131724278993654,False
promotion,0.7063052651374565,0.9586827572100635,1.0,0.04131724278993654,False
promotion,0.709814233045157,0.9586827572100635,1.0,0.04131724278993654,False
promotion,0.7102416139192455,0.9586827572100635,1.0,0.04131724278993654,False
promotion,0.7130624902608867,0.9586827572100635,1.0,0.04131724278993654,False
promotion,0.7158754316375014,0.9586827572100635,1.0,0.04131724278993654,False
promotion,0.7210559686770219,0.9586827572100635,1.0,0.04131724278993654,False
promotion,0.7221347174331977,0.9586827572100635,1.0,0.04131724278993654,False
promotion,0.7253608005436004,0.9586827572100635,1.0,0.04131724278993654,False
promotion,0.7313309675301042,0.9586827572100635,1.0,0.04131724278993654,False
promotion,0.7324865951199776,0.9586827572100635,1.0,0.04131724278993654,False
promotion,0.7343052530534528,0.9586827572100635,1.0,0.04131724278993654,False
promotion,0.7482664797810249,0.9586827572100635,1.0,0.04131724278993654,False
promotion,0.8151946150027862,0.9586827572100635,1.0,0.04131724278993654,False
promotion,0.8320726527901381,0.9586827572100635,1.0,0.04131724278993654,False
promotion,0.8377920853875029,0.9586827572100635,1.0,0.04131724278993654,False
promotion,0.8444366281061715,0.9586827572100635,1.0,0.04131724278993654,False
promotion,0.8459863847893928,0.9586827572100635,1.0,0.04131724278993654,False
promotion,0.8563476959071215,0.9586827572100635,1.0,0.04131724278993654,False
promotion,0.8654801794703939,0.9586827572100635,1.0,0.04131724278993654,False
promotion,0.8933889675874704,0.9586827572100635,1.0,0.04131724278993654,False
promotion,0.9028677115420143,0.9586827572100635,1.0,0.04131724278993654,False
promotion,0.912437162558165,0.9586827572100635,1.0,0.04131724278993654,False
promotion,0.9183088960303923,0.9586827572100635,1.0,0.04131724278993654,False
promotion,0.9318552484152666,0.9586827572100635,1.0,0.04131724278993654,False
promotion,0.9321640810304452,0.9586827572100635,1.0,0.04131724278993654,False
promotion,0.9360933591703348,0.9586827572100635,1.0,0.04131724278993654,False
promotion,0.9516578757114463,0.9586827572100635,1.0,0.04131724278993654,False
promotion,0.9617082115649478,0.9586827572100635,1.0,0.04131724278993654,False
promotion,0.321611773714369,0.9586827572100635,0.917160973614236,0.04152178359582748,False
promotion,0.32161132150590727,0.9586827572100635,0.9169564328083453,0.041726324401718196,False
promotion,0.32161045931913423,0.9586827572100635,0.9153201063612191,0.043362650848844386,False
promotion,0.321610252094818,0.9586827572100635,0.9152178359582737,0.0434649212517898,False
promotion,0.3216096491895985,0.9586827572100635,0.9137860503170383,0.04489670689302516,False
promotion,0.3216092621948662,0.9586827572100635,0.9129678870934751,0.04571487011658837,False
promotion,0.3216088865407819,0.9586827572100635,0.9123542646758028,0.046328492534260635,False
promotion,0.3216074879129756,0.9586827572100635,0.9122519942728574,0.04643076293720605,False
promotion,0.32160623602810656,0.9586827572100635,0.9119451830640213,0.04673757414604218,False
promotion,0.32160608871765295,0.9586827572100635,0.9118429126610759,0.0468398445489876,False
promotion,0.3216059433141519,0.9586827572100635,0.9117406422581305,0.04694211495193301,False
promotion,0.321605380047793,0.9586827572100635,0.9116383718551851,0.047044385354878315,False
promotion,0.32160510894306965,0.9586827572100635,0.9098997750051135,0.04878298220494992,False
promotion,0.3216049759087355,0.9586827572100635,0.9086725301697689,0.050010227040294564,False
promotion,0.3216048445117643,0.9586827572100635,0.9056044180814072,0.05307833912865623,False
promotion,0.32160458651046664,0.9586827572100635,0.9042749028431172,0.054407854366946284,False
promotion,0.3216043347074628,0.9586827572100635,0.9010022499488648,0.057680507261198666,False
promotion,0.32160408888203934,0.9586827572100635,0.9006954387400287,0.0579873184700348,False
promotion,0.32160384882383974,0.9586827572100635,0.9001840867253017,0.05849867048476176,False
promotion,0.32160338521590376,0.9586827572100635,0.8996727347105747,0.05901002249948872,False
promotion,0.32160262307302134,0.9586827572100635,0.8982409490693394,0.060441808140724085,False
promotion,0.3216025189682266,0.9586827572100635,0.8979341378605031,0.06074861934956033,False
promotion,0.3216013532093624,0.9586827572100635,0.89711597463694,0.061566782573123424,False
promotion,0.32160082265870815,0.9586827572100635,0.8969114338310493,0.06177132337901414,False
promotion,0.32160032293934204,0.9586827572100635,0.8968091634281039,0.06187359378195956,False
promotion,0.3215997001348255,0.9586827572100635,0.8950705665780323,0.06361219063203116,False
promotion,0.32158362412746244,0.9586827572100635,0.8940478625485785,0.06463489466148498,False
promotion,0.32158362412746233,0.9586827572100635,0.8888320719983637,0.06985068521169979,False
promotion,0.32158362412746216,0.9586827572100635,0.8766618940478625,0.08202086316220092,False
promotion,0.321572187125329,0.9586827572100635,0.8686848026181223,0.08999795459194115,False
promotion,0.321566511242315,0.9586827572100635,0.8685825322151769,0.09010022499488657,False
promotion,0.32156633968605197,0.9586827572100635,0.8684802618122316,0.09020249539783187,False
promotion,0.32156561762711516,0.9586827572100635,0.8657189609327061,0.0929637962773574,False
promotion,0.32156542758662426,0.9586827572100635,0.8656166905297606,0.09306606668030282,False
promotion,0.3215644138614956,0.9586827572100635,0.8653098793209245,0.09337287788913895,False
promotion,0.32156419740989695,0.9586827572100635,0.864389445694416,0.09429331151564746,False
promotion,0.321563749536133,0.9586827572100635,0.8633667416649622,0.09531601554510127,False
promotion,0.32156363432226226,0.9586827572100635,0.8628553896502352,0.09582736755982824,False
promotion,0.32156328052399896,0.9586827572100635,0.8627531192472898,0.09592963796277365,False
promotion,0.3215630376178014,0.9586827572100635,0.861730415217836,0.09695234199222746,False
promotion,0.3215627888408201,0.9586827572100635,0.8572305174882389,0.1014522397218246,False
promotion,0.32156253397761597,0.9586827572100635,0.8559010022499489,0.10278175496011455,False
promotion,0.32156200507675387,0.9586827572100635,0.8557987318470035,0.10288402536305996,False
promotion,0.3215617305521311,0.9586827572100635,0.8526283493556964,0.10605440785436704,False
promotion,0.3215614489658598,0.9586827572100635,0.850378400490898,0.1083043567191655,False
promotion,0.3215605590030826,0.9586827572100635,0.8502761300879526,0.10840662712211091,False
promotion,0.3215595946192251,0.9586827572100635,0.8482307220290448,0.11045203518101865,False
promotion,0.32155890560958333,0.9586827572100635,0.8481284516260994,0.11055430558396406,False
promotion,0.32155657919230074,0.9586827572100635,0.848026181223154,0.11065657598690948,False
promotion,0.32155476867883026,0.9586827572100635,0.8479239108202087,0.11075884638985478,False
promotion,0.3215542775294646,0.9586827572100635,0.8443444467171201,0.1143383104929434,False
promotion,0.3215526983647532,0.9586827572100635,0.8437308242994478,0.11495193291061567,False
promotion,0.32155213351953343,0.9586827572100635,0.8436285538965024,0.11505420331356109,False
promotion,0.32154896868915417,0.9586827572100635,0.8427081202699939,0.1159746369400696,False
promotion,0.3215450966477326,0.9586827572100635,0.8394354673757415,0.11924728983432198,False
promotion,0.3215442160369763,0.9586827572100635,0.8393331969727961,0.1193495602372674,False
promotion,0.32153670991009997,0.9586827572100635,0.8392309265698507,0.11945183064021281,False
promotion,0.2877041843601499,0.9586827572100635,0.8388218449580691,0.11986091225199436,False
promotion,0.28871459706597014,0.9586827572100635,0.8388218449580691,0.11986091225199436,False
promotion,0.28872755085333385,0.9586827572100635,0.8388218449580691,0.11986091225199436,False
promotion,0.28874083380002297,0.9586827572100635,0.8388218449580691,0.11986091225199436,False
promotion,0.28896990263620953,0.9586827572100635,0.8388218449580691,0.11986091225199436,False
promotion,0.28907774609075565,0.9586827572100635,0.8388218449580691,0.11986091225199436,False
promotion,0.2897546120537533,0.9586827572100635,0.8388218449580691,0.11986091225199436,False
promotion,0.2914627952916869,0.9586827572100635,0.8388218449580691,0.11986091225199436,False
promotion,0.2917062227515064,0.9586827572100635,0.8388218449580691,0.11986091225199436,False
promotion,0.29205844705157985,0.9586827572100635,0.8388218449580691,0.11986091225199436,False
promotion,0.2971526555060141,0.9586827572100635,0.8388218449580691,0.11986091225199436,False
promotion,0.29792356650397794,0.9586827572100635,0.8388218449580691,0.11986091225199436,False
promotion,0.30140655487734663,0.9586827572100635,0.8388218449580691,0.11986091225199436,False
promotion,0.3074846997479607,0.9586827572100635,0.8388218449580691,0.11986091225199436,False
promotion,0.30836961205190855,0.9586827572100635,0.8388218449580691,0.11986091225199436,False
promotion,0.3097580241509808,0.9586827572100635,0.8388218449580691,0.11986091225199436,False
promotion,0.3098559299461029,0.9586827572100635,0.8388218449580691,0.11986091225199436,False
promotion,0.3108236010134753,0.9586827572100635,0.8388218449580691,0.11986091225199436,False
promotion,0.31327158265211513,0.9586827572100635,0.8388218449580691,0.11986091225199436,False
promotion,0.319823281663578,0.9586827572100635,0.8388218449580691,0.11986091225199436,False
promotion,0.28768207245178107,0.9586827572100635,0.8387195745551237,0.11996318265493977,False
promotion,0.2876820724517809,0.9586827572100635,0.8303334015136019,0.12834935569646155,False
promotion,0.2876820724517808,0.9586827572100635,0.7608917979136838,0.1977909592963797,False
promotion,0.25494646633296986,0.9586827572100635,0.7561873593781959,0.20249539783186754,False
promotion,0.26415157504158676,0.9586827572100635,0.7561873593781959,0.20249539783186754,False
promotion,0.2760944572793931,0.9586827572100635,0.7561873593781959,0.20249539783186754,False
promotion,0.2810109336347586,0.9586827572100635,0.7561873593781959,0.20249539783186754,False
promotion,0.2814901022038598,0.9586827572100635,0.7561873593781959,0.20249539783186754,False
promotion,0.28330569785198206,0.9586827572100635,0.7561873593781959,0.20249539783186754,False
promotion,0.28343578157032984,0.9586827572100635,0.7561873593781959,0.20249539783186754,False
promotion,0.2835067010413003,0.9586827572100635,0.7561873593781959,0.20249539783186754,False
promotion,0.2843431711862664,0.9586827572100635,0.7561873593781959,0.20249539783186754,False
promotion,0.28451249769050174,0.9586827572100635,0.7561873593781959,0.20249539783186754,False
promotion,0.28561381938772196,0.9586827572100635,0.7561873593781959,0.20249539783186754,False
promotion,0.286344279610121,0.9586827572100635,0.7561873593781959,0.20249539783186754,False
promotion,0.2549349764548343,0.9586827572100635,0.7548578441399059,0.2038249130701576,False
promotion,0.2549291166678179,0.9586827572100635,0.7545510329310697,0.20413172427899373,False
promotion,0.25492533537049256,0.9586827572100635,0.7544487625281243,0.20423399468193915,False
promotion,0.2549234173265904,0.9586827572100635,0.7533237880957251,0.20535896911433837,False
promotion,0.25492170948237663,0.9586827572100635,0.7532215176927797,0.2054612395172838,False
promotion,0.2549211810468655,0.9586827572100635,0.7523010840662713,0.2063816731437922,False
promotion,0.25491970367757777,0.9586827572100635,0.7521988136633259,0.2064839435467376,False
promotion,0.25491924418938783,0.9586827572100635,0.7515851912456535,0.20709756596440998,False
promotion,0.2549175503916094,0.9586827572100635,0.748005727142565,0.2106770300674985,False
promotion,0.25491715964137074,0.9586827572100635,0.7479034567396196,0.2107793004704439,False
promotion,0.2549147293689251,0.9586827572100635,0.7464716710983841,0.21221108611167938,False
promotion,0.254913827162263,0.9586827572100635,0.7463694006954388,0.21231335651462468,False
promotion,0.25491326487535215,0.9586827572100635,0.7441194518306402,0.21456330537942325,False
promotion,0.25491299457998823,0.9586827572100635,0.7440171814276948,0.21466557578236867,False
promotion,0.2549127311493388,0.9586827572100635,0.7439149110247495,0.21476784618531397,False
promotion,0.25491247432516756,0.9586827572100635,0.7415626917570055,0.21712006545305795,False
promotion,0.25491222386202983,0.9586827572100635,0.7383923092656985,0.22029044794436492,False
promotion,0.2549119795264913,0.9586827572100635,0.7353241971773369,0.22335856003272658,False
promotion,0.254911508360218,0.9586827572100635,0.7352219267743915,0.223460830435672,False
promotion,0.25491128111638683,0.9586827572100635,0.7307220290447944,0.22796072816526902,False
promotion,0.25491042335140507,0.9586827572100635,0.7296993250153405,0.22898343219472295,False
promotion,0.2549102208568544,0.9586827572100635,0.7286766209858867,0.23000613622417676,False
promotion,0.2549100228250332,0.9586827572100635,0.7277561873593782,0.23092656985068527,False
promotion,0.2549092724990167,0.9586827572100635,0.7274493761505421,0.2312333810595214,False
promotion,0.2549083385684488,0.9586827572100635,0.7271425649417058,0.23154019226835765,False
promotion,0.2549082587219553,0.9586827572100635,0.7270402945387605,0.23164246267130295,False
promotion,0.25490294887823783,0.9586827572100635,0.7269380241358151,0.23174473307424837,False
promotion,0.25489224962879015,0.9586827572100635,0.7268357537328697,0.23184700347719378,False
promotion,0.25489224962879004,0.9586827572100635,0.7198813663325834,0.2388013908774801,False
promotion,0.25489224962878987,0.9586827572100635,0.704233994681939,0.25444876252812443,False
promotion,0.2548772110171544,0.9586827572100635,0.7017795050112497,0.2569032521988137,False
promotion,0.25487662841205316,0.9586827572100635,0.7007568009817958,0.25792595622826764,False
promotion,0.25487608030361664,0.9586827572100635,0.6990182041317243,0.25966455307833913,False
promotion,0.2548756646431771,0.9586827572100635,0.6962569032521988,0.26242585395786466,False
promotion,0.25487540482835835,0.9586827572100635,0.6960523624463081,0.2626303947637554,False
promotion,0.25487457413321285,0.9586827572100635,0.6959500920433627,0.2627326651667008,False
promotion,0.2548737638027967,0.9586827572100635,0.6951319288197996,0.2635508283902639,False
promotion,0.2548736572572397,0.9586827572100635,0.6937001431785641,0.26498261403149936,False
promotion,0.25487354947638335,0.9586827572100635,0.6931887911638371,0.2654939660462263,False
promotion,0.254873330121832,0.9586827572100635,0.6930865207608918,0.26559623644917163,False
promotion,0.2548731055601006,0.9586827572100635,0.6925751687461649,0.2661075884638986,False
promotion,0.2548728756035451,0.9586827572100635,0.6920638167314379,0.26661894047862555,False
promotion,0.25487275854108926,0.9586827572100635,0.6917570055226018,0.2669257516874617,False
promotion,0.2548726400553958,0.9586827572100635,0.6904274902843117,0.26825526692575175,False
promotion,0.2548723987091955,0.9586827572100635,0.6872571077930048,0.2714256494170587,False
promotion,0.2548721513481973,0.9586827572100635,0.6859275925547147,0.27275516465534877,False
promotion,0.25487189774471364,0.9586827572100635,0.68470034771937,0.2739824094906934,False
promotion,0.254871370840594,0.9586827572100635,0.6829617508692984,0.275721006340765,False
promotion,0.25487109702331706,0.9586827572100635,0.682859480466353,0.27582327674371043,False
promotion,0.25486992595788477,0.9586827572100635,0.6827572100634076,0.27592554714665585,False
promotion,0.2548691258355619,0.9586827572100635,0.6824503988545715,0.276232358355492,False
promotion,0.2548686176263311,0.9586827572100635,0.6823481284516261,0.2763346287584374,False
promotion,0.2548682662253041,0.9586827572100635,0.6822458580486808,0.2764368991613827,False
promotion,0.25486790421607336,0.9586827572100635,0.6816322356310084,0.2770505215790551,False
promotion,0.2548671463917262,0.9586827572100635,0.6808140724074453,0.27786868480261817,False
promotion,0.2548663398724699,0.9586827572100635,0.6807118020044999,0.2779709552055636,False
promotion,0.2548659168616098,0.9586827572100635,0.6790754755573737,0.2796072816526898,False
promotion,0.2548640770435309,0.9586827572100635,0.678870934751483,0.2798118224585805,False
promotion,0.25486196082504403,0.9586827572100635,0.6776436899161382,0.28103906729392525,False
promotion,0.2548613811439672,0.9586827572100635,0.6775414195131929,0.28114133769687055,False
promotion,0.2548598299889694,0.9586827572100635,0.6764164450807936,0.2822663121292699,False
promotion,0.2548573766535987,0.9586827572100635,0.6721210881570874,0.2865616690529761,False
promotion,0.2548562077481209,0.9586827572100635,0.672018817754142,0.2866639394559215,False
promotion,0.2548558005026539,0.9586827572100635,0.6719165473511965,0.2867662098588669,False
promotion,0.25485495776400596,0.9586827572100635,0.6718142769482511,0.28686848026181233,False
promotion,0.2548540751331658,0.9586827572100635,0.6717120065453058,0.28697075066475763,False
promotion,0.25485115739727066,0.9586827572100635,0.671507465739415,0.28717529147064846,False
promotion,0.25484836206871186,0.9586827572100635,0.6713029249335243,0.2873798322765392,False
promotion,0.22314355131420985,0.9586827572100635,0.6708938433217427,0.28778891388832073,False
promotion,0.22815609313775412,0.9586827572100635,0.6708938433217427,0.28778891388832073,False
promotion,0.2354568115475667,0.9586827572100635,0.6708938433217427,0.28778891388832073,False
promotion,0.23705901937618423,0.9586827572100635,0.6708938433217427,0.28778891388832073,False
promotion,0.2370590193761843,0.9586827572100635,0.6708938433217427,0.28778891388832073,False
promotion,0.24008466400302772,0.9586827572100635,0.6708938433217427,0.28778891388832073,False
promotion,0.24512245803298482,0.9586827572100635,0.6708938433217427,0.28778891388832073,False
promotion,0.2231435513142097,0.9586827572100635,0.6393945592145633,0.3192881979955001,False
promotion,0.22314355131420957,0.9586827572100635,0.5859071384741256,0.3727756187359379,False
promotion,0.19242282340709924,0.9586827572100635,0.5858048680711802,0.3728778891388833,False
promotion,0.19563290143219395,0.9586827572100635,0.5858048680711802,0.3728778891388833,False
promotion,0.20655652763941246,0.9586827572100635,0.5858048680711802,0.3728778891388833,False
promotion,0.20795338582023462,0.9586827572100635,0.5858048680711802,0.3728778891388833,False
promotion,0.20795338582023468,0.9586827572100635,0.5858048680711802,0.3728778891388833,False
promotion,0.2108618664683395,0.9586827572100635,0.5858048680711802,0.3728778891388833,False
promotion,0.1924104959789285,0.9586827572100635,0.5844753528328902,0.37420740437717326,False
promotion,0.19240775486482067,0.9586827572100635,0.5842708120269994,0.3744119451830641,False
promotion,0.19240692566607967,0.9586827572100635,0.5840662712211087,0.3746164859889548,False
promotion,0.19240652528179086,0.9586827572100635,0.5839640008181632,0.3747187563919002,False
promotion,0.19240613394588957,0.9586827572100635,0.5838617304152178,0.37482102679484564,False
promotion,0.19240465321683778,0.9586827572100635,0.5837594600122724,0.37492329719779105,False
promotion,0.19240297316153024,0.9586827572100635,0.5836571896093271,0.37502556760073635,False
promotion,0.19240204537100306,0.9586827572100635,0.5825322151769278,0.3761505420331357,False
promotion,0.19240089118303205,0.9586827572100635,0.5824299447739824,0.3762528124360811,False
promotion,0.1924003466018462,0.9586827572100635,0.5814072407445285,0.3772755164655349,False
promotion,0.19239982209766657,0.9586827572100635,0.5812026999386377,0.37748005727142575,False
promotion,0.19239835852632328,0.9586827572100635,0.5811004295356924,0.37758232767437105,False
promotion,0.19239623272704945,0.9586827572100635,0.5798731847003478,0.3788095725097157,False
promotion,0.19239566001248817,0.9586827572100635,0.5782368582532215,0.380445898956842,False
promotion,0.19239547505026805,0.9586827572100635,0.5781345878502762,0.3805481693597873,False
promotion,0.19239529294464097,0.9586827572100635,0.5780323174473307,0.3806504397627327,False
promotion,0.19239476312053275,0.9586827572100635,0.5766005318060953,0.3820822254039682,False
promotion,0.1923944230353177,0.9586827572100635,0.5757823685825322,0.3829003886275313,False
promotion,0.19239409291608006,0.9586827572100635,0.5751687461648599,0.38351401104520355,False
promotion,0.19239361548576306,0.9586827572100635,0.5750664757619145,0.38361628144814897,False
promotion,0.1923928638225767,0.9586827572100635,0.5749642053589691,0.3837185518510944,False
promotion,0.1923917636844267,0.9586827572100635,0.574657394150133,0.3840253630599305,False
promotion,0.1923916342301393,0.9586827572100635,0.5745551237471875,0.38412763346287593,False
promotion,0.1923915064516521,0.9586827572100635,0.5744528533442422,0.38422990386582123,False
promotion,0.19239101146132534,0.9586827572100635,0.5743505829412968,0.38433217426876665,False
promotion,0.19239089159301517,0.9586827572100635,0.5726119860912252,0.38607077111883825,False
promotion,0.192390773218405,0.9586827572100635,0.5694416035999181,0.38924115361014533,False
promotion,0.1923906563097483,0.9586827572100635,0.5682143587645735,0.39046839844549,False
promotion,0.1923905408399805,0.9586827572100635,0.5651462466762119,0.3935365105338515,False
promotion,0.19239042678270013,0.9586827572100635,0.5638167314379219,0.3948660257721416,False
promotion,0.19239031411214733,0.9586827572100635,0.5637144610349765,0.394968296175087,False
promotion,0.19239009283127845,0.9586827572100635,0.5611577009613418,0.3975250562487217,False
promotion,0.19238987680341527,0.9586827572100635,0.5608508897525056,0.39783186745755783,False
promotion,0.19238966584369932,0.9586827572100635,0.5603395377377787,0.3983432194722848,False
promotion,0.19238945977584593,0.9586827572100635,0.5598281857230517,0.39885457148701176,False
promotion,0.192389258431652,0.9586827572100635,0.5597259153201064,0.39895684188995706,False
promotion,0.19238896492293459,0.9586827572100635,0.5582941296788709,0.40038862753119253,False
promotion,0.1923885886712984,0.9586827572100635,0.557271425649417,0.40141133156064646,False
promotion,0.19238849718547663,0.9586827572100635,0.5569646144405809,0.4017181427694826,False
promotion,0.1923874727329911,0.9586827572100635,0.5561464512170178,0.4025363059930457,False
promotion,0.19238700649249413,0.9586827572100635,0.5559419104111271,0.4027408467989364,False
promotion,0.19238656734607476,0.9586827572100635,0.5558396400081816,0.4028431172018818,False
promotion,0.1923860200341016,0.9586827572100635,0.55410104315811,0.4045817140519534,False
promotion,0.19237189264745613,0.9586827572100635,0.5530783391286561,0.40560441808140735,False
promotion,0.192371892647456,0.9586827572100635,0.5385559419104111,0.42012681529965235,False
promotion,0.19236184194164502,0.9586827572100635,0.5278175496011455,0.430865207608918,False
promotion,0.19235685403582042,0.9586827572100635,0.5277152791982,0.4309674780118634,False
promotion,0.19235670327394155,0.9586827572100635,0.5276130087952546,0.43106974841480883,False
promotion,0.19235606873594308,0.9586827572100635,0.5248517079157292,0.43383104929433425,False
promotion,0.19235590173029676,0.9586827572100635,0.5247494375127838,0.43393331969727966,False
promotion,0.1923550108789215,0.9586827572100635,0.5244426263039477,0.4342401309061158,False
promotion,0.19235442707646253,0.9586827572100635,0.5235221926774392,0.4351605645326243,False
promotion,0.19235401491327955,0.9586827572100635,0.5230108406627122,0.43567191654735127,False
promotion,0.1923538014497279,0.9586827572100635,0.5219881366332584,0.4366946205768051,False
promotion,0.1923535828269834,0.9586827572100635,0.5174882389036612,0.4411945183064022,False
promotion,0.19235265281330274,0.9586827572100635,0.5161587236653712,0.4425240335446923,False
promotion,0.19235240535803994,0.9586827572100635,0.5138065043976273,0.44487625281243615,False
promotion,0.19235162326739444,0.9586827572100635,0.5137042339946819,0.44497852321538156,False
promotion,0.19235077577613108,0.9586827572100635,0.5114542851298834,0.44722847208018,False
promotion,0.19234715578582048,0.9586827572100635,0.511352014726938,0.44733074248312543,False
promotion,0.1923465347846155,0.9586827572100635,0.5111474739210472,0.44753528328901626,False
promotion,0.19234610316698375,0.9586827572100635,0.5075680098179587,0.4511147473921048,False
promotion,0.19234471541110745,0.9586827572100635,0.5069543874002863,0.45172836980977715,False
promotion,0.19234421903009738,0.9586827572100635,0.506852116997341,0.45183064021272246,False
promotion,0.1923426147859089,0.9586827572100635,0.5059316833708325,0.45275107383923097,False
promotion,0.19234143780437232,0.9586827572100635,0.5058294129678871,0.4528533442421764,False
promotion,0.192338035086213,0.9586827572100635,0.500511352014727,0.4581714051953365,False
promotion,0.19233175698892488,0.9586827572100635,0.5004090816117815,0.4582736755982819,False
promotion,0.19233066488467468,0.9586827572100635,0.5001022704029454,0.45858048680711805,False
promotion,0.16251892949777508,0.9586827572100635,0.4996931887911638,0.45898956841889965,False
promotion,0.16372013084340903,0.9586827572100635,0.4996931887911638,0.45898956841889965,False
promotion,0.1705269803011177,0.9586827572100635,0.4996931887911638,0.45898956841889965,False
promotion,0.17237122594078666,0.9586827572100635,0.4996931887911638,0.45898956841889965,False
promotion,0.17475531641063893,0.9586827572100635,0.4996931887911638,0.45898956841889965,False
promotion,0.1753528874778613,0.9586827572100635,0.4996931887911638,0.45898956841889965,False
promotion,0.1823215567939546,0.9586827572100635,0.4996931887911638,0.45898956841889965,False
promotion,0.1902738849844497,0.9586827572100635,0.4996931887911638,0.45898956841889965,False
promotion,0.16251892949777494,0.9586827572100635,0.4935569646144406,0.46512579259562287,False
promotion,0.1625189294977748,0.9586827572100635,0.4316833708324811,0.5269993863775824,False
promotion,0.1624994193964191,0.9586827572100635,0.41358150951114747,0.545101247698916,False
promotion,0.13357941298516485,0.9586827572100635,0.4134792391082021,0.5452035181018613,False
promotion,0.1388364448542157,0.9586827572100635,0.4134792391082021,0.5452035181018613,False
promotion,0.1409054530772377,0.9586827572100635,0.4134792391082021,0.5452035181018613,False
promotion,0.14911288579730117,0.9586827572100635,0.4134792391082021,0.5452035181018613,False
promotion,0.1511700516891205,0.9586827572100635,0.4134792391082021,0.5452035181018613,False
promotion,0.16126814759612232,0.9586827572100635,0.4134792391082021,0.5452035181018613,False
promotion,0.13357026607201922,0.9586827572100635,0.41214972386991205,0.5465330333401515,False
promotion,0.13356923629233547,0.9586827572100635,0.4117406422581305,0.5469421149519329,False
promotion,0.13356404621887,0.9586827572100635,0.4114338310492943,0.5472489261607691,False
promotion,0.13356069708319815,0.9586827572100635,0.41133156064634896,0.5473511965637146,False
promotion,0.1335601080403955,0.9586827572100635,0.4102065862139497,0.5484761709961138,False
promotion,0.13355982231080285,0.9586827572100635,0.40376355082839027,0.5549192063816732,False
promotion,0.13355899825055098,0.9586827572100635,0.40366128042544486,0.5550214767846187,False
promotion,0.13355748559377362,0.9586827572100635,0.4035590100224995,0.555123747187564,False
promotion,0.13355701755245394,0.9586827572100635,0.402638576395991,0.5560441808140725,False
promotion,0.1335557090295865,0.9586827572100635,0.40253630599304563,0.5561464512170178,False
promotion,0.13355530205559882,0.9586827572100635,0.4019226835753733,0.5567600736346902,False
promotion,0.13355380183919263,0.9586827572100635,0.39834321947228474,0.5603395377377787,False
promotion,0.13355362744647814,0.9586827572100635,0.3982409490693393,0.5604418081407241,False
promotion,0.13355345574711727,0.9586827572100635,0.39813867866639396,0.5605440785436695,False
promotion,0.13355263554797453,0.9586827572100635,0.39721824503988545,0.561464512170178,False
promotion,0.13355187414507158,0.9586827572100635,0.39670689302515855,0.5619758641849049,False
promotion,0.13355130322592304,0.9586827572100635,0.39660462262221313,0.5620781345878503,False
promotion,0.13355050413060543,0.9586827572100635,0.3965023522192677,0.5621804049907957,False
promotion,0.13355012816302939,0.9586827572100635,0.3942524033544692,0.5644303538555943,False
promotion,0.13355000610626797,0.9586827572100635,0.39415013295152385,0.5645326242585396,False
promotion,0.13354976670237406,0.9586827572100635,0.39404786254857843,0.564634894661485,False
promotion,0.13354953337863415,0.9586827572100635,0.3939455921456331,0.5647371650644304,False
promotion,0.13354941892489536,0.9586827572100635,0.39159337287788915,0.5670893843321743,False
promotion,0.13354930590632597,0.9586827572100635,0.39016158723665373,0.5685211699734097,False
promotion,0.13354908406805646,0.9586827572100635,0.38709347514829207,0.5715892820617714,False
promotion,0.13354886765707022,0.9586827572100635,0.38402536305993046,0.574657394150133,False
promotion,0.13354845033930096,0.9586827572100635,0.38392309265698504,0.5747596645530784,False
promotion,0.13354824906663376,0.9586827572100635,0.3795254653303334,0.5791572918797301,False
promotion,0.13354748933355076,0.9586827572100635,0.3785027613008795,0.580179995909184,False
promotion,0.133547309981605,0.9586827572100635,0.37748005727142564,0.5812026999386378,False
promotion,0.1335471345823502,0.9586827572100635,0.3765596236449172,0.5821231335651462,False
promotion,0.13354647000919986,0.9586827572100635,0.376252812436081,0.5824299447739825,False
promotion,0.1335463125418666,0.9586827572100635,0.3759460012272448,0.5827367559828187,False
promotion,0.13354571424515746,0.9586827572100635,0.37584373082429945,0.582839026385764,False
promotion,0.13354557209406906,0.9586827572100635,0.3734915115565555,0.585191245653508,False
promotion,0.13354086909681093,0.9586827572100635,0.37338924115361016,0.5852935160564533,False
promotion,0.13353139262452274,0.9586827572100635,0.37328697075066475,0.5853957864593987,False
promotion,0.13353139262452263,0.9586827572100635,0.36684393536510534,0.5918388218449582,False
promotion,0.1335313926245225,0.9586827572100635,0.3505829412967887,0.6080998159132748,False
promotion,0.1335180726999132,0.9586827572100635,0.34863980364082636,0.6100429535692371,False
promotion,0.13351755667734808,0.9586827572100635,0.3476170996113725,0.611065657598691,False
promotion,0.13351714263699113,0.9586827572100635,0.34608304356719166,0.6125997136428718,False
promotion,0.1335167030519155,0.9586827572100635,0.34598077316424625,0.6127019840458172,False
promotion,0.13351573716977047,0.9586827572100635,0.3457762323583555,0.612906524851708,False
promotion,0.13351501944706165,0.9586827572100635,0.3449580691347924,0.6137246880752711,False
promotion,0.13351492507793972,0.9586827572100635,0.34383309470239315,0.6148496625076703,False
promotion,0.13351482961469208,0.9586827572100635,0.3433217426876662,0.6153610145223973,False
promotion,0.13351463532881463,0.9586827572100635,0.34321947228472083,0.6154632849253426,False
promotion,0.13351443643084865,0.9586827572100635,0.34270812026999387,0.6159746369400696,False
promotion,0.13351423275459404,0.9586827572100635,0.3421967682552669,0.6164859889547966,False
promotion,0.13351412907047433,0.9586827572100635,0.34188995704643077,0.6167928001636327,False
promotion,0.13351402412576835,0.9586827572100635,0.34096952341992226,0.6177132337901412,False
promotion,0.1335138103615092,0.9586827572100635,0.338515033749233,0.6201677234608305,False
promotion,0.13351359126983894,0.9586827572100635,0.3371855185109429,0.6214972386991205,False
promotion,0.13351289996148608,0.9586827572100635,0.3359582736755983,0.6227244835344652,False
promotion,0.13351162020507,0.9586827572100635,0.3358560032726529,0.6228267539374106,False
promotion,0.13351046139407954,0.9586827572100635,0.3355491920638167,0.6231335651462467,False
promotion,0.13350982951469006,0.9586827572100635,0.33544692166087137,0.623235835549192,False
promotion,0.13350844394923408,0.9586827572100635,0.3346287584373082,0.6240539987727552,False
promotion,0.13350806928135353,0.9586827572100635,0.332992431990182,0.6256903252198814,False
promotion,0.1335064397231228,0.9586827572100635,0.33278789118429125,0.6258948660257722,False
promotion,0.13350505985734226,0.9586827572100635,0.3315606463489466,0.6271221108611169,False
promotion,0.13350456535191568,0.9586827572100635,0.33145837594600125,0.6272243812640622,False
promotion,0.13350405191831038,0.9586827572100635,0.3312538351401105,0.6274289220699529,False
promotion,0.13350050507066008,0.9586827572100635,0.33023113111065655,0.6284516260994069,False
promotion,0.13349946975018429,0.9586827572100635,0.3301288607077112,0.6285538965023523,False
promotion,0.13349910904556234,0.9586827572100635,0.3300265903047658,0.6286561669052977,False
promotion,0.13349836261675752,0.9586827572100635,0.3299243199018204,0.6287584373082431,False
promotion,0.13349758085464236,0.9586827572100635,0.329822049498875,0.6288607077111885,False
promotion,0.13349499656257255,0.9586827572100635,0.32961750869298423,0.6290652485170792,False
promotion,0.13347896935906547,0.9586827572100635,0.32941296788709346,0.62926978932297,False
promotion,0.1053605156578264,0.9586827572100635,0.3292084270812027,0.6294743301288608,False
promotion,0.10886873166227409,0.9586827572100635,0.3292084270812027,0.6294743301288608,False
promotion,0.11195890737039468,0.9586827572100635,0.3292084270812027,0.6294743301288608,False
promotion,0.11365931847252124,0.9586827572100635,0.3292084270812027,0.6294743301288608,False
promotion,0.11963935696167531,0.9586827572100635,0.3292084270812027,0.6294743301288608,False
promotion,0.12279557747992764,0.9586827572100635,0.3292084270812027,0.6294743301288608,False
promotion,0.10536051565782628,0.9586827572100635,0.3009817958682757,0.6577009613417877,False
promotion,0.10536051565782616,0.9586827572100635,0.2505624872161996,0.7081202699938638,False
promotion,0.07801113357465905,0.9586827572100635,0.24780118633667417,0.7108815708733893,False
promotion,0.07981442323012967,0.9586827572100635,0.24780118633667417,0.7108815708733893,False
promotion,0.08376988306545882,0.9586827572100635,0.24780118633667417,0.7108815708733893,False
promotion,0.08576682175742506,0.9586827572100635,0.24780118633667417,0.7108815708733893,False
promotion,0.08961215868968717,0.9586827572100635,0.24780118633667417,0.7108815708733893,False
promotion,0.09576690509200841,0.9586827572100635,0.24780118633667417,0.7108815708733893,False
promotion,0.098293348434734,0.9586827572100635,0.24780118633667417,0.7108815708733893,False
promotion,0.09834508349947883,0.9586827572100635,0.24780118633667417,0.7108815708733893,False
promotion,0.10032272162786926,0.9586827572100635,0.24780118633667417,0.7108815708733893,False
promotion,0.10071397560183067,0.9586827572100635,0.24780118633667417,0.7108815708733893,False
promotion,0.07800696607622894,0.9586827572100635,0.2475966455307834,0.71108611167928,False
promotion,0.0779959713962074,0.9586827572100635,0.24626713029249336,0.7124156269175701,False
promotion,0.07799352662860087,0.9586827572100635,0.2460625894866026,0.7126201677234609,False
promotion,0.07799278707580104,0.9586827572100635,0.2458580486807118,0.7128247085293516,False
promotion,0.07799076030417462,0.9586827572100635,0.2457557782777664,0.7129269789322971,False
promotion,0.07799014190730047,0.9586827572100635,0.24565350787482101,0.7130292493352425,False
promotion,0.0779884343955292,0.9586827572100635,0.24555123747187563,0.7131315197381878,False
promotion,0.0779874049879276,0.9586827572100635,0.24544896706893024,0.7132337901411332,False
promotion,0.07798691928189198,0.9586827572100635,0.24442626303947637,0.7142564941705871,False
promotion,0.07798645148229265,0.9586827572100635,0.2442217222335856,0.7144610349764778,False
promotion,0.07798600061682259,0.9586827572100635,0.2441194518306402,0.7145633053794233,False
promotion,0.07798257439675983,0.9586827572100635,0.24401718142769482,0.7146655757823687,False
promotion,0.0779819394339957,0.9586827572100635,0.24391491102474944,0.714767846185314,False
promotion,0.07798163611549411,0.9586827572100635,0.24309674780118634,0.7155860094088771,False
promotion,0.07797926426743311,0.9586827572100635,0.2426876661894048,0.7159950910206587,False
promotion,0.07797903484409667,0.9586827572100635,0.2425853957864594,0.716097361423604,False
promotion,0.07797838088066972,0.9586827572100635,0.24248312538351402,0.7161996318265494,False
promotion,0.07797817362465738,0.9586827572100635,0.24125588054816935,0.7174268766618941,False
promotion,0.07797797140834638,0.9586827572100635,0.23992636530987932,0.7187563919001841,False
promotion,0.07797720943420865,0.9586827572100635,0.23829003886275313,0.7203927183473103,False
promotion,0.07797635090924886,0.9586827572100635,0.23818776845980774,0.7204949887502557,False
promotion,0.07797543720997296,0.9586827572100635,0.23736960523624462,0.7213131519738188,False
promotion,0.07797502137454387,0.9586827572100635,0.23716506443035384,0.7215176927797096,False
promotion,0.07797462970404385,0.9586827572100635,0.23706279402740846,0.721619963182655,False
promotion,0.07797414156169277,0.9586827572100635,0.2360400899979546,0.7226426672121089,False
promotion,0.07796154146971193,0.9586827572100635,0.23532419717733688,0.7233585600327266,False
promotion,0.0779615414697118,0.9586827572100635,0.22448353446512578,0.7341992227449377,False
promotion,0.0779615414697117,0.9586827572100635,0.21159746369400695,0.7470852935160566,False
promotion,0.07795257732182119,0.9586827572100635,0.21139292288811617,0.7472898343219473,False
promotion,0.07794799417950846,0.9586827572100635,0.2112906524851708,0.7473921047248927,False
promotion,0.07794742823926365,0.9586827572100635,0.20975659644098998,0.7489261607690735,False
promotion,0.07794727928802579,0.9586827572100635,0.2096543260380446,0.7490284311720189,False
promotion,0.07794665065659871,0.9586827572100635,0.20934751482920844,0.749335242380855,False
promotion,0.0779464847434955,0.9586827572100635,0.20924524442626305,0.7494375127838004,False
promotion,0.077946315091534,0.9586827572100635,0.20832481079975454,0.750357946410309,False
promotion,0.0779460533220166,0.9586827572100635,0.20740437717324606,0.7512783800368175,False
promotion,0.07794596405384917,0.9586827572100635,0.20668848435262835,0.7519942728574351,False
promotion,0.07794568996659271,0.9586827572100635,0.20617713233790141,0.752505624872162,False
promotion,0.07794559644814585,0.9586827572100635,0.20566578032317448,0.753016976886889,False
promotion,0.0779455018196967,0.9586827572100635,0.2046430762937206,0.7540396809163429,False
promotion,0.07794540606136464,0.9586827572100635,0.20413172427899365,0.7545510329310698,False
promotion,0.07794530915279184,0.9586827572100635,0.19983636735528737,0.7588463898547761,False
promotion,0.07794521107312789,0.9586827572100635,0.1995295561464512,0.7591532010636123,False
promotion,0.07794501131457603,0.9586827572100635,0.19912047453466966,0.7595622826753938,False
promotion,0.07794480660848535,0.9586827572100635,0.19901820413172427,0.7596645530783392,False
promotion,0.07794459676874306,0.9586827572100635,0.19595009204336264,0.7627326651667008,False
promotion,0.07794448986302376,0.9586827572100635,0.19288197995500103,0.7658007772550625,False
promotion,0.07794438159978319,0.9586827572100635,0.19196154632849252,0.766721210881571,False
promotion,0.0779439344409855,0.9586827572100635,0.189711597463694,0.7689711597463694,False
promotion,0.07794346335417421,0.9586827572100635,0.18960932706074862,0.7690734301493148,False
promotion,0.07794283781969419,0.9586827572100635,0.18735937819595008,0.7713233790141134,False
promotion,0.07794270748189704,0.9586827572100635,0.18705256698711392,0.7716301902229495,False
promotion,0.07794216744446694,0.9586827572100635,0.18695029658416853,0.771732460625895,False
promotion,0.07794174164592954,0.9586827572100635,0.18684802618122315,0.7718347310288403,False
promotion,0.07794067139635273,0.9586827572100635,0.18674575577827776,0.7719370014317857,False
promotion,0.07794034402612271,0.9586827572100635,0.1863366741664962,0.7723460830435672,False
promotion,0.07793983324989358,0.9586827572100635,0.18623440376355083,0.7724483534465126,False
promotion,0.0779394788338878,0.9586827572100635,0.1849048885252608,0.7737778686848027,False
promotion,0.07793892496644858,0.9586827572100635,0.18470034771937002,0.7739824094906934,False
promotion,0.07793854000911817,0.9586827572100635,0.18173450603395377,0.7769482511761097,False
promotion,0.07793793735787449,0.9586827572100635,0.18112088361628145,0.777561873593782,False
promotion,0.0779373022773605,0.9586827572100635,0.1798936387809368,0.7787891184291267,False
promotion,0.07793685955784983,0.9586827572100635,0.17979136837799142,0.7788913888320721,False
promotion,0.07793542874106073,0.9586827572100635,0.17876866434853753,0.7799140928615259,False
promotion,0.07793437899738201,0.9586827572100635,0.17866639394559214,0.7800163632644713,False
promotion,0.07793382182618461,0.9586827572100635,0.17191654735119657,0.7867662098588669,False
promotion,0.07793134413009524,0.9586827572100635,0.1707915729187973,0.7878911842912661,False
promotion,0.0779310029224282,0.9586827572100635,0.1706893025158519,0.7879934546942116,False
promotion,0.07793065391584923,0.9586827572100635,0.17038249130701574,0.7883002659030477,False
promotion,0.07792574472363228,0.9586827572100635,0.17028022090407036,0.7884025363059931,False
promotion,0.07792477068042278,0.9586827572100635,0.1699734096952342,0.7887093475148292,False
promotion,0.051293294387550696,0.9586827572100635,0.16956432808345265,0.7891184291266108,False
promotion,0.05212906543494656,0.9586827572100635,0.16956432808345265,0.7891184291266108,False
promotion,0.053267029181487326,0.9586827572100635,0.16956432808345265,0.7891184291266108,False
promotion,0.053425166673580556,0.9586827572100635,0.16956432808345265,0.7891184291266108,False
promotion,0.05344783444341302,0.9586827572100635,0.16956432808345265,0.7891184291266108,False
promotion,0.0540672212702757,0.9586827572100635,0.16956432808345265,0.7891184291266108,False
promotion,0.05474003297566687,0.9586827572100635,0.16956432808345265,0.7891184291266108,False
promotion,0.057523844138186606,0.9586827572100635,0.16956432808345265,0.7891184291266108,False
promotion,0.05770831762064677,0.9586827572100635,0.16956432808345265,0.7891184291266108,False
promotion,0.060103924069705515,0.9586827572100635,0.16956432808345265,0.7891184291266108,False
promotion,0.0602400803773567,0.9586827572100635,0.16956432808345265,0.7891184291266108,False
promotion,0.06328144994752001,0.9586827572100635,0.16956432808345265,0.7891184291266108,False
promotion,0.06328144994752011,0.9586827572100635,0.16956432808345265,0.7891184291266108,False
promotion,0.06453852113757118,0.9586827572100635,0.16956432808345265,0.7891184291266108,False
promotion,0.06616586079694652,0.9586827572100635,0.16956432808345265,0.7891184291266108,False
promotion,0.06732016409944794,0.9586827572100635,0.16956432808345265,0.7891184291266108,False
promotion,0.06765864847381486,0.9586827572100635,0.16956432808345265,0.7891184291266108,False
promotion,0.06798734098493259,0.9586827572100635,0.16956432808345265,0.7891184291266108,False
promotion,0.06999237182003502,0.9586827572100635,0.16956432808345265,0.7891184291266108,False
promotion,0.07048987775454459,0.9586827572100635,0.16956432808345265,0.7891184291266108,False
promotion,0.07106814814912966,0.9586827572100635,0.16956432808345265,0.7891184291266108,False
promotion,0.07249550203815347,0.9586827572100635,0.16956432808345265,0.7891184291266108,False
promotion,0.07267119029735908,0.9586827572100635,0.16956432808345265,0.7891184291266108,False
promotion,0.07476007520910916,0.9586827572100635,0.16956432808345265,0.7891184291266108,False
promotion,0.07480121308269841,0.9586827572100635,0.16956432808345265,0.7891184291266108,False
promotion,0.0754505545885538,0.9586827572100635,0.16956432808345265,0.7891184291266108,False
promotion,0.07733320340317032,0.9586827572100635,0.16956432808345265,0.7891184291266108,False
promotion,0.05129329438755058,0.9586827572100635,0.16803027203927184,0.7906524851707917,False
promotion,0.05129329438755046,0.9586827572100635,0.12967887093475147,0.829003886275312,False
promotion,0.05129329438755035,0.9586827572100635,0.10206586213949682,0.8566168950705666,False
promotion,0.0,0.9586827572100635,0.10186132133360605,0.8568214358764574,False
promotion,0.0025031302181184748,0.9586827572100635,0.10186132133360605,0.8568214358764574,False
promotion,0.0050125418235441935,0.9586827572100635,0.10186132133360605,0.8568214358764574,False
promotion,0.005899722127188322,0.9586827572100635,0.10186132133360605,0.8568214358764574,False
promotion,0.0059347355198145265,0.9586827572100635,0.10186132133360605,0.8568214358764574,False
promotion,0.007490671729157438,0.9586827572100635,0.10186132133360605,0.8568214358764574,False
promotion,0.009273636785329102,0.9586827572100635,0.10186132133360605,0.8568214358764574,False
promotion,0.012453461071286557,0.9586827572100635,0.10186132133360605,0.8568214358764574,False
promotion,0.012618463959211575,0.9586827572100635,0.10186132133360605,0.8568214358764574,False
promotion,0.013029500290333795,0.9586827572100635,0.10186132133360605,0.8568214358764574,False
promotion,0.01324522675002068,0.9586827572100635,0.10186132133360605,0.8568214358764574,False
promotion,0.01379332213233577,0.9586827572100635,0.10186132133360605,0.8568214358764574,False
promotion,0.014925650216675574,0.9586827572100635,0.10186132133360605,0.8568214358764574,False
promotion,0.01496287267671232,0.9586827572100635,0.10186132133360605,0.8568214358764574,False
promotion,0.014962872676712377,0.9586827572100635,0.10186132133360605,0.8568214358764574,False
promotion,0.016260520871780326,0.9586827572100635,0.10186132133360605,0.8568214358764574,False
promotion,0.01680711831638119,0.9586827572100635,0.10186132133360605,0.8568214358764574,False
promotion,0.01775194545845034,0.9586827572100635,0.10186132133360605,0.8568214358764574,False
promotion,0.01840542754271541,0.9586827572100635,0.10186132133360605,0.8568214358764574,False
promotion,0.01846206283973533,0.9586827572100635,0.10186132133360605,0.8568214358764574,False
promotion,0.018692133012152546,0.9586827572100635,0.10186132133360605,0.8568214358764574,False
promotion,0.019901154317294806,0.9586827572100635,0.10186132133360605,0.8568214358764574,False
promotion,0.02068020523753863,0.9586827572100635,0.10186132133360605,0.8568214358764574,False
promotion,0.024243611609992853,0.9586827572100635,0.10186132133360605,0.8568214358764574,False
promotion,0.024466052154406382,0.9586827572100635,0.10186132133360605,0.8568214358764574,False
promotion,0.024815169119723993,0.9586827572100635,0.10186132133360605,0.8568214358764574,False
promotion,0.026847250036188056,0.9586827572100635,0.10186132133360605,0.8568214358764574,False
promotion,0.02730545069026744,0.9586827572100635,0.10186132133360605,0.8568214358764574,False
promotion,0.029705154413915694,0.9586827572100635,0.10186132133360605,0.8568214358764574,False
promotion,0.032186686495901284,0.9586827572100635,0.10186132133360605,0.8568214358764574,False
promotion,0.03268264743035842,0.9586827572100635,0.10186132133360605,0.8568214358764574,False
promotion,0.03359094443603544,0.9586827572100635,0.10186132133360605,0.8568214358764574,False
promotion,0.03390155167568134,0.9586827572100635,0.10186132133360605,0.8568214358764574,False
promotion,0.0344861760711692,0.9586827572100635,0.10186132133360605,0.8568214358764574,False
promotion,0.03457134406508872,0.9586827572100635,0.10186132133360605,0.8568214358764574,False
promotion,0.03896596853338371,0.9586827572100635,0.10186132133360605,0.8568214358764574,False
promotion,0.03941396854087663,0.9586827572100635,0.10186132133360605,0.8568214358764574,False
promotion,0.04019088058324522,0.9586827572100635,0.10186132133360605,0.8568214358764574,False
promotion,0.041426041654296884,0.9586827572100635,0.10186132133360605,0.8568214358764574,False
promotion,0.043802622658393055,0.9586827572100635,0.10186132133360605,0.8568214358764574,False
promotion,0.04423325497682566,0.9586827572100635,0.10186132133360605,0.8568214358764574,False
promotion,0.044997365930735694,0.9586827572100635,0.10186132133360605,0.8568214358764574,False
promotion,0.045610511252052274,0.9586827572100635,0.10186132133360605,0.8568214358764574,False
promotion,0.04572224933809522,0.9586827572100635,0.10186132133360605,0.8568214358764574,False
promotion,0.04681041784399044,0.9586827572100635,0.10186132133360605,0.8568214358764574,False
promotion,0.04770379795721117,0.9586827572100635,0.10186132133360605,0.8568214358764574,False
promotion,0.0477037979572113,0.9586827572100635,0.10186132133360605,0.8568214358764574,False
promotion,0.04954573655142988,0.9586827572100635,0.10186132133360605,0.8568214358764574,False
regular,0.13976194237515882,1.0,1.0,0.0,True
regular,0.13976194237515863,1.0,0.992397061336067,0.007602938663933023,True
regular,0.11779789990860036,1.0,0.9844524175636425,0.015547582436357454,False
regular,0.12273448359387937,1.0,0.9844524175636425,0.015547582436357454,False
regular,0.13397932096347895,1.0,0.9844524175636425,0.015547582436357454,False
regular,0.13453089295760606,1.0,0.9844524175636425,0.015547582436357454,False
regular,0.11779751256932698,1.0,0.9831710234068,0.01682897659320004,False
regular,0.11779714490429023,1.0,0.9830001708525542,0.0169998291474458,False
regular,0.11779696798705358,1.0,0.9784725781650435,0.021527421834956484,False
regular,0.11779679545163785,1.0,0.9774474628395694,0.022552537160430597,False
regular,0.11779662713724338,1.0,0.9731761489834273,0.026823851016572697,False
regular,0.1177963025667192,1.0,0.9729198701520587,0.02708012984794128,False
regular,0.11779488743800255,1.0,0.9706987869468648,0.029301213053135156,False
regular,0.11778303565638365,1.0,0.970613360669742,0.02938663933025798,False
regular,0.11778303565638346,1.0,0.9694173927900223,0.03058260720997774,False
regular,0.117769847306971,1.0,0.9577994191013156,0.04220058089868439,False
regular,0.11776936034920173,1.0,0.9566034512215957,0.043396548778404265,False
regular,0.11776883605255221,1.0,0.9560054672817359,0.043994532718264145,False
regular,0.11775976604300692,1.0,0.9558346147274902,0.044165385272509794,False
regular,0.09531017980432493,1.0,0.9555783358961216,0.04442166410387838,False
regular,0.10569829644131144,1.0,0.9555783358961216,0.04442166410387838,False
regular,0.11588514174830464,1.0,0.9555783358961216,0.04442166410387838,False
regular,0.09531017980432474,1.0,0.9183324790705621,0.08166752092943785,False
regular,0.07234476057831407,1.0,0.9051768323936443,0.09482316760635567,False
regular,0.07302513501488982,1.0,0.9051768323936443,0.09482316760635567,False
regular,0.07545841125159342,1.0,0.9051768323936443,0.09482316760635567,False
regular,0.07725848313713139,1.0,0.9051768323936443,0.09482316760635567,False
regular,0.0790300493591501,1.0,0.9051768323936443,0.09482316760635567,False
regular,0.08036450976802688,1.0,0.9051768323936443,0.09482316760635567,False
regular,0.08128263343685696,1.0,0.9051768323936443,0.09482316760635567,False
regular,0.0844538308385127,1.0,0.9051768323936443,0.09482316760635567,False
regular,0.08563073339050216,1.0,0.9051768323936443,0.09482316760635567,False
regular,0.08567928674336361,1.0,0.9051768323936443,0.09482316760635567,False
regular,0.08886838773684247,1.0,0.9051768323936443,0.09482316760635567,False
regular,0.08894748601649631,1.0,0.9051768323936443,0.09482316760635567,False
regular,0.09208956510428279,1.0,0.9051768323936443,0.09482316760635567,False
regular,0.09259278682782489,1.0,0.9051768323936443,0.09482316760635567,False
regular,0.07234097212791019,1.0,0.9050914061165214,0.09490859388347861,False
regular,0.07233934077380613,1.0,0.899880403212028,0.100119596787972,False
regular,0.07233675543901429,1.0,0.8997095506577824,0.10029044934221765,False
regular,0.07233621718703397,1.0,0.8995386981035366,0.1004613018964634,False
regular,0.07233552141423634,1.0,0.8980010251153254,0.10199897488467458,False
regular,0.07233515107836211,1.0,0.8978301725610798,0.10216982743892022,False
regular,0.07233497274734597,1.0,0.8948402528617803,0.10515974713821974,False
regular,0.07233479875261585,1.0,0.8903980864513924,0.1096019135486076,False
regular,0.07233446315438592,1.0,0.8868956090893559,0.11310439091064406,False
regular,0.07232066157962629,1.0,0.8851016572697762,0.11489834273022381,False
regular,0.07232066157962608,1.0,0.8834785580044422,0.1165214419955578,False
regular,0.07230825840193192,1.0,0.8671621390739792,0.1328378609260208,False
regular,0.07230784837690195,1.0,0.8670767127968563,0.13292328720314373,False
regular,0.0723077056104871,1.0,0.8669912865197335,0.13300871348026655,False
regular,0.07230725756244186,1.0,0.8668204339654878,0.1331795660345122,False
regular,0.07230710124631282,1.0,0.866137023748505,0.13386297625149501,False
regular,0.0723067774152096,1.0,0.8660515974713822,0.13394840252861784,False
regular,0.07230643773904673,1.0,0.8626345463864685,0.13736545361353147,False
regular,0.07230626159114589,1.0,0.8622928412779771,0.13770715872202288,False
regular,0.07230608102571062,1.0,0.8571672646506066,0.14283273534939345,False
regular,0.07230598903415948,1.0,0.8445241756364258,0.1554758243635742,False
regular,0.07230589587445284,1.0,0.844438749359303,0.15556125064069704,False
regular,0.07230551109746171,1.0,0.8386297625149496,0.16137023748505042,False
regular,0.07230120045808107,1.0,0.8384589099607039,0.16154109003929606,False
regular,0.07229998953133551,1.0,0.8370066632496156,0.1629933367503844,False
regular,0.0722984069645745,1.0,0.8369212369724928,0.16307876302750723,False
regular,0.0722972886291408,1.0,0.83623782675551,0.16376217324449005,False
regular,0.07229680917828452,1.0,0.8356398428156501,0.16436015718434993,False
regular,0.0722963096454726,1.0,0.8353835639842816,0.1646164360157184,False
regular,0.04879016416943204,1.0,0.835127285152913,0.164872714847087,False
regular,0.049392755329576474,1.0,0.835127285152913,0.164872714847087,False
regular,0.049854560225218676,1.0,0.835127285152913,0.164872714847087,False
regular,0.04985456022521868,1.0,0.835127285152913,0.164872714847087,False
regular,0.050010420574661416,1.0,0.835127285152913,0.164872714847087,False
regular,0.05055227916283125,1.0,0.835127285152913,0.164872714847087,False
regular,0.05151353445010796,1.0,0.835127285152913,0.164872714847087,False
regular,0.05251803428344644,1.0,0.835127285152913,0.164872714847087,False
regular,0.05295354682536425,1.0,0.835127285152913,0.164872714847087,False
regular,0.053447834443412987,1.0,0.835127285152913,0.164872714847087,False
regular,0.054488185284069776,1.0,0.835127285152913,0.164872714847087,False
regular,0.05526267867504952,1.0,0.835127285152913,0.164872714847087,False
regular,0.057432049085875604,1.0,0.835127285152913,0.164872714847087,False
regular,0.05786738232054869,1.0,0.835127285152913,0.164872714847087,False
regular,0.057987257650349316,1.0,0.835127285152913,0.164872714847087,False
regular,0.05845820048659415,1.0,0.835127285152913,0.164872714847087,False
regular,0.05937227349996896,1.0,0.835127285152913,0.164872714847087,False
regular,0.0603631497270905,1.0,0.835127285152913,0.164872714847087,False
regular,0.060855275721274756,1.0,0.835127285152913,0.164872714847087,False
regular,0.0620353909194527,1.0,0.835127285152913,0.164872714847087,False
regular,0.06237033072645809,1.0,0.835127285152913,0.164872714847087,False
regular,0.06271647386762655,1.0,0.835127285152913,0.164872714847087,False
regular,0.06479999322691536,1.0,0.835127285152913,0.164872714847087,False
regular,0.0654779293795068,1.0,0.835127285152913,0.164872714847087,False
regular,0.06733312006858716,1.0,0.835127285152913,0.164872714847087,False
regular,0.06921000317817477,1.0,0.835127285152913,0.164872714847087,False
regular,0.06983109450334005,1.0,0.835127285152913,0.164872714847087,False
regular,0.048790164169431834,1.0,0.7635400649239706,0.23645993507602936,False
regular,0.024715300931968248,1.0,0.728515291303605,0.27148470869639496,False
regular,0.024753739152938176,1.0,0.728515291303605,0.27148470869639496,False
regular,0.024769068112408858,1.0,0.728515291303605,0.27148470869639496,False
regular,0.024815169119723993,1.0,0.728515291303605,0.27148470869639496,False
regular,0.02481516911972402,1.0,0.728515291303605,0.27148470869639496,False
regular,0.024956731973867458,1.0,0.728515291303605,0.27148470869639496,False
regular,0.025079684397023606,1.0,0.728515291303605,0.27148470869639496,False
regular,0.025105921131076243,1.0,0.728515291303605,0.27148470869639496,False
regular,0.02542509836581017,1.0,0.728515291303605,0.27148470869639496,False
regular,0.025425098365810177,1.0,0.728515291303605,0.27148470869639496,False
regular,0.025679014417691506,1.0,0.728515291303605,0.27148470869639496,False
regular,0.02605067719994255,1.0,0.728515291303605,0.27148470869639496,False
regular,0.026317308317373358,1.0,0.728515291303605,0.27148470869639496,False
regular,0.02640417419651071,1.0,0.728515291303605,0.27148470869639496,False
regular,0.02666824708216149,1.0,0.728515291303605,0.27148470869639496,False
regular,0.02674750836702836,1.0,0.728515291303605,0.27148470869639496,False
regular,0.02690745291992438,1.0,0.728515291303605,0.27148470869639496,False
regular,0.026988144717646757,1.0,0.728515291303605,0.27148470869639496,False
regular,0.026995504342011735,1.0,0.728515291303605,0.27148470869639496,False
regular,0.02702867238791942,1.0,0.728515291303605,0.27148470869639496,False
regular,0.027069321968218124,1.0,0.728515291303605,0.27148470869639496,False
regular,0.027274417919659306,1.0,0.728515291303605,0.27148470869639496,False
regular,0.02773675497159962,1.0,0.728515291303605,0.27148470869639496,False
regular,0.027822505599299194,1.0,0.728515291303605,0.27148470869639496,False
regular,0.027956077266590135,1.0,0.728515291303605,0.27148470869639496,False
regular,0.027973852042406162,1.0,0.728515291303605,0.27148470869639496,False
regular,0.028370697129215566,1.0,0.728515291303605,0.27148470869639496,False
regular,0.028370697129215576,1.0,0.728515291303605,0.27148470869639496,False
regular,0.028515170308021233,1.0,0.728515291303605,0.27148470869639496,False
regular,0.028573372444055885,1.0,0.728515291303605,0.27148470869639496,False
regular,0.028573372444056163,1.0,0.728515291303605,0.27148470869639496,False
regular,0.02863181267432708,1.0,0.728515291303605,0.27148470869639496,False
regular,0.02882043853549197,1.0,0.728515291303605,0.27148470869639496,False
regular,0.028903746182348877,1.0,0.728515291303605,0.27148470869639496,False
regular,0.029071814821976877,1.0,0.728515291303605,0.27148470869639496,False
regular,0.029306126585499487,1.0,0.728515291303605,0.27148470869639496,False
regular,0.029486165654463655,1.0,0.728515291303605,0.27148470869639496,False
regular,0.0294861656544637,1.0,0.728515291303605,0.27148470869639496,False
regular,0.02967576814611654,1.0,0.728515291303605,0.27148470869639496,False
regular,0.029705154413915694,1.0,0.728515291303605,0.27148470869639496,False
regular,0.029726180265200904,1.0,0.728515291303605,0.27148470869639496,False
regular,0.029942356615078318,1.0,0.728515291303605,0.27148470869639496,False
regular,0.02994235661507834,1.0,0.728515291303605,0.27148470869639496,False
regular,0.030305349495329058,1.0,0.728515291303605,0.27148470869639496,False
regular,0.031090587070030963,1.0,0.728515291303605,0.27148470869639496,False
regular,0.0314761321020174,1.0,0.728515291303605,0.27148470869639496,False
regular,0.03162318843051214,1.0,0.728515291303605,0.27148470869639496,False
regular,0.03189336377595379,1.0,0.728515291303605,0.27148470869639496,False
regular,0.032026026719408435,1.0,0.728515291303605,0.27148470869639496,False
regular,0.03205402629008348,1.0,0.728515291303605,0.27148470869639496,False
regular,0.03401688527825435,1.0,0.728515291303605,0.27148470869639496,False
regular,0.03407931365286258,1.0,0.728515291303605,0.27148470869639496,False
regular,0.03415891881131908,1.0,0.728515291303605,0.27148470869639496,False
regular,0.034432196421484006,1.0,0.728515291303605,0.27148470869639496,False
regular,0.0344861760711692,1.0,0.728515291303605,0.27148470869639496,False
regular,0.03457134406508872,1.0,0.728515291303605,0.27148470869639496,False
regular,0.03554493741941129,1.0,0.728515291303605,0.27148470869639496,False
regular,0.035718082602079246,1.0,0.728515291303605,0.27148470869639496,False
regular,0.036469679781391415,1.0,0.728515291303605,0.27148470869639496,False
regular,0.03696519423347155,1.0,0.728515291303605,0.27148470869639496,False
regular,0.0378833179023015,1.0,0.728515291303605,0.27148470869639496,False
regular,0.03796076223922301,1.0,0.728515291303605,0.27148470869639496,False
regular,0.03809984623227038,1.0,0.728515291303605,0.27148470869639496,False
regular,0.038132869695444035,1.0,0.728515291303605,0.27148470869639496,False
regular,0.03831886430213666,1.0,0.728515291303605,0.27148470869639496,False
regular,0.038343355197647436,1.0,0.728515291303605,0.27148470869639496,False
regular,0.038343355197647505,1.0,0.728515291303605,0.27148470869639496,False
regular,0.0383842430083155,1.0,0.728515291303605,0.27148470869639496,False
regular,0.03933091206242354,1.0,0.728515291303605,0.27148470869639496,False
regular,0.03950244297624617,1.0,0.728515291303605,0.27148470869639496,False
regular,0.039511312273842275,1.0,0.728515291303605,0.27148470869639496,False
regular,0.039578986280658146,1.0,0.728515291303605,0.27148470869639496,False
regular,0.04010562545722925,1.0,0.728515291303605,0.27148470869639496,False
regular,0.04031553717845977,1.0,0.728515291303605,0.27148470869639496,False
regular,0.0408219945202552,1.0,0.728515291303605,0.27148470869639496,False
regular,0.04094139037736072,1.0,0.728515291303605,0.27148470869639496,False
regular,0.040989344533197004,1.0,0.728515291303605,0.27148470869639496,False
regular,0.04159389729883714,1.0,0.728515291303605,0.27148470869639496,False
regular,0.041672696400568074,1.0,0.728515291303605,0.27148470869639496,False
regular,0.0420333817065521,1.0,0.728515291303605,0.27148470869639496,False
regular,0.04203338170655219,1.0,0.728515291303605,0.27148470869639496,False
regular,0.04220035449037647,1.0,0.728515291303605,0.27148470869639496,False
regular,0.04268940869505057,1.0,0.728515291303605,0.27148470869639496,False
regular,0.04313337081757557,1.0,0.728515291303605,0.27148470869639496,False
regular,0.04313337081757561,1.0,0.728515291303605,0.27148470869639496,False
regular,0.04339931553455543,1.0,0.728515291303605,0.27148470869639496,False
regular,0.04348511193973889,1.0,0.728515291303605,0.27148470869639496,False
regular,0.0435408082832884,1.0,0.728515291303605,0.27148470869639496,False
regular,0.043930929225726924,1.0,0.728515291303605,0.27148470869639496,False
regular,0.044451762570833796,1.0,0.728515291303605,0.27148470869639496,False
regular,0.04495138786226627,1.0,0.728515291303605,0.27148470869639496,False
regular,0.04563529470661936,1.0,0.728515291303605,0.27148470869639496,False
regular,0.0458095360312942,1.0,0.728515291303605,0.27148470869639496,False
regular,0.046162041763162624,1.0,0.728515291303605,0.27148470869639496,False
regular,0.046266754901615595,1.0,0.728515291303605,0.27148470869639496,False
regular,0.046855417281505156,1.0,0.728515291303605,0.27148470869639496,False
regular,0.04692943222198336,1.0,0.728515291303605,0.27148470869639496,False
regular,0.04725288485054551,1.0,0.728515291303605,0.27148470869639496,False
regular,0.024713370029319243,1.0,0.727917307363745,0.27208269263625495,False
regular,0.024713022628028825,1.0,0.7180932854946181,0.28190671450538185,False
regular,0.024709849363303196,1.0,0.7115154621561592,0.28848453784384076,False
regular,0.024708927001707022,1.0,0.7113446096019136,0.2886553903980864,False
regular,0.024707714794538534,1.0,0.7093798052280882,0.2906201947719118,False
regular,0.02470734978927239,1.0,0.7041688023235947,0.2958311976764053,False
regular,0.024707173823999572,1.0,0.703997949769349,0.29600205023065096,False
regular,0.024707002011269408,1.0,0.6970784213223987,0.3029215786776013,False
regular,0.02470683420580502,1.0,0.6952844695028191,0.3047155304971809,False
regular,0.024706670269027252,1.0,0.6951990432256963,0.30480095677430374,False
regular,0.024706050650990793,1.0,0.6939176490688536,0.30608235093114644,False
regular,0.02470471685652019,1.0,0.6938322227917307,0.30616777720826927,False
regular,0.02469261259037163,1.0,0.6937467965146079,0.3062532034853921,False
regular,0.024692612590371414,1.0,0.6839227746454809,0.3160772253545191,False
regular,0.024680914563243776,1.0,0.6612848112079276,0.3387151887920724,False
regular,0.024680447806204965,1.0,0.6611993849308048,0.33880061506919523,False
regular,0.024680386829470474,1.0,0.661028532376559,0.338971467623441,False
regular,0.024680325238357188,1.0,0.6603451221595763,0.3396548778404237,False
regular,0.024680072540587378,1.0,0.6602596958824535,0.3397403041175465,False
regular,0.024679741666431994,1.0,0.6568426447975397,0.34315735520246027,False
regular,0.024679604375683787,1.0,0.6567572185204169,0.3432427814795831,False
regular,0.024679024618444054,1.0,0.6566717922432941,0.3433282077567059,False
regular,0.024678871513483042,1.0,0.6565009396890483,0.3434990603109517,False
regular,0.024678137563411487,1.0,0.6547924141465915,0.3452075858534085,False
regular,0.024677963687940077,1.0,0.6524859046642747,0.3475140953357253,False
regular,0.02467778558446256,1.0,0.6524004783871519,0.34759952161284813,False
regular,0.02467769489873483,1.0,0.6444558346147274,0.35554416538527256,False
regular,0.024677603096866577,1.0,0.6441141295062361,0.35588587049376386,False
regular,0.024677416061258388,1.0,0.6365111908423031,0.3634888091576969,False
regular,0.024677320784485344,1.0,0.6334358448658808,0.3665641551341192,False
regular,0.024677224305472624,1.0,0.6191696565863659,0.3808303434136341,False
regular,0.02467712660131969,1.0,0.6188279514778746,0.3811720485221254,False
regular,0.02467702764854216,1.0,0.6090039296087476,0.3909960703912524,False
regular,0.02467672305442521,1.0,0.608833077054502,0.39116692294549804,False
regular,0.024675733386394366,1.0,0.6084913719460106,0.39150862805398945,False
regular,0.02467549648325849,1.0,0.6083205193917649,0.3916794806082351,False
regular,0.02467512839171559,1.0,0.6082350931146421,0.3917649068853579,False
regular,0.024675002150902528,1.0,0.6074662566205364,0.39253374337946356,False
regular,0.024674874073843205,1.0,0.6071245515120451,0.39287544848795486,False
regular,0.024674744120180187,1.0,0.6070391252349223,0.3929608747650777,False
regular,0.024673922573643408,1.0,0.6069536989577994,0.3930463010422006,False
regular,0.02467363167568061,1.0,0.6068682726806766,0.39313172731932344,False
regular,0.024673021841122633,1.0,0.6067828464035537,0.39321715359644627,False
regular,0.024672029894243205,1.0,0.6025115325474116,0.39748846745258837,False
regular,0.024671676539537852,1.0,0.6024261062702887,0.3975738937297113,False
regular,0.024671310840431903,1.0,0.6023406799931659,0.3976593200068341,False
regular,0.024670932138550025,1.0,0.5971296770886725,0.4028703229113275,False
regular,0.024669272371672653,1.0,0.5970442508115497,0.40295574918845034,False
regular,0.024668816947352637,1.0,0.5963608405945668,0.40363915940543316,False
regular,0.024668343396471688,1.0,0.5924312318469162,0.40756876815308385,False
regular,0.02466809948198546,1.0,0.5923458055697932,0.4076541944302068,False
regular,0.024667596642703543,1.0,0.5825217837006663,0.4174782162993337,False
regular,0.024667337406809247,1.0,0.5822655048692978,0.41773449513070215,False
regular,0.02466707274182142,1.0,0.5821800785921749,0.4178199214078251,False
regular,0.0,1.0,0.5819237997608064,0.41807620023919356,False
regular,0.002635047638005032,1.0,0.5819237997608064,0.41807620023919356,False
regular,0.0027434859457508326,1.0,0.5819237997608064,0.41807620023919356,False
regular,0.002743485945750834,1.0,0.5819237997608064,0.41807620023919356,False
regular,0.003044142381228273,1.0,0.5819237997608064,0.41807620023919356,False
regular,0.003072199036970059,1.0,0.5819237997608064,0.41807620023919356,False
regular,0.0030816665374080007,1.0,0.5819237997608064,0.41807620023919356,False
regular,0.003139720004667641,1.0,0.5819237997608064,0.41807620023919356,False
regular,0.0031496089028963314,1.0,0.5819237997608064,0.41807620023919356,False
regular,0.004640379556502301,1.0,0.5819237997608064,0.41807620023919356,False
regular,0.00466201310581115,1.0,0.5819237997608064,0.41807620023919356,False
regular,0.004773278752657812,1.0,0.5819237997608064,0.41807620023919356,False
regular,0.004830927269665692,1.0,0.5819237997608064,0.41807620023919356,False
regular,0.004854378464798143,1.0,0.5819237997608064,0.41807620023919356,False
regular,0.004901970600206688,1.0,0.5819237997608064,0.41807620023919356,False
regular,0.005128216366919529,1.0,0.5819237997608064,0.41807620023919356,False
regular,0.005263170044274691,1.0,0.5819237997608064,0.41807620023919356,False
regular,0.006006024060211922,1.0,0.5819237997608064,0.41807620023919356,False
regular,0.0060606246116909545,1.0,0.5819237997608064,0.41807620023919356,False
regular,0.006191970247921107,1.0,0.5819237997608064,0.41807620023919356,False
regular,0.0062112000926406764,1.0,0.5819237997608064,0.41807620023919356,False
regular,0.00628932890756399,1.0,0.5819237997608064,0.41807620023919356,False
regular,0.006329135051647512,1.0,0.5819237997608064,0.41807620023919356,False
regular,0.006389798098770988,1.0,0.5819237997608064,0.41807620023919356,False
regular,0.007168489478612497,1.0,0.5819237997608064,0.41807620023919356,False
regular,0.007194275634027085,1.0,0.5819237997608064,0.41807620023919356,False
regular,0.007194275634027231,1.0,0.5819237997608064,0.41807620023919356,False
regular,0.007246408520767253,1.0,0.5819237997608064,0.41807620023919356,False
regular,0.007343974255758285,1.0,0.5819237997608064,0.41807620023919356,False
regular,0.0073983074814449245,1.0,0.5819237997608064,0.41807620023919356,False
regular,0.007490671729157438,1.0,0.5819237997608064,0.41807620023919356,False
regular,0.007692345623155645,1.0,0.5819237997608064,0.41807620023919356,False
regular,0.007884403524148835,1.0,0.5819237997608064,0.41807620023919356,False
regular,0.008486613877318694,1.0,0.5819237997608064,0.41807620023919356,False
regular,0.008995562908578003,1.0,0.5819237997608064,0.41807620023919356,False
regular,0.00907721815111668,1.0,0.5819237997608064,0.41807620023919356,False
regular,0.009160369398664278,1.0,0.5819237997608064,0.41807620023919356,False
regular,0.009259325412796726,1.0,0.5819237997608064,0.41807620023919356,False
regular,0.009273636785329033,1.0,0.5819237997608064,0.41807620023919356,False
regular,0.009345862418237599,1.0,0.5819237997608064,0.41807620023919356,False
regular,0.009360442759563893,1.0,0.5819237997608064,0.41807620023919356,False
regular,0.009419221916491778,1.0,0.5819237997608064,0.41807620023919356,False
regular,0.009523881511255541,1.0,0.5819237997608064,0.41807620023919356,False
regular,0.00953902304675891,1.0,0.5819237997608064,0.41807620023919356,False
regular,0.009569451016150672,1.0,0.5819237997608064,0.41807620023919356,False
regular,0.00966191091173689,1.0,0.5819237997608064,0.41807620023919356,False
regular,0.009876623495911976,1.0,0.5819237997608064,0.41807620023919356,False
regular,0.009975145056819524,1.0,0.5819237997608064,0.41807620023919356,False
regular,0.010000083334583179,1.0,0.5819237997608064,0.41807620023919356,False
regular,0.010309369658861213,1.0,0.5819237997608064,0.41807620023919356,False
regular,0.010416760858255715,1.0,0.5819237997608064,0.41807620023919356,False
regular,0.010619568827460131,1.0,0.5819237997608064,0.41807620023919356,False
regular,0.011080445776571959,1.0,0.5819237997608064,0.41807620023919356,False
regular,0.01133156600954997,1.0,0.5819237997608064,0.41807620023919356,False
regular,0.011385322225125241,1.0,0.5819237997608064,0.41807620023919356,False
regular,0.01151644206155918,1.0,0.5819237997608064,0.41807620023919356,False
regular,0.011834457647002798,1.0,0.5819237997608064,0.41807620023919356,False
regular,0.011904902506318458,1.0,0.5819237997608064,0.41807620023919356,False
regular,0.011919092237210284,1.0,0.5819237997608064,0.41807620023919356,False
regular,0.012012156448003653,1.0,0.5819237997608064,0.41807620023919356,False
regular,0.01204833851617448,1.0,0.5819237997608064,0.41807620023919356,False
regular,0.012048338516174574,1.0,0.5819237997608064,0.41807620023919356,False
regular,0.012084739215072046,1.0,0.5819237997608064,0.41807620023919356,False
regular,0.01212136053234482,1.0,0.5819237997608064,0.41807620023919356,False
regular,0.012121360532344963,1.0,0.5819237997608064,0.41807620023919356,False
regular,0.012158204479809519,1.0,0.5819237997608064,0.41807620023919356,False
regular,0.012158204479809583,1.0,0.5819237997608064,0.41807620023919356,False
regular,0.012232568435634451,1.0,0.5819237997608064,0.41807620023919356,False
regular,0.012345835822299266,1.0,0.5819237997608064,0.41807620023919356,False
regular,0.012361096823574088,1.0,0.5819237997608064,0.41807620023919356,False
regular,0.012384059199721622,1.0,0.5819237997608064,0.41807620023919356,False
regular,0.012453461071286557,1.0,0.5819237997608064,0.41807620023919356,False
regular,0.012539349252735173,1.0,0.5819237997608064,0.41807620023919356,False
regular,0.012618463959211464,1.0,0.5819237997608064,0.41807620023919356,False
regular,0.012618463959211575,1.0,0.5819237997608064,0.41807620023919356,False
regular,0.012698583337127343,1.0,0.5819237997608064,0.41807620023919356,False
regular,0.012861913642407822,1.0,0.5819237997608064,0.41807620023919356,False
regular,0.013605652055778678,1.0,0.5819237997608064,0.41807620023919356,False
regular,0.013698844358161927,1.0,0.5819237997608064,0.41807620023919356,False
regular,0.014184634991956381,1.0,0.5819237997608064,0.41807620023919356,False
regular,0.014235115821871985,1.0,0.5819237997608064,0.41807620023919356,False
regular,0.014563364187896667,1.0,0.5819237997608064,0.41807620023919356,False
regular,0.014634407518437696,1.0,0.5819237997608064,0.41807620023919356,False
regular,0.014684551682921317,1.0,0.5819237997608064,0.41807620023919356,False
regular,0.014727806710243386,1.0,0.5819237997608064,0.41807620023919356,False
regular,0.014771317320312656,1.0,0.5819237997608064,0.41807620023919356,False
regular,0.014859114403749941,1.0,0.5819237997608064,0.41807620023919356,False
regular,0.014925650216675574,1.0,0.5819237997608064,0.41807620023919356,False
regular,0.01496287267671232,1.0,0.5819237997608064,0.41807620023919356,False
regular,0.014962872676712377,1.0,0.5819237997608064,0.41807620023919356,False
regular,0.0150832422113285,1.0,0.5819237997608064,0.41807620023919356,False
regular,0.015128881596300202,1.0,0.5819237997608064,0.41807620023919356,False
regular,0.015190165493975238,1.0,0.5819237997608064,0.41807620023919356,False
regular,0.015220994010355388,1.0,0.5819237997608064,0.41807620023919356,False
regular,0.015361285161487149,1.0,0.5819237997608064,0.41807620023919356,False
regular,0.015464225697581553,1.0,0.5819237997608064,0.41807620023919356,False
regular,0.015504186535965199,1.0,0.5819237997608064,0.41807620023919356,False
regular,0.015504186535965254,1.0,0.5819237997608064,0.41807620023919356,False
regular,0.015564516541111573,1.0,0.5819237997608064,0.41807620023919356,False
regular,0.015649771667127815,1.0,0.5819237997608064,0.41807620023919356,False
regular,0.015798116876591092,1.0,0.5819237997608064,0.41807620023919356,False
regular,0.015898586067798204,1.0,0.5819237997608064,0.41807620023919356,False
regular,0.01645160489200528,1.0,0.5819237997608064,0.41807620023919356,False
regular,0.01658412801553526,1.0,0.5819237997608064,0.41807620023919356,False
regular,0.016929062100447975,1.0,0.5819237997608064,0.41807620023919356,False
regular,0.017094433359300255,1.0,0.5819237997608064,0.41807620023919356,False
regular,0.01775194545845032,1.0,0.5819237997608064,0.41807620023919356,False
regular,0.01775194545845034,1.0,0.5819237997608064,0.41807620023919356,False
regular,0.01776245633984025,1.0,0.5819237997608064,0.41807620023919356,False
regular,0.01785761740000646,1.0,0.5819237997608064,0.41807620023919356,False
regular,0.017964554975298894,1.0,0.5819237997608064,0.41807620023919356,False
regular,0.0180727810596946,1.0,0.5819237997608064,0.41807620023919356,False
regular,0.018127384592556715,1.0,0.5819237997608064,0.41807620023919356,False
regular,0.0182375875497809,1.0,0.5819237997608064,0.41807620023919356,False
regular,0.01846206283973533,1.0,0.5819237997608064,0.41807620023919356,False
regular,0.018462062839735352,1.0,0.5819237997608064,0.41807620023919356,False
regular,0.01849458263616431,1.0,0.5819237997608064,0.41807620023919356,False
regular,0.01863407954489301,1.0,0.5819237997608064,0.41807620023919356,False
regular,0.01876227645552282,1.0,0.5819237997608064,0.41807620023919356,False
regular,0.018779894651596275,1.0,0.5819237997608064,0.41807620023919356,False
regular,0.018957913744614207,1.0,0.5819237997608064,0.41807620023919356,False
regular,0.019121041446778595,1.0,0.5819237997608064,0.41807620023919356,False
regular,0.019364367181791117,1.0,0.5819237997608064,0.41807620023919356,False
regular,0.01937106575599979,1.0,0.5819237997608064,0.41807620023919356,False
regular,0.019472103412820296,1.0,0.5819237997608064,0.41807620023919356,False
regular,0.019560525854493572,1.0,0.5819237997608064,0.41807620023919356,False
regular,0.019802627296179643,1.0,0.5819237997608064,0.41807620023919356,False
regular,0.0199011543172948,1.0,0.5819237997608064,0.41807620023919356,False
regular,0.019901154317294806,1.0,0.5819237997608064,0.41807620023919356,False
regular,0.019960742562537943,1.0,0.5819237997608064,0.41807620023919356,False
regular,0.020253856904497596,1.0,0.5819237997608064,0.41807620023919356,False
regular,0.02032000249095753,1.0,0.5819237997608064,0.41807620023919356,False
regular,0.020339684237122783,1.0,0.5819237997608064,0.41807620023919356,False
regular,0.020619287202735703,1.0,0.5819237997608064,0.41807620023919356,False
regular,0.020726130517116952,1.0,0.5819237997608064,0.41807620023919356,False
regular,0.020741484306816372,1.0,0.5819237997608064,0.41807620023919356,False
regular,0.021053409197832263,1.0,0.5819237997608064,0.41807620023919356,False
regular,0.02111692344092283,1.0,0.5819237997608064,0.41807620023919356,False
regular,0.021180822079447024,1.0,0.5819237997608064,0.41807620023919356,False
regular,0.021180822079447045,1.0,0.5819237997608064,0.41807620023919356,False
regular,0.021202207650602906,1.0,0.5819237997608064,0.41807620023919356,False
regular,0.02144033123786929,1.0,0.5819237997608064,0.41807620023919356,False
regular,0.021506205220963463,1.0,0.5819237997608064,0.41807620023919356,False
regular,0.02170627858186306,1.0,0.5819237997608064,0.41807620023919356,False
regular,0.022032714999882706,1.0,0.5819237997608064,0.41807620023919356,False
regular,0.022285044789434983,1.0,0.5819237997608064,0.41807620023919356,False
regular,0.022361180158157325,1.0,0.5819237997608064,0.41807620023919356,False
regular,0.02279300952855646,1.0,0.5819237997608064,0.41807620023919356,False
regular,0.023189444918910354,1.0,0.5819237997608064,0.41807620023919356,False
regular,0.02340809089801502,1.0,0.5819237997608064,0.41807620023919356,False
regular,0.023530497410194036,1.0,0.5819237997608064,0.41807620023919356,False
regular,0.02359991534087349,1.0,0.5819237997608064,0.41807620023919356,False
regular,0.023669744085904703,1.0,0.5819237997608064,0.41807620023919356,False
regular,0.02388173200338736,1.0,0.5819237997608064,0.41807620023919356,False
regular,0.024025179586989836,1.0,0.5819237997608064,0.41807620023919356,False
regular,0.02417036092781297,1.0,0.5819237997608064,0.41807620023919356,False
regular,0.024170360927813068,1.0,0.5819237997608064,0.41807620023919356,False
regular,0.024317307650706357,1.0,0.5819237997608064,0.41807620023919356,False
regular,0.024466052154406382,1.0,0.5819237997608064,0.41807620023919356,False
regular,0.024466052154406424,1.0,0.5819237997608064,0.41807620023919356,False
regular,0.024491020008295696,1.0,0.5819237997608064,0.41807620023919356,False
regular,0.024511031014349784,1.0,0.5819237997608064,0.41807620023919356,False
regular,0.02461662763535603,1.0,0.5819237997608064,0.41807620023919356,False
